ISO-10303-21;
HEADER;
/* Generated by software containing ST-Developer
 * from STEP Tools, Inc. (www.steptools.com) 
 */

FILE_DESCRIPTION(
/* description */ (''),
/* implementation_level */ '2;1');

FILE_NAME(
/* name */ 'trigger_box_cover.step',
/* time_stamp */ '2026-08-06T17:44:34+02:00',
/* author */ (''),
/* organization */ (''),
/* preprocessor_version */ 'ST-DEVELOPER v20.1',
/* originating_system */ 'Autodesk Translation Framework v15.8.0.0',
/* authorisation */ '');

FILE_SCHEMA (('AUTOMOTIVE_DESIGN { 1 0 10303 214 3 1 1 }'));
ENDSEC;

DATA;
#10=MECHANICAL_DESIGN_GEOMETRIC_PRESENTATION_REPRESENTATION('',(#13),#7240);
#11=SHAPE_REPRESENTATION_RELATIONSHIP('SRR','None',#7247,#12);
#12=ADVANCED_BREP_SHAPE_REPRESENTATION('',(#14),#7239);
#13=STYLED_ITEM('',(#7256),#14);
#14=MANIFOLD_SOLID_BREP('trigger_system_cover',#3764);
#15=B_SPLINE_SURFACE_WITH_KNOTS('',3,1,((#5163,#5164),(#5165,#5166),(#5167,
#5168),(#5169,#5170),(#5171,#5172)),.UNSPECIFIED.,.F.,.F.,.F.,(4,1,4),(2,
2),(0.,0.0261414907985262,0.0849490276778256),(-0.08,0.),.UNSPECIFIED.);
#16=B_SPLINE_SURFACE_WITH_KNOTS('',3,1,((#5180,#5181),(#5182,#5183),(#5184,
#5185),(#5186,#5187),(#5188,#5189)),.UNSPECIFIED.,.F.,.F.,.F.,(4,1,4),(2,
2),(0.,0.0055905341890084,0.0139928384029883),(-0.08,0.),.UNSPECIFIED.);
#17=B_SPLINE_SURFACE_WITH_KNOTS('',3,1,((#5201,#5202),(#5203,#5204),(#5205,
#5206),(#5207,#5208),(#5209,#5210)),.UNSPECIFIED.,.F.,.F.,.F.,(4,1,4),(2,
2),(0.,0.014839824459591,0.0285357200535588),(-0.08,0.),.UNSPECIFIED.);
#18=B_SPLINE_SURFACE_WITH_KNOTS('',3,1,((#5267,#5268),(#5269,#5270),(#5271,
#5272),(#5273,#5274),(#5275,#5276)),.UNSPECIFIED.,.F.,.F.,.F.,(4,1,4),(2,
2),(0.,0.00573355277130663,0.01090246102291),(-0.08,0.),.UNSPECIFIED.);
#19=B_SPLINE_SURFACE_WITH_KNOTS('',3,1,((#5279,#5280),(#5281,#5282),(#5283,
#5284),(#5285,#5286),(#5287,#5288)),.UNSPECIFIED.,.F.,.F.,.F.,(4,1,4),(2,
2),(0.,0.0151166999652707,0.0309606508066537),(-0.08,0.),.UNSPECIFIED.);
#20=B_SPLINE_SURFACE_WITH_KNOTS('',3,1,((#5290,#5291),(#5292,#5293),(#5294,
#5295),(#5296,#5297),(#5298,#5299)),.UNSPECIFIED.,.F.,.F.,.F.,(4,1,4),(2,
2),(0.,0.0170114985666044,0.032530081630688),(-0.08,0.),.UNSPECIFIED.);
#21=B_SPLINE_SURFACE_WITH_KNOTS('',3,1,((#5313,#5314),(#5315,#5316),(#5317,
#5318),(#5319,#5320),(#5321,#5322)),.UNSPECIFIED.,.F.,.F.,.F.,(4,1,4),(2,
2),(0.,0.0295676452964969,0.0627703629122749),(-0.08,0.),.UNSPECIFIED.);
#22=B_SPLINE_SURFACE_WITH_KNOTS('',3,1,((#5324,#5325),(#5326,#5327),(#5328,
#5329),(#5330,#5331),(#5332,#5333)),.UNSPECIFIED.,.F.,.F.,.F.,(4,1,4),(2,
2),(0.,0.00664268202597861,0.0119744611503941),(-0.08,0.),.UNSPECIFIED.);
#23=B_SPLINE_SURFACE_WITH_KNOTS('',3,1,((#5335,#5336),(#5337,#5338),(#5339,
#5340),(#5341,#5342),(#5343,#5344)),.UNSPECIFIED.,.F.,.F.,.F.,(4,1,4),(2,
2),(0.,0.00525420356980968,0.0118717700755245),(-0.08,0.),.UNSPECIFIED.);
#24=B_SPLINE_SURFACE_WITH_KNOTS('',3,1,((#5449,#5450),(#5451,#5452),(#5453,
#5454),(#5455,#5456),(#5457,#5458)),.UNSPECIFIED.,.F.,.F.,.F.,(4,1,4),(2,
2),(0.,0.0225207895802252,0.047147542474146),(-0.08,0.),.UNSPECIFIED.);
#25=B_SPLINE_SURFACE_WITH_KNOTS('',3,1,((#5460,#5461),(#5462,#5463),(#5464,
#5465),(#5466,#5467),(#5468,#5469)),.UNSPECIFIED.,.F.,.F.,.F.,(4,1,4),(2,
2),(0.,0.0216527108737611,0.0430772726446139),(-0.08,0.),.UNSPECIFIED.);
#26=B_SPLINE_SURFACE_WITH_KNOTS('',3,1,((#5471,#5472),(#5473,#5474),(#5475,
#5476),(#5477,#5478),(#5479,#5480)),.UNSPECIFIED.,.F.,.F.,.F.,(4,1,4),(2,
2),(0.,0.0258563459816631,0.0490258757781775),(-0.08,0.),.UNSPECIFIED.);
#27=B_SPLINE_SURFACE_WITH_KNOTS('',3,1,((#5482,#5483),(#5484,#5485),(#5486,
#5487),(#5488,#5489),(#5490,#5491)),.UNSPECIFIED.,.F.,.F.,.F.,(4,1,4),(2,
2),(0.,0.025344634973916,0.0513990133253721),(-0.08,0.),.UNSPECIFIED.);
#28=B_SPLINE_SURFACE_WITH_KNOTS('',3,1,((#5493,#5494),(#5495,#5496),(#5497,
#5498),(#5499,#5500),(#5501,#5502)),.UNSPECIFIED.,.F.,.F.,.F.,(4,1,4),(2,
2),(0.,0.0241755888857565,0.0488052471304853),(-0.08,0.),.UNSPECIFIED.);
#29=B_SPLINE_SURFACE_WITH_KNOTS('',3,1,((#5504,#5505),(#5506,#5507),(#5508,
#5509),(#5510,#5511),(#5512,#5513)),.UNSPECIFIED.,.F.,.F.,.F.,(4,1,4),(2,
2),(0.,0.027216040630861,0.0523843281141515),(-0.08,0.),.UNSPECIFIED.);
#30=B_SPLINE_SURFACE_WITH_KNOTS('',3,1,((#5515,#5516),(#5517,#5518),(#5519,
#5520),(#5521,#5522),(#5523,#5524)),.UNSPECIFIED.,.F.,.F.,.F.,(4,1,4),(2,
2),(0.,0.0344181358295548,0.0723302873916015),(-0.08,0.),.UNSPECIFIED.);
#31=B_SPLINE_SURFACE_WITH_KNOTS('',3,1,((#5526,#5527),(#5528,#5529),(#5530,
#5531),(#5532,#5533),(#5534,#5535)),.UNSPECIFIED.,.F.,.F.,.F.,(4,1,4),(2,
2),(0.,0.0419629106848277,0.0779073575448559),(-0.08,0.),.UNSPECIFIED.);
#32=B_SPLINE_SURFACE_WITH_KNOTS('',3,1,((#5537,#5538),(#5539,#5540),(#5541,
#5542),(#5543,#5544),(#5545,#5546)),.UNSPECIFIED.,.F.,.F.,.F.,(4,1,4),(2,
2),(0.,0.0309784096224612,0.0667326800353399),(-0.08,0.),.UNSPECIFIED.);
#33=B_SPLINE_SURFACE_WITH_KNOTS('',3,1,((#5550,#5551),(#5552,#5553),(#5554,
#5555),(#5556,#5557),(#5558,#5559)),.UNSPECIFIED.,.F.,.F.,.F.,(4,1,4),(2,
2),(0.,0.0254007047175312,0.050420765712108),(-0.08,0.),.UNSPECIFIED.);
#34=B_SPLINE_SURFACE_WITH_KNOTS('',3,1,((#5561,#5562),(#5563,#5564),(#5565,
#5566),(#5567,#5568),(#5569,#5570)),.UNSPECIFIED.,.F.,.F.,.F.,(4,1,4),(2,
2),(0.,0.0140460703370489,0.0309488659392557),(-0.08,0.),.UNSPECIFIED.);
#35=B_SPLINE_SURFACE_WITH_KNOTS('',3,1,((#5572,#5573),(#5574,#5575),(#5576,
#5577),(#5578,#5579),(#5580,#5581)),.UNSPECIFIED.,.F.,.F.,.F.,(4,1,4),(2,
2),(0.,0.0111173494377895,0.0229974784291816),(-0.08,0.),.UNSPECIFIED.);
#36=B_SPLINE_SURFACE_WITH_KNOTS('',3,1,((#5584,#5585),(#5586,#5587),(#5588,
#5589),(#5590,#5591),(#5592,#5593)),.UNSPECIFIED.,.F.,.F.,.F.,(4,1,4),(2,
2),(0.,0.0110128507639894,0.0238052937119166),(-0.08,0.),.UNSPECIFIED.);
#37=B_SPLINE_SURFACE_WITH_KNOTS('',3,1,((#5603,#5604),(#5605,#5606),(#5607,
#5608),(#5609,#5610),(#5611,#5612)),.UNSPECIFIED.,.F.,.F.,.F.,(4,1,4),(2,
2),(0.,0.00875789884274983,0.018215921538211),(-0.08,0.),.UNSPECIFIED.);
#38=B_SPLINE_SURFACE_WITH_KNOTS('',3,1,((#5620,#5621),(#5622,#5623),(#5624,
#5625),(#5626,#5627),(#5628,#5629)),.UNSPECIFIED.,.F.,.F.,.F.,(4,1,4),(2,
2),(0.,0.0237960485440357,0.0421061480599995),(-0.08,0.),.UNSPECIFIED.);
#39=B_SPLINE_SURFACE_WITH_KNOTS('',3,1,((#5755,#5756),(#5757,#5758),(#5759,
#5760),(#5761,#5762),(#5763,#5764)),.UNSPECIFIED.,.F.,.F.,.F.,(4,1,4),(2,
2),(0.,0.0301607788270529,0.0694819011382146),(-0.08,0.),.UNSPECIFIED.);
#40=B_SPLINE_SURFACE_WITH_KNOTS('',3,1,((#5766,#5767),(#5768,#5769),(#5770,
#5771),(#5772,#5773),(#5774,#5775)),.UNSPECIFIED.,.F.,.F.,.F.,(4,1,4),(2,
2),(0.,0.0395474089638441,0.070002689745085),(-0.08,0.),.UNSPECIFIED.);
#41=B_SPLINE_SURFACE_WITH_KNOTS('',3,1,((#5777,#5778),(#5779,#5780),(#5781,
#5782),(#5783,#5784),(#5785,#5786)),.UNSPECIFIED.,.F.,.F.,.F.,(4,1,4),(2,
2),(0.,0.0204455229661691,0.0375599817160751),(-0.08,0.),.UNSPECIFIED.);
#42=B_SPLINE_SURFACE_WITH_KNOTS('',3,1,((#5788,#5789),(#5790,#5791),(#5792,
#5793),(#5794,#5795),(#5796,#5797)),.UNSPECIFIED.,.F.,.F.,.F.,(4,1,4),(2,
2),(0.,0.0172716026347116,0.0377511217456345),(-0.08,0.),.UNSPECIFIED.);
#43=B_SPLINE_SURFACE_WITH_KNOTS('',3,1,((#5801,#5802),(#5803,#5804),(#5805,
#5806),(#5807,#5808),(#5809,#5810)),.UNSPECIFIED.,.F.,.F.,.F.,(4,1,4),(2,
2),(0.,0.0311087887042552,0.0660160789166647),(-0.08,0.),.UNSPECIFIED.);
#44=B_SPLINE_SURFACE_WITH_KNOTS('',3,1,((#5812,#5813),(#5814,#5815),(#5816,
#5817),(#5818,#5819),(#5820,#5821)),.UNSPECIFIED.,.F.,.F.,.F.,(4,1,4),(2,
2),(0.,0.0101033848303571,0.0220833630824949),(-0.08,0.),.UNSPECIFIED.);
#45=B_SPLINE_SURFACE_WITH_KNOTS('',3,1,((#5823,#5824),(#5825,#5826),(#5827,
#5828),(#5829,#5830),(#5831,#5832)),.UNSPECIFIED.,.F.,.F.,.F.,(4,1,4),(2,
2),(0.,0.00817120569385751,0.0168379614142232),(-0.08,0.),.UNSPECIFIED.);
#46=B_SPLINE_SURFACE_WITH_KNOTS('',3,1,((#5836,#5837),(#5838,#5839),(#5840,
#5841),(#5842,#5843),(#5844,#5845)),.UNSPECIFIED.,.F.,.F.,.F.,(4,1,4),(2,
2),(0.,0.0446129914252626,0.096872190100018),(-0.08,0.),.UNSPECIFIED.);
#47=B_SPLINE_SURFACE_WITH_KNOTS('',3,1,((#5847,#5848),(#5849,#5850),(#5851,
#5852),(#5853,#5854),(#5855,#5856)),.UNSPECIFIED.,.F.,.F.,.F.,(4,1,4),(2,
2),(0.,0.0205411263368029,0.0433989739896446),(-0.08,0.),.UNSPECIFIED.);
#48=B_SPLINE_SURFACE_WITH_KNOTS('',3,1,((#5858,#5859),(#5860,#5861),(#5862,
#5863),(#5864,#5865),(#5866,#5867)),.UNSPECIFIED.,.F.,.F.,.F.,(4,1,4),(2,
2),(0.,0.0228427439602787,0.0432598400052126),(-0.08,0.),.UNSPECIFIED.);
#49=B_SPLINE_SURFACE_WITH_KNOTS('',3,1,((#5869,#5870),(#5871,#5872),(#5873,
#5874),(#5875,#5876),(#5877,#5878)),.UNSPECIFIED.,.F.,.F.,.F.,(4,1,4),(2,
2),(0.,0.0326476933959052,0.0655123441289667),(-0.08,0.),.UNSPECIFIED.);
#50=B_SPLINE_SURFACE_WITH_KNOTS('',3,1,((#5895,#5896),(#5897,#5898),(#5899,
#5900),(#5901,#5902),(#5903,#5904)),.UNSPECIFIED.,.F.,.F.,.F.,(4,1,4),(2,
2),(0.,0.0113222094458638,0.0238316437162812),(-0.08,0.),.UNSPECIFIED.);
#51=B_SPLINE_SURFACE_WITH_KNOTS('',3,1,((#5912,#5913),(#5914,#5915),(#5916,
#5917),(#5918,#5919),(#5920,#5921)),.UNSPECIFIED.,.F.,.F.,.F.,(4,1,4),(2,
2),(0.,0.0107915354876758,0.021393603684032),(-0.08,0.),.UNSPECIFIED.);
#52=B_SPLINE_SURFACE_WITH_KNOTS('',3,1,((#5929,#5930),(#5931,#5932),(#5933,
#5934),(#5935,#5936),(#5937,#5938)),.UNSPECIFIED.,.F.,.F.,.F.,(4,1,4),(2,
2),(0.,0.00662041694179758,0.0142733257317238),(-0.08,0.),.UNSPECIFIED.);
#53=B_SPLINE_SURFACE_WITH_KNOTS('',3,1,((#5946,#5947),(#5948,#5949),(#5950,
#5951),(#5952,#5953),(#5954,#5955)),.UNSPECIFIED.,.F.,.F.,.F.,(4,1,4),(2,
2),(0.,0.0067676738520908,0.0131508752231169),(-0.08,0.),.UNSPECIFIED.);
#54=B_SPLINE_SURFACE_WITH_KNOTS('',3,1,((#5963,#5964),(#5965,#5966),(#5967,
#5968),(#5969,#5970),(#5971,#5972)),.UNSPECIFIED.,.F.,.F.,.F.,(4,1,4),(2,
2),(0.,0.0153318896419548,0.0278848799920385),(-0.08,0.),.UNSPECIFIED.);
#55=B_SPLINE_SURFACE_WITH_KNOTS('',3,1,((#6112,#6113),(#6114,#6115),(#6116,
#6117),(#6118,#6119),(#6120,#6121)),.UNSPECIFIED.,.F.,.F.,.F.,(4,1,4),(2,
2),(0.,0.00773942297195098,0.0138686648165962),(-0.08,0.),.UNSPECIFIED.);
#56=B_SPLINE_SURFACE_WITH_KNOTS('',3,1,((#6123,#6124),(#6125,#6126),(#6127,
#6128),(#6129,#6130),(#6131,#6132)),.UNSPECIFIED.,.F.,.F.,.F.,(4,1,4),(2,
2),(0.,0.00946296127006641,0.0183497298103923),(-0.08,0.),.UNSPECIFIED.);
#57=B_SPLINE_SURFACE_WITH_KNOTS('',3,1,((#6134,#6135),(#6136,#6137),(#6138,
#6139),(#6140,#6141),(#6142,#6143)),.UNSPECIFIED.,.F.,.F.,.F.,(4,1,4),(2,
2),(0.,0.0105982907965707,0.0206196513140019),(-0.08,0.),.UNSPECIFIED.);
#58=B_SPLINE_SURFACE_WITH_KNOTS('',3,1,((#6145,#6146),(#6147,#6148),(#6149,
#6150),(#6151,#6152),(#6153,#6154)),.UNSPECIFIED.,.F.,.F.,.F.,(4,1,4),(2,
2),(0.,0.0218016072724761,0.0440653568438211),(-0.08,0.),.UNSPECIFIED.);
#59=B_SPLINE_SURFACE_WITH_KNOTS('',3,1,((#6156,#6157),(#6158,#6159),(#6160,
#6161),(#6162,#6163),(#6164,#6165)),.UNSPECIFIED.,.F.,.F.,.F.,(4,1,4),(2,
2),(0.,0.0231185978057442,0.0452265243816008),(-0.08,0.),.UNSPECIFIED.);
#60=B_SPLINE_SURFACE_WITH_KNOTS('',3,1,((#6167,#6168),(#6169,#6170),(#6171,
#6172),(#6173,#6174),(#6175,#6176)),.UNSPECIFIED.,.F.,.F.,.F.,(4,1,4),(2,
2),(0.,0.0269274510108281,0.0517365175481416),(-0.08,0.),.UNSPECIFIED.);
#61=B_SPLINE_SURFACE_WITH_KNOTS('',3,1,((#6178,#6179),(#6180,#6181),(#6182,
#6183),(#6184,#6185),(#6186,#6187)),.UNSPECIFIED.,.F.,.F.,.F.,(4,1,4),(2,
2),(0.,0.0229837975267017,0.0487889278253791),(-0.08,0.),.UNSPECIFIED.);
#62=B_SPLINE_SURFACE_WITH_KNOTS('',3,1,((#6189,#6190),(#6191,#6192),(#6193,
#6194),(#6195,#6196),(#6197,#6198)),.UNSPECIFIED.,.F.,.F.,.F.,(4,1,4),(2,
2),(0.,0.0203469753877935,0.0413358673666179),(-0.08,0.),.UNSPECIFIED.);
#63=B_SPLINE_SURFACE_WITH_KNOTS('',3,1,((#6200,#6201),(#6202,#6203),(#6204,
#6205),(#6206,#6207),(#6208,#6209)),.UNSPECIFIED.,.F.,.F.,.F.,(4,1,4),(2,
2),(0.,0.0216701738850386,0.0422613617800455),(-0.08,0.),.UNSPECIFIED.);
#64=B_SPLINE_SURFACE_WITH_KNOTS('',3,1,((#6211,#6212),(#6213,#6214),(#6215,
#6216),(#6217,#6218),(#6219,#6220)),.UNSPECIFIED.,.F.,.F.,.F.,(4,1,4),(2,
2),(0.,0.0150739574855816,0.029208067770017),(-0.08,0.),.UNSPECIFIED.);
#65=B_SPLINE_SURFACE_WITH_KNOTS('',3,1,((#6222,#6223),(#6224,#6225),(#6226,
#6227),(#6228,#6229),(#6230,#6231)),.UNSPECIFIED.,.F.,.F.,.F.,(4,1,4),(2,
2),(0.,0.0146242233858667,0.0298172685279855),(-0.08,0.),.UNSPECIFIED.);
#66=B_SPLINE_SURFACE_WITH_KNOTS('',3,1,((#6238,#6239),(#6240,#6241),(#6242,
#6243),(#6244,#6245),(#6246,#6247)),.UNSPECIFIED.,.F.,.F.,.F.,(4,1,4),(2,
2),(0.,0.0137074369633876,0.031000958842676),(-0.08,0.),.UNSPECIFIED.);
#67=B_SPLINE_SURFACE_WITH_KNOTS('',3,1,((#6257,#6258),(#6259,#6260),(#6261,
#6262),(#6263,#6264),(#6265,#6266)),.UNSPECIFIED.,.F.,.F.,.F.,(4,1,4),(2,
2),(0.,0.0114239844666384,0.0229719752236155),(-0.08,0.),.UNSPECIFIED.);
#68=B_SPLINE_SURFACE_WITH_KNOTS('',3,1,((#6274,#6275),(#6276,#6277),(#6278,
#6279),(#6280,#6281),(#6282,#6283)),.UNSPECIFIED.,.F.,.F.,.F.,(4,1,4),(2,
2),(0.,0.0291168420413649,0.0508911157785292),(-0.08,0.),.UNSPECIFIED.);
#69=B_SPLINE_SURFACE_WITH_KNOTS('',3,1,((#6291,#6292),(#6293,#6294),(#6295,
#6296),(#6297,#6298),(#6299,#6300)),.UNSPECIFIED.,.F.,.F.,.F.,(4,1,4),(2,
2),(0.,0.014119085988565,0.0308542855380902),(-0.08,0.),.UNSPECIFIED.);
#70=B_SPLINE_SURFACE_WITH_KNOTS('',3,1,((#6308,#6309),(#6310,#6311),(#6312,
#6313),(#6314,#6315),(#6316,#6317)),.UNSPECIFIED.,.F.,.F.,.F.,(4,1,4),(2,
2),(0.,0.0112632285808965,0.0232857403737038),(-0.08,0.),.UNSPECIFIED.);
#71=B_SPLINE_SURFACE_WITH_KNOTS('',3,1,((#6325,#6326),(#6327,#6328),(#6329,
#6330),(#6331,#6332),(#6333,#6334)),.UNSPECIFIED.,.F.,.F.,.F.,(4,1,4),(2,
2),(0.,0.0106491513620445,0.0216629167585687),(-0.08,0.),.UNSPECIFIED.);
#72=B_SPLINE_SURFACE_WITH_KNOTS('',3,1,((#6342,#6343),(#6344,#6345),(#6346,
#6347),(#6348,#6349),(#6350,#6351)),.UNSPECIFIED.,.F.,.F.,.F.,(4,1,4),(2,
2),(0.,0.0143609941660044,0.0262801316934533),(-0.08,0.),.UNSPECIFIED.);
#73=B_SPLINE_SURFACE_WITH_KNOTS('',3,1,((#6438,#6439),(#6440,#6441),(#6442,
#6443),(#6444,#6445),(#6446,#6447)),.UNSPECIFIED.,.F.,.F.,.F.,(4,1,4),(2,
2),(0.,0.0398347886718622,0.0713614976502383),(-0.08,0.),.UNSPECIFIED.);
#74=B_SPLINE_SURFACE_WITH_KNOTS('',3,1,((#6454,#6455),(#6456,#6457),(#6458,
#6459),(#6460,#6461),(#6462,#6463)),.UNSPECIFIED.,.F.,.F.,.F.,(4,1,4),(2,
2),(0.,0.0307245963646073,0.113298312475055),(-0.08,0.),.UNSPECIFIED.);
#75=B_SPLINE_SURFACE_WITH_KNOTS('',3,1,((#6465,#6466),(#6467,#6468),(#6469,
#6470),(#6471,#6472),(#6473,#6474)),.UNSPECIFIED.,.F.,.F.,.F.,(4,1,4),(2,
2),(0.,0.00410232734888046,0.00867125526597819),(-0.08,0.),
 .UNSPECIFIED.);
#76=B_SPLINE_SURFACE_WITH_KNOTS('',3,1,((#6478,#6479),(#6480,#6481),(#6482,
#6483),(#6484,#6485),(#6486,#6487)),.UNSPECIFIED.,.F.,.F.,.F.,(4,1,4),(2,
2),(0.,0.020709018243522,0.0331553054299086),(-0.08,0.),.UNSPECIFIED.);
#77=B_SPLINE_SURFACE_WITH_KNOTS('',3,1,((#6497,#6498),(#6499,#6500),(#6501,
#6502),(#6503,#6504),(#6505,#6506)),.UNSPECIFIED.,.F.,.F.,.F.,(4,1,4),(2,
2),(0.,0.0177390130435637,0.0337659651818239),(-0.08,0.),.UNSPECIFIED.);
#78=B_SPLINE_SURFACE_WITH_KNOTS('',3,1,((#6508,#6509),(#6510,#6511),(#6512,
#6513),(#6514,#6515),(#6516,#6517)),.UNSPECIFIED.,.F.,.F.,.F.,(4,1,4),(2,
2),(0.,0.00864684838569701,0.0165881346821014),(-0.08,0.),.UNSPECIFIED.);
#79=B_SPLINE_SURFACE_WITH_KNOTS('',3,1,((#6519,#6520),(#6521,#6522),(#6523,
#6524),(#6525,#6526),(#6527,#6528)),.UNSPECIFIED.,.F.,.F.,.F.,(4,1,4),(2,
2),(0.,0.00629026290630975,0.0143963744549179),(-0.08,0.),.UNSPECIFIED.);
#80=B_SPLINE_SURFACE_WITH_KNOTS('',3,1,((#6532,#6533),(#6534,#6535),(#6536,
#6537),(#6538,#6539),(#6540,#6541)),.UNSPECIFIED.,.F.,.F.,.F.,(4,1,4),(2,
2),(0.,0.0115948802976329,0.0221212733467151),(-0.08,0.),.UNSPECIFIED.);
#81=B_SPLINE_SURFACE_WITH_KNOTS('',3,1,((#6543,#6544),(#6545,#6546),(#6547,
#6548),(#6549,#6550),(#6551,#6552)),.UNSPECIFIED.,.F.,.F.,.F.,(4,1,4),(2,
2),(0.,0.0108621594603155,0.0225799007358904),(-0.08,0.),.UNSPECIFIED.);
#82=B_SPLINE_SURFACE_WITH_KNOTS('',3,1,((#6554,#6555),(#6556,#6557),(#6558,
#6559),(#6560,#6561),(#6562,#6563)),.UNSPECIFIED.,.F.,.F.,.F.,(4,1,4),(2,
2),(0.,0.0279465834413606,0.0575691738949202),(-0.08,0.),.UNSPECIFIED.);
#83=B_SPLINE_SURFACE_WITH_KNOTS('',3,1,((#6664,#6665),(#6666,#6667),(#6668,
#6669),(#6670,#6671),(#6672,#6673)),.UNSPECIFIED.,.F.,.F.,.F.,(4,1,4),(2,
2),(0.,0.0169161061592485,0.0378658684765274),(-0.08,0.),.UNSPECIFIED.);
#84=B_SPLINE_SURFACE_WITH_KNOTS('',3,1,((#6675,#6676),(#6677,#6678),(#6679,
#6680),(#6681,#6682),(#6683,#6684)),.UNSPECIFIED.,.F.,.F.,.F.,(4,1,4),(2,
2),(0.,0.015884752714958,0.0310672295833089),(-0.08,0.),.UNSPECIFIED.);
#85=B_SPLINE_SURFACE_WITH_KNOTS('',3,1,((#6688,#6689),(#6690,#6691),(#6692,
#6693),(#6694,#6695),(#6696,#6697)),.UNSPECIFIED.,.F.,.F.,.F.,(4,1,4),(2,
2),(0.,0.023538187350443,0.0507526994920866),(-0.08,0.),.UNSPECIFIED.);
#86=B_SPLINE_SURFACE_WITH_KNOTS('',3,1,((#6699,#6700),(#6701,#6702),(#6703,
#6704),(#6705,#6706),(#6707,#6708)),.UNSPECIFIED.,.F.,.F.,.F.,(4,1,4),(2,
2),(0.,0.0239875676451447,0.0463584836323456),(-0.08,0.),.UNSPECIFIED.);
#87=B_SPLINE_SURFACE_WITH_KNOTS('',3,1,((#6710,#6711),(#6712,#6713),(#6714,
#6715),(#6716,#6717),(#6718,#6719)),.UNSPECIFIED.,.F.,.F.,.F.,(4,1,4),(2,
2),(0.,0.0285098542605177,0.0592052326179795),(-0.08,0.),.UNSPECIFIED.);
#88=B_SPLINE_SURFACE_WITH_KNOTS('',3,1,((#6721,#6722),(#6723,#6724),(#6725,
#6726),(#6727,#6728),(#6729,#6730)),.UNSPECIFIED.,.F.,.F.,.F.,(4,1,4),(2,
2),(0.,0.0458126534414178,0.0801977278869188),(-0.08,0.),.UNSPECIFIED.);
#89=B_SPLINE_SURFACE_WITH_KNOTS('',3,1,((#6742,#6743),(#6744,#6745),(#6746,
#6747),(#6748,#6749),(#6750,#6751)),.UNSPECIFIED.,.F.,.F.,.F.,(4,1,4),(2,
2),(0.,0.0112797048215068,0.0212809984996349),(-0.08,0.),.UNSPECIFIED.);
#90=B_SPLINE_SURFACE_WITH_KNOTS('',3,1,((#6753,#6754),(#6755,#6756),(#6757,
#6758),(#6759,#6760),(#6761,#6762)),.UNSPECIFIED.,.F.,.F.,.F.,(4,1,4),(2,
2),(0.,0.0154666725961437,0.0287745178443395),(-0.08,0.),.UNSPECIFIED.);
#91=B_SPLINE_SURFACE_WITH_KNOTS('',3,1,((#6767,#6768),(#6769,#6770),(#6771,
#6772),(#6773,#6774),(#6775,#6776)),.UNSPECIFIED.,.F.,.F.,.F.,(4,1,4),(2,
2),(0.,0.0138511262542454,0.0263413025641972),(-0.08,0.),.UNSPECIFIED.);
#92=B_SPLINE_SURFACE_WITH_KNOTS('',3,1,((#6798,#6799),(#6800,#6801),(#6802,
#6803),(#6804,#6805),(#6806,#6807)),.UNSPECIFIED.,.F.,.F.,.F.,(4,1,4),(2,
2),(0.,0.0112774938879119,0.0256034307010867),(-0.08,0.),.UNSPECIFIED.);
#93=B_SPLINE_SURFACE_WITH_KNOTS('',3,1,((#6815,#6816),(#6817,#6818),(#6819,
#6820),(#6821,#6822),(#6823,#6824)),.UNSPECIFIED.,.F.,.F.,.F.,(4,1,4),(2,
2),(0.,0.0114071275999551,0.0217787462324774),(-0.08,0.),.UNSPECIFIED.);
#94=B_SPLINE_SURFACE_WITH_KNOTS('',3,1,((#6832,#6833),(#6834,#6835),(#6836,
#6837),(#6838,#6839),(#6840,#6841)),.UNSPECIFIED.,.F.,.F.,.F.,(4,1,4),(2,
2),(0.,0.0118659936138451,0.0239011320827797),(-0.08,0.),.UNSPECIFIED.);
#95=B_SPLINE_SURFACE_WITH_KNOTS('',3,1,((#6971,#6972),(#6973,#6974),(#6975,
#6976),(#6977,#6978),(#6979,#6980)),.UNSPECIFIED.,.F.,.F.,.F.,(4,1,4),(2,
2),(0.,0.0250272473975869,0.0557224346850396),(-0.08,0.),.UNSPECIFIED.);
#96=B_SPLINE_SURFACE_WITH_KNOTS('',3,1,((#6982,#6983),(#6984,#6985),(#6986,
#6987),(#6988,#6989),(#6990,#6991)),.UNSPECIFIED.,.F.,.F.,.F.,(4,1,4),(2,
2),(0.,0.0252181789107994,0.0480650744774237),(-0.08,0.),.UNSPECIFIED.);
#97=B_SPLINE_SURFACE_WITH_KNOTS('',3,1,((#6993,#6994),(#6995,#6996),(#6997,
#6998),(#6999,#7000),(#7001,#7002)),.UNSPECIFIED.,.F.,.F.,.F.,(4,1,4),(2,
2),(0.,0.017642730747555,0.0360601197588564),(-0.08,0.),.UNSPECIFIED.);
#98=B_SPLINE_SURFACE_WITH_KNOTS('',3,1,((#7004,#7005),(#7006,#7007),(#7008,
#7009),(#7010,#7011),(#7012,#7013)),.UNSPECIFIED.,.F.,.F.,.F.,(4,1,4),(2,
2),(0.,0.0172268024851756,0.0344316223287185),(-0.08,0.),.UNSPECIFIED.);
#99=B_SPLINE_SURFACE_WITH_KNOTS('',3,1,((#7015,#7016),(#7017,#7018),(#7019,
#7020),(#7021,#7022),(#7023,#7024)),.UNSPECIFIED.,.F.,.F.,.F.,(4,1,4),(2,
2),(0.,0.015352990078103,0.0324614698634067),(-0.08,0.),.UNSPECIFIED.);
#100=B_SPLINE_SURFACE_WITH_KNOTS('',3,1,((#7026,#7027),(#7028,#7029),(#7030,
#7031),(#7032,#7033),(#7034,#7035)),.UNSPECIFIED.,.F.,.F.,.F.,(4,1,4),(2,
2),(0.,0.0175991619774189,0.0331434020819468),(-0.08,0.),.UNSPECIFIED.);
#101=B_SPLINE_SURFACE_WITH_KNOTS('',3,1,((#7037,#7038),(#7039,#7040),(#7041,
#7042),(#7043,#7044),(#7045,#7046)),.UNSPECIFIED.,.F.,.F.,.F.,(4,1,4),(2,
2),(0.,0.0125134565091707,0.0255134069129829),(-0.08,0.),.UNSPECIFIED.);
#102=B_SPLINE_SURFACE_WITH_KNOTS('',3,1,((#7048,#7049),(#7050,#7051),(#7052,
#7053),(#7054,#7055),(#7056,#7057)),.UNSPECIFIED.,.F.,.F.,.F.,(4,1,4),(2,
2),(0.,0.0120053308367088,0.0242462127724053),(-0.08,0.),.UNSPECIFIED.);
#103=B_SPLINE_SURFACE_WITH_KNOTS('',3,1,((#7059,#7060),(#7061,#7062),(#7063,
#7064),(#7065,#7066),(#7067,#7068)),.UNSPECIFIED.,.F.,.F.,.F.,(4,1,4),(2,
2),(0.,0.00930731784836898,0.0203415542418977),(-0.08,0.),.UNSPECIFIED.);
#104=B_SPLINE_SURFACE_WITH_KNOTS('',3,1,((#7082,#7083),(#7084,#7085),(#7086,
#7087),(#7088,#7089),(#7090,#7091)),.UNSPECIFIED.,.F.,.F.,.F.,(4,1,4),(2,
2),(0.,0.0105742902210194,0.0237501388096714),(-0.08,0.),.UNSPECIFIED.);
#105=B_SPLINE_SURFACE_WITH_KNOTS('',3,1,((#7093,#7094),(#7095,#7096),(#7097,
#7098),(#7099,#7100),(#7101,#7102)),.UNSPECIFIED.,.F.,.F.,.F.,(4,1,4),(2,
2),(0.,0.010133172547243,0.0194329263083196),(-0.08,0.),.UNSPECIFIED.);
#106=B_SPLINE_SURFACE_WITH_KNOTS('',3,1,((#7104,#7105),(#7106,#7107),(#7108,
#7109),(#7110,#7111),(#7112,#7113)),.UNSPECIFIED.,.F.,.F.,.F.,(4,1,4),(2,
2),(0.,0.0210513138607057,0.0366256306937445),(-0.08,0.),.UNSPECIFIED.);
#107=B_SPLINE_SURFACE_WITH_KNOTS('',3,1,((#7121,#7122),(#7123,#7124),(#7125,
#7126),(#7127,#7128),(#7129,#7130)),.UNSPECIFIED.,.F.,.F.,.F.,(4,1,4),(2,
2),(0.,0.0102174271512248,0.0225704610211107),(-0.08,0.),.UNSPECIFIED.);
#108=B_SPLINE_SURFACE_WITH_KNOTS('',3,1,((#7132,#7133),(#7134,#7135),(#7136,
#7137),(#7138,#7139),(#7140,#7141)),.UNSPECIFIED.,.F.,.F.,.F.,(4,1,4),(2,
2),(0.,0.00935600771740466,0.0183713903716414),(-0.08,0.),.UNSPECIFIED.);
#109=B_SPLINE_SURFACE_WITH_KNOTS('',3,1,((#7143,#7144),(#7145,#7146),(#7147,
#7148),(#7149,#7150),(#7151,#7152)),.UNSPECIFIED.,.F.,.F.,.F.,(4,1,4),(2,
2),(0.,0.0077294784939312,0.0168690589126209),(-0.08,0.),.UNSPECIFIED.);
#110=B_SPLINE_SURFACE_WITH_KNOTS('',3,1,((#7154,#7155),(#7156,#7157),(#7158,
#7159),(#7160,#7161),(#7162,#7163)),.UNSPECIFIED.,.F.,.F.,.F.,(4,1,4),(2,
2),(0.,0.0113255972445731,0.0200416363679315),(-0.08,0.),.UNSPECIFIED.);
#111=CYLINDRICAL_SURFACE('',#3786,15.);
#112=CYLINDRICAL_SURFACE('',#3791,11.25);
#113=CYLINDRICAL_SURFACE('',#3792,15.);
#114=CYLINDRICAL_SURFACE('',#3880,2.5);
#115=CYLINDRICAL_SURFACE('',#3882,11.25);
#116=CYLINDRICAL_SURFACE('',#3883,2.);
#117=CYLINDRICAL_SURFACE('',#3886,2.);
#118=CYLINDRICAL_SURFACE('',#3892,2.);
#119=CYLINDRICAL_SURFACE('',#3894,2.);
#120=B_SPLINE_CURVE_WITH_KNOTS('',3,(#4520,#4521,#4522,#4523,#4524),
 .UNSPECIFIED.,.F.,.F.,(4,1,4),(0.,0.0113255972445731,0.0200416363679315),
 .UNSPECIFIED.);
#121=B_SPLINE_CURVE_WITH_KNOTS('',3,(#4526,#4527,#4528,#4529,#4530),
 .UNSPECIFIED.,.F.,.F.,(4,1,4),(0.,0.0077294784939312,0.0168690589126209),
 .UNSPECIFIED.);
#122=B_SPLINE_CURVE_WITH_KNOTS('',3,(#4532,#4533,#4534,#4535,#4536),
 .UNSPECIFIED.,.F.,.F.,(4,1,4),(0.,0.00935600771740466,0.0183713903716414),
 .UNSPECIFIED.);
#123=B_SPLINE_CURVE_WITH_KNOTS('',3,(#4538,#4539,#4540,#4541,#4542),
 .UNSPECIFIED.,.F.,.F.,(4,1,4),(0.,0.0102174271512248,0.0225704610211107),
 .UNSPECIFIED.);
#124=B_SPLINE_CURVE_WITH_KNOTS('',3,(#4550,#4551,#4552,#4553,#4554),
 .UNSPECIFIED.,.F.,.F.,(4,1,4),(0.,0.0210513138607057,0.0366256306937445),
 .UNSPECIFIED.);
#125=B_SPLINE_CURVE_WITH_KNOTS('',3,(#4556,#4557,#4558,#4559,#4560),
 .UNSPECIFIED.,.F.,.F.,(4,1,4),(0.,0.010133172547243,0.0194329263083196),
 .UNSPECIFIED.);
#126=B_SPLINE_CURVE_WITH_KNOTS('',3,(#4562,#4563,#4564,#4565,#4566),
 .UNSPECIFIED.,.F.,.F.,(4,1,4),(0.,0.0105742902210194,0.0237501388096714),
 .UNSPECIFIED.);
#127=B_SPLINE_CURVE_WITH_KNOTS('',3,(#4580,#4581,#4582,#4583,#4584),
 .UNSPECIFIED.,.F.,.F.,(4,1,4),(0.,0.00930731784836898,0.0203415542418977),
 .UNSPECIFIED.);
#128=B_SPLINE_CURVE_WITH_KNOTS('',3,(#4586,#4587,#4588,#4589,#4590),
 .UNSPECIFIED.,.F.,.F.,(4,1,4),(0.,0.0120053308367088,0.0242462127724053),
 .UNSPECIFIED.);
#129=B_SPLINE_CURVE_WITH_KNOTS('',3,(#4592,#4593,#4594,#4595,#4596),
 .UNSPECIFIED.,.F.,.F.,(4,1,4),(0.,0.0125134565091707,0.0255134069129829),
 .UNSPECIFIED.);
#130=B_SPLINE_CURVE_WITH_KNOTS('',3,(#4598,#4599,#4600,#4601,#4602),
 .UNSPECIFIED.,.F.,.F.,(4,1,4),(0.,0.0175991619774189,0.0331434020819468),
 .UNSPECIFIED.);
#131=B_SPLINE_CURVE_WITH_KNOTS('',3,(#4604,#4605,#4606,#4607,#4608),
 .UNSPECIFIED.,.F.,.F.,(4,1,4),(0.,0.015352990078103,0.0324614698634067),
 .UNSPECIFIED.);
#132=B_SPLINE_CURVE_WITH_KNOTS('',3,(#4610,#4611,#4612,#4613,#4614),
 .UNSPECIFIED.,.F.,.F.,(4,1,4),(0.,0.0172268024851756,0.0344316223287185),
 .UNSPECIFIED.);
#133=B_SPLINE_CURVE_WITH_KNOTS('',3,(#4616,#4617,#4618,#4619,#4620),
 .UNSPECIFIED.,.F.,.F.,(4,1,4),(0.,0.017642730747555,0.0360601197588564),
 .UNSPECIFIED.);
#134=B_SPLINE_CURVE_WITH_KNOTS('',3,(#4622,#4623,#4624,#4625,#4626),
 .UNSPECIFIED.,.F.,.F.,(4,1,4),(0.,0.0252181789107994,0.0480650744774237),
 .UNSPECIFIED.);
#135=B_SPLINE_CURVE_WITH_KNOTS('',3,(#4627,#4628,#4629,#4630,#4631),
 .UNSPECIFIED.,.F.,.F.,(4,1,4),(0.,0.0250272473975869,0.0557224346850396),
 .UNSPECIFIED.);
#136=B_SPLINE_CURVE_WITH_KNOTS('',3,(#4640,#4641,#4642,#4643,#4644),
 .UNSPECIFIED.,.F.,.F.,(4,1,4),(0.,0.0154666725961437,0.0287745178443395),
 .UNSPECIFIED.);
#137=B_SPLINE_CURVE_WITH_KNOTS('',3,(#4646,#4647,#4648,#4649,#4650),
 .UNSPECIFIED.,.F.,.F.,(4,1,4),(0.,0.0112797048215068,0.0212809984996349),
 .UNSPECIFIED.);
#138=B_SPLINE_CURVE_WITH_KNOTS('',3,(#4662,#4663,#4664,#4665,#4666),
 .UNSPECIFIED.,.F.,.F.,(4,1,4),(0.,0.0458126534414178,0.0801977278869188),
 .UNSPECIFIED.);
#139=B_SPLINE_CURVE_WITH_KNOTS('',3,(#4668,#4669,#4670,#4671,#4672),
 .UNSPECIFIED.,.F.,.F.,(4,1,4),(0.,0.0285098542605177,0.0592052326179795),
 .UNSPECIFIED.);
#140=B_SPLINE_CURVE_WITH_KNOTS('',3,(#4674,#4675,#4676,#4677,#4678),
 .UNSPECIFIED.,.F.,.F.,(4,1,4),(0.,0.0239875676451447,0.0463584836323456),
 .UNSPECIFIED.);
#141=B_SPLINE_CURVE_WITH_KNOTS('',3,(#4680,#4681,#4682,#4683,#4684),
 .UNSPECIFIED.,.F.,.F.,(4,1,4),(0.,0.023538187350443,0.0507526994920866),
 .UNSPECIFIED.);
#142=B_SPLINE_CURVE_WITH_KNOTS('',3,(#4688,#4689,#4690,#4691,#4692),
 .UNSPECIFIED.,.F.,.F.,(4,1,4),(0.,0.015884752714958,0.0310672295833089),
 .UNSPECIFIED.);
#143=B_SPLINE_CURVE_WITH_KNOTS('',3,(#4693,#4694,#4695,#4696,#4697),
 .UNSPECIFIED.,.F.,.F.,(4,1,4),(0.,0.0169161061592485,0.0378658684765274),
 .UNSPECIFIED.);
#144=B_SPLINE_CURVE_WITH_KNOTS('',3,(#4700,#4701,#4702,#4703,#4704),
 .UNSPECIFIED.,.F.,.F.,(4,1,4),(0.,0.0398347886718622,0.0713614976502383),
 .UNSPECIFIED.);
#145=B_SPLINE_CURVE_WITH_KNOTS('',3,(#4706,#4707,#4708,#4709,#4710),
 .UNSPECIFIED.,.F.,.F.,(4,1,4),(0.,0.0279465834413606,0.0575691738949202),
 .UNSPECIFIED.);
#146=B_SPLINE_CURVE_WITH_KNOTS('',3,(#4712,#4713,#4714,#4715,#4716),
 .UNSPECIFIED.,.F.,.F.,(4,1,4),(0.,0.0108621594603155,0.0225799007358904),
 .UNSPECIFIED.);
#147=B_SPLINE_CURVE_WITH_KNOTS('',3,(#4718,#4719,#4720,#4721,#4722),
 .UNSPECIFIED.,.F.,.F.,(4,1,4),(0.,0.0115948802976329,0.0221212733467151),
 .UNSPECIFIED.);
#148=B_SPLINE_CURVE_WITH_KNOTS('',3,(#4726,#4727,#4728,#4729,#4730),
 .UNSPECIFIED.,.F.,.F.,(4,1,4),(0.,0.00629026290630975,0.0143963744549179),
 .UNSPECIFIED.);
#149=B_SPLINE_CURVE_WITH_KNOTS('',3,(#4732,#4733,#4734,#4735,#4736),
 .UNSPECIFIED.,.F.,.F.,(4,1,4),(0.,0.00864684838569701,0.0165881346821014),
 .UNSPECIFIED.);
#150=B_SPLINE_CURVE_WITH_KNOTS('',3,(#4738,#4739,#4740,#4741,#4742),
 .UNSPECIFIED.,.F.,.F.,(4,1,4),(0.,0.0177390130435637,0.0337659651818239),
 .UNSPECIFIED.);
#151=B_SPLINE_CURVE_WITH_KNOTS('',3,(#4752,#4753,#4754,#4755,#4756),
 .UNSPECIFIED.,.F.,.F.,(4,1,4),(0.,0.020709018243522,0.0331553054299086),
 .UNSPECIFIED.);
#152=B_SPLINE_CURVE_WITH_KNOTS('',3,(#4760,#4761,#4762,#4763,#4764),
 .UNSPECIFIED.,.F.,.F.,(4,1,4),(0.,0.00410232734888046,0.00867125526597819),
 .UNSPECIFIED.);
#153=B_SPLINE_CURVE_WITH_KNOTS('',3,(#4766,#4767,#4768,#4769,#4770),
 .UNSPECIFIED.,.F.,.F.,(4,1,4),(0.,0.0307245963646073,0.113298312475055),
 .UNSPECIFIED.);
#154=B_SPLINE_CURVE_WITH_KNOTS('',3,(#4784,#4785,#4786,#4787,#4788),
 .UNSPECIFIED.,.F.,.F.,(4,1,4),(0.,0.0146242233858667,0.0298172685279855),
 .UNSPECIFIED.);
#155=B_SPLINE_CURVE_WITH_KNOTS('',3,(#4790,#4791,#4792,#4793,#4794),
 .UNSPECIFIED.,.F.,.F.,(4,1,4),(0.,0.0150739574855816,0.029208067770017),
 .UNSPECIFIED.);
#156=B_SPLINE_CURVE_WITH_KNOTS('',3,(#4796,#4797,#4798,#4799,#4800),
 .UNSPECIFIED.,.F.,.F.,(4,1,4),(0.,0.0216701738850386,0.0422613617800455),
 .UNSPECIFIED.);
#157=B_SPLINE_CURVE_WITH_KNOTS('',3,(#4802,#4803,#4804,#4805,#4806),
 .UNSPECIFIED.,.F.,.F.,(4,1,4),(0.,0.0203469753877935,0.0413358673666179),
 .UNSPECIFIED.);
#158=B_SPLINE_CURVE_WITH_KNOTS('',3,(#4808,#4809,#4810,#4811,#4812),
 .UNSPECIFIED.,.F.,.F.,(4,1,4),(0.,0.0229837975267017,0.0487889278253791),
 .UNSPECIFIED.);
#159=B_SPLINE_CURVE_WITH_KNOTS('',3,(#4814,#4815,#4816,#4817,#4818),
 .UNSPECIFIED.,.F.,.F.,(4,1,4),(0.,0.0269274510108281,0.0517365175481416),
 .UNSPECIFIED.);
#160=B_SPLINE_CURVE_WITH_KNOTS('',3,(#4820,#4821,#4822,#4823,#4824),
 .UNSPECIFIED.,.F.,.F.,(4,1,4),(0.,0.0231185978057442,0.0452265243816008),
 .UNSPECIFIED.);
#161=B_SPLINE_CURVE_WITH_KNOTS('',3,(#4826,#4827,#4828,#4829,#4830),
 .UNSPECIFIED.,.F.,.F.,(4,1,4),(0.,0.0218016072724761,0.0440653568438211),
 .UNSPECIFIED.);
#162=B_SPLINE_CURVE_WITH_KNOTS('',3,(#4832,#4833,#4834,#4835,#4836),
 .UNSPECIFIED.,.F.,.F.,(4,1,4),(0.,0.0105982907965707,0.0206196513140019),
 .UNSPECIFIED.);
#163=B_SPLINE_CURVE_WITH_KNOTS('',3,(#4838,#4839,#4840,#4841,#4842),
 .UNSPECIFIED.,.F.,.F.,(4,1,4),(0.,0.00946296127006641,0.0183497298103923),
 .UNSPECIFIED.);
#164=B_SPLINE_CURVE_WITH_KNOTS('',3,(#4844,#4845,#4846,#4847,#4848),
 .UNSPECIFIED.,.F.,.F.,(4,1,4),(0.,0.00773942297195098,0.0138686648165962),
 .UNSPECIFIED.);
#165=B_SPLINE_CURVE_WITH_KNOTS('',3,(#4864,#4865,#4866,#4867,#4868),
 .UNSPECIFIED.,.F.,.F.,(4,1,4),(0.,0.0326476933959052,0.0655123441289667),
 .UNSPECIFIED.);
#166=B_SPLINE_CURVE_WITH_KNOTS('',3,(#4870,#4871,#4872,#4873,#4874),
 .UNSPECIFIED.,.F.,.F.,(4,1,4),(0.,0.0228427439602787,0.0432598400052126),
 .UNSPECIFIED.);
#167=B_SPLINE_CURVE_WITH_KNOTS('',3,(#4876,#4877,#4878,#4879,#4880),
 .UNSPECIFIED.,.F.,.F.,(4,1,4),(0.,0.0205411263368029,0.0433989739896446),
 .UNSPECIFIED.);
#168=B_SPLINE_CURVE_WITH_KNOTS('',3,(#4882,#4883,#4884,#4885,#4886),
 .UNSPECIFIED.,.F.,.F.,(4,1,4),(0.,0.0446129914252626,0.096872190100018),
 .UNSPECIFIED.);
#169=B_SPLINE_CURVE_WITH_KNOTS('',3,(#4890,#4891,#4892,#4893,#4894),
 .UNSPECIFIED.,.F.,.F.,(4,1,4),(0.,0.00817120569385751,0.0168379614142232),
 .UNSPECIFIED.);
#170=B_SPLINE_CURVE_WITH_KNOTS('',3,(#4896,#4897,#4898,#4899,#4900),
 .UNSPECIFIED.,.F.,.F.,(4,1,4),(0.,0.0101033848303571,0.0220833630824949),
 .UNSPECIFIED.);
#171=B_SPLINE_CURVE_WITH_KNOTS('',3,(#4902,#4903,#4904,#4905,#4906),
 .UNSPECIFIED.,.F.,.F.,(4,1,4),(0.,0.0311087887042552,0.0660160789166647),
 .UNSPECIFIED.);
#172=B_SPLINE_CURVE_WITH_KNOTS('',3,(#4910,#4911,#4912,#4913,#4914),
 .UNSPECIFIED.,.F.,.F.,(4,1,4),(0.,0.0172716026347116,0.0377511217456345),
 .UNSPECIFIED.);
#173=B_SPLINE_CURVE_WITH_KNOTS('',3,(#4916,#4917,#4918,#4919,#4920),
 .UNSPECIFIED.,.F.,.F.,(4,1,4),(0.,0.0204455229661691,0.0375599817160751),
 .UNSPECIFIED.);
#174=B_SPLINE_CURVE_WITH_KNOTS('',3,(#4922,#4923,#4924,#4925,#4926),
 .UNSPECIFIED.,.F.,.F.,(4,1,4),(0.,0.0395474089638441,0.070002689745085),
 .UNSPECIFIED.);
#175=B_SPLINE_CURVE_WITH_KNOTS('',3,(#4927,#4928,#4929,#4930,#4931),
 .UNSPECIFIED.,.F.,.F.,(4,1,4),(0.,0.0301607788270529,0.0694819011382146),
 .UNSPECIFIED.);
#176=B_SPLINE_CURVE_WITH_KNOTS('',3,(#4938,#4939,#4940,#4941,#4942),
 .UNSPECIFIED.,.F.,.F.,(4,1,4),(0.,0.0111173494377895,0.0229974784291816),
 .UNSPECIFIED.);
#177=B_SPLINE_CURVE_WITH_KNOTS('',3,(#4944,#4945,#4946,#4947,#4948),
 .UNSPECIFIED.,.F.,.F.,(4,1,4),(0.,0.0140460703370489,0.0309488659392557),
 .UNSPECIFIED.);
#178=B_SPLINE_CURVE_WITH_KNOTS('',3,(#4950,#4951,#4952,#4953,#4954),
 .UNSPECIFIED.,.F.,.F.,(4,1,4),(0.,0.0254007047175312,0.050420765712108),
 .UNSPECIFIED.);
#179=B_SPLINE_CURVE_WITH_KNOTS('',3,(#4958,#4959,#4960,#4961,#4962),
 .UNSPECIFIED.,.F.,.F.,(4,1,4),(0.,0.0309784096224612,0.0667326800353399),
 .UNSPECIFIED.);
#180=B_SPLINE_CURVE_WITH_KNOTS('',3,(#4964,#4965,#4966,#4967,#4968),
 .UNSPECIFIED.,.F.,.F.,(4,1,4),(0.,0.0419629106848277,0.0779073575448559),
 .UNSPECIFIED.);
#181=B_SPLINE_CURVE_WITH_KNOTS('',3,(#4970,#4971,#4972,#4973,#4974),
 .UNSPECIFIED.,.F.,.F.,(4,1,4),(0.,0.0344181358295548,0.0723302873916015),
 .UNSPECIFIED.);
#182=B_SPLINE_CURVE_WITH_KNOTS('',3,(#4976,#4977,#4978,#4979,#4980),
 .UNSPECIFIED.,.F.,.F.,(4,1,4),(0.,0.027216040630861,0.0523843281141515),
 .UNSPECIFIED.);
#183=B_SPLINE_CURVE_WITH_KNOTS('',3,(#4982,#4983,#4984,#4985,#4986),
 .UNSPECIFIED.,.F.,.F.,(4,1,4),(0.,0.0241755888857565,0.0488052471304853),
 .UNSPECIFIED.);
#184=B_SPLINE_CURVE_WITH_KNOTS('',3,(#4988,#4989,#4990,#4991,#4992),
 .UNSPECIFIED.,.F.,.F.,(4,1,4),(0.,0.025344634973916,0.0513990133253721),
 .UNSPECIFIED.);
#185=B_SPLINE_CURVE_WITH_KNOTS('',3,(#4994,#4995,#4996,#4997,#4998),
 .UNSPECIFIED.,.F.,.F.,(4,1,4),(0.,0.0258563459816631,0.0490258757781775),
 .UNSPECIFIED.);
#186=B_SPLINE_CURVE_WITH_KNOTS('',3,(#5000,#5001,#5002,#5003,#5004),
 .UNSPECIFIED.,.F.,.F.,(4,1,4),(0.,0.0216527108737611,0.0430772726446139),
 .UNSPECIFIED.);
#187=B_SPLINE_CURVE_WITH_KNOTS('',3,(#5005,#5006,#5007,#5008,#5009),
 .UNSPECIFIED.,.F.,.F.,(4,1,4),(0.,0.0225207895802252,0.047147542474146),
 .UNSPECIFIED.);
#188=B_SPLINE_CURVE_WITH_KNOTS('',3,(#5012,#5013,#5014,#5015,#5016),
 .UNSPECIFIED.,.F.,.F.,(4,1,4),(0.,0.00573355277130663,0.01090246102291),
 .UNSPECIFIED.);
#189=B_SPLINE_CURVE_WITH_KNOTS('',3,(#5020,#5021,#5022,#5023,#5024),
 .UNSPECIFIED.,.F.,.F.,(4,1,4),(0.,0.00525420356980968,0.0118717700755245),
 .UNSPECIFIED.);
#190=B_SPLINE_CURVE_WITH_KNOTS('',3,(#5026,#5027,#5028,#5029,#5030),
 .UNSPECIFIED.,.F.,.F.,(4,1,4),(0.,0.00664268202597861,0.0119744611503941),
 .UNSPECIFIED.);
#191=B_SPLINE_CURVE_WITH_KNOTS('',3,(#5032,#5033,#5034,#5035,#5036),
 .UNSPECIFIED.,.F.,.F.,(4,1,4),(0.,0.0295676452964969,0.0627703629122749),
 .UNSPECIFIED.);
#192=B_SPLINE_CURVE_WITH_KNOTS('',3,(#5050,#5051,#5052,#5053,#5054),
 .UNSPECIFIED.,.F.,.F.,(4,1,4),(0.,0.0170114985666044,0.032530081630688),
 .UNSPECIFIED.);
#193=B_SPLINE_CURVE_WITH_KNOTS('',3,(#5055,#5056,#5057,#5058,#5059),
 .UNSPECIFIED.,.F.,.F.,(4,1,4),(0.,0.0151166999652707,0.0309606508066537),
 .UNSPECIFIED.);
#194=B_SPLINE_CURVE_WITH_KNOTS('',3,(#5119,#5120,#5121,#5122,#5123),
 .UNSPECIFIED.,.F.,.F.,(4,1,4),(0.,0.0261414907985262,0.0849490276778256),
 .UNSPECIFIED.);
#195=B_SPLINE_CURVE_WITH_KNOTS('',3,(#5125,#5126,#5127,#5128,#5129),
 .UNSPECIFIED.,.F.,.F.,(4,1,4),(0.,0.0055905341890084,0.0139928384029883),
 .UNSPECIFIED.);
#196=B_SPLINE_CURVE_WITH_KNOTS('',3,(#5132,#5133,#5134,#5135,#5136),
 .UNSPECIFIED.,.F.,.F.,(4,1,4),(0.,0.014839824459591,0.0285357200535588),
 .UNSPECIFIED.);
#197=B_SPLINE_CURVE_WITH_KNOTS('',3,(#5174,#5175,#5176,#5177,#5178),
 .UNSPECIFIED.,.F.,.F.,(4,1,4),(0.,0.0261414907985262,0.0849490276778256),
 .UNSPECIFIED.);
#198=B_SPLINE_CURVE_WITH_KNOTS('',3,(#5191,#5192,#5193,#5194,#5195),
 .UNSPECIFIED.,.F.,.F.,(4,1,4),(0.,0.0055905341890084,0.0139928384029883),
 .UNSPECIFIED.);
#199=B_SPLINE_CURVE_WITH_KNOTS('',3,(#5211,#5212,#5213,#5214,#5215),
 .UNSPECIFIED.,.F.,.F.,(4,1,4),(0.,0.014839824459591,0.0285357200535588),
 .UNSPECIFIED.);
#200=B_SPLINE_CURVE_WITH_KNOTS('',3,(#5219,#5220,#5221,#5222,#5223),
 .UNSPECIFIED.,.F.,.F.,(4,1,4),(0.,0.00573355277130663,0.01090246102291),
 .UNSPECIFIED.);
#201=B_SPLINE_CURVE_WITH_KNOTS('',3,(#5225,#5226,#5227,#5228,#5229),
 .UNSPECIFIED.,.F.,.F.,(4,1,4),(0.,0.0151166999652707,0.0309606508066537),
 .UNSPECIFIED.);
#202=B_SPLINE_CURVE_WITH_KNOTS('',3,(#5231,#5232,#5233,#5234,#5235),
 .UNSPECIFIED.,.F.,.F.,(4,1,4),(0.,0.0170114985666044,0.032530081630688),
 .UNSPECIFIED.);
#203=B_SPLINE_CURVE_WITH_KNOTS('',3,(#5249,#5250,#5251,#5252,#5253),
 .UNSPECIFIED.,.F.,.F.,(4,1,4),(0.,0.0295676452964969,0.0627703629122749),
 .UNSPECIFIED.);
#204=B_SPLINE_CURVE_WITH_KNOTS('',3,(#5255,#5256,#5257,#5258,#5259),
 .UNSPECIFIED.,.F.,.F.,(4,1,4),(0.,0.00664268202597861,0.0119744611503941),
 .UNSPECIFIED.);
#205=B_SPLINE_CURVE_WITH_KNOTS('',3,(#5261,#5262,#5263,#5264,#5265),
 .UNSPECIFIED.,.F.,.F.,(4,1,4),(0.,0.00525420356980968,0.0118717700755245),
 .UNSPECIFIED.);
#206=B_SPLINE_CURVE_WITH_KNOTS('',3,(#5352,#5353,#5354,#5355,#5356),
 .UNSPECIFIED.,.F.,.F.,(4,1,4),(0.,0.0225207895802252,0.047147542474146),
 .UNSPECIFIED.);
#207=B_SPLINE_CURVE_WITH_KNOTS('',3,(#5358,#5359,#5360,#5361,#5362),
 .UNSPECIFIED.,.F.,.F.,(4,1,4),(0.,0.0216527108737611,0.0430772726446139),
 .UNSPECIFIED.);
#208=B_SPLINE_CURVE_WITH_KNOTS('',3,(#5364,#5365,#5366,#5367,#5368),
 .UNSPECIFIED.,.F.,.F.,(4,1,4),(0.,0.0258563459816631,0.0490258757781775),
 .UNSPECIFIED.);
#209=B_SPLINE_CURVE_WITH_KNOTS('',3,(#5370,#5371,#5372,#5373,#5374),
 .UNSPECIFIED.,.F.,.F.,(4,1,4),(0.,0.025344634973916,0.0513990133253721),
 .UNSPECIFIED.);
#210=B_SPLINE_CURVE_WITH_KNOTS('',3,(#5376,#5377,#5378,#5379,#5380),
 .UNSPECIFIED.,.F.,.F.,(4,1,4),(0.,0.0241755888857565,0.0488052471304853),
 .UNSPECIFIED.);
#211=B_SPLINE_CURVE_WITH_KNOTS('',3,(#5382,#5383,#5384,#5385,#5386),
 .UNSPECIFIED.,.F.,.F.,(4,1,4),(0.,0.027216040630861,0.0523843281141515),
 .UNSPECIFIED.);
#212=B_SPLINE_CURVE_WITH_KNOTS('',3,(#5388,#5389,#5390,#5391,#5392),
 .UNSPECIFIED.,.F.,.F.,(4,1,4),(0.,0.0344181358295548,0.0723302873916015),
 .UNSPECIFIED.);
#213=B_SPLINE_CURVE_WITH_KNOTS('',3,(#5394,#5395,#5396,#5397,#5398),
 .UNSPECIFIED.,.F.,.F.,(4,1,4),(0.,0.0419629106848277,0.0779073575448559),
 .UNSPECIFIED.);
#214=B_SPLINE_CURVE_WITH_KNOTS('',3,(#5400,#5401,#5402,#5403,#5404),
 .UNSPECIFIED.,.F.,.F.,(4,1,4),(0.,0.0309784096224612,0.0667326800353399),
 .UNSPECIFIED.);
#215=B_SPLINE_CURVE_WITH_KNOTS('',3,(#5408,#5409,#5410,#5411,#5412),
 .UNSPECIFIED.,.F.,.F.,(4,1,4),(0.,0.0254007047175312,0.050420765712108),
 .UNSPECIFIED.);
#216=B_SPLINE_CURVE_WITH_KNOTS('',3,(#5414,#5415,#5416,#5417,#5418),
 .UNSPECIFIED.,.F.,.F.,(4,1,4),(0.,0.0140460703370489,0.0309488659392557),
 .UNSPECIFIED.);
#217=B_SPLINE_CURVE_WITH_KNOTS('',3,(#5420,#5421,#5422,#5423,#5424),
 .UNSPECIFIED.,.F.,.F.,(4,1,4),(0.,0.0111173494377895,0.0229974784291816),
 .UNSPECIFIED.);
#218=B_SPLINE_CURVE_WITH_KNOTS('',3,(#5428,#5429,#5430,#5431,#5432),
 .UNSPECIFIED.,.F.,.F.,(4,1,4),(0.,0.0110128507639894,0.0238052937119166),
 .UNSPECIFIED.);
#219=B_SPLINE_CURVE_WITH_KNOTS('',3,(#5434,#5435,#5436,#5437,#5438),
 .UNSPECIFIED.,.F.,.F.,(4,1,4),(0.,0.00875789884274983,0.018215921538211),
 .UNSPECIFIED.);
#220=B_SPLINE_CURVE_WITH_KNOTS('',3,(#5440,#5441,#5442,#5443,#5444),
 .UNSPECIFIED.,.F.,.F.,(4,1,4),(0.,0.0237960485440357,0.0421061480599995),
 .UNSPECIFIED.);
#221=B_SPLINE_CURVE_WITH_KNOTS('',3,(#5597,#5598,#5599,#5600,#5601),
 .UNSPECIFIED.,.F.,.F.,(4,1,4),(0.,0.0110128507639894,0.0238052937119166),
 .UNSPECIFIED.);
#222=B_SPLINE_CURVE_WITH_KNOTS('',3,(#5614,#5615,#5616,#5617,#5618),
 .UNSPECIFIED.,.F.,.F.,(4,1,4),(0.,0.00875789884274983,0.018215921538211),
 .UNSPECIFIED.);
#223=B_SPLINE_CURVE_WITH_KNOTS('',3,(#5631,#5632,#5633,#5634,#5635),
 .UNSPECIFIED.,.F.,.F.,(4,1,4),(0.,0.0237960485440357,0.0421061480599995),
 .UNSPECIFIED.);
#224=B_SPLINE_CURVE_WITH_KNOTS('',3,(#5644,#5645,#5646,#5647,#5648),
 .UNSPECIFIED.,.F.,.F.,(4,1,4),(0.,0.0301607788270529,0.0694819011382146),
 .UNSPECIFIED.);
#225=B_SPLINE_CURVE_WITH_KNOTS('',3,(#5650,#5651,#5652,#5653,#5654),
 .UNSPECIFIED.,.F.,.F.,(4,1,4),(0.,0.0395474089638441,0.070002689745085),
 .UNSPECIFIED.);
#226=B_SPLINE_CURVE_WITH_KNOTS('',3,(#5656,#5657,#5658,#5659,#5660),
 .UNSPECIFIED.,.F.,.F.,(4,1,4),(0.,0.0204455229661691,0.0375599817160751),
 .UNSPECIFIED.);
#227=B_SPLINE_CURVE_WITH_KNOTS('',3,(#5662,#5663,#5664,#5665,#5666),
 .UNSPECIFIED.,.F.,.F.,(4,1,4),(0.,0.0172716026347116,0.0377511217456345),
 .UNSPECIFIED.);
#228=B_SPLINE_CURVE_WITH_KNOTS('',3,(#5670,#5671,#5672,#5673,#5674),
 .UNSPECIFIED.,.F.,.F.,(4,1,4),(0.,0.0311087887042552,0.0660160789166647),
 .UNSPECIFIED.);
#229=B_SPLINE_CURVE_WITH_KNOTS('',3,(#5676,#5677,#5678,#5679,#5680),
 .UNSPECIFIED.,.F.,.F.,(4,1,4),(0.,0.0101033848303571,0.0220833630824949),
 .UNSPECIFIED.);
#230=B_SPLINE_CURVE_WITH_KNOTS('',3,(#5682,#5683,#5684,#5685,#5686),
 .UNSPECIFIED.,.F.,.F.,(4,1,4),(0.,0.00817120569385751,0.0168379614142232),
 .UNSPECIFIED.);
#231=B_SPLINE_CURVE_WITH_KNOTS('',3,(#5690,#5691,#5692,#5693,#5694),
 .UNSPECIFIED.,.F.,.F.,(4,1,4),(0.,0.0446129914252626,0.096872190100018),
 .UNSPECIFIED.);
#232=B_SPLINE_CURVE_WITH_KNOTS('',3,(#5696,#5697,#5698,#5699,#5700),
 .UNSPECIFIED.,.F.,.F.,(4,1,4),(0.,0.0205411263368029,0.0433989739896446),
 .UNSPECIFIED.);
#233=B_SPLINE_CURVE_WITH_KNOTS('',3,(#5702,#5703,#5704,#5705,#5706),
 .UNSPECIFIED.,.F.,.F.,(4,1,4),(0.,0.0228427439602787,0.0432598400052126),
 .UNSPECIFIED.);
#234=B_SPLINE_CURVE_WITH_KNOTS('',3,(#5708,#5709,#5710,#5711,#5712),
 .UNSPECIFIED.,.F.,.F.,(4,1,4),(0.,0.0326476933959052,0.0655123441289667),
 .UNSPECIFIED.);
#235=B_SPLINE_CURVE_WITH_KNOTS('',3,(#5724,#5725,#5726,#5727,#5728),
 .UNSPECIFIED.,.F.,.F.,(4,1,4),(0.,0.0113222094458638,0.0238316437162812),
 .UNSPECIFIED.);
#236=B_SPLINE_CURVE_WITH_KNOTS('',3,(#5730,#5731,#5732,#5733,#5734),
 .UNSPECIFIED.,.F.,.F.,(4,1,4),(0.,0.0107915354876758,0.021393603684032),
 .UNSPECIFIED.);
#237=B_SPLINE_CURVE_WITH_KNOTS('',3,(#5736,#5737,#5738,#5739,#5740),
 .UNSPECIFIED.,.F.,.F.,(4,1,4),(0.,0.00662041694179758,0.0142733257317238),
 .UNSPECIFIED.);
#238=B_SPLINE_CURVE_WITH_KNOTS('',3,(#5742,#5743,#5744,#5745,#5746),
 .UNSPECIFIED.,.F.,.F.,(4,1,4),(0.,0.0067676738520908,0.0131508752231169),
 .UNSPECIFIED.);
#239=B_SPLINE_CURVE_WITH_KNOTS('',3,(#5747,#5748,#5749,#5750,#5751),
 .UNSPECIFIED.,.F.,.F.,(4,1,4),(0.,0.0153318896419548,0.0278848799920385),
 .UNSPECIFIED.);
#240=B_SPLINE_CURVE_WITH_KNOTS('',3,(#5906,#5907,#5908,#5909,#5910),
 .UNSPECIFIED.,.F.,.F.,(4,1,4),(0.,0.0113222094458638,0.0238316437162812),
 .UNSPECIFIED.);
#241=B_SPLINE_CURVE_WITH_KNOTS('',3,(#5923,#5924,#5925,#5926,#5927),
 .UNSPECIFIED.,.F.,.F.,(4,1,4),(0.,0.0107915354876758,0.021393603684032),
 .UNSPECIFIED.);
#242=B_SPLINE_CURVE_WITH_KNOTS('',3,(#5940,#5941,#5942,#5943,#5944),
 .UNSPECIFIED.,.F.,.F.,(4,1,4),(0.,0.00662041694179758,0.0142733257317238),
 .UNSPECIFIED.);
#243=B_SPLINE_CURVE_WITH_KNOTS('',3,(#5957,#5958,#5959,#5960,#5961),
 .UNSPECIFIED.,.F.,.F.,(4,1,4),(0.,0.0067676738520908,0.0131508752231169),
 .UNSPECIFIED.);
#244=B_SPLINE_CURVE_WITH_KNOTS('',3,(#5973,#5974,#5975,#5976,#5977),
 .UNSPECIFIED.,.F.,.F.,(4,1,4),(0.,0.0153318896419548,0.0278848799920385),
 .UNSPECIFIED.);
#245=B_SPLINE_CURVE_WITH_KNOTS('',3,(#5989,#5990,#5991,#5992,#5993),
 .UNSPECIFIED.,.F.,.F.,(4,1,4),(0.,0.00773942297195098,0.0138686648165962),
 .UNSPECIFIED.);
#246=B_SPLINE_CURVE_WITH_KNOTS('',3,(#5995,#5996,#5997,#5998,#5999),
 .UNSPECIFIED.,.F.,.F.,(4,1,4),(0.,0.00946296127006641,0.0183497298103923),
 .UNSPECIFIED.);
#247=B_SPLINE_CURVE_WITH_KNOTS('',3,(#6001,#6002,#6003,#6004,#6005),
 .UNSPECIFIED.,.F.,.F.,(4,1,4),(0.,0.0105982907965707,0.0206196513140019),
 .UNSPECIFIED.);
#248=B_SPLINE_CURVE_WITH_KNOTS('',3,(#6007,#6008,#6009,#6010,#6011),
 .UNSPECIFIED.,.F.,.F.,(4,1,4),(0.,0.0218016072724761,0.0440653568438211),
 .UNSPECIFIED.);
#249=B_SPLINE_CURVE_WITH_KNOTS('',3,(#6013,#6014,#6015,#6016,#6017),
 .UNSPECIFIED.,.F.,.F.,(4,1,4),(0.,0.0231185978057442,0.0452265243816008),
 .UNSPECIFIED.);
#250=B_SPLINE_CURVE_WITH_KNOTS('',3,(#6019,#6020,#6021,#6022,#6023),
 .UNSPECIFIED.,.F.,.F.,(4,1,4),(0.,0.0269274510108281,0.0517365175481416),
 .UNSPECIFIED.);
#251=B_SPLINE_CURVE_WITH_KNOTS('',3,(#6025,#6026,#6027,#6028,#6029),
 .UNSPECIFIED.,.F.,.F.,(4,1,4),(0.,0.0229837975267017,0.0487889278253791),
 .UNSPECIFIED.);
#252=B_SPLINE_CURVE_WITH_KNOTS('',3,(#6031,#6032,#6033,#6034,#6035),
 .UNSPECIFIED.,.F.,.F.,(4,1,4),(0.,0.0203469753877935,0.0413358673666179),
 .UNSPECIFIED.);
#253=B_SPLINE_CURVE_WITH_KNOTS('',3,(#6037,#6038,#6039,#6040,#6041),
 .UNSPECIFIED.,.F.,.F.,(4,1,4),(0.,0.0216701738850386,0.0422613617800455),
 .UNSPECIFIED.);
#254=B_SPLINE_CURVE_WITH_KNOTS('',3,(#6043,#6044,#6045,#6046,#6047),
 .UNSPECIFIED.,.F.,.F.,(4,1,4),(0.,0.0150739574855816,0.029208067770017),
 .UNSPECIFIED.);
#255=B_SPLINE_CURVE_WITH_KNOTS('',3,(#6049,#6050,#6051,#6052,#6053),
 .UNSPECIFIED.,.F.,.F.,(4,1,4),(0.,0.0146242233858667,0.0298172685279855),
 .UNSPECIFIED.);
#256=B_SPLINE_CURVE_WITH_KNOTS('',3,(#6061,#6062,#6063,#6064,#6065),
 .UNSPECIFIED.,.F.,.F.,(4,1,4),(0.,0.0137074369633876,0.031000958842676),
 .UNSPECIFIED.);
#257=B_SPLINE_CURVE_WITH_KNOTS('',3,(#6067,#6068,#6069,#6070,#6071),
 .UNSPECIFIED.,.F.,.F.,(4,1,4),(0.,0.0114239844666384,0.0229719752236155),
 .UNSPECIFIED.);
#258=B_SPLINE_CURVE_WITH_KNOTS('',3,(#6073,#6074,#6075,#6076,#6077),
 .UNSPECIFIED.,.F.,.F.,(4,1,4),(0.,0.0291168420413649,0.0508911157785292),
 .UNSPECIFIED.);
#259=B_SPLINE_CURVE_WITH_KNOTS('',3,(#6079,#6080,#6081,#6082,#6083),
 .UNSPECIFIED.,.F.,.F.,(4,1,4),(0.,0.014119085988565,0.0308542855380902),
 .UNSPECIFIED.);
#260=B_SPLINE_CURVE_WITH_KNOTS('',3,(#6085,#6086,#6087,#6088,#6089),
 .UNSPECIFIED.,.F.,.F.,(4,1,4),(0.,0.0112632285808965,0.0232857403737038),
 .UNSPECIFIED.);
#261=B_SPLINE_CURVE_WITH_KNOTS('',3,(#6091,#6092,#6093,#6094,#6095),
 .UNSPECIFIED.,.F.,.F.,(4,1,4),(0.,0.0106491513620445,0.0216629167585687),
 .UNSPECIFIED.);
#262=B_SPLINE_CURVE_WITH_KNOTS('',3,(#6097,#6098,#6099,#6100,#6101),
 .UNSPECIFIED.,.F.,.F.,(4,1,4),(0.,0.0143609941660044,0.0262801316934533),
 .UNSPECIFIED.);
#263=B_SPLINE_CURVE_WITH_KNOTS('',3,(#6251,#6252,#6253,#6254,#6255),
 .UNSPECIFIED.,.F.,.F.,(4,1,4),(0.,0.0137074369633876,0.031000958842676),
 .UNSPECIFIED.);
#264=B_SPLINE_CURVE_WITH_KNOTS('',3,(#6268,#6269,#6270,#6271,#6272),
 .UNSPECIFIED.,.F.,.F.,(4,1,4),(0.,0.0114239844666384,0.0229719752236155),
 .UNSPECIFIED.);
#265=B_SPLINE_CURVE_WITH_KNOTS('',3,(#6285,#6286,#6287,#6288,#6289),
 .UNSPECIFIED.,.F.,.F.,(4,1,4),(0.,0.0291168420413649,0.0508911157785292),
 .UNSPECIFIED.);
#266=B_SPLINE_CURVE_WITH_KNOTS('',3,(#6302,#6303,#6304,#6305,#6306),
 .UNSPECIFIED.,.F.,.F.,(4,1,4),(0.,0.014119085988565,0.0308542855380902),
 .UNSPECIFIED.);
#267=B_SPLINE_CURVE_WITH_KNOTS('',3,(#6319,#6320,#6321,#6322,#6323),
 .UNSPECIFIED.,.F.,.F.,(4,1,4),(0.,0.0112632285808965,0.0232857403737038),
 .UNSPECIFIED.);
#268=B_SPLINE_CURVE_WITH_KNOTS('',3,(#6336,#6337,#6338,#6339,#6340),
 .UNSPECIFIED.,.F.,.F.,(4,1,4),(0.,0.0106491513620445,0.0216629167585687),
 .UNSPECIFIED.);
#269=B_SPLINE_CURVE_WITH_KNOTS('',3,(#6353,#6354,#6355,#6356,#6357),
 .UNSPECIFIED.,.F.,.F.,(4,1,4),(0.,0.0143609941660044,0.0262801316934533),
 .UNSPECIFIED.);
#270=B_SPLINE_CURVE_WITH_KNOTS('',3,(#6364,#6365,#6366,#6367,#6368),
 .UNSPECIFIED.,.F.,.F.,(4,1,4),(0.,0.0398347886718622,0.0713614976502383),
 .UNSPECIFIED.);
#271=B_SPLINE_CURVE_WITH_KNOTS('',3,(#6374,#6375,#6376,#6377,#6378),
 .UNSPECIFIED.,.F.,.F.,(4,1,4),(0.,0.0307245963646073,0.113298312475055),
 .UNSPECIFIED.);
#272=B_SPLINE_CURVE_WITH_KNOTS('',3,(#6380,#6381,#6382,#6383,#6384),
 .UNSPECIFIED.,.F.,.F.,(4,1,4),(0.,0.00410232734888046,0.00867125526597819),
 .UNSPECIFIED.);
#273=B_SPLINE_CURVE_WITH_KNOTS('',3,(#6388,#6389,#6390,#6391,#6392),
 .UNSPECIFIED.,.F.,.F.,(4,1,4),(0.,0.020709018243522,0.0331553054299086),
 .UNSPECIFIED.);
#274=B_SPLINE_CURVE_WITH_KNOTS('',3,(#6402,#6403,#6404,#6405,#6406),
 .UNSPECIFIED.,.F.,.F.,(4,1,4),(0.,0.0177390130435637,0.0337659651818239),
 .UNSPECIFIED.);
#275=B_SPLINE_CURVE_WITH_KNOTS('',3,(#6408,#6409,#6410,#6411,#6412),
 .UNSPECIFIED.,.F.,.F.,(4,1,4),(0.,0.00864684838569701,0.0165881346821014),
 .UNSPECIFIED.);
#276=B_SPLINE_CURVE_WITH_KNOTS('',3,(#6414,#6415,#6416,#6417,#6418),
 .UNSPECIFIED.,.F.,.F.,(4,1,4),(0.,0.00629026290630975,0.0143963744549179),
 .UNSPECIFIED.);
#277=B_SPLINE_CURVE_WITH_KNOTS('',3,(#6422,#6423,#6424,#6425,#6426),
 .UNSPECIFIED.,.F.,.F.,(4,1,4),(0.,0.0115948802976329,0.0221212733467151),
 .UNSPECIFIED.);
#278=B_SPLINE_CURVE_WITH_KNOTS('',3,(#6428,#6429,#6430,#6431,#6432),
 .UNSPECIFIED.,.F.,.F.,(4,1,4),(0.,0.0108621594603155,0.0225799007358904),
 .UNSPECIFIED.);
#279=B_SPLINE_CURVE_WITH_KNOTS('',3,(#6433,#6434,#6435,#6436,#6437),
 .UNSPECIFIED.,.F.,.F.,(4,1,4),(0.,0.0279465834413606,0.0575691738949202),
 .UNSPECIFIED.);
#280=B_SPLINE_CURVE_WITH_KNOTS('',3,(#6569,#6570,#6571,#6572,#6573),
 .UNSPECIFIED.,.F.,.F.,(4,1,4),(0.,0.0169161061592485,0.0378658684765274),
 .UNSPECIFIED.);
#281=B_SPLINE_CURVE_WITH_KNOTS('',3,(#6575,#6576,#6577,#6578,#6579),
 .UNSPECIFIED.,.F.,.F.,(4,1,4),(0.,0.015884752714958,0.0310672295833089),
 .UNSPECIFIED.);
#282=B_SPLINE_CURVE_WITH_KNOTS('',3,(#6583,#6584,#6585,#6586,#6587),
 .UNSPECIFIED.,.F.,.F.,(4,1,4),(0.,0.023538187350443,0.0507526994920866),
 .UNSPECIFIED.);
#283=B_SPLINE_CURVE_WITH_KNOTS('',3,(#6589,#6590,#6591,#6592,#6593),
 .UNSPECIFIED.,.F.,.F.,(4,1,4),(0.,0.0239875676451447,0.0463584836323456),
 .UNSPECIFIED.);
#284=B_SPLINE_CURVE_WITH_KNOTS('',3,(#6595,#6596,#6597,#6598,#6599),
 .UNSPECIFIED.,.F.,.F.,(4,1,4),(0.,0.0285098542605177,0.0592052326179795),
 .UNSPECIFIED.);
#285=B_SPLINE_CURVE_WITH_KNOTS('',3,(#6601,#6602,#6603,#6604,#6605),
 .UNSPECIFIED.,.F.,.F.,(4,1,4),(0.,0.0458126534414178,0.0801977278869188),
 .UNSPECIFIED.);
#286=B_SPLINE_CURVE_WITH_KNOTS('',3,(#6617,#6618,#6619,#6620,#6621),
 .UNSPECIFIED.,.F.,.F.,(4,1,4),(0.,0.0112797048215068,0.0212809984996349),
 .UNSPECIFIED.);
#287=B_SPLINE_CURVE_WITH_KNOTS('',3,(#6623,#6624,#6625,#6626,#6627),
 .UNSPECIFIED.,.F.,.F.,(4,1,4),(0.,0.0154666725961437,0.0287745178443395),
 .UNSPECIFIED.);
#288=B_SPLINE_CURVE_WITH_KNOTS('',3,(#6633,#6634,#6635,#6636,#6637),
 .UNSPECIFIED.,.F.,.F.,(4,1,4),(0.,0.0138511262542454,0.0263413025641972),
 .UNSPECIFIED.);
#289=B_SPLINE_CURVE_WITH_KNOTS('',3,(#6645,#6646,#6647,#6648,#6649),
 .UNSPECIFIED.,.F.,.F.,(4,1,4),(0.,0.0112774938879119,0.0256034307010867),
 .UNSPECIFIED.);
#290=B_SPLINE_CURVE_WITH_KNOTS('',3,(#6651,#6652,#6653,#6654,#6655),
 .UNSPECIFIED.,.F.,.F.,(4,1,4),(0.,0.0114071275999551,0.0217787462324774),
 .UNSPECIFIED.);
#291=B_SPLINE_CURVE_WITH_KNOTS('',3,(#6656,#6657,#6658,#6659,#6660),
 .UNSPECIFIED.,.F.,.F.,(4,1,4),(0.,0.0118659936138451,0.0239011320827797),
 .UNSPECIFIED.);
#292=B_SPLINE_CURVE_WITH_KNOTS('',3,(#6780,#6781,#6782,#6783,#6784),
 .UNSPECIFIED.,.F.,.F.,(4,1,4),(0.,0.0138511262542454,0.0263413025641972),
 .UNSPECIFIED.);
#293=B_SPLINE_CURVE_WITH_KNOTS('',3,(#6809,#6810,#6811,#6812,#6813),
 .UNSPECIFIED.,.F.,.F.,(4,1,4),(0.,0.0112774938879119,0.0256034307010867),
 .UNSPECIFIED.);
#294=B_SPLINE_CURVE_WITH_KNOTS('',3,(#6826,#6827,#6828,#6829,#6830),
 .UNSPECIFIED.,.F.,.F.,(4,1,4),(0.,0.0114071275999551,0.0217787462324774),
 .UNSPECIFIED.);
#295=B_SPLINE_CURVE_WITH_KNOTS('',3,(#6842,#6843,#6844,#6845,#6846),
 .UNSPECIFIED.,.F.,.F.,(4,1,4),(0.,0.0118659936138451,0.0239011320827797),
 .UNSPECIFIED.);
#296=B_SPLINE_CURVE_WITH_KNOTS('',3,(#6852,#6853,#6854,#6855,#6856),
 .UNSPECIFIED.,.F.,.F.,(4,1,4),(0.,0.0250272473975869,0.0557224346850396),
 .UNSPECIFIED.);
#297=B_SPLINE_CURVE_WITH_KNOTS('',3,(#6858,#6859,#6860,#6861,#6862),
 .UNSPECIFIED.,.F.,.F.,(4,1,4),(0.,0.0252181789107994,0.0480650744774237),
 .UNSPECIFIED.);
#298=B_SPLINE_CURVE_WITH_KNOTS('',3,(#6864,#6865,#6866,#6867,#6868),
 .UNSPECIFIED.,.F.,.F.,(4,1,4),(0.,0.017642730747555,0.0360601197588564),
 .UNSPECIFIED.);
#299=B_SPLINE_CURVE_WITH_KNOTS('',3,(#6870,#6871,#6872,#6873,#6874),
 .UNSPECIFIED.,.F.,.F.,(4,1,4),(0.,0.0172268024851756,0.0344316223287185),
 .UNSPECIFIED.);
#300=B_SPLINE_CURVE_WITH_KNOTS('',3,(#6876,#6877,#6878,#6879,#6880),
 .UNSPECIFIED.,.F.,.F.,(4,1,4),(0.,0.015352990078103,0.0324614698634067),
 .UNSPECIFIED.);
#301=B_SPLINE_CURVE_WITH_KNOTS('',3,(#6882,#6883,#6884,#6885,#6886),
 .UNSPECIFIED.,.F.,.F.,(4,1,4),(0.,0.0175991619774189,0.0331434020819468),
 .UNSPECIFIED.);
#302=B_SPLINE_CURVE_WITH_KNOTS('',3,(#6888,#6889,#6890,#6891,#6892),
 .UNSPECIFIED.,.F.,.F.,(4,1,4),(0.,0.0125134565091707,0.0255134069129829),
 .UNSPECIFIED.);
#303=B_SPLINE_CURVE_WITH_KNOTS('',3,(#6894,#6895,#6896,#6897,#6898),
 .UNSPECIFIED.,.F.,.F.,(4,1,4),(0.,0.0120053308367088,0.0242462127724053),
 .UNSPECIFIED.);
#304=B_SPLINE_CURVE_WITH_KNOTS('',3,(#6900,#6901,#6902,#6903,#6904),
 .UNSPECIFIED.,.F.,.F.,(4,1,4),(0.,0.00930731784836898,0.0203415542418977),
 .UNSPECIFIED.);
#305=B_SPLINE_CURVE_WITH_KNOTS('',3,(#6918,#6919,#6920,#6921,#6922),
 .UNSPECIFIED.,.F.,.F.,(4,1,4),(0.,0.0105742902210194,0.0237501388096714),
 .UNSPECIFIED.);
#306=B_SPLINE_CURVE_WITH_KNOTS('',3,(#6924,#6925,#6926,#6927,#6928),
 .UNSPECIFIED.,.F.,.F.,(4,1,4),(0.,0.010133172547243,0.0194329263083196),
 .UNSPECIFIED.);
#307=B_SPLINE_CURVE_WITH_KNOTS('',3,(#6930,#6931,#6932,#6933,#6934),
 .UNSPECIFIED.,.F.,.F.,(4,1,4),(0.,0.0210513138607057,0.0366256306937445),
 .UNSPECIFIED.);
#308=B_SPLINE_CURVE_WITH_KNOTS('',3,(#6942,#6943,#6944,#6945,#6946),
 .UNSPECIFIED.,.F.,.F.,(4,1,4),(0.,0.0102174271512248,0.0225704610211107),
 .UNSPECIFIED.);
#309=B_SPLINE_CURVE_WITH_KNOTS('',3,(#6948,#6949,#6950,#6951,#6952),
 .UNSPECIFIED.,.F.,.F.,(4,1,4),(0.,0.00935600771740466,0.0183713903716414),
 .UNSPECIFIED.);
#310=B_SPLINE_CURVE_WITH_KNOTS('',3,(#6954,#6955,#6956,#6957,#6958),
 .UNSPECIFIED.,.F.,.F.,(4,1,4),(0.,0.0077294784939312,0.0168690589126209),
 .UNSPECIFIED.);
#311=B_SPLINE_CURVE_WITH_KNOTS('',3,(#6960,#6961,#6962,#6963,#6964),
 .UNSPECIFIED.,.F.,.F.,(4,1,4),(0.,0.0113255972445731,0.0200416363679315),
 .UNSPECIFIED.);
#312=FACE_BOUND('',#536,.T.);
#313=FACE_BOUND('',#537,.T.);
#314=FACE_BOUND('',#538,.T.);
#315=FACE_BOUND('',#539,.T.);
#316=FACE_BOUND('',#540,.T.);
#317=FACE_BOUND('',#541,.T.);
#318=FACE_BOUND('',#542,.T.);
#319=FACE_BOUND('',#543,.T.);
#320=FACE_BOUND('',#544,.T.);
#321=FACE_BOUND('',#545,.T.);
#322=FACE_BOUND('',#546,.T.);
#323=FACE_BOUND('',#549,.T.);
#324=FACE_BOUND('',#553,.T.);
#325=FACE_BOUND('',#555,.T.);
#326=FACE_BOUND('',#585,.T.);
#327=FACE_BOUND('',#606,.T.);
#328=FACE_BOUND('',#632,.T.);
#329=FACE_BOUND('',#679,.T.);
#330=FACE_BOUND('',#745,.T.);
#331=FACE_BOUND('',#750,.T.);
#332=FACE_BOUND('',#751,.T.);
#333=FACE_BOUND('',#752,.T.);
#334=FACE_OUTER_BOUND('',#535,.T.);
#335=FACE_OUTER_BOUND('',#547,.T.);
#336=FACE_OUTER_BOUND('',#548,.T.);
#337=FACE_OUTER_BOUND('',#550,.T.);
#338=FACE_OUTER_BOUND('',#551,.T.);
#339=FACE_OUTER_BOUND('',#552,.T.);
#340=FACE_OUTER_BOUND('',#554,.T.);
#341=FACE_OUTER_BOUND('',#556,.T.);
#342=FACE_OUTER_BOUND('',#557,.T.);
#343=FACE_OUTER_BOUND('',#558,.T.);
#344=FACE_OUTER_BOUND('',#559,.T.);
#345=FACE_OUTER_BOUND('',#560,.T.);
#346=FACE_OUTER_BOUND('',#561,.T.);
#347=FACE_OUTER_BOUND('',#562,.T.);
#348=FACE_OUTER_BOUND('',#563,.T.);
#349=FACE_OUTER_BOUND('',#564,.T.);
#350=FACE_OUTER_BOUND('',#565,.T.);
#351=FACE_OUTER_BOUND('',#566,.T.);
#352=FACE_OUTER_BOUND('',#567,.T.);
#353=FACE_OUTER_BOUND('',#568,.T.);
#354=FACE_OUTER_BOUND('',#569,.T.);
#355=FACE_OUTER_BOUND('',#570,.T.);
#356=FACE_OUTER_BOUND('',#571,.T.);
#357=FACE_OUTER_BOUND('',#572,.T.);
#358=FACE_OUTER_BOUND('',#573,.T.);
#359=FACE_OUTER_BOUND('',#574,.T.);
#360=FACE_OUTER_BOUND('',#575,.T.);
#361=FACE_OUTER_BOUND('',#576,.T.);
#362=FACE_OUTER_BOUND('',#577,.T.);
#363=FACE_OUTER_BOUND('',#578,.T.);
#364=FACE_OUTER_BOUND('',#579,.T.);
#365=FACE_OUTER_BOUND('',#580,.T.);
#366=FACE_OUTER_BOUND('',#581,.T.);
#367=FACE_OUTER_BOUND('',#582,.T.);
#368=FACE_OUTER_BOUND('',#583,.T.);
#369=FACE_OUTER_BOUND('',#584,.T.);
#370=FACE_OUTER_BOUND('',#586,.T.);
#371=FACE_OUTER_BOUND('',#587,.T.);
#372=FACE_OUTER_BOUND('',#588,.T.);
#373=FACE_OUTER_BOUND('',#589,.T.);
#374=FACE_OUTER_BOUND('',#590,.T.);
#375=FACE_OUTER_BOUND('',#591,.T.);
#376=FACE_OUTER_BOUND('',#592,.T.);
#377=FACE_OUTER_BOUND('',#593,.T.);
#378=FACE_OUTER_BOUND('',#594,.T.);
#379=FACE_OUTER_BOUND('',#595,.T.);
#380=FACE_OUTER_BOUND('',#596,.T.);
#381=FACE_OUTER_BOUND('',#597,.T.);
#382=FACE_OUTER_BOUND('',#598,.T.);
#383=FACE_OUTER_BOUND('',#599,.T.);
#384=FACE_OUTER_BOUND('',#600,.T.);
#385=FACE_OUTER_BOUND('',#601,.T.);
#386=FACE_OUTER_BOUND('',#602,.T.);
#387=FACE_OUTER_BOUND('',#603,.T.);
#388=FACE_OUTER_BOUND('',#604,.T.);
#389=FACE_OUTER_BOUND('',#605,.T.);
#390=FACE_OUTER_BOUND('',#607,.T.);
#391=FACE_OUTER_BOUND('',#608,.T.);
#392=FACE_OUTER_BOUND('',#609,.T.);
#393=FACE_OUTER_BOUND('',#610,.T.);
#394=FACE_OUTER_BOUND('',#611,.T.);
#395=FACE_OUTER_BOUND('',#612,.T.);
#396=FACE_OUTER_BOUND('',#613,.T.);
#397=FACE_OUTER_BOUND('',#614,.T.);
#398=FACE_OUTER_BOUND('',#615,.T.);
#399=FACE_OUTER_BOUND('',#616,.T.);
#400=FACE_OUTER_BOUND('',#617,.T.);
#401=FACE_OUTER_BOUND('',#618,.T.);
#402=FACE_OUTER_BOUND('',#619,.T.);
#403=FACE_OUTER_BOUND('',#620,.T.);
#404=FACE_OUTER_BOUND('',#621,.T.);
#405=FACE_OUTER_BOUND('',#622,.T.);
#406=FACE_OUTER_BOUND('',#623,.T.);
#407=FACE_OUTER_BOUND('',#624,.T.);
#408=FACE_OUTER_BOUND('',#625,.T.);
#409=FACE_OUTER_BOUND('',#626,.T.);
#410=FACE_OUTER_BOUND('',#627,.T.);
#411=FACE_OUTER_BOUND('',#628,.T.);
#412=FACE_OUTER_BOUND('',#629,.T.);
#413=FACE_OUTER_BOUND('',#630,.T.);
#414=FACE_OUTER_BOUND('',#631,.T.);
#415=FACE_OUTER_BOUND('',#633,.T.);
#416=FACE_OUTER_BOUND('',#634,.T.);
#417=FACE_OUTER_BOUND('',#635,.T.);
#418=FACE_OUTER_BOUND('',#636,.T.);
#419=FACE_OUTER_BOUND('',#637,.T.);
#420=FACE_OUTER_BOUND('',#638,.T.);
#421=FACE_OUTER_BOUND('',#639,.T.);
#422=FACE_OUTER_BOUND('',#640,.T.);
#423=FACE_OUTER_BOUND('',#641,.T.);
#424=FACE_OUTER_BOUND('',#642,.T.);
#425=FACE_OUTER_BOUND('',#643,.T.);
#426=FACE_OUTER_BOUND('',#644,.T.);
#427=FACE_OUTER_BOUND('',#645,.T.);
#428=FACE_OUTER_BOUND('',#646,.T.);
#429=FACE_OUTER_BOUND('',#647,.T.);
#430=FACE_OUTER_BOUND('',#648,.T.);
#431=FACE_OUTER_BOUND('',#649,.T.);
#432=FACE_OUTER_BOUND('',#650,.T.);
#433=FACE_OUTER_BOUND('',#651,.T.);
#434=FACE_OUTER_BOUND('',#652,.T.);
#435=FACE_OUTER_BOUND('',#653,.T.);
#436=FACE_OUTER_BOUND('',#654,.T.);
#437=FACE_OUTER_BOUND('',#655,.T.);
#438=FACE_OUTER_BOUND('',#656,.T.);
#439=FACE_OUTER_BOUND('',#657,.T.);
#440=FACE_OUTER_BOUND('',#658,.T.);
#441=FACE_OUTER_BOUND('',#659,.T.);
#442=FACE_OUTER_BOUND('',#660,.T.);
#443=FACE_OUTER_BOUND('',#661,.T.);
#444=FACE_OUTER_BOUND('',#662,.T.);
#445=FACE_OUTER_BOUND('',#663,.T.);
#446=FACE_OUTER_BOUND('',#664,.T.);
#447=FACE_OUTER_BOUND('',#665,.T.);
#448=FACE_OUTER_BOUND('',#666,.T.);
#449=FACE_OUTER_BOUND('',#667,.T.);
#450=FACE_OUTER_BOUND('',#668,.T.);
#451=FACE_OUTER_BOUND('',#669,.T.);
#452=FACE_OUTER_BOUND('',#670,.T.);
#453=FACE_OUTER_BOUND('',#671,.T.);
#454=FACE_OUTER_BOUND('',#672,.T.);
#455=FACE_OUTER_BOUND('',#673,.T.);
#456=FACE_OUTER_BOUND('',#674,.T.);
#457=FACE_OUTER_BOUND('',#675,.T.);
#458=FACE_OUTER_BOUND('',#676,.T.);
#459=FACE_OUTER_BOUND('',#677,.T.);
#460=FACE_OUTER_BOUND('',#678,.T.);
#461=FACE_OUTER_BOUND('',#680,.T.);
#462=FACE_OUTER_BOUND('',#681,.T.);
#463=FACE_OUTER_BOUND('',#682,.T.);
#464=FACE_OUTER_BOUND('',#683,.T.);
#465=FACE_OUTER_BOUND('',#684,.T.);
#466=FACE_OUTER_BOUND('',#685,.T.);
#467=FACE_OUTER_BOUND('',#686,.T.);
#468=FACE_OUTER_BOUND('',#687,.T.);
#469=FACE_OUTER_BOUND('',#688,.T.);
#470=FACE_OUTER_BOUND('',#689,.T.);
#471=FACE_OUTER_BOUND('',#690,.T.);
#472=FACE_OUTER_BOUND('',#691,.T.);
#473=FACE_OUTER_BOUND('',#692,.T.);
#474=FACE_OUTER_BOUND('',#693,.T.);
#475=FACE_OUTER_BOUND('',#694,.T.);
#476=FACE_OUTER_BOUND('',#695,.T.);
#477=FACE_OUTER_BOUND('',#696,.T.);
#478=FACE_OUTER_BOUND('',#697,.T.);
#479=FACE_OUTER_BOUND('',#698,.T.);
#480=FACE_OUTER_BOUND('',#699,.T.);
#481=FACE_OUTER_BOUND('',#700,.T.);
#482=FACE_OUTER_BOUND('',#701,.T.);
#483=FACE_OUTER_BOUND('',#702,.T.);
#484=FACE_OUTER_BOUND('',#703,.T.);
#485=FACE_OUTER_BOUND('',#704,.T.);
#486=FACE_OUTER_BOUND('',#705,.T.);
#487=FACE_OUTER_BOUND('',#706,.T.);
#488=FACE_OUTER_BOUND('',#707,.T.);
#489=FACE_OUTER_BOUND('',#708,.T.);
#490=FACE_OUTER_BOUND('',#709,.T.);
#491=FACE_OUTER_BOUND('',#710,.T.);
#492=FACE_OUTER_BOUND('',#711,.T.);
#493=FACE_OUTER_BOUND('',#712,.T.);
#494=FACE_OUTER_BOUND('',#713,.T.);
#495=FACE_OUTER_BOUND('',#714,.T.);
#496=FACE_OUTER_BOUND('',#715,.T.);
#497=FACE_OUTER_BOUND('',#716,.T.);
#498=FACE_OUTER_BOUND('',#717,.T.);
#499=FACE_OUTER_BOUND('',#718,.T.);
#500=FACE_OUTER_BOUND('',#719,.T.);
#501=FACE_OUTER_BOUND('',#720,.T.);
#502=FACE_OUTER_BOUND('',#721,.T.);
#503=FACE_OUTER_BOUND('',#722,.T.);
#504=FACE_OUTER_BOUND('',#723,.T.);
#505=FACE_OUTER_BOUND('',#724,.T.);
#506=FACE_OUTER_BOUND('',#725,.T.);
#507=FACE_OUTER_BOUND('',#726,.T.);
#508=FACE_OUTER_BOUND('',#727,.T.);
#509=FACE_OUTER_BOUND('',#728,.T.);
#510=FACE_OUTER_BOUND('',#729,.T.);
#511=FACE_OUTER_BOUND('',#730,.T.);
#512=FACE_OUTER_BOUND('',#731,.T.);
#513=FACE_OUTER_BOUND('',#732,.T.);
#514=FACE_OUTER_BOUND('',#733,.T.);
#515=FACE_OUTER_BOUND('',#734,.T.);
#516=FACE_OUTER_BOUND('',#735,.T.);
#517=FACE_OUTER_BOUND('',#736,.T.);
#518=FACE_OUTER_BOUND('',#737,.T.);
#519=FACE_OUTER_BOUND('',#738,.T.);
#520=FACE_OUTER_BOUND('',#739,.T.);
#521=FACE_OUTER_BOUND('',#740,.T.);
#522=FACE_OUTER_BOUND('',#741,.T.);
#523=FACE_OUTER_BOUND('',#742,.T.);
#524=FACE_OUTER_BOUND('',#743,.T.);
#525=FACE_OUTER_BOUND('',#744,.T.);
#526=FACE_OUTER_BOUND('',#746,.T.);
#527=FACE_OUTER_BOUND('',#747,.T.);
#528=FACE_OUTER_BOUND('',#748,.T.);
#529=FACE_OUTER_BOUND('',#749,.T.);
#530=FACE_OUTER_BOUND('',#753,.T.);
#531=FACE_OUTER_BOUND('',#754,.T.);
#532=FACE_OUTER_BOUND('',#755,.T.);
#533=FACE_OUTER_BOUND('',#756,.T.);
#534=FACE_OUTER_BOUND('',#757,.T.);
#535=EDGE_LOOP('',(#2369,#2370,#2371,#2372,#2373,#2374,#2375,#2376));
#536=EDGE_LOOP('',(#2377));
#537=EDGE_LOOP('',(#2378));
#538=EDGE_LOOP('',(#2379));
#539=EDGE_LOOP('',(#2380,#2381,#2382,#2383,#2384,#2385,#2386,#2387,#2388,
#2389,#2390,#2391,#2392,#2393,#2394,#2395,#2396,#2397,#2398,#2399,#2400,
#2401,#2402,#2403,#2404,#2405,#2406,#2407));
#540=EDGE_LOOP('',(#2408,#2409,#2410,#2411,#2412,#2413,#2414,#2415,#2416,
#2417,#2418,#2419,#2420,#2421,#2422,#2423,#2424));
#541=EDGE_LOOP('',(#2425,#2426,#2427,#2428,#2429,#2430,#2431,#2432,#2433,
#2434,#2435,#2436,#2437,#2438,#2439,#2440,#2441,#2442));
#542=EDGE_LOOP('',(#2443,#2444,#2445,#2446,#2447,#2448,#2449,#2450,#2451,
#2452,#2453,#2454,#2455,#2456,#2457,#2458,#2459,#2460));
#543=EDGE_LOOP('',(#2461,#2462,#2463,#2464,#2465,#2466,#2467,#2468,#2469,
#2470,#2471,#2472,#2473,#2474,#2475,#2476,#2477));
#544=EDGE_LOOP('',(#2478,#2479,#2480,#2481,#2482,#2483,#2484,#2485,#2486,
#2487,#2488,#2489,#2490,#2491,#2492));
#545=EDGE_LOOP('',(#2493,#2494,#2495,#2496,#2497,#2498,#2499,#2500,#2501,
#2502,#2503,#2504,#2505));
#546=EDGE_LOOP('',(#2506,#2507,#2508,#2509,#2510,#2511,#2512,#2513));
#547=EDGE_LOOP('',(#2514,#2515,#2516,#2517));
#548=EDGE_LOOP('',(#2518));
#549=EDGE_LOOP('',(#2519));
#550=EDGE_LOOP('',(#2520,#2521,#2522,#2523));
#551=EDGE_LOOP('',(#2524,#2525,#2526,#2527));
#552=EDGE_LOOP('',(#2528));
#553=EDGE_LOOP('',(#2529));
#554=EDGE_LOOP('',(#2530,#2531,#2532,#2533,#2534,#2535,#2536,#2537));
#555=EDGE_LOOP('',(#2538,#2539,#2540,#2541,#2542,#2543));
#556=EDGE_LOOP('',(#2544,#2545,#2546,#2547));
#557=EDGE_LOOP('',(#2548,#2549,#2550,#2551));
#558=EDGE_LOOP('',(#2552,#2553,#2554,#2555));
#559=EDGE_LOOP('',(#2556,#2557,#2558,#2559));
#560=EDGE_LOOP('',(#2560,#2561,#2562,#2563));
#561=EDGE_LOOP('',(#2564,#2565,#2566,#2567));
#562=EDGE_LOOP('',(#2568,#2569,#2570,#2571));
#563=EDGE_LOOP('',(#2572,#2573,#2574,#2575));
#564=EDGE_LOOP('',(#2576,#2577,#2578,#2579));
#565=EDGE_LOOP('',(#2580,#2581,#2582,#2583));
#566=EDGE_LOOP('',(#2584,#2585,#2586,#2587));
#567=EDGE_LOOP('',(#2588,#2589,#2590,#2591));
#568=EDGE_LOOP('',(#2592,#2593,#2594,#2595));
#569=EDGE_LOOP('',(#2596,#2597,#2598,#2599));
#570=EDGE_LOOP('',(#2600,#2601,#2602,#2603,#2604,#2605,#2606,#2607,#2608,
#2609,#2610,#2611,#2612));
#571=EDGE_LOOP('',(#2613,#2614,#2615,#2616));
#572=EDGE_LOOP('',(#2617,#2618,#2619,#2620));
#573=EDGE_LOOP('',(#2621,#2622,#2623,#2624));
#574=EDGE_LOOP('',(#2625,#2626,#2627,#2628));
#575=EDGE_LOOP('',(#2629,#2630,#2631,#2632));
#576=EDGE_LOOP('',(#2633,#2634,#2635,#2636));
#577=EDGE_LOOP('',(#2637,#2638,#2639,#2640));
#578=EDGE_LOOP('',(#2641,#2642,#2643,#2644));
#579=EDGE_LOOP('',(#2645,#2646,#2647,#2648));
#580=EDGE_LOOP('',(#2649,#2650,#2651,#2652));
#581=EDGE_LOOP('',(#2653,#2654,#2655,#2656));
#582=EDGE_LOOP('',(#2657,#2658,#2659,#2660));
#583=EDGE_LOOP('',(#2661,#2662,#2663,#2664));
#584=EDGE_LOOP('',(#2665,#2666,#2667,#2668,#2669,#2670,#2671,#2672,#2673,
#2674,#2675,#2676,#2677,#2678,#2679));
#585=EDGE_LOOP('',(#2680,#2681,#2682,#2683));
#586=EDGE_LOOP('',(#2684,#2685,#2686,#2687));
#587=EDGE_LOOP('',(#2688,#2689,#2690,#2691));
#588=EDGE_LOOP('',(#2692,#2693,#2694,#2695));
#589=EDGE_LOOP('',(#2696,#2697,#2698,#2699));
#590=EDGE_LOOP('',(#2700,#2701,#2702,#2703));
#591=EDGE_LOOP('',(#2704,#2705,#2706,#2707));
#592=EDGE_LOOP('',(#2708,#2709,#2710,#2711));
#593=EDGE_LOOP('',(#2712,#2713,#2714,#2715));
#594=EDGE_LOOP('',(#2716,#2717,#2718,#2719));
#595=EDGE_LOOP('',(#2720,#2721,#2722,#2723));
#596=EDGE_LOOP('',(#2724,#2725,#2726,#2727));
#597=EDGE_LOOP('',(#2728,#2729,#2730,#2731));
#598=EDGE_LOOP('',(#2732,#2733,#2734,#2735));
#599=EDGE_LOOP('',(#2736,#2737,#2738,#2739));
#600=EDGE_LOOP('',(#2740,#2741,#2742,#2743));
#601=EDGE_LOOP('',(#2744,#2745,#2746,#2747));
#602=EDGE_LOOP('',(#2748,#2749,#2750,#2751));
#603=EDGE_LOOP('',(#2752,#2753,#2754,#2755));
#604=EDGE_LOOP('',(#2756,#2757,#2758,#2759));
#605=EDGE_LOOP('',(#2760,#2761,#2762,#2763,#2764,#2765,#2766,#2767,#2768,
#2769,#2770,#2771,#2772,#2773,#2774,#2775,#2776));
#606=EDGE_LOOP('',(#2777,#2778,#2779,#2780,#2781,#2782,#2783));
#607=EDGE_LOOP('',(#2784,#2785,#2786,#2787));
#608=EDGE_LOOP('',(#2788,#2789,#2790,#2791));
#609=EDGE_LOOP('',(#2792,#2793,#2794,#2795));
#610=EDGE_LOOP('',(#2796,#2797,#2798,#2799));
#611=EDGE_LOOP('',(#2800,#2801,#2802,#2803));
#612=EDGE_LOOP('',(#2804,#2805,#2806,#2807));
#613=EDGE_LOOP('',(#2808,#2809,#2810,#2811));
#614=EDGE_LOOP('',(#2812,#2813,#2814,#2815));
#615=EDGE_LOOP('',(#2816,#2817,#2818,#2819));
#616=EDGE_LOOP('',(#2820,#2821,#2822,#2823));
#617=EDGE_LOOP('',(#2824,#2825,#2826,#2827));
#618=EDGE_LOOP('',(#2828,#2829,#2830,#2831));
#619=EDGE_LOOP('',(#2832,#2833,#2834,#2835));
#620=EDGE_LOOP('',(#2836,#2837,#2838,#2839));
#621=EDGE_LOOP('',(#2840,#2841,#2842,#2843));
#622=EDGE_LOOP('',(#2844,#2845,#2846,#2847));
#623=EDGE_LOOP('',(#2848,#2849,#2850,#2851));
#624=EDGE_LOOP('',(#2852,#2853,#2854,#2855));
#625=EDGE_LOOP('',(#2856,#2857,#2858,#2859));
#626=EDGE_LOOP('',(#2860,#2861,#2862,#2863));
#627=EDGE_LOOP('',(#2864,#2865,#2866,#2867));
#628=EDGE_LOOP('',(#2868,#2869,#2870,#2871));
#629=EDGE_LOOP('',(#2872,#2873,#2874,#2875));
#630=EDGE_LOOP('',(#2876,#2877,#2878,#2879));
#631=EDGE_LOOP('',(#2880,#2881,#2882,#2883,#2884,#2885,#2886,#2887,#2888,
#2889,#2890,#2891,#2892,#2893,#2894,#2895,#2896,#2897));
#632=EDGE_LOOP('',(#2898,#2899,#2900,#2901,#2902,#2903,#2904,#2905));
#633=EDGE_LOOP('',(#2906,#2907,#2908,#2909));
#634=EDGE_LOOP('',(#2910,#2911,#2912,#2913));
#635=EDGE_LOOP('',(#2914,#2915,#2916,#2917));
#636=EDGE_LOOP('',(#2918,#2919,#2920,#2921));
#637=EDGE_LOOP('',(#2922,#2923,#2924,#2925));
#638=EDGE_LOOP('',(#2926,#2927,#2928,#2929));
#639=EDGE_LOOP('',(#2930,#2931,#2932,#2933));
#640=EDGE_LOOP('',(#2934,#2935,#2936,#2937));
#641=EDGE_LOOP('',(#2938,#2939,#2940,#2941));
#642=EDGE_LOOP('',(#2942,#2943,#2944,#2945));
#643=EDGE_LOOP('',(#2946,#2947,#2948,#2949));
#644=EDGE_LOOP('',(#2950,#2951,#2952,#2953));
#645=EDGE_LOOP('',(#2954,#2955,#2956,#2957));
#646=EDGE_LOOP('',(#2958,#2959,#2960,#2961));
#647=EDGE_LOOP('',(#2962,#2963,#2964,#2965));
#648=EDGE_LOOP('',(#2966,#2967,#2968,#2969));
#649=EDGE_LOOP('',(#2970,#2971,#2972,#2973));
#650=EDGE_LOOP('',(#2974,#2975,#2976,#2977));
#651=EDGE_LOOP('',(#2978,#2979,#2980,#2981));
#652=EDGE_LOOP('',(#2982,#2983,#2984,#2985));
#653=EDGE_LOOP('',(#2986,#2987,#2988,#2989));
#654=EDGE_LOOP('',(#2990,#2991,#2992,#2993));
#655=EDGE_LOOP('',(#2994,#2995,#2996,#2997));
#656=EDGE_LOOP('',(#2998,#2999,#3000,#3001));
#657=EDGE_LOOP('',(#3002,#3003,#3004,#3005));
#658=EDGE_LOOP('',(#3006,#3007,#3008,#3009));
#659=EDGE_LOOP('',(#3010,#3011,#3012,#3013,#3014,#3015,#3016,#3017,#3018,
#3019,#3020,#3021,#3022,#3023,#3024,#3025,#3026,#3027));
#660=EDGE_LOOP('',(#3028,#3029,#3030,#3031));
#661=EDGE_LOOP('',(#3032,#3033,#3034,#3035));
#662=EDGE_LOOP('',(#3036,#3037,#3038,#3039));
#663=EDGE_LOOP('',(#3040,#3041,#3042,#3043));
#664=EDGE_LOOP('',(#3044,#3045,#3046,#3047));
#665=EDGE_LOOP('',(#3048,#3049,#3050,#3051));
#666=EDGE_LOOP('',(#3052,#3053,#3054,#3055));
#667=EDGE_LOOP('',(#3056,#3057,#3058,#3059));
#668=EDGE_LOOP('',(#3060,#3061,#3062,#3063));
#669=EDGE_LOOP('',(#3064,#3065,#3066,#3067));
#670=EDGE_LOOP('',(#3068,#3069,#3070,#3071));
#671=EDGE_LOOP('',(#3072,#3073,#3074,#3075));
#672=EDGE_LOOP('',(#3076,#3077,#3078,#3079));
#673=EDGE_LOOP('',(#3080,#3081,#3082,#3083));
#674=EDGE_LOOP('',(#3084,#3085,#3086,#3087));
#675=EDGE_LOOP('',(#3088,#3089,#3090,#3091));
#676=EDGE_LOOP('',(#3092,#3093,#3094,#3095));
#677=EDGE_LOOP('',(#3096,#3097,#3098,#3099));
#678=EDGE_LOOP('',(#3100,#3101,#3102,#3103,#3104,#3105,#3106,#3107,#3108,
#3109,#3110,#3111,#3112,#3113,#3114,#3115,#3116));
#679=EDGE_LOOP('',(#3117,#3118,#3119,#3120,#3121,#3122,#3123));
#680=EDGE_LOOP('',(#3124,#3125,#3126,#3127));
#681=EDGE_LOOP('',(#3128,#3129,#3130,#3131));
#682=EDGE_LOOP('',(#3132,#3133,#3134,#3135));
#683=EDGE_LOOP('',(#3136,#3137,#3138,#3139));
#684=EDGE_LOOP('',(#3140,#3141,#3142,#3143));
#685=EDGE_LOOP('',(#3144,#3145,#3146,#3147));
#686=EDGE_LOOP('',(#3148,#3149,#3150,#3151));
#687=EDGE_LOOP('',(#3152,#3153,#3154,#3155));
#688=EDGE_LOOP('',(#3156,#3157,#3158,#3159));
#689=EDGE_LOOP('',(#3160,#3161,#3162,#3163));
#690=EDGE_LOOP('',(#3164,#3165,#3166,#3167));
#691=EDGE_LOOP('',(#3168,#3169,#3170,#3171));
#692=EDGE_LOOP('',(#3172,#3173,#3174,#3175));
#693=EDGE_LOOP('',(#3176,#3177,#3178,#3179));
#694=EDGE_LOOP('',(#3180,#3181,#3182,#3183));
#695=EDGE_LOOP('',(#3184,#3185,#3186,#3187));
#696=EDGE_LOOP('',(#3188,#3189,#3190,#3191));
#697=EDGE_LOOP('',(#3192,#3193,#3194,#3195));
#698=EDGE_LOOP('',(#3196,#3197,#3198,#3199));
#699=EDGE_LOOP('',(#3200,#3201,#3202,#3203));
#700=EDGE_LOOP('',(#3204,#3205,#3206,#3207));
#701=EDGE_LOOP('',(#3208,#3209,#3210,#3211));
#702=EDGE_LOOP('',(#3212,#3213,#3214,#3215));
#703=EDGE_LOOP('',(#3216,#3217,#3218,#3219));
#704=EDGE_LOOP('',(#3220,#3221,#3222,#3223,#3224,#3225,#3226,#3227,#3228,
#3229,#3230,#3231,#3232,#3233,#3234,#3235,#3236,#3237,#3238,#3239,#3240,
#3241,#3242,#3243,#3244,#3245,#3246,#3247));
#705=EDGE_LOOP('',(#3248,#3249,#3250,#3251));
#706=EDGE_LOOP('',(#3252,#3253,#3254,#3255));
#707=EDGE_LOOP('',(#3256,#3257,#3258,#3259));
#708=EDGE_LOOP('',(#3260,#3261,#3262,#3263));
#709=EDGE_LOOP('',(#3264,#3265,#3266,#3267));
#710=EDGE_LOOP('',(#3268,#3269,#3270,#3271));
#711=EDGE_LOOP('',(#3272,#3273,#3274,#3275));
#712=EDGE_LOOP('',(#3276,#3277,#3278,#3279));
#713=EDGE_LOOP('',(#3280,#3281,#3282,#3283));
#714=EDGE_LOOP('',(#3284,#3285,#3286,#3287));
#715=EDGE_LOOP('',(#3288,#3289,#3290,#3291));
#716=EDGE_LOOP('',(#3292,#3293,#3294,#3295));
#717=EDGE_LOOP('',(#3296,#3297,#3298,#3299));
#718=EDGE_LOOP('',(#3300,#3301,#3302,#3303));
#719=EDGE_LOOP('',(#3304,#3305,#3306,#3307));
#720=EDGE_LOOP('',(#3308,#3309,#3310,#3311));
#721=EDGE_LOOP('',(#3312,#3313,#3314,#3315));
#722=EDGE_LOOP('',(#3316,#3317,#3318,#3319));
#723=EDGE_LOOP('',(#3320,#3321,#3322,#3323));
#724=EDGE_LOOP('',(#3324,#3325,#3326,#3327));
#725=EDGE_LOOP('',(#3328,#3329,#3330,#3331));
#726=EDGE_LOOP('',(#3332,#3333,#3334,#3335));
#727=EDGE_LOOP('',(#3336,#3337,#3338,#3339));
#728=EDGE_LOOP('',(#3340,#3341,#3342,#3343));
#729=EDGE_LOOP('',(#3344,#3345,#3346,#3347));
#730=EDGE_LOOP('',(#3348,#3349,#3350,#3351));
#731=EDGE_LOOP('',(#3352,#3353,#3354,#3355));
#732=EDGE_LOOP('',(#3356,#3357,#3358,#3359));
#733=EDGE_LOOP('',(#3360,#3361,#3362,#3363,#3364,#3365,#3366));
#734=EDGE_LOOP('',(#3367,#3368,#3369,#3370,#3371,#3372,#3373,#3374));
#735=EDGE_LOOP('',(#3375,#3376,#3377,#3378,#3379,#3380,#3381));
#736=EDGE_LOOP('',(#3382,#3383,#3384,#3385));
#737=EDGE_LOOP('',(#3386,#3387,#3388,#3389,#3390,#3391));
#738=EDGE_LOOP('',(#3392,#3393,#3394,#3395));
#739=EDGE_LOOP('',(#3396,#3397,#3398,#3399));
#740=EDGE_LOOP('',(#3400,#3401,#3402,#3403));
#741=EDGE_LOOP('',(#3404,#3405,#3406,#3407));
#742=EDGE_LOOP('',(#3408,#3409,#3410,#3411));
#743=EDGE_LOOP('',(#3412,#3413,#3414,#3415));
#744=EDGE_LOOP('',(#3416,#3417,#3418,#3419,#3420,#3421,#3422,#3423));
#745=EDGE_LOOP('',(#3424,#3425,#3426,#3427));
#746=EDGE_LOOP('',(#3428,#3429,#3430,#3431));
#747=EDGE_LOOP('',(#3432,#3433,#3434,#3435));
#748=EDGE_LOOP('',(#3436,#3437,#3438,#3439));
#749=EDGE_LOOP('',(#3440,#3441,#3442,#3443));
#750=EDGE_LOOP('',(#3444));
#751=EDGE_LOOP('',(#3445));
#752=EDGE_LOOP('',(#3446));
#753=EDGE_LOOP('',(#3447,#3448,#3449,#3450));
#754=EDGE_LOOP('',(#3451,#3452,#3453,#3454));
#755=EDGE_LOOP('',(#3455,#3456,#3457,#3458));
#756=EDGE_LOOP('',(#3459,#3460,#3461,#3462));
#757=EDGE_LOOP('',(#3463,#3464,#3465,#3466));
#758=CIRCLE('',#3779,2.);
#759=CIRCLE('',#3780,2.);
#760=CIRCLE('',#3781,2.);
#761=CIRCLE('',#3782,2.);
#762=CIRCLE('',#3783,11.25);
#763=CIRCLE('',#3784,11.25);
#764=CIRCLE('',#3785,2.5);
#765=CIRCLE('',#3787,15.);
#766=CIRCLE('',#3788,15.);
#767=CIRCLE('',#3790,11.25);
#768=CIRCLE('',#3793,15.);
#769=CIRCLE('',#3794,15.);
#770=CIRCLE('',#3796,11.25);
#771=CIRCLE('',#3881,2.5);
#772=CIRCLE('',#3884,2.);
#773=CIRCLE('',#3887,2.);
#774=CIRCLE('',#3890,2.);
#775=CIRCLE('',#3891,2.);
#776=LINE('',#4492,#1115);
#777=LINE('',#4496,#1116);
#778=LINE('',#4500,#1117);
#779=LINE('',#4504,#1118);
#780=LINE('',#4514,#1119);
#781=LINE('',#4516,#1120);
#782=LINE('',#4518,#1121);
#783=LINE('',#4544,#1122);
#784=LINE('',#4546,#1123);
#785=LINE('',#4548,#1124);
#786=LINE('',#4568,#1125);
#787=LINE('',#4570,#1126);
#788=LINE('',#4572,#1127);
#789=LINE('',#4574,#1128);
#790=LINE('',#4576,#1129);
#791=LINE('',#4578,#1130);
#792=LINE('',#4634,#1131);
#793=LINE('',#4636,#1132);
#794=LINE('',#4638,#1133);
#795=LINE('',#4652,#1134);
#796=LINE('',#4654,#1135);
#797=LINE('',#4656,#1136);
#798=LINE('',#4658,#1137);
#799=LINE('',#4660,#1138);
#800=LINE('',#4686,#1139);
#801=LINE('',#4724,#1140);
#802=LINE('',#4744,#1141);
#803=LINE('',#4746,#1142);
#804=LINE('',#4748,#1143);
#805=LINE('',#4750,#1144);
#806=LINE('',#4758,#1145);
#807=LINE('',#4772,#1146);
#808=LINE('',#4773,#1147);
#809=LINE('',#4776,#1148);
#810=LINE('',#4778,#1149);
#811=LINE('',#4780,#1150);
#812=LINE('',#4782,#1151);
#813=LINE('',#4850,#1152);
#814=LINE('',#4852,#1153);
#815=LINE('',#4853,#1154);
#816=LINE('',#4856,#1155);
#817=LINE('',#4858,#1156);
#818=LINE('',#4860,#1157);
#819=LINE('',#4862,#1158);
#820=LINE('',#4888,#1159);
#821=LINE('',#4908,#1160);
#822=LINE('',#4934,#1161);
#823=LINE('',#4936,#1162);
#824=LINE('',#4956,#1163);
#825=LINE('',#5018,#1164);
#826=LINE('',#5038,#1165);
#827=LINE('',#5040,#1166);
#828=LINE('',#5042,#1167);
#829=LINE('',#5044,#1168);
#830=LINE('',#5046,#1169);
#831=LINE('',#5048,#1170);
#832=LINE('',#5062,#1171);
#833=LINE('',#5064,#1172);
#834=LINE('',#5066,#1173);
#835=LINE('',#5068,#1174);
#836=LINE('',#5070,#1175);
#837=LINE('',#5072,#1176);
#838=LINE('',#5074,#1177);
#839=LINE('',#5075,#1178);
#840=LINE('',#5080,#1179);
#841=LINE('',#5086,#1180);
#842=LINE('',#5091,#1181);
#843=LINE('',#5099,#1182);
#844=LINE('',#5101,#1183);
#845=LINE('',#5103,#1184);
#846=LINE('',#5105,#1185);
#847=LINE('',#5107,#1186);
#848=LINE('',#5109,#1187);
#849=LINE('',#5111,#1188);
#850=LINE('',#5112,#1189);
#851=LINE('',#5115,#1190);
#852=LINE('',#5117,#1191);
#853=LINE('',#5131,#1192);
#854=LINE('',#5138,#1193);
#855=LINE('',#5139,#1194);
#856=LINE('',#5141,#1195);
#857=LINE('',#5143,#1196);
#858=LINE('',#5145,#1197);
#859=LINE('',#5147,#1198);
#860=LINE('',#5149,#1199);
#861=LINE('',#5151,#1200);
#862=LINE('',#5155,#1201);
#863=LINE('',#5157,#1202);
#864=LINE('',#5158,#1203);
#865=LINE('',#5161,#1204);
#866=LINE('',#5162,#1205);
#867=LINE('',#5179,#1206);
#868=LINE('',#5196,#1207);
#869=LINE('',#5199,#1208);
#870=LINE('',#5200,#1209);
#871=LINE('',#5237,#1210);
#872=LINE('',#5239,#1211);
#873=LINE('',#5241,#1212);
#874=LINE('',#5243,#1213);
#875=LINE('',#5245,#1214);
#876=LINE('',#5247,#1215);
#877=LINE('',#5266,#1216);
#878=LINE('',#5277,#1217);
#879=LINE('',#5278,#1218);
#880=LINE('',#5289,#1219);
#881=LINE('',#5300,#1220);
#882=LINE('',#5302,#1221);
#883=LINE('',#5304,#1222);
#884=LINE('',#5306,#1223);
#885=LINE('',#5308,#1224);
#886=LINE('',#5310,#1225);
#887=LINE('',#5312,#1226);
#888=LINE('',#5323,#1227);
#889=LINE('',#5334,#1228);
#890=LINE('',#5345,#1229);
#891=LINE('',#5350,#1230);
#892=LINE('',#5406,#1231);
#893=LINE('',#5425,#1232);
#894=LINE('',#5445,#1233);
#895=LINE('',#5447,#1234);
#896=LINE('',#5448,#1235);
#897=LINE('',#5459,#1236);
#898=LINE('',#5470,#1237);
#899=LINE('',#5481,#1238);
#900=LINE('',#5492,#1239);
#901=LINE('',#5503,#1240);
#902=LINE('',#5514,#1241);
#903=LINE('',#5525,#1242);
#904=LINE('',#5536,#1243);
#905=LINE('',#5547,#1244);
#906=LINE('',#5549,#1245);
#907=LINE('',#5560,#1246);
#908=LINE('',#5571,#1247);
#909=LINE('',#5582,#1248);
#910=LINE('',#5595,#1249);
#911=LINE('',#5602,#1250);
#912=LINE('',#5619,#1251);
#913=LINE('',#5636,#1252);
#914=LINE('',#5638,#1253);
#915=LINE('',#5642,#1254);
#916=LINE('',#5668,#1255);
#917=LINE('',#5688,#1256);
#918=LINE('',#5714,#1257);
#919=LINE('',#5716,#1258);
#920=LINE('',#5717,#1259);
#921=LINE('',#5720,#1260);
#922=LINE('',#5722,#1261);
#923=LINE('',#5753,#1262);
#924=LINE('',#5754,#1263);
#925=LINE('',#5765,#1264);
#926=LINE('',#5776,#1265);
#927=LINE('',#5787,#1266);
#928=LINE('',#5798,#1267);
#929=LINE('',#5800,#1268);
#930=LINE('',#5811,#1269);
#931=LINE('',#5822,#1270);
#932=LINE('',#5833,#1271);
#933=LINE('',#5835,#1272);
#934=LINE('',#5846,#1273);
#935=LINE('',#5857,#1274);
#936=LINE('',#5868,#1275);
#937=LINE('',#5879,#1276);
#938=LINE('',#5881,#1277);
#939=LINE('',#5883,#1278);
#940=LINE('',#5887,#1279);
#941=LINE('',#5889,#1280);
#942=LINE('',#5890,#1281);
#943=LINE('',#5893,#1282);
#944=LINE('',#5894,#1283);
#945=LINE('',#5911,#1284);
#946=LINE('',#5928,#1285);
#947=LINE('',#5945,#1286);
#948=LINE('',#5962,#1287);
#949=LINE('',#5981,#1288);
#950=LINE('',#5983,#1289);
#951=LINE('',#5985,#1290);
#952=LINE('',#5987,#1291);
#953=LINE('',#6055,#1292);
#954=LINE('',#6057,#1293);
#955=LINE('',#6058,#1294);
#956=LINE('',#6102,#1295);
#957=LINE('',#6104,#1296);
#958=LINE('',#6105,#1297);
#959=LINE('',#6107,#1298);
#960=LINE('',#6109,#1299);
#961=LINE('',#6111,#1300);
#962=LINE('',#6122,#1301);
#963=LINE('',#6133,#1302);
#964=LINE('',#6144,#1303);
#965=LINE('',#6155,#1304);
#966=LINE('',#6166,#1305);
#967=LINE('',#6177,#1306);
#968=LINE('',#6188,#1307);
#969=LINE('',#6199,#1308);
#970=LINE('',#6210,#1309);
#971=LINE('',#6221,#1310);
#972=LINE('',#6232,#1311);
#973=LINE('',#6234,#1312);
#974=LINE('',#6236,#1313);
#975=LINE('',#6249,#1314);
#976=LINE('',#6256,#1315);
#977=LINE('',#6273,#1316);
#978=LINE('',#6290,#1317);
#979=LINE('',#6307,#1318);
#980=LINE('',#6324,#1319);
#981=LINE('',#6341,#1320);
#982=LINE('',#6358,#1321);
#983=LINE('',#6360,#1322);
#984=LINE('',#6370,#1323);
#985=LINE('',#6372,#1324);
#986=LINE('',#6386,#1325);
#987=LINE('',#6394,#1326);
#988=LINE('',#6396,#1327);
#989=LINE('',#6398,#1328);
#990=LINE('',#6400,#1329);
#991=LINE('',#6420,#1330);
#992=LINE('',#6448,#1331);
#993=LINE('',#6449,#1332);
#994=LINE('',#6451,#1333);
#995=LINE('',#6453,#1334);
#996=LINE('',#6464,#1335);
#997=LINE('',#6475,#1336);
#998=LINE('',#6477,#1337);
#999=LINE('',#6488,#1338);
#1000=LINE('',#6490,#1339);
#1001=LINE('',#6492,#1340);
#1002=LINE('',#6494,#1341);
#1003=LINE('',#6496,#1342);
#1004=LINE('',#6507,#1343);
#1005=LINE('',#6518,#1344);
#1006=LINE('',#6529,#1345);
#1007=LINE('',#6531,#1346);
#1008=LINE('',#6542,#1347);
#1009=LINE('',#6553,#1348);
#1010=LINE('',#6567,#1349);
#1011=LINE('',#6581,#1350);
#1012=LINE('',#6607,#1351);
#1013=LINE('',#6609,#1352);
#1014=LINE('',#6611,#1353);
#1015=LINE('',#6613,#1354);
#1016=LINE('',#6615,#1355);
#1017=LINE('',#6629,#1356);
#1018=LINE('',#6630,#1357);
#1019=LINE('',#6639,#1358);
#1020=LINE('',#6641,#1359);
#1021=LINE('',#6643,#1360);
#1022=LINE('',#6662,#1361);
#1023=LINE('',#6663,#1362);
#1024=LINE('',#6674,#1363);
#1025=LINE('',#6685,#1364);
#1026=LINE('',#6687,#1365);
#1027=LINE('',#6698,#1366);
#1028=LINE('',#6709,#1367);
#1029=LINE('',#6720,#1368);
#1030=LINE('',#6731,#1369);
#1031=LINE('',#6733,#1370);
#1032=LINE('',#6735,#1371);
#1033=LINE('',#6737,#1372);
#1034=LINE('',#6739,#1373);
#1035=LINE('',#6741,#1374);
#1036=LINE('',#6752,#1375);
#1037=LINE('',#6763,#1376);
#1038=LINE('',#6765,#1377);
#1039=LINE('',#6778,#1378);
#1040=LINE('',#6785,#1379);
#1041=LINE('',#6788,#1380);
#1042=LINE('',#6789,#1381);
#1043=LINE('',#6792,#1382);
#1044=LINE('',#6793,#1383);
#1045=LINE('',#6796,#1384);
#1046=LINE('',#6797,#1385);
#1047=LINE('',#6814,#1386);
#1048=LINE('',#6831,#1387);
#1049=LINE('',#6850,#1388);
#1050=LINE('',#6906,#1389);
#1051=LINE('',#6908,#1390);
#1052=LINE('',#6910,#1391);
#1053=LINE('',#6912,#1392);
#1054=LINE('',#6914,#1393);
#1055=LINE('',#6916,#1394);
#1056=LINE('',#6936,#1395);
#1057=LINE('',#6938,#1396);
#1058=LINE('',#6940,#1397);
#1059=LINE('',#6966,#1398);
#1060=LINE('',#6967,#1399);
#1061=LINE('',#6969,#1400);
#1062=LINE('',#6970,#1401);
#1063=LINE('',#6981,#1402);
#1064=LINE('',#6992,#1403);
#1065=LINE('',#7003,#1404);
#1066=LINE('',#7014,#1405);
#1067=LINE('',#7025,#1406);
#1068=LINE('',#7036,#1407);
#1069=LINE('',#7047,#1408);
#1070=LINE('',#7058,#1409);
#1071=LINE('',#7069,#1410);
#1072=LINE('',#7071,#1411);
#1073=LINE('',#7073,#1412);
#1074=LINE('',#7075,#1413);
#1075=LINE('',#7077,#1414);
#1076=LINE('',#7079,#1415);
#1077=LINE('',#7081,#1416);
#1078=LINE('',#7092,#1417);
#1079=LINE('',#7103,#1418);
#1080=LINE('',#7114,#1419);
#1081=LINE('',#7116,#1420);
#1082=LINE('',#7118,#1421);
#1083=LINE('',#7120,#1422);
#1084=LINE('',#7131,#1423);
#1085=LINE('',#7142,#1424);
#1086=LINE('',#7153,#1425);
#1087=LINE('',#7164,#1426);
#1088=LINE('',#7166,#1427);
#1089=LINE('',#7175,#1428);
#1090=LINE('',#7178,#1429);
#1091=LINE('',#7181,#1430);
#1092=LINE('',#7184,#1431);
#1093=LINE('',#7187,#1432);
#1094=LINE('',#7188,#1433);
#1095=LINE('',#7193,#1434);
#1096=LINE('',#7194,#1435);
#1097=LINE('',#7197,#1436);
#1098=LINE('',#7198,#1437);
#1099=LINE('',#7203,#1438);
#1100=LINE('',#7205,#1439);
#1101=LINE('',#7208,#1440);
#1102=LINE('',#7210,#1441);
#1103=LINE('',#7212,#1442);
#1104=LINE('',#7213,#1443);
#1105=LINE('',#7215,#1444);
#1106=LINE('',#7217,#1445);
#1107=LINE('',#7222,#1446);
#1108=LINE('',#7224,#1447);
#1109=LINE('',#7226,#1448);
#1110=LINE('',#7227,#1449);
#1111=LINE('',#7229,#1450);
#1112=LINE('',#7230,#1451);
#1113=LINE('',#7232,#1452);
#1114=LINE('',#7234,#1453);
#1115=VECTOR('',#3905,10.);
#1116=VECTOR('',#3908,10.);
#1117=VECTOR('',#3911,10.);
#1118=VECTOR('',#3914,10.);
#1119=VECTOR('',#3923,10.);
#1120=VECTOR('',#3924,10.);
#1121=VECTOR('',#3925,10.);
#1122=VECTOR('',#3926,10.);
#1123=VECTOR('',#3927,10.);
#1124=VECTOR('',#3928,10.);
#1125=VECTOR('',#3929,10.);
#1126=VECTOR('',#3930,10.);
#1127=VECTOR('',#3931,10.);
#1128=VECTOR('',#3932,10.);
#1129=VECTOR('',#3933,10.);
#1130=VECTOR('',#3934,10.);
#1131=VECTOR('',#3935,10.);
#1132=VECTOR('',#3936,10.);
#1133=VECTOR('',#3937,10.);
#1134=VECTOR('',#3938,10.);
#1135=VECTOR('',#3939,10.);
#1136=VECTOR('',#3940,10.);
#1137=VECTOR('',#3941,10.);
#1138=VECTOR('',#3942,10.);
#1139=VECTOR('',#3943,10.);
#1140=VECTOR('',#3944,10.);
#1141=VECTOR('',#3945,10.);
#1142=VECTOR('',#3946,10.);
#1143=VECTOR('',#3947,10.);
#1144=VECTOR('',#3948,10.);
#1145=VECTOR('',#3949,10.);
#1146=VECTOR('',#3950,10.);
#1147=VECTOR('',#3951,10.);
#1148=VECTOR('',#3952,10.);
#1149=VECTOR('',#3953,10.);
#1150=VECTOR('',#3954,10.);
#1151=VECTOR('',#3955,10.);
#1152=VECTOR('',#3956,10.);
#1153=VECTOR('',#3957,10.);
#1154=VECTOR('',#3958,10.);
#1155=VECTOR('',#3959,10.);
#1156=VECTOR('',#3960,10.);
#1157=VECTOR('',#3961,10.);
#1158=VECTOR('',#3962,10.);
#1159=VECTOR('',#3963,10.);
#1160=VECTOR('',#3964,10.);
#1161=VECTOR('',#3965,10.);
#1162=VECTOR('',#3966,10.);
#1163=VECTOR('',#3967,10.);
#1164=VECTOR('',#3968,10.);
#1165=VECTOR('',#3969,10.);
#1166=VECTOR('',#3970,10.);
#1167=VECTOR('',#3971,10.);
#1168=VECTOR('',#3972,10.);
#1169=VECTOR('',#3973,10.);
#1170=VECTOR('',#3974,10.);
#1171=VECTOR('',#3975,10.);
#1172=VECTOR('',#3976,10.);
#1173=VECTOR('',#3977,10.);
#1174=VECTOR('',#3978,10.);
#1175=VECTOR('',#3979,10.);
#1176=VECTOR('',#3980,10.);
#1177=VECTOR('',#3981,10.);
#1178=VECTOR('',#3982,10.);
#1179=VECTOR('',#3987,15.);
#1180=VECTOR('',#3996,11.25);
#1181=VECTOR('',#4001,15.);
#1182=VECTOR('',#4010,10.);
#1183=VECTOR('',#4011,10.);
#1184=VECTOR('',#4012,10.);
#1185=VECTOR('',#4013,10.);
#1186=VECTOR('',#4014,10.);
#1187=VECTOR('',#4015,10.);
#1188=VECTOR('',#4016,10.);
#1189=VECTOR('',#4017,10.);
#1190=VECTOR('',#4018,10.);
#1191=VECTOR('',#4019,10.);
#1192=VECTOR('',#4020,10.);
#1193=VECTOR('',#4023,10.);
#1194=VECTOR('',#4024,10.);
#1195=VECTOR('',#4027,10.);
#1196=VECTOR('',#4030,10.);
#1197=VECTOR('',#4033,10.);
#1198=VECTOR('',#4036,10.);
#1199=VECTOR('',#4039,10.);
#1200=VECTOR('',#4042,10.);
#1201=VECTOR('',#4047,10.);
#1202=VECTOR('',#4048,10.);
#1203=VECTOR('',#4049,10.);
#1204=VECTOR('',#4052,10.);
#1205=VECTOR('',#4053,10.);
#1206=VECTOR('',#4054,10.);
#1207=VECTOR('',#4055,10.);
#1208=VECTOR('',#4058,10.);
#1209=VECTOR('',#4059,10.);
#1210=VECTOR('',#4062,10.);
#1211=VECTOR('',#4063,10.);
#1212=VECTOR('',#4064,10.);
#1213=VECTOR('',#4065,10.);
#1214=VECTOR('',#4066,10.);
#1215=VECTOR('',#4067,10.);
#1216=VECTOR('',#4068,10.);
#1217=VECTOR('',#4069,10.);
#1218=VECTOR('',#4070,10.);
#1219=VECTOR('',#4071,10.);
#1220=VECTOR('',#4072,10.);
#1221=VECTOR('',#4075,10.);
#1222=VECTOR('',#4078,10.);
#1223=VECTOR('',#4081,10.);
#1224=VECTOR('',#4084,10.);
#1225=VECTOR('',#4087,10.);
#1226=VECTOR('',#4090,10.);
#1227=VECTOR('',#4091,10.);
#1228=VECTOR('',#4092,10.);
#1229=VECTOR('',#4093,10.);
#1230=VECTOR('',#4098,10.);
#1231=VECTOR('',#4099,10.);
#1232=VECTOR('',#4100,10.);
#1233=VECTOR('',#4101,10.);
#1234=VECTOR('',#4104,10.);
#1235=VECTOR('',#4105,10.);
#1236=VECTOR('',#4106,10.);
#1237=VECTOR('',#4107,10.);
#1238=VECTOR('',#4108,10.);
#1239=VECTOR('',#4109,10.);
#1240=VECTOR('',#4110,10.);
#1241=VECTOR('',#4111,10.);
#1242=VECTOR('',#4112,10.);
#1243=VECTOR('',#4113,10.);
#1244=VECTOR('',#4114,10.);
#1245=VECTOR('',#4117,10.);
#1246=VECTOR('',#4118,10.);
#1247=VECTOR('',#4119,10.);
#1248=VECTOR('',#4120,10.);
#1249=VECTOR('',#4123,10.);
#1250=VECTOR('',#4124,10.);
#1251=VECTOR('',#4125,10.);
#1252=VECTOR('',#4126,10.);
#1253=VECTOR('',#4129,10.);
#1254=VECTOR('',#4132,10.);
#1255=VECTOR('',#4133,10.);
#1256=VECTOR('',#4134,10.);
#1257=VECTOR('',#4135,10.);
#1258=VECTOR('',#4136,10.);
#1259=VECTOR('',#4137,10.);
#1260=VECTOR('',#4138,10.);
#1261=VECTOR('',#4139,10.);
#1262=VECTOR('',#4142,10.);
#1263=VECTOR('',#4143,10.);
#1264=VECTOR('',#4144,10.);
#1265=VECTOR('',#4145,10.);
#1266=VECTOR('',#4146,10.);
#1267=VECTOR('',#4147,10.);
#1268=VECTOR('',#4150,10.);
#1269=VECTOR('',#4151,10.);
#1270=VECTOR('',#4152,10.);
#1271=VECTOR('',#4153,10.);
#1272=VECTOR('',#4156,10.);
#1273=VECTOR('',#4157,10.);
#1274=VECTOR('',#4158,10.);
#1275=VECTOR('',#4159,10.);
#1276=VECTOR('',#4160,10.);
#1277=VECTOR('',#4163,10.);
#1278=VECTOR('',#4166,10.);
#1279=VECTOR('',#4171,10.);
#1280=VECTOR('',#4172,10.);
#1281=VECTOR('',#4173,10.);
#1282=VECTOR('',#4176,10.);
#1283=VECTOR('',#4177,10.);
#1284=VECTOR('',#4178,10.);
#1285=VECTOR('',#4179,10.);
#1286=VECTOR('',#4180,10.);
#1287=VECTOR('',#4181,10.);
#1288=VECTOR('',#4184,10.);
#1289=VECTOR('',#4185,10.);
#1290=VECTOR('',#4186,10.);
#1291=VECTOR('',#4187,10.);
#1292=VECTOR('',#4188,10.);
#1293=VECTOR('',#4189,10.);
#1294=VECTOR('',#4190,10.);
#1295=VECTOR('',#4191,10.);
#1296=VECTOR('',#4194,10.);
#1297=VECTOR('',#4195,10.);
#1298=VECTOR('',#4198,10.);
#1299=VECTOR('',#4201,10.);
#1300=VECTOR('',#4204,10.);
#1301=VECTOR('',#4205,10.);
#1302=VECTOR('',#4206,10.);
#1303=VECTOR('',#4207,10.);
#1304=VECTOR('',#4208,10.);
#1305=VECTOR('',#4209,10.);
#1306=VECTOR('',#4210,10.);
#1307=VECTOR('',#4211,10.);
#1308=VECTOR('',#4212,10.);
#1309=VECTOR('',#4213,10.);
#1310=VECTOR('',#4214,10.);
#1311=VECTOR('',#4215,10.);
#1312=VECTOR('',#4218,10.);
#1313=VECTOR('',#4221,10.);
#1314=VECTOR('',#4224,10.);
#1315=VECTOR('',#4225,10.);
#1316=VECTOR('',#4226,10.);
#1317=VECTOR('',#4227,10.);
#1318=VECTOR('',#4228,10.);
#1319=VECTOR('',#4229,10.);
#1320=VECTOR('',#4230,10.);
#1321=VECTOR('',#4231,10.);
#1322=VECTOR('',#4234,10.);
#1323=VECTOR('',#4237,10.);
#1324=VECTOR('',#4238,10.);
#1325=VECTOR('',#4239,10.);
#1326=VECTOR('',#4240,10.);
#1327=VECTOR('',#4241,10.);
#1328=VECTOR('',#4242,10.);
#1329=VECTOR('',#4243,10.);
#1330=VECTOR('',#4244,10.);
#1331=VECTOR('',#4245,10.);
#1332=VECTOR('',#4246,10.);
#1333=VECTOR('',#4249,10.);
#1334=VECTOR('',#4252,10.);
#1335=VECTOR('',#4253,10.);
#1336=VECTOR('',#4254,10.);
#1337=VECTOR('',#4257,10.);
#1338=VECTOR('',#4258,10.);
#1339=VECTOR('',#4261,10.);
#1340=VECTOR('',#4264,10.);
#1341=VECTOR('',#4267,10.);
#1342=VECTOR('',#4270,10.);
#1343=VECTOR('',#4271,10.);
#1344=VECTOR('',#4272,10.);
#1345=VECTOR('',#4273,10.);
#1346=VECTOR('',#4276,10.);
#1347=VECTOR('',#4277,10.);
#1348=VECTOR('',#4278,10.);
#1349=VECTOR('',#4281,10.);
#1350=VECTOR('',#4282,10.);
#1351=VECTOR('',#4283,10.);
#1352=VECTOR('',#4284,10.);
#1353=VECTOR('',#4285,10.);
#1354=VECTOR('',#4286,10.);
#1355=VECTOR('',#4287,10.);
#1356=VECTOR('',#4288,10.);
#1357=VECTOR('',#4289,10.);
#1358=VECTOR('',#4290,10.);
#1359=VECTOR('',#4291,10.);
#1360=VECTOR('',#4292,10.);
#1361=VECTOR('',#4295,10.);
#1362=VECTOR('',#4296,10.);
#1363=VECTOR('',#4297,10.);
#1364=VECTOR('',#4298,10.);
#1365=VECTOR('',#4301,10.);
#1366=VECTOR('',#4302,10.);
#1367=VECTOR('',#4303,10.);
#1368=VECTOR('',#4304,10.);
#1369=VECTOR('',#4305,10.);
#1370=VECTOR('',#4308,10.);
#1371=VECTOR('',#4311,10.);
#1372=VECTOR('',#4314,10.);
#1373=VECTOR('',#4317,10.);
#1374=VECTOR('',#4320,10.);
#1375=VECTOR('',#4321,10.);
#1376=VECTOR('',#4322,10.);
#1377=VECTOR('',#4325,10.);
#1378=VECTOR('',#4328,10.);
#1379=VECTOR('',#4329,10.);
#1380=VECTOR('',#4332,10.);
#1381=VECTOR('',#4333,10.);
#1382=VECTOR('',#4336,10.);
#1383=VECTOR('',#4337,10.);
#1384=VECTOR('',#4340,10.);
#1385=VECTOR('',#4341,10.);
#1386=VECTOR('',#4342,10.);
#1387=VECTOR('',#4343,10.);
#1388=VECTOR('',#4346,10.);
#1389=VECTOR('',#4347,10.);
#1390=VECTOR('',#4348,10.);
#1391=VECTOR('',#4349,10.);
#1392=VECTOR('',#4350,10.);
#1393=VECTOR('',#4351,10.);
#1394=VECTOR('',#4352,10.);
#1395=VECTOR('',#4353,10.);
#1396=VECTOR('',#4354,10.);
#1397=VECTOR('',#4355,10.);
#1398=VECTOR('',#4356,10.);
#1399=VECTOR('',#4357,10.);
#1400=VECTOR('',#4360,10.);
#1401=VECTOR('',#4361,10.);
#1402=VECTOR('',#4362,10.);
#1403=VECTOR('',#4363,10.);
#1404=VECTOR('',#4364,10.);
#1405=VECTOR('',#4365,10.);
#1406=VECTOR('',#4366,10.);
#1407=VECTOR('',#4367,10.);
#1408=VECTOR('',#4368,10.);
#1409=VECTOR('',#4369,10.);
#1410=VECTOR('',#4370,10.);
#1411=VECTOR('',#4373,10.);
#1412=VECTOR('',#4376,10.);
#1413=VECTOR('',#4379,10.);
#1414=VECTOR('',#4382,10.);
#1415=VECTOR('',#4385,10.);
#1416=VECTOR('',#4388,10.);
#1417=VECTOR('',#4389,10.);
#1418=VECTOR('',#4390,10.);
#1419=VECTOR('',#4391,10.);
#1420=VECTOR('',#4394,10.);
#1421=VECTOR('',#4397,10.);
#1422=VECTOR('',#4400,10.);
#1423=VECTOR('',#4401,10.);
#1424=VECTOR('',#4402,10.);
#1425=VECTOR('',#4403,10.);
#1426=VECTOR('',#4404,10.);
#1427=VECTOR('',#4407,10.);
#1428=VECTOR('',#4422,2.5);
#1429=VECTOR('',#4427,11.25);
#1430=VECTOR('',#4430,10.);
#1431=VECTOR('',#4433,10.);
#1432=VECTOR('',#4436,10.);
#1433=VECTOR('',#4437,10.);
#1434=VECTOR('',#4442,10.);
#1435=VECTOR('',#4443,10.);
#1436=VECTOR('',#4446,10.);
#1437=VECTOR('',#4447,10.);
#1438=VECTOR('',#4452,10.);
#1439=VECTOR('',#4455,10.);
#1440=VECTOR('',#4456,10.);
#1441=VECTOR('',#4457,10.);
#1442=VECTOR('',#4458,10.);
#1443=VECTOR('',#4459,10.);
#1444=VECTOR('',#4462,10.);
#1445=VECTOR('',#4465,10.);
#1446=VECTOR('',#4470,10.);
#1447=VECTOR('',#4471,10.);
#1448=VECTOR('',#4472,10.);
#1449=VECTOR('',#4473,10.);
#1450=VECTOR('',#4476,10.);
#1451=VECTOR('',#4477,10.);
#1452=VECTOR('',#4480,10.);
#1453=VECTOR('',#4483,10.);
#1454=VERTEX_POINT('',#4490);
#1455=VERTEX_POINT('',#4491);
#1456=VERTEX_POINT('',#4493);
#1457=VERTEX_POINT('',#4495);
#1458=VERTEX_POINT('',#4497);
#1459=VERTEX_POINT('',#4499);
#1460=VERTEX_POINT('',#4501);
#1461=VERTEX_POINT('',#4503);
#1462=VERTEX_POINT('',#4506);
#1463=VERTEX_POINT('',#4508);
#1464=VERTEX_POINT('',#4510);
#1465=VERTEX_POINT('',#4512);
#1466=VERTEX_POINT('',#4513);
#1467=VERTEX_POINT('',#4515);
#1468=VERTEX_POINT('',#4517);
#1469=VERTEX_POINT('',#4519);
#1470=VERTEX_POINT('',#4525);
#1471=VERTEX_POINT('',#4531);
#1472=VERTEX_POINT('',#4537);
#1473=VERTEX_POINT('',#4543);
#1474=VERTEX_POINT('',#4545);
#1475=VERTEX_POINT('',#4547);
#1476=VERTEX_POINT('',#4549);
#1477=VERTEX_POINT('',#4555);
#1478=VERTEX_POINT('',#4561);
#1479=VERTEX_POINT('',#4567);
#1480=VERTEX_POINT('',#4569);
#1481=VERTEX_POINT('',#4571);
#1482=VERTEX_POINT('',#4573);
#1483=VERTEX_POINT('',#4575);
#1484=VERTEX_POINT('',#4577);
#1485=VERTEX_POINT('',#4579);
#1486=VERTEX_POINT('',#4585);
#1487=VERTEX_POINT('',#4591);
#1488=VERTEX_POINT('',#4597);
#1489=VERTEX_POINT('',#4603);
#1490=VERTEX_POINT('',#4609);
#1491=VERTEX_POINT('',#4615);
#1492=VERTEX_POINT('',#4621);
#1493=VERTEX_POINT('',#4632);
#1494=VERTEX_POINT('',#4633);
#1495=VERTEX_POINT('',#4635);
#1496=VERTEX_POINT('',#4637);
#1497=VERTEX_POINT('',#4639);
#1498=VERTEX_POINT('',#4645);
#1499=VERTEX_POINT('',#4651);
#1500=VERTEX_POINT('',#4653);
#1501=VERTEX_POINT('',#4655);
#1502=VERTEX_POINT('',#4657);
#1503=VERTEX_POINT('',#4659);
#1504=VERTEX_POINT('',#4661);
#1505=VERTEX_POINT('',#4667);
#1506=VERTEX_POINT('',#4673);
#1507=VERTEX_POINT('',#4679);
#1508=VERTEX_POINT('',#4685);
#1509=VERTEX_POINT('',#4687);
#1510=VERTEX_POINT('',#4698);
#1511=VERTEX_POINT('',#4699);
#1512=VERTEX_POINT('',#4705);
#1513=VERTEX_POINT('',#4711);
#1514=VERTEX_POINT('',#4717);
#1515=VERTEX_POINT('',#4723);
#1516=VERTEX_POINT('',#4725);
#1517=VERTEX_POINT('',#4731);
#1518=VERTEX_POINT('',#4737);
#1519=VERTEX_POINT('',#4743);
#1520=VERTEX_POINT('',#4745);
#1521=VERTEX_POINT('',#4747);
#1522=VERTEX_POINT('',#4749);
#1523=VERTEX_POINT('',#4751);
#1524=VERTEX_POINT('',#4757);
#1525=VERTEX_POINT('',#4759);
#1526=VERTEX_POINT('',#4765);
#1527=VERTEX_POINT('',#4771);
#1528=VERTEX_POINT('',#4774);
#1529=VERTEX_POINT('',#4775);
#1530=VERTEX_POINT('',#4777);
#1531=VERTEX_POINT('',#4779);
#1532=VERTEX_POINT('',#4781);
#1533=VERTEX_POINT('',#4783);
#1534=VERTEX_POINT('',#4789);
#1535=VERTEX_POINT('',#4795);
#1536=VERTEX_POINT('',#4801);
#1537=VERTEX_POINT('',#4807);
#1538=VERTEX_POINT('',#4813);
#1539=VERTEX_POINT('',#4819);
#1540=VERTEX_POINT('',#4825);
#1541=VERTEX_POINT('',#4831);
#1542=VERTEX_POINT('',#4837);
#1543=VERTEX_POINT('',#4843);
#1544=VERTEX_POINT('',#4849);
#1545=VERTEX_POINT('',#4851);
#1546=VERTEX_POINT('',#4854);
#1547=VERTEX_POINT('',#4855);
#1548=VERTEX_POINT('',#4857);
#1549=VERTEX_POINT('',#4859);
#1550=VERTEX_POINT('',#4861);
#1551=VERTEX_POINT('',#4863);
#1552=VERTEX_POINT('',#4869);
#1553=VERTEX_POINT('',#4875);
#1554=VERTEX_POINT('',#4881);
#1555=VERTEX_POINT('',#4887);
#1556=VERTEX_POINT('',#4889);
#1557=VERTEX_POINT('',#4895);
#1558=VERTEX_POINT('',#4901);
#1559=VERTEX_POINT('',#4907);
#1560=VERTEX_POINT('',#4909);
#1561=VERTEX_POINT('',#4915);
#1562=VERTEX_POINT('',#4921);
#1563=VERTEX_POINT('',#4932);
#1564=VERTEX_POINT('',#4933);
#1565=VERTEX_POINT('',#4935);
#1566=VERTEX_POINT('',#4937);
#1567=VERTEX_POINT('',#4943);
#1568=VERTEX_POINT('',#4949);
#1569=VERTEX_POINT('',#4955);
#1570=VERTEX_POINT('',#4957);
#1571=VERTEX_POINT('',#4963);
#1572=VERTEX_POINT('',#4969);
#1573=VERTEX_POINT('',#4975);
#1574=VERTEX_POINT('',#4981);
#1575=VERTEX_POINT('',#4987);
#1576=VERTEX_POINT('',#4993);
#1577=VERTEX_POINT('',#4999);
#1578=VERTEX_POINT('',#5010);
#1579=VERTEX_POINT('',#5011);
#1580=VERTEX_POINT('',#5017);
#1581=VERTEX_POINT('',#5019);
#1582=VERTEX_POINT('',#5025);
#1583=VERTEX_POINT('',#5031);
#1584=VERTEX_POINT('',#5037);
#1585=VERTEX_POINT('',#5039);
#1586=VERTEX_POINT('',#5041);
#1587=VERTEX_POINT('',#5043);
#1588=VERTEX_POINT('',#5045);
#1589=VERTEX_POINT('',#5047);
#1590=VERTEX_POINT('',#5049);
#1591=VERTEX_POINT('',#5060);
#1592=VERTEX_POINT('',#5061);
#1593=VERTEX_POINT('',#5063);
#1594=VERTEX_POINT('',#5065);
#1595=VERTEX_POINT('',#5067);
#1596=VERTEX_POINT('',#5069);
#1597=VERTEX_POINT('',#5071);
#1598=VERTEX_POINT('',#5073);
#1599=VERTEX_POINT('',#5077);
#1600=VERTEX_POINT('',#5079);
#1601=VERTEX_POINT('',#5083);
#1602=VERTEX_POINT('',#5088);
#1603=VERTEX_POINT('',#5090);
#1604=VERTEX_POINT('',#5094);
#1605=VERTEX_POINT('',#5097);
#1606=VERTEX_POINT('',#5098);
#1607=VERTEX_POINT('',#5100);
#1608=VERTEX_POINT('',#5102);
#1609=VERTEX_POINT('',#5104);
#1610=VERTEX_POINT('',#5106);
#1611=VERTEX_POINT('',#5108);
#1612=VERTEX_POINT('',#5110);
#1613=VERTEX_POINT('',#5113);
#1614=VERTEX_POINT('',#5114);
#1615=VERTEX_POINT('',#5116);
#1616=VERTEX_POINT('',#5118);
#1617=VERTEX_POINT('',#5124);
#1618=VERTEX_POINT('',#5130);
#1619=VERTEX_POINT('',#5154);
#1620=VERTEX_POINT('',#5156);
#1621=VERTEX_POINT('',#5160);
#1622=VERTEX_POINT('',#5173);
#1623=VERTEX_POINT('',#5190);
#1624=VERTEX_POINT('',#5198);
#1625=VERTEX_POINT('',#5217);
#1626=VERTEX_POINT('',#5218);
#1627=VERTEX_POINT('',#5224);
#1628=VERTEX_POINT('',#5230);
#1629=VERTEX_POINT('',#5236);
#1630=VERTEX_POINT('',#5238);
#1631=VERTEX_POINT('',#5240);
#1632=VERTEX_POINT('',#5242);
#1633=VERTEX_POINT('',#5244);
#1634=VERTEX_POINT('',#5246);
#1635=VERTEX_POINT('',#5248);
#1636=VERTEX_POINT('',#5254);
#1637=VERTEX_POINT('',#5260);
#1638=VERTEX_POINT('',#5348);
#1639=VERTEX_POINT('',#5349);
#1640=VERTEX_POINT('',#5351);
#1641=VERTEX_POINT('',#5357);
#1642=VERTEX_POINT('',#5363);
#1643=VERTEX_POINT('',#5369);
#1644=VERTEX_POINT('',#5375);
#1645=VERTEX_POINT('',#5381);
#1646=VERTEX_POINT('',#5387);
#1647=VERTEX_POINT('',#5393);
#1648=VERTEX_POINT('',#5399);
#1649=VERTEX_POINT('',#5405);
#1650=VERTEX_POINT('',#5407);
#1651=VERTEX_POINT('',#5413);
#1652=VERTEX_POINT('',#5419);
#1653=VERTEX_POINT('',#5426);
#1654=VERTEX_POINT('',#5427);
#1655=VERTEX_POINT('',#5433);
#1656=VERTEX_POINT('',#5439);
#1657=VERTEX_POINT('',#5594);
#1658=VERTEX_POINT('',#5596);
#1659=VERTEX_POINT('',#5613);
#1660=VERTEX_POINT('',#5630);
#1661=VERTEX_POINT('',#5640);
#1662=VERTEX_POINT('',#5641);
#1663=VERTEX_POINT('',#5643);
#1664=VERTEX_POINT('',#5649);
#1665=VERTEX_POINT('',#5655);
#1666=VERTEX_POINT('',#5661);
#1667=VERTEX_POINT('',#5667);
#1668=VERTEX_POINT('',#5669);
#1669=VERTEX_POINT('',#5675);
#1670=VERTEX_POINT('',#5681);
#1671=VERTEX_POINT('',#5687);
#1672=VERTEX_POINT('',#5689);
#1673=VERTEX_POINT('',#5695);
#1674=VERTEX_POINT('',#5701);
#1675=VERTEX_POINT('',#5707);
#1676=VERTEX_POINT('',#5713);
#1677=VERTEX_POINT('',#5715);
#1678=VERTEX_POINT('',#5718);
#1679=VERTEX_POINT('',#5719);
#1680=VERTEX_POINT('',#5721);
#1681=VERTEX_POINT('',#5723);
#1682=VERTEX_POINT('',#5729);
#1683=VERTEX_POINT('',#5735);
#1684=VERTEX_POINT('',#5741);
#1685=VERTEX_POINT('',#5886);
#1686=VERTEX_POINT('',#5888);
#1687=VERTEX_POINT('',#5892);
#1688=VERTEX_POINT('',#5905);
#1689=VERTEX_POINT('',#5922);
#1690=VERTEX_POINT('',#5939);
#1691=VERTEX_POINT('',#5956);
#1692=VERTEX_POINT('',#5979);
#1693=VERTEX_POINT('',#5980);
#1694=VERTEX_POINT('',#5982);
#1695=VERTEX_POINT('',#5984);
#1696=VERTEX_POINT('',#5986);
#1697=VERTEX_POINT('',#5988);
#1698=VERTEX_POINT('',#5994);
#1699=VERTEX_POINT('',#6000);
#1700=VERTEX_POINT('',#6006);
#1701=VERTEX_POINT('',#6012);
#1702=VERTEX_POINT('',#6018);
#1703=VERTEX_POINT('',#6024);
#1704=VERTEX_POINT('',#6030);
#1705=VERTEX_POINT('',#6036);
#1706=VERTEX_POINT('',#6042);
#1707=VERTEX_POINT('',#6048);
#1708=VERTEX_POINT('',#6054);
#1709=VERTEX_POINT('',#6056);
#1710=VERTEX_POINT('',#6059);
#1711=VERTEX_POINT('',#6060);
#1712=VERTEX_POINT('',#6066);
#1713=VERTEX_POINT('',#6072);
#1714=VERTEX_POINT('',#6078);
#1715=VERTEX_POINT('',#6084);
#1716=VERTEX_POINT('',#6090);
#1717=VERTEX_POINT('',#6096);
#1718=VERTEX_POINT('',#6248);
#1719=VERTEX_POINT('',#6250);
#1720=VERTEX_POINT('',#6267);
#1721=VERTEX_POINT('',#6284);
#1722=VERTEX_POINT('',#6301);
#1723=VERTEX_POINT('',#6318);
#1724=VERTEX_POINT('',#6335);
#1725=VERTEX_POINT('',#6352);
#1726=VERTEX_POINT('',#6362);
#1727=VERTEX_POINT('',#6363);
#1728=VERTEX_POINT('',#6369);
#1729=VERTEX_POINT('',#6371);
#1730=VERTEX_POINT('',#6373);
#1731=VERTEX_POINT('',#6379);
#1732=VERTEX_POINT('',#6385);
#1733=VERTEX_POINT('',#6387);
#1734=VERTEX_POINT('',#6393);
#1735=VERTEX_POINT('',#6395);
#1736=VERTEX_POINT('',#6397);
#1737=VERTEX_POINT('',#6399);
#1738=VERTEX_POINT('',#6401);
#1739=VERTEX_POINT('',#6407);
#1740=VERTEX_POINT('',#6413);
#1741=VERTEX_POINT('',#6419);
#1742=VERTEX_POINT('',#6421);
#1743=VERTEX_POINT('',#6427);
#1744=VERTEX_POINT('',#6565);
#1745=VERTEX_POINT('',#6566);
#1746=VERTEX_POINT('',#6568);
#1747=VERTEX_POINT('',#6574);
#1748=VERTEX_POINT('',#6580);
#1749=VERTEX_POINT('',#6582);
#1750=VERTEX_POINT('',#6588);
#1751=VERTEX_POINT('',#6594);
#1752=VERTEX_POINT('',#6600);
#1753=VERTEX_POINT('',#6606);
#1754=VERTEX_POINT('',#6608);
#1755=VERTEX_POINT('',#6610);
#1756=VERTEX_POINT('',#6612);
#1757=VERTEX_POINT('',#6614);
#1758=VERTEX_POINT('',#6616);
#1759=VERTEX_POINT('',#6622);
#1760=VERTEX_POINT('',#6628);
#1761=VERTEX_POINT('',#6631);
#1762=VERTEX_POINT('',#6632);
#1763=VERTEX_POINT('',#6638);
#1764=VERTEX_POINT('',#6640);
#1765=VERTEX_POINT('',#6642);
#1766=VERTEX_POINT('',#6644);
#1767=VERTEX_POINT('',#6650);
#1768=VERTEX_POINT('',#6777);
#1769=VERTEX_POINT('',#6779);
#1770=VERTEX_POINT('',#6787);
#1771=VERTEX_POINT('',#6791);
#1772=VERTEX_POINT('',#6795);
#1773=VERTEX_POINT('',#6808);
#1774=VERTEX_POINT('',#6825);
#1775=VERTEX_POINT('',#6848);
#1776=VERTEX_POINT('',#6849);
#1777=VERTEX_POINT('',#6851);
#1778=VERTEX_POINT('',#6857);
#1779=VERTEX_POINT('',#6863);
#1780=VERTEX_POINT('',#6869);
#1781=VERTEX_POINT('',#6875);
#1782=VERTEX_POINT('',#6881);
#1783=VERTEX_POINT('',#6887);
#1784=VERTEX_POINT('',#6893);
#1785=VERTEX_POINT('',#6899);
#1786=VERTEX_POINT('',#6905);
#1787=VERTEX_POINT('',#6907);
#1788=VERTEX_POINT('',#6909);
#1789=VERTEX_POINT('',#6911);
#1790=VERTEX_POINT('',#6913);
#1791=VERTEX_POINT('',#6915);
#1792=VERTEX_POINT('',#6917);
#1793=VERTEX_POINT('',#6923);
#1794=VERTEX_POINT('',#6929);
#1795=VERTEX_POINT('',#6935);
#1796=VERTEX_POINT('',#6937);
#1797=VERTEX_POINT('',#6939);
#1798=VERTEX_POINT('',#6941);
#1799=VERTEX_POINT('',#6947);
#1800=VERTEX_POINT('',#6953);
#1801=VERTEX_POINT('',#6959);
#1802=VERTEX_POINT('',#6965);
#1803=VERTEX_POINT('',#7174);
#1804=VERTEX_POINT('',#7180);
#1805=VERTEX_POINT('',#7182);
#1806=VERTEX_POINT('',#7186);
#1807=VERTEX_POINT('',#7190);
#1808=VERTEX_POINT('',#7191);
#1809=VERTEX_POINT('',#7196);
#1810=VERTEX_POINT('',#7200);
#1811=VERTEX_POINT('',#7202);
#1812=VERTEX_POINT('',#7206);
#1813=VERTEX_POINT('',#7207);
#1814=VERTEX_POINT('',#7209);
#1815=VERTEX_POINT('',#7211);
#1816=VERTEX_POINT('',#7220);
#1817=VERTEX_POINT('',#7221);
#1818=VERTEX_POINT('',#7223);
#1819=VERTEX_POINT('',#7225);
#1820=EDGE_CURVE('',#1454,#1455,#776,.T.);
#1821=EDGE_CURVE('',#1456,#1454,#758,.T.);
#1822=EDGE_CURVE('',#1456,#1457,#777,.T.);
#1823=EDGE_CURVE('',#1458,#1457,#759,.T.);
#1824=EDGE_CURVE('',#1458,#1459,#778,.T.);
#1825=EDGE_CURVE('',#1460,#1459,#760,.T.);
#1826=EDGE_CURVE('',#1461,#1460,#779,.T.);
#1827=EDGE_CURVE('',#1455,#1461,#761,.T.);
#1828=EDGE_CURVE('',#1462,#1462,#762,.T.);
#1829=EDGE_CURVE('',#1463,#1463,#763,.T.);
#1830=EDGE_CURVE('',#1464,#1464,#764,.T.);
#1831=EDGE_CURVE('',#1465,#1466,#780,.T.);
#1832=EDGE_CURVE('',#1466,#1467,#781,.T.);
#1833=EDGE_CURVE('',#1467,#1468,#782,.T.);
#1834=EDGE_CURVE('',#1468,#1469,#120,.T.);
#1835=EDGE_CURVE('',#1469,#1470,#121,.T.);
#1836=EDGE_CURVE('',#1470,#1471,#122,.T.);
#1837=EDGE_CURVE('',#1471,#1472,#123,.T.);
#1838=EDGE_CURVE('',#1472,#1473,#783,.T.);
#1839=EDGE_CURVE('',#1473,#1474,#784,.T.);
#1840=EDGE_CURVE('',#1474,#1475,#785,.T.);
#1841=EDGE_CURVE('',#1475,#1476,#124,.T.);
#1842=EDGE_CURVE('',#1476,#1477,#125,.T.);
#1843=EDGE_CURVE('',#1477,#1478,#126,.T.);
#1844=EDGE_CURVE('',#1478,#1479,#786,.T.);
#1845=EDGE_CURVE('',#1479,#1480,#787,.T.);
#1846=EDGE_CURVE('',#1480,#1481,#788,.T.);
#1847=EDGE_CURVE('',#1481,#1482,#789,.T.);
#1848=EDGE_CURVE('',#1482,#1483,#790,.T.);
#1849=EDGE_CURVE('',#1483,#1484,#791,.T.);
#1850=EDGE_CURVE('',#1484,#1485,#127,.T.);
#1851=EDGE_CURVE('',#1485,#1486,#128,.T.);
#1852=EDGE_CURVE('',#1486,#1487,#129,.T.);
#1853=EDGE_CURVE('',#1487,#1488,#130,.T.);
#1854=EDGE_CURVE('',#1488,#1489,#131,.T.);
#1855=EDGE_CURVE('',#1489,#1490,#132,.T.);
#1856=EDGE_CURVE('',#1490,#1491,#133,.T.);
#1857=EDGE_CURVE('',#1491,#1492,#134,.T.);
#1858=EDGE_CURVE('',#1492,#1465,#135,.T.);
#1859=EDGE_CURVE('',#1493,#1494,#792,.T.);
#1860=EDGE_CURVE('',#1494,#1495,#793,.T.);
#1861=EDGE_CURVE('',#1495,#1496,#794,.T.);
#1862=EDGE_CURVE('',#1496,#1497,#136,.T.);
#1863=EDGE_CURVE('',#1497,#1498,#137,.T.);
#1864=EDGE_CURVE('',#1498,#1499,#795,.T.);
#1865=EDGE_CURVE('',#1499,#1500,#796,.T.);
#1866=EDGE_CURVE('',#1500,#1501,#797,.T.);
#1867=EDGE_CURVE('',#1501,#1502,#798,.T.);
#1868=EDGE_CURVE('',#1502,#1503,#799,.T.);
#1869=EDGE_CURVE('',#1503,#1504,#138,.T.);
#1870=EDGE_CURVE('',#1504,#1505,#139,.T.);
#1871=EDGE_CURVE('',#1505,#1506,#140,.T.);
#1872=EDGE_CURVE('',#1506,#1507,#141,.T.);
#1873=EDGE_CURVE('',#1507,#1508,#800,.T.);
#1874=EDGE_CURVE('',#1508,#1509,#142,.T.);
#1875=EDGE_CURVE('',#1509,#1493,#143,.T.);
#1876=EDGE_CURVE('',#1510,#1511,#144,.T.);
#1877=EDGE_CURVE('',#1511,#1512,#145,.T.);
#1878=EDGE_CURVE('',#1512,#1513,#146,.T.);
#1879=EDGE_CURVE('',#1513,#1514,#147,.T.);
#1880=EDGE_CURVE('',#1514,#1515,#801,.T.);
#1881=EDGE_CURVE('',#1515,#1516,#148,.T.);
#1882=EDGE_CURVE('',#1516,#1517,#149,.T.);
#1883=EDGE_CURVE('',#1517,#1518,#150,.T.);
#1884=EDGE_CURVE('',#1518,#1519,#802,.T.);
#1885=EDGE_CURVE('',#1519,#1520,#803,.T.);
#1886=EDGE_CURVE('',#1520,#1521,#804,.T.);
#1887=EDGE_CURVE('',#1521,#1522,#805,.T.);
#1888=EDGE_CURVE('',#1522,#1523,#151,.T.);
#1889=EDGE_CURVE('',#1523,#1524,#806,.T.);
#1890=EDGE_CURVE('',#1524,#1525,#152,.T.);
#1891=EDGE_CURVE('',#1525,#1526,#153,.T.);
#1892=EDGE_CURVE('',#1526,#1527,#807,.T.);
#1893=EDGE_CURVE('',#1527,#1510,#808,.T.);
#1894=EDGE_CURVE('',#1528,#1529,#809,.T.);
#1895=EDGE_CURVE('',#1529,#1530,#810,.T.);
#1896=EDGE_CURVE('',#1530,#1531,#811,.T.);
#1897=EDGE_CURVE('',#1531,#1532,#812,.T.);
#1898=EDGE_CURVE('',#1532,#1533,#154,.T.);
#1899=EDGE_CURVE('',#1533,#1534,#155,.T.);
#1900=EDGE_CURVE('',#1534,#1535,#156,.T.);
#1901=EDGE_CURVE('',#1535,#1536,#157,.T.);
#1902=EDGE_CURVE('',#1536,#1537,#158,.T.);
#1903=EDGE_CURVE('',#1537,#1538,#159,.T.);
#1904=EDGE_CURVE('',#1538,#1539,#160,.T.);
#1905=EDGE_CURVE('',#1539,#1540,#161,.T.);
#1906=EDGE_CURVE('',#1540,#1541,#162,.T.);
#1907=EDGE_CURVE('',#1541,#1542,#163,.T.);
#1908=EDGE_CURVE('',#1542,#1543,#164,.T.);
#1909=EDGE_CURVE('',#1543,#1544,#813,.T.);
#1910=EDGE_CURVE('',#1544,#1545,#814,.T.);
#1911=EDGE_CURVE('',#1545,#1528,#815,.T.);
#1912=EDGE_CURVE('',#1546,#1547,#816,.T.);
#1913=EDGE_CURVE('',#1547,#1548,#817,.T.);
#1914=EDGE_CURVE('',#1548,#1549,#818,.T.);
#1915=EDGE_CURVE('',#1549,#1550,#819,.T.);
#1916=EDGE_CURVE('',#1550,#1551,#165,.T.);
#1917=EDGE_CURVE('',#1551,#1552,#166,.T.);
#1918=EDGE_CURVE('',#1552,#1553,#167,.T.);
#1919=EDGE_CURVE('',#1553,#1554,#168,.T.);
#1920=EDGE_CURVE('',#1554,#1555,#820,.T.);
#1921=EDGE_CURVE('',#1555,#1556,#169,.T.);
#1922=EDGE_CURVE('',#1556,#1557,#170,.T.);
#1923=EDGE_CURVE('',#1557,#1558,#171,.T.);
#1924=EDGE_CURVE('',#1558,#1559,#821,.T.);
#1925=EDGE_CURVE('',#1559,#1560,#172,.T.);
#1926=EDGE_CURVE('',#1560,#1561,#173,.T.);
#1927=EDGE_CURVE('',#1561,#1562,#174,.T.);
#1928=EDGE_CURVE('',#1562,#1546,#175,.T.);
#1929=EDGE_CURVE('',#1563,#1564,#822,.T.);
#1930=EDGE_CURVE('',#1564,#1565,#823,.T.);
#1931=EDGE_CURVE('',#1565,#1566,#176,.T.);
#1932=EDGE_CURVE('',#1566,#1567,#177,.T.);
#1933=EDGE_CURVE('',#1567,#1568,#178,.T.);
#1934=EDGE_CURVE('',#1568,#1569,#824,.T.);
#1935=EDGE_CURVE('',#1569,#1570,#179,.T.);
#1936=EDGE_CURVE('',#1570,#1571,#180,.T.);
#1937=EDGE_CURVE('',#1571,#1572,#181,.T.);
#1938=EDGE_CURVE('',#1572,#1573,#182,.T.);
#1939=EDGE_CURVE('',#1573,#1574,#183,.T.);
#1940=EDGE_CURVE('',#1574,#1575,#184,.T.);
#1941=EDGE_CURVE('',#1575,#1576,#185,.T.);
#1942=EDGE_CURVE('',#1576,#1577,#186,.T.);
#1943=EDGE_CURVE('',#1577,#1563,#187,.T.);
#1944=EDGE_CURVE('',#1578,#1579,#188,.T.);
#1945=EDGE_CURVE('',#1579,#1580,#825,.T.);
#1946=EDGE_CURVE('',#1580,#1581,#189,.T.);
#1947=EDGE_CURVE('',#1581,#1582,#190,.T.);
#1948=EDGE_CURVE('',#1582,#1583,#191,.T.);
#1949=EDGE_CURVE('',#1583,#1584,#826,.T.);
#1950=EDGE_CURVE('',#1584,#1585,#827,.T.);
#1951=EDGE_CURVE('',#1585,#1586,#828,.T.);
#1952=EDGE_CURVE('',#1586,#1587,#829,.T.);
#1953=EDGE_CURVE('',#1587,#1588,#830,.T.);
#1954=EDGE_CURVE('',#1588,#1589,#831,.T.);
#1955=EDGE_CURVE('',#1589,#1590,#192,.T.);
#1956=EDGE_CURVE('',#1590,#1578,#193,.T.);
#1957=EDGE_CURVE('',#1591,#1592,#832,.T.);
#1958=EDGE_CURVE('',#1592,#1593,#833,.T.);
#1959=EDGE_CURVE('',#1593,#1594,#834,.T.);
#1960=EDGE_CURVE('',#1594,#1595,#835,.T.);
#1961=EDGE_CURVE('',#1595,#1596,#836,.T.);
#1962=EDGE_CURVE('',#1596,#1597,#837,.T.);
#1963=EDGE_CURVE('',#1597,#1598,#838,.T.);
#1964=EDGE_CURVE('',#1598,#1591,#839,.T.);
#1965=EDGE_CURVE('',#1599,#1599,#765,.T.);
#1966=EDGE_CURVE('',#1599,#1600,#840,.T.);
#1967=EDGE_CURVE('',#1600,#1600,#766,.T.);
#1968=EDGE_CURVE('',#1601,#1601,#767,.T.);
#1969=EDGE_CURVE('',#1462,#1601,#841,.T.);
#1970=EDGE_CURVE('',#1602,#1602,#768,.T.);
#1971=EDGE_CURVE('',#1602,#1603,#842,.T.);
#1972=EDGE_CURVE('',#1603,#1603,#769,.T.);
#1973=EDGE_CURVE('',#1604,#1604,#770,.T.);
#1974=EDGE_CURVE('',#1605,#1606,#843,.T.);
#1975=EDGE_CURVE('',#1607,#1605,#844,.T.);
#1976=EDGE_CURVE('',#1608,#1607,#845,.T.);
#1977=EDGE_CURVE('',#1609,#1608,#846,.T.);
#1978=EDGE_CURVE('',#1610,#1609,#847,.T.);
#1979=EDGE_CURVE('',#1611,#1610,#848,.T.);
#1980=EDGE_CURVE('',#1612,#1611,#849,.T.);
#1981=EDGE_CURVE('',#1606,#1612,#850,.T.);
#1982=EDGE_CURVE('',#1613,#1614,#851,.T.);
#1983=EDGE_CURVE('',#1615,#1613,#852,.T.);
#1984=EDGE_CURVE('',#1616,#1615,#194,.T.);
#1985=EDGE_CURVE('',#1617,#1616,#195,.T.);
#1986=EDGE_CURVE('',#1618,#1617,#853,.T.);
#1987=EDGE_CURVE('',#1614,#1618,#196,.T.);
#1988=EDGE_CURVE('',#1606,#1592,#854,.T.);
#1989=EDGE_CURVE('',#1605,#1591,#855,.T.);
#1990=EDGE_CURVE('',#1607,#1598,#856,.T.);
#1991=EDGE_CURVE('',#1608,#1597,#857,.T.);
#1992=EDGE_CURVE('',#1609,#1596,#858,.T.);
#1993=EDGE_CURVE('',#1610,#1595,#859,.T.);
#1994=EDGE_CURVE('',#1611,#1594,#860,.T.);
#1995=EDGE_CURVE('',#1612,#1593,#861,.T.);
#1996=EDGE_CURVE('',#1614,#1619,#862,.T.);
#1997=EDGE_CURVE('',#1620,#1619,#863,.T.);
#1998=EDGE_CURVE('',#1613,#1620,#864,.T.);
#1999=EDGE_CURVE('',#1621,#1620,#865,.T.);
#2000=EDGE_CURVE('',#1615,#1621,#866,.T.);
#2001=EDGE_CURVE('',#1622,#1621,#197,.T.);
#2002=EDGE_CURVE('',#1616,#1622,#867,.T.);
#2003=EDGE_CURVE('',#1623,#1622,#198,.T.);
#2004=EDGE_CURVE('',#1617,#1623,#868,.T.);
#2005=EDGE_CURVE('',#1624,#1623,#869,.T.);
#2006=EDGE_CURVE('',#1618,#1624,#870,.T.);
#2007=EDGE_CURVE('',#1619,#1624,#199,.T.);
#2008=EDGE_CURVE('',#1625,#1626,#200,.T.);
#2009=EDGE_CURVE('',#1627,#1625,#201,.T.);
#2010=EDGE_CURVE('',#1628,#1627,#202,.T.);
#2011=EDGE_CURVE('',#1629,#1628,#871,.T.);
#2012=EDGE_CURVE('',#1630,#1629,#872,.T.);
#2013=EDGE_CURVE('',#1631,#1630,#873,.T.);
#2014=EDGE_CURVE('',#1632,#1631,#874,.T.);
#2015=EDGE_CURVE('',#1633,#1632,#875,.T.);
#2016=EDGE_CURVE('',#1634,#1633,#876,.T.);
#2017=EDGE_CURVE('',#1635,#1634,#203,.T.);
#2018=EDGE_CURVE('',#1636,#1635,#204,.T.);
#2019=EDGE_CURVE('',#1637,#1636,#205,.T.);
#2020=EDGE_CURVE('',#1626,#1637,#877,.T.);
#2021=EDGE_CURVE('',#1626,#1579,#878,.T.);
#2022=EDGE_CURVE('',#1625,#1578,#879,.T.);
#2023=EDGE_CURVE('',#1627,#1590,#880,.T.);
#2024=EDGE_CURVE('',#1628,#1589,#881,.T.);
#2025=EDGE_CURVE('',#1629,#1588,#882,.T.);
#2026=EDGE_CURVE('',#1630,#1587,#883,.T.);
#2027=EDGE_CURVE('',#1631,#1586,#884,.T.);
#2028=EDGE_CURVE('',#1632,#1585,#885,.T.);
#2029=EDGE_CURVE('',#1633,#1584,#886,.T.);
#2030=EDGE_CURVE('',#1634,#1583,#887,.T.);
#2031=EDGE_CURVE('',#1635,#1582,#888,.T.);
#2032=EDGE_CURVE('',#1636,#1581,#889,.T.);
#2033=EDGE_CURVE('',#1637,#1580,#890,.T.);
#2034=EDGE_CURVE('',#1638,#1639,#891,.T.);
#2035=EDGE_CURVE('',#1640,#1638,#206,.T.);
#2036=EDGE_CURVE('',#1641,#1640,#207,.T.);
#2037=EDGE_CURVE('',#1642,#1641,#208,.T.);
#2038=EDGE_CURVE('',#1643,#1642,#209,.T.);
#2039=EDGE_CURVE('',#1644,#1643,#210,.T.);
#2040=EDGE_CURVE('',#1645,#1644,#211,.T.);
#2041=EDGE_CURVE('',#1646,#1645,#212,.T.);
#2042=EDGE_CURVE('',#1647,#1646,#213,.T.);
#2043=EDGE_CURVE('',#1648,#1647,#214,.T.);
#2044=EDGE_CURVE('',#1649,#1648,#892,.T.);
#2045=EDGE_CURVE('',#1650,#1649,#215,.T.);
#2046=EDGE_CURVE('',#1651,#1650,#216,.T.);
#2047=EDGE_CURVE('',#1652,#1651,#217,.T.);
#2048=EDGE_CURVE('',#1639,#1652,#893,.T.);
#2049=EDGE_CURVE('',#1653,#1654,#218,.T.);
#2050=EDGE_CURVE('',#1655,#1653,#219,.T.);
#2051=EDGE_CURVE('',#1656,#1655,#220,.T.);
#2052=EDGE_CURVE('',#1654,#1656,#894,.T.);
#2053=EDGE_CURVE('',#1639,#1564,#895,.T.);
#2054=EDGE_CURVE('',#1638,#1563,#896,.T.);
#2055=EDGE_CURVE('',#1640,#1577,#897,.T.);
#2056=EDGE_CURVE('',#1641,#1576,#898,.T.);
#2057=EDGE_CURVE('',#1642,#1575,#899,.T.);
#2058=EDGE_CURVE('',#1643,#1574,#900,.T.);
#2059=EDGE_CURVE('',#1644,#1573,#901,.T.);
#2060=EDGE_CURVE('',#1645,#1572,#902,.T.);
#2061=EDGE_CURVE('',#1646,#1571,#903,.T.);
#2062=EDGE_CURVE('',#1647,#1570,#904,.T.);
#2063=EDGE_CURVE('',#1648,#1569,#905,.T.);
#2064=EDGE_CURVE('',#1649,#1568,#906,.T.);
#2065=EDGE_CURVE('',#1650,#1567,#907,.T.);
#2066=EDGE_CURVE('',#1651,#1566,#908,.T.);
#2067=EDGE_CURVE('',#1652,#1565,#909,.T.);
#2068=EDGE_CURVE('',#1654,#1657,#910,.T.);
#2069=EDGE_CURVE('',#1658,#1657,#221,.T.);
#2070=EDGE_CURVE('',#1653,#1658,#911,.T.);
#2071=EDGE_CURVE('',#1659,#1658,#222,.T.);
#2072=EDGE_CURVE('',#1655,#1659,#912,.T.);
#2073=EDGE_CURVE('',#1660,#1659,#223,.T.);
#2074=EDGE_CURVE('',#1656,#1660,#913,.T.);
#2075=EDGE_CURVE('',#1657,#1660,#914,.T.);
#2076=EDGE_CURVE('',#1661,#1662,#915,.T.);
#2077=EDGE_CURVE('',#1663,#1661,#224,.T.);
#2078=EDGE_CURVE('',#1664,#1663,#225,.T.);
#2079=EDGE_CURVE('',#1665,#1664,#226,.T.);
#2080=EDGE_CURVE('',#1666,#1665,#227,.T.);
#2081=EDGE_CURVE('',#1667,#1666,#916,.T.);
#2082=EDGE_CURVE('',#1668,#1667,#228,.T.);
#2083=EDGE_CURVE('',#1669,#1668,#229,.T.);
#2084=EDGE_CURVE('',#1670,#1669,#230,.T.);
#2085=EDGE_CURVE('',#1671,#1670,#917,.T.);
#2086=EDGE_CURVE('',#1672,#1671,#231,.T.);
#2087=EDGE_CURVE('',#1673,#1672,#232,.T.);
#2088=EDGE_CURVE('',#1674,#1673,#233,.T.);
#2089=EDGE_CURVE('',#1675,#1674,#234,.T.);
#2090=EDGE_CURVE('',#1676,#1675,#918,.T.);
#2091=EDGE_CURVE('',#1677,#1676,#919,.T.);
#2092=EDGE_CURVE('',#1662,#1677,#920,.T.);
#2093=EDGE_CURVE('',#1678,#1679,#921,.T.);
#2094=EDGE_CURVE('',#1680,#1678,#922,.T.);
#2095=EDGE_CURVE('',#1681,#1680,#235,.T.);
#2096=EDGE_CURVE('',#1682,#1681,#236,.T.);
#2097=EDGE_CURVE('',#1683,#1682,#237,.T.);
#2098=EDGE_CURVE('',#1684,#1683,#238,.T.);
#2099=EDGE_CURVE('',#1679,#1684,#239,.T.);
#2100=EDGE_CURVE('',#1662,#1547,#923,.T.);
#2101=EDGE_CURVE('',#1661,#1546,#924,.T.);
#2102=EDGE_CURVE('',#1663,#1562,#925,.T.);
#2103=EDGE_CURVE('',#1664,#1561,#926,.T.);
#2104=EDGE_CURVE('',#1665,#1560,#927,.T.);
#2105=EDGE_CURVE('',#1666,#1559,#928,.T.);
#2106=EDGE_CURVE('',#1667,#1558,#929,.T.);
#2107=EDGE_CURVE('',#1668,#1557,#930,.T.);
#2108=EDGE_CURVE('',#1669,#1556,#931,.T.);
#2109=EDGE_CURVE('',#1670,#1555,#932,.T.);
#2110=EDGE_CURVE('',#1671,#1554,#933,.T.);
#2111=EDGE_CURVE('',#1672,#1553,#934,.T.);
#2112=EDGE_CURVE('',#1673,#1552,#935,.T.);
#2113=EDGE_CURVE('',#1674,#1551,#936,.T.);
#2114=EDGE_CURVE('',#1675,#1550,#937,.T.);
#2115=EDGE_CURVE('',#1676,#1549,#938,.T.);
#2116=EDGE_CURVE('',#1677,#1548,#939,.T.);
#2117=EDGE_CURVE('',#1679,#1685,#940,.T.);
#2118=EDGE_CURVE('',#1686,#1685,#941,.T.);
#2119=EDGE_CURVE('',#1678,#1686,#942,.T.);
#2120=EDGE_CURVE('',#1687,#1686,#943,.T.);
#2121=EDGE_CURVE('',#1680,#1687,#944,.T.);
#2122=EDGE_CURVE('',#1688,#1687,#240,.T.);
#2123=EDGE_CURVE('',#1681,#1688,#945,.T.);
#2124=EDGE_CURVE('',#1689,#1688,#241,.T.);
#2125=EDGE_CURVE('',#1682,#1689,#946,.T.);
#2126=EDGE_CURVE('',#1690,#1689,#242,.T.);
#2127=EDGE_CURVE('',#1683,#1690,#947,.T.);
#2128=EDGE_CURVE('',#1691,#1690,#243,.T.);
#2129=EDGE_CURVE('',#1684,#1691,#948,.T.);
#2130=EDGE_CURVE('',#1685,#1691,#244,.T.);
#2131=EDGE_CURVE('',#1692,#1693,#949,.T.);
#2132=EDGE_CURVE('',#1694,#1692,#950,.T.);
#2133=EDGE_CURVE('',#1695,#1694,#951,.T.);
#2134=EDGE_CURVE('',#1696,#1695,#952,.T.);
#2135=EDGE_CURVE('',#1697,#1696,#245,.T.);
#2136=EDGE_CURVE('',#1698,#1697,#246,.T.);
#2137=EDGE_CURVE('',#1699,#1698,#247,.T.);
#2138=EDGE_CURVE('',#1700,#1699,#248,.T.);
#2139=EDGE_CURVE('',#1701,#1700,#249,.T.);
#2140=EDGE_CURVE('',#1702,#1701,#250,.T.);
#2141=EDGE_CURVE('',#1703,#1702,#251,.T.);
#2142=EDGE_CURVE('',#1704,#1703,#252,.T.);
#2143=EDGE_CURVE('',#1705,#1704,#253,.T.);
#2144=EDGE_CURVE('',#1706,#1705,#254,.T.);
#2145=EDGE_CURVE('',#1707,#1706,#255,.T.);
#2146=EDGE_CURVE('',#1708,#1707,#953,.T.);
#2147=EDGE_CURVE('',#1709,#1708,#954,.T.);
#2148=EDGE_CURVE('',#1693,#1709,#955,.T.);
#2149=EDGE_CURVE('',#1710,#1711,#256,.T.);
#2150=EDGE_CURVE('',#1712,#1710,#257,.T.);
#2151=EDGE_CURVE('',#1713,#1712,#258,.T.);
#2152=EDGE_CURVE('',#1714,#1713,#259,.T.);
#2153=EDGE_CURVE('',#1715,#1714,#260,.T.);
#2154=EDGE_CURVE('',#1716,#1715,#261,.T.);
#2155=EDGE_CURVE('',#1717,#1716,#262,.T.);
#2156=EDGE_CURVE('',#1711,#1717,#956,.T.);
#2157=EDGE_CURVE('',#1693,#1529,#957,.T.);
#2158=EDGE_CURVE('',#1692,#1528,#958,.T.);
#2159=EDGE_CURVE('',#1694,#1545,#959,.T.);
#2160=EDGE_CURVE('',#1695,#1544,#960,.T.);
#2161=EDGE_CURVE('',#1696,#1543,#961,.T.);
#2162=EDGE_CURVE('',#1697,#1542,#962,.T.);
#2163=EDGE_CURVE('',#1698,#1541,#963,.T.);
#2164=EDGE_CURVE('',#1699,#1540,#964,.T.);
#2165=EDGE_CURVE('',#1700,#1539,#965,.T.);
#2166=EDGE_CURVE('',#1701,#1538,#966,.T.);
#2167=EDGE_CURVE('',#1702,#1537,#967,.T.);
#2168=EDGE_CURVE('',#1703,#1536,#968,.T.);
#2169=EDGE_CURVE('',#1704,#1535,#969,.T.);
#2170=EDGE_CURVE('',#1705,#1534,#970,.T.);
#2171=EDGE_CURVE('',#1706,#1533,#971,.T.);
#2172=EDGE_CURVE('',#1707,#1532,#972,.T.);
#2173=EDGE_CURVE('',#1708,#1531,#973,.T.);
#2174=EDGE_CURVE('',#1709,#1530,#974,.T.);
#2175=EDGE_CURVE('',#1711,#1718,#975,.T.);
#2176=EDGE_CURVE('',#1719,#1718,#263,.T.);
#2177=EDGE_CURVE('',#1710,#1719,#976,.T.);
#2178=EDGE_CURVE('',#1720,#1719,#264,.T.);
#2179=EDGE_CURVE('',#1712,#1720,#977,.T.);
#2180=EDGE_CURVE('',#1721,#1720,#265,.T.);
#2181=EDGE_CURVE('',#1713,#1721,#978,.T.);
#2182=EDGE_CURVE('',#1722,#1721,#266,.T.);
#2183=EDGE_CURVE('',#1714,#1722,#979,.T.);
#2184=EDGE_CURVE('',#1723,#1722,#267,.T.);
#2185=EDGE_CURVE('',#1715,#1723,#980,.T.);
#2186=EDGE_CURVE('',#1724,#1723,#268,.T.);
#2187=EDGE_CURVE('',#1716,#1724,#981,.T.);
#2188=EDGE_CURVE('',#1725,#1724,#269,.T.);
#2189=EDGE_CURVE('',#1717,#1725,#982,.T.);
#2190=EDGE_CURVE('',#1718,#1725,#983,.T.);
#2191=EDGE_CURVE('',#1726,#1727,#270,.T.);
#2192=EDGE_CURVE('',#1728,#1726,#984,.T.);
#2193=EDGE_CURVE('',#1729,#1728,#985,.T.);
#2194=EDGE_CURVE('',#1730,#1729,#271,.T.);
#2195=EDGE_CURVE('',#1731,#1730,#272,.T.);
#2196=EDGE_CURVE('',#1732,#1731,#986,.T.);
#2197=EDGE_CURVE('',#1733,#1732,#273,.T.);
#2198=EDGE_CURVE('',#1734,#1733,#987,.T.);
#2199=EDGE_CURVE('',#1735,#1734,#988,.T.);
#2200=EDGE_CURVE('',#1736,#1735,#989,.T.);
#2201=EDGE_CURVE('',#1737,#1736,#990,.T.);
#2202=EDGE_CURVE('',#1738,#1737,#274,.T.);
#2203=EDGE_CURVE('',#1739,#1738,#275,.T.);
#2204=EDGE_CURVE('',#1740,#1739,#276,.T.);
#2205=EDGE_CURVE('',#1741,#1740,#991,.T.);
#2206=EDGE_CURVE('',#1742,#1741,#277,.T.);
#2207=EDGE_CURVE('',#1743,#1742,#278,.T.);
#2208=EDGE_CURVE('',#1727,#1743,#279,.T.);
#2209=EDGE_CURVE('',#1727,#1511,#992,.T.);
#2210=EDGE_CURVE('',#1726,#1510,#993,.T.);
#2211=EDGE_CURVE('',#1728,#1527,#994,.T.);
#2212=EDGE_CURVE('',#1729,#1526,#995,.T.);
#2213=EDGE_CURVE('',#1730,#1525,#996,.T.);
#2214=EDGE_CURVE('',#1731,#1524,#997,.T.);
#2215=EDGE_CURVE('',#1732,#1523,#998,.T.);
#2216=EDGE_CURVE('',#1733,#1522,#999,.T.);
#2217=EDGE_CURVE('',#1734,#1521,#1000,.T.);
#2218=EDGE_CURVE('',#1735,#1520,#1001,.T.);
#2219=EDGE_CURVE('',#1736,#1519,#1002,.T.);
#2220=EDGE_CURVE('',#1737,#1518,#1003,.T.);
#2221=EDGE_CURVE('',#1738,#1517,#1004,.T.);
#2222=EDGE_CURVE('',#1739,#1516,#1005,.T.);
#2223=EDGE_CURVE('',#1740,#1515,#1006,.T.);
#2224=EDGE_CURVE('',#1741,#1514,#1007,.T.);
#2225=EDGE_CURVE('',#1742,#1513,#1008,.T.);
#2226=EDGE_CURVE('',#1743,#1512,#1009,.T.);
#2227=EDGE_CURVE('',#1744,#1745,#1010,.T.);
#2228=EDGE_CURVE('',#1746,#1744,#280,.T.);
#2229=EDGE_CURVE('',#1747,#1746,#281,.T.);
#2230=EDGE_CURVE('',#1748,#1747,#1011,.T.);
#2231=EDGE_CURVE('',#1749,#1748,#282,.T.);
#2232=EDGE_CURVE('',#1750,#1749,#283,.T.);
#2233=EDGE_CURVE('',#1751,#1750,#284,.T.);
#2234=EDGE_CURVE('',#1752,#1751,#285,.T.);
#2235=EDGE_CURVE('',#1753,#1752,#1012,.T.);
#2236=EDGE_CURVE('',#1754,#1753,#1013,.T.);
#2237=EDGE_CURVE('',#1755,#1754,#1014,.T.);
#2238=EDGE_CURVE('',#1756,#1755,#1015,.T.);
#2239=EDGE_CURVE('',#1757,#1756,#1016,.T.);
#2240=EDGE_CURVE('',#1758,#1757,#286,.T.);
#2241=EDGE_CURVE('',#1759,#1758,#287,.T.);
#2242=EDGE_CURVE('',#1760,#1759,#1017,.T.);
#2243=EDGE_CURVE('',#1745,#1760,#1018,.T.);
#2244=EDGE_CURVE('',#1761,#1762,#288,.T.);
#2245=EDGE_CURVE('',#1763,#1761,#1019,.T.);
#2246=EDGE_CURVE('',#1764,#1763,#1020,.T.);
#2247=EDGE_CURVE('',#1765,#1764,#1021,.T.);
#2248=EDGE_CURVE('',#1766,#1765,#289,.T.);
#2249=EDGE_CURVE('',#1767,#1766,#290,.T.);
#2250=EDGE_CURVE('',#1762,#1767,#291,.T.);
#2251=EDGE_CURVE('',#1745,#1494,#1022,.T.);
#2252=EDGE_CURVE('',#1744,#1493,#1023,.T.);
#2253=EDGE_CURVE('',#1746,#1509,#1024,.T.);
#2254=EDGE_CURVE('',#1747,#1508,#1025,.T.);
#2255=EDGE_CURVE('',#1748,#1507,#1026,.T.);
#2256=EDGE_CURVE('',#1749,#1506,#1027,.T.);
#2257=EDGE_CURVE('',#1750,#1505,#1028,.T.);
#2258=EDGE_CURVE('',#1751,#1504,#1029,.T.);
#2259=EDGE_CURVE('',#1752,#1503,#1030,.T.);
#2260=EDGE_CURVE('',#1753,#1502,#1031,.T.);
#2261=EDGE_CURVE('',#1754,#1501,#1032,.T.);
#2262=EDGE_CURVE('',#1755,#1500,#1033,.T.);
#2263=EDGE_CURVE('',#1756,#1499,#1034,.T.);
#2264=EDGE_CURVE('',#1757,#1498,#1035,.T.);
#2265=EDGE_CURVE('',#1758,#1497,#1036,.T.);
#2266=EDGE_CURVE('',#1759,#1496,#1037,.T.);
#2267=EDGE_CURVE('',#1760,#1495,#1038,.T.);
#2268=EDGE_CURVE('',#1762,#1768,#1039,.T.);
#2269=EDGE_CURVE('',#1769,#1768,#292,.T.);
#2270=EDGE_CURVE('',#1761,#1769,#1040,.T.);
#2271=EDGE_CURVE('',#1770,#1769,#1041,.T.);
#2272=EDGE_CURVE('',#1763,#1770,#1042,.T.);
#2273=EDGE_CURVE('',#1771,#1770,#1043,.T.);
#2274=EDGE_CURVE('',#1764,#1771,#1044,.T.);
#2275=EDGE_CURVE('',#1772,#1771,#1045,.T.);
#2276=EDGE_CURVE('',#1765,#1772,#1046,.T.);
#2277=EDGE_CURVE('',#1773,#1772,#293,.T.);
#2278=EDGE_CURVE('',#1766,#1773,#1047,.T.);
#2279=EDGE_CURVE('',#1774,#1773,#294,.T.);
#2280=EDGE_CURVE('',#1767,#1774,#1048,.T.);
#2281=EDGE_CURVE('',#1768,#1774,#295,.T.);
#2282=EDGE_CURVE('',#1775,#1776,#1049,.T.);
#2283=EDGE_CURVE('',#1777,#1775,#296,.T.);
#2284=EDGE_CURVE('',#1778,#1777,#297,.T.);
#2285=EDGE_CURVE('',#1779,#1778,#298,.T.);
#2286=EDGE_CURVE('',#1780,#1779,#299,.T.);
#2287=EDGE_CURVE('',#1781,#1780,#300,.T.);
#2288=EDGE_CURVE('',#1782,#1781,#301,.T.);
#2289=EDGE_CURVE('',#1783,#1782,#302,.T.);
#2290=EDGE_CURVE('',#1784,#1783,#303,.T.);
#2291=EDGE_CURVE('',#1785,#1784,#304,.T.);
#2292=EDGE_CURVE('',#1786,#1785,#1050,.T.);
#2293=EDGE_CURVE('',#1787,#1786,#1051,.T.);
#2294=EDGE_CURVE('',#1788,#1787,#1052,.T.);
#2295=EDGE_CURVE('',#1789,#1788,#1053,.T.);
#2296=EDGE_CURVE('',#1790,#1789,#1054,.T.);
#2297=EDGE_CURVE('',#1791,#1790,#1055,.T.);
#2298=EDGE_CURVE('',#1792,#1791,#305,.T.);
#2299=EDGE_CURVE('',#1793,#1792,#306,.T.);
#2300=EDGE_CURVE('',#1794,#1793,#307,.T.);
#2301=EDGE_CURVE('',#1795,#1794,#1056,.T.);
#2302=EDGE_CURVE('',#1796,#1795,#1057,.T.);
#2303=EDGE_CURVE('',#1797,#1796,#1058,.T.);
#2304=EDGE_CURVE('',#1798,#1797,#308,.T.);
#2305=EDGE_CURVE('',#1799,#1798,#309,.T.);
#2306=EDGE_CURVE('',#1800,#1799,#310,.T.);
#2307=EDGE_CURVE('',#1801,#1800,#311,.T.);
#2308=EDGE_CURVE('',#1802,#1801,#1059,.T.);
#2309=EDGE_CURVE('',#1776,#1802,#1060,.T.);
#2310=EDGE_CURVE('',#1776,#1466,#1061,.T.);
#2311=EDGE_CURVE('',#1775,#1465,#1062,.T.);
#2312=EDGE_CURVE('',#1777,#1492,#1063,.T.);
#2313=EDGE_CURVE('',#1778,#1491,#1064,.T.);
#2314=EDGE_CURVE('',#1779,#1490,#1065,.T.);
#2315=EDGE_CURVE('',#1780,#1489,#1066,.T.);
#2316=EDGE_CURVE('',#1781,#1488,#1067,.T.);
#2317=EDGE_CURVE('',#1782,#1487,#1068,.T.);
#2318=EDGE_CURVE('',#1783,#1486,#1069,.T.);
#2319=EDGE_CURVE('',#1784,#1485,#1070,.T.);
#2320=EDGE_CURVE('',#1785,#1484,#1071,.T.);
#2321=EDGE_CURVE('',#1786,#1483,#1072,.T.);
#2322=EDGE_CURVE('',#1787,#1482,#1073,.T.);
#2323=EDGE_CURVE('',#1788,#1481,#1074,.T.);
#2324=EDGE_CURVE('',#1789,#1480,#1075,.T.);
#2325=EDGE_CURVE('',#1790,#1479,#1076,.T.);
#2326=EDGE_CURVE('',#1791,#1478,#1077,.T.);
#2327=EDGE_CURVE('',#1792,#1477,#1078,.T.);
#2328=EDGE_CURVE('',#1793,#1476,#1079,.T.);
#2329=EDGE_CURVE('',#1794,#1475,#1080,.T.);
#2330=EDGE_CURVE('',#1795,#1474,#1081,.T.);
#2331=EDGE_CURVE('',#1796,#1473,#1082,.T.);
#2332=EDGE_CURVE('',#1797,#1472,#1083,.T.);
#2333=EDGE_CURVE('',#1798,#1471,#1084,.T.);
#2334=EDGE_CURVE('',#1799,#1470,#1085,.T.);
#2335=EDGE_CURVE('',#1800,#1469,#1086,.T.);
#2336=EDGE_CURVE('',#1801,#1468,#1087,.T.);
#2337=EDGE_CURVE('',#1802,#1467,#1088,.T.);
#2338=EDGE_CURVE('',#1464,#1803,#1089,.T.);
#2339=EDGE_CURVE('',#1803,#1803,#771,.T.);
#2340=EDGE_CURVE('',#1463,#1604,#1090,.T.);
#2341=EDGE_CURVE('',#1457,#1804,#1091,.T.);
#2342=EDGE_CURVE('',#1804,#1805,#772,.T.);
#2343=EDGE_CURVE('',#1805,#1458,#1092,.T.);
#2344=EDGE_CURVE('',#1806,#1456,#1093,.T.);
#2345=EDGE_CURVE('',#1806,#1804,#1094,.T.);
#2346=EDGE_CURVE('',#1807,#1808,#773,.T.);
#2347=EDGE_CURVE('',#1808,#1460,#1095,.T.);
#2348=EDGE_CURVE('',#1459,#1807,#1096,.T.);
#2349=EDGE_CURVE('',#1808,#1809,#1097,.T.);
#2350=EDGE_CURVE('',#1461,#1809,#1098,.T.);
#2351=EDGE_CURVE('',#1810,#1806,#774,.T.);
#2352=EDGE_CURVE('',#1811,#1810,#1099,.T.);
#2353=EDGE_CURVE('',#1809,#1811,#775,.T.);
#2354=EDGE_CURVE('',#1805,#1807,#1100,.T.);
#2355=EDGE_CURVE('',#1812,#1813,#1101,.T.);
#2356=EDGE_CURVE('',#1813,#1814,#1102,.T.);
#2357=EDGE_CURVE('',#1814,#1815,#1103,.T.);
#2358=EDGE_CURVE('',#1815,#1812,#1104,.T.);
#2359=EDGE_CURVE('',#1811,#1455,#1105,.T.);
#2360=EDGE_CURVE('',#1454,#1810,#1106,.T.);
#2361=EDGE_CURVE('',#1816,#1817,#1107,.T.);
#2362=EDGE_CURVE('',#1817,#1818,#1108,.T.);
#2363=EDGE_CURVE('',#1818,#1819,#1109,.T.);
#2364=EDGE_CURVE('',#1819,#1816,#1110,.T.);
#2365=EDGE_CURVE('',#1817,#1815,#1111,.T.);
#2366=EDGE_CURVE('',#1818,#1814,#1112,.T.);
#2367=EDGE_CURVE('',#1812,#1816,#1113,.T.);
#2368=EDGE_CURVE('',#1813,#1819,#1114,.T.);
#2369=ORIENTED_EDGE('',*,*,#1820,.F.);
#2370=ORIENTED_EDGE('',*,*,#1821,.F.);
#2371=ORIENTED_EDGE('',*,*,#1822,.T.);
#2372=ORIENTED_EDGE('',*,*,#1823,.F.);
#2373=ORIENTED_EDGE('',*,*,#1824,.T.);
#2374=ORIENTED_EDGE('',*,*,#1825,.F.);
#2375=ORIENTED_EDGE('',*,*,#1826,.F.);
#2376=ORIENTED_EDGE('',*,*,#1827,.F.);
#2377=ORIENTED_EDGE('',*,*,#1828,.T.);
#2378=ORIENTED_EDGE('',*,*,#1829,.T.);
#2379=ORIENTED_EDGE('',*,*,#1830,.T.);
#2380=ORIENTED_EDGE('',*,*,#1831,.T.);
#2381=ORIENTED_EDGE('',*,*,#1832,.T.);
#2382=ORIENTED_EDGE('',*,*,#1833,.T.);
#2383=ORIENTED_EDGE('',*,*,#1834,.T.);
#2384=ORIENTED_EDGE('',*,*,#1835,.T.);
#2385=ORIENTED_EDGE('',*,*,#1836,.T.);
#2386=ORIENTED_EDGE('',*,*,#1837,.T.);
#2387=ORIENTED_EDGE('',*,*,#1838,.T.);
#2388=ORIENTED_EDGE('',*,*,#1839,.T.);
#2389=ORIENTED_EDGE('',*,*,#1840,.T.);
#2390=ORIENTED_EDGE('',*,*,#1841,.T.);
#2391=ORIENTED_EDGE('',*,*,#1842,.T.);
#2392=ORIENTED_EDGE('',*,*,#1843,.T.);
#2393=ORIENTED_EDGE('',*,*,#1844,.T.);
#2394=ORIENTED_EDGE('',*,*,#1845,.T.);
#2395=ORIENTED_EDGE('',*,*,#1846,.T.);
#2396=ORIENTED_EDGE('',*,*,#1847,.T.);
#2397=ORIENTED_EDGE('',*,*,#1848,.T.);
#2398=ORIENTED_EDGE('',*,*,#1849,.T.);
#2399=ORIENTED_EDGE('',*,*,#1850,.T.);
#2400=ORIENTED_EDGE('',*,*,#1851,.T.);
#2401=ORIENTED_EDGE('',*,*,#1852,.T.);
#2402=ORIENTED_EDGE('',*,*,#1853,.T.);
#2403=ORIENTED_EDGE('',*,*,#1854,.T.);
#2404=ORIENTED_EDGE('',*,*,#1855,.T.);
#2405=ORIENTED_EDGE('',*,*,#1856,.T.);
#2406=ORIENTED_EDGE('',*,*,#1857,.T.);
#2407=ORIENTED_EDGE('',*,*,#1858,.T.);
#2408=ORIENTED_EDGE('',*,*,#1859,.T.);
#2409=ORIENTED_EDGE('',*,*,#1860,.T.);
#2410=ORIENTED_EDGE('',*,*,#1861,.T.);
#2411=ORIENTED_EDGE('',*,*,#1862,.T.);
#2412=ORIENTED_EDGE('',*,*,#1863,.T.);
#2413=ORIENTED_EDGE('',*,*,#1864,.T.);
#2414=ORIENTED_EDGE('',*,*,#1865,.T.);
#2415=ORIENTED_EDGE('',*,*,#1866,.T.);
#2416=ORIENTED_EDGE('',*,*,#1867,.T.);
#2417=ORIENTED_EDGE('',*,*,#1868,.T.);
#2418=ORIENTED_EDGE('',*,*,#1869,.T.);
#2419=ORIENTED_EDGE('',*,*,#1870,.T.);
#2420=ORIENTED_EDGE('',*,*,#1871,.T.);
#2421=ORIENTED_EDGE('',*,*,#1872,.T.);
#2422=ORIENTED_EDGE('',*,*,#1873,.T.);
#2423=ORIENTED_EDGE('',*,*,#1874,.T.);
#2424=ORIENTED_EDGE('',*,*,#1875,.T.);
#2425=ORIENTED_EDGE('',*,*,#1876,.T.);
#2426=ORIENTED_EDGE('',*,*,#1877,.T.);
#2427=ORIENTED_EDGE('',*,*,#1878,.T.);
#2428=ORIENTED_EDGE('',*,*,#1879,.T.);
#2429=ORIENTED_EDGE('',*,*,#1880,.T.);
#2430=ORIENTED_EDGE('',*,*,#1881,.T.);
#2431=ORIENTED_EDGE('',*,*,#1882,.T.);
#2432=ORIENTED_EDGE('',*,*,#1883,.T.);
#2433=ORIENTED_EDGE('',*,*,#1884,.T.);
#2434=ORIENTED_EDGE('',*,*,#1885,.T.);
#2435=ORIENTED_EDGE('',*,*,#1886,.T.);
#2436=ORIENTED_EDGE('',*,*,#1887,.T.);
#2437=ORIENTED_EDGE('',*,*,#1888,.T.);
#2438=ORIENTED_EDGE('',*,*,#1889,.T.);
#2439=ORIENTED_EDGE('',*,*,#1890,.T.);
#2440=ORIENTED_EDGE('',*,*,#1891,.T.);
#2441=ORIENTED_EDGE('',*,*,#1892,.T.);
#2442=ORIENTED_EDGE('',*,*,#1893,.T.);
#2443=ORIENTED_EDGE('',*,*,#1894,.T.);
#2444=ORIENTED_EDGE('',*,*,#1895,.T.);
#2445=ORIENTED_EDGE('',*,*,#1896,.T.);
#2446=ORIENTED_EDGE('',*,*,#1897,.T.);
#2447=ORIENTED_EDGE('',*,*,#1898,.T.);
#2448=ORIENTED_EDGE('',*,*,#1899,.T.);
#2449=ORIENTED_EDGE('',*,*,#1900,.T.);
#2450=ORIENTED_EDGE('',*,*,#1901,.T.);
#2451=ORIENTED_EDGE('',*,*,#1902,.T.);
#2452=ORIENTED_EDGE('',*,*,#1903,.T.);
#2453=ORIENTED_EDGE('',*,*,#1904,.T.);
#2454=ORIENTED_EDGE('',*,*,#1905,.T.);
#2455=ORIENTED_EDGE('',*,*,#1906,.T.);
#2456=ORIENTED_EDGE('',*,*,#1907,.T.);
#2457=ORIENTED_EDGE('',*,*,#1908,.T.);
#2458=ORIENTED_EDGE('',*,*,#1909,.T.);
#2459=ORIENTED_EDGE('',*,*,#1910,.T.);
#2460=ORIENTED_EDGE('',*,*,#1911,.T.);
#2461=ORIENTED_EDGE('',*,*,#1912,.T.);
#2462=ORIENTED_EDGE('',*,*,#1913,.T.);
#2463=ORIENTED_EDGE('',*,*,#1914,.T.);
#2464=ORIENTED_EDGE('',*,*,#1915,.T.);
#2465=ORIENTED_EDGE('',*,*,#1916,.T.);
#2466=ORIENTED_EDGE('',*,*,#1917,.T.);
#2467=ORIENTED_EDGE('',*,*,#1918,.T.);
#2468=ORIENTED_EDGE('',*,*,#1919,.T.);
#2469=ORIENTED_EDGE('',*,*,#1920,.T.);
#2470=ORIENTED_EDGE('',*,*,#1921,.T.);
#2471=ORIENTED_EDGE('',*,*,#1922,.T.);
#2472=ORIENTED_EDGE('',*,*,#1923,.T.);
#2473=ORIENTED_EDGE('',*,*,#1924,.T.);
#2474=ORIENTED_EDGE('',*,*,#1925,.T.);
#2475=ORIENTED_EDGE('',*,*,#1926,.T.);
#2476=ORIENTED_EDGE('',*,*,#1927,.T.);
#2477=ORIENTED_EDGE('',*,*,#1928,.T.);
#2478=ORIENTED_EDGE('',*,*,#1929,.T.);
#2479=ORIENTED_EDGE('',*,*,#1930,.T.);
#2480=ORIENTED_EDGE('',*,*,#1931,.T.);
#2481=ORIENTED_EDGE('',*,*,#1932,.T.);
#2482=ORIENTED_EDGE('',*,*,#1933,.T.);
#2483=ORIENTED_EDGE('',*,*,#1934,.T.);
#2484=ORIENTED_EDGE('',*,*,#1935,.T.);
#2485=ORIENTED_EDGE('',*,*,#1936,.T.);
#2486=ORIENTED_EDGE('',*,*,#1937,.T.);
#2487=ORIENTED_EDGE('',*,*,#1938,.T.);
#2488=ORIENTED_EDGE('',*,*,#1939,.T.);
#2489=ORIENTED_EDGE('',*,*,#1940,.T.);
#2490=ORIENTED_EDGE('',*,*,#1941,.T.);
#2491=ORIENTED_EDGE('',*,*,#1942,.T.);
#2492=ORIENTED_EDGE('',*,*,#1943,.T.);
#2493=ORIENTED_EDGE('',*,*,#1944,.T.);
#2494=ORIENTED_EDGE('',*,*,#1945,.T.);
#2495=ORIENTED_EDGE('',*,*,#1946,.T.);
#2496=ORIENTED_EDGE('',*,*,#1947,.T.);
#2497=ORIENTED_EDGE('',*,*,#1948,.T.);
#2498=ORIENTED_EDGE('',*,*,#1949,.T.);
#2499=ORIENTED_EDGE('',*,*,#1950,.T.);
#2500=ORIENTED_EDGE('',*,*,#1951,.T.);
#2501=ORIENTED_EDGE('',*,*,#1952,.T.);
#2502=ORIENTED_EDGE('',*,*,#1953,.T.);
#2503=ORIENTED_EDGE('',*,*,#1954,.T.);
#2504=ORIENTED_EDGE('',*,*,#1955,.T.);
#2505=ORIENTED_EDGE('',*,*,#1956,.T.);
#2506=ORIENTED_EDGE('',*,*,#1957,.T.);
#2507=ORIENTED_EDGE('',*,*,#1958,.T.);
#2508=ORIENTED_EDGE('',*,*,#1959,.T.);
#2509=ORIENTED_EDGE('',*,*,#1960,.T.);
#2510=ORIENTED_EDGE('',*,*,#1961,.T.);
#2511=ORIENTED_EDGE('',*,*,#1962,.T.);
#2512=ORIENTED_EDGE('',*,*,#1963,.T.);
#2513=ORIENTED_EDGE('',*,*,#1964,.T.);
#2514=ORIENTED_EDGE('',*,*,#1965,.F.);
#2515=ORIENTED_EDGE('',*,*,#1966,.T.);
#2516=ORIENTED_EDGE('',*,*,#1967,.T.);
#2517=ORIENTED_EDGE('',*,*,#1966,.F.);
#2518=ORIENTED_EDGE('',*,*,#1967,.F.);
#2519=ORIENTED_EDGE('',*,*,#1968,.F.);
#2520=ORIENTED_EDGE('',*,*,#1828,.F.);
#2521=ORIENTED_EDGE('',*,*,#1969,.T.);
#2522=ORIENTED_EDGE('',*,*,#1968,.T.);
#2523=ORIENTED_EDGE('',*,*,#1969,.F.);
#2524=ORIENTED_EDGE('',*,*,#1970,.F.);
#2525=ORIENTED_EDGE('',*,*,#1971,.T.);
#2526=ORIENTED_EDGE('',*,*,#1972,.T.);
#2527=ORIENTED_EDGE('',*,*,#1971,.F.);
#2528=ORIENTED_EDGE('',*,*,#1972,.F.);
#2529=ORIENTED_EDGE('',*,*,#1973,.F.);
#2530=ORIENTED_EDGE('',*,*,#1974,.F.);
#2531=ORIENTED_EDGE('',*,*,#1975,.F.);
#2532=ORIENTED_EDGE('',*,*,#1976,.F.);
#2533=ORIENTED_EDGE('',*,*,#1977,.F.);
#2534=ORIENTED_EDGE('',*,*,#1978,.F.);
#2535=ORIENTED_EDGE('',*,*,#1979,.F.);
#2536=ORIENTED_EDGE('',*,*,#1980,.F.);
#2537=ORIENTED_EDGE('',*,*,#1981,.F.);
#2538=ORIENTED_EDGE('',*,*,#1982,.F.);
#2539=ORIENTED_EDGE('',*,*,#1983,.F.);
#2540=ORIENTED_EDGE('',*,*,#1984,.F.);
#2541=ORIENTED_EDGE('',*,*,#1985,.F.);
#2542=ORIENTED_EDGE('',*,*,#1986,.F.);
#2543=ORIENTED_EDGE('',*,*,#1987,.F.);
#2544=ORIENTED_EDGE('',*,*,#1974,.T.);
#2545=ORIENTED_EDGE('',*,*,#1988,.T.);
#2546=ORIENTED_EDGE('',*,*,#1957,.F.);
#2547=ORIENTED_EDGE('',*,*,#1989,.F.);
#2548=ORIENTED_EDGE('',*,*,#1975,.T.);
#2549=ORIENTED_EDGE('',*,*,#1989,.T.);
#2550=ORIENTED_EDGE('',*,*,#1964,.F.);
#2551=ORIENTED_EDGE('',*,*,#1990,.F.);
#2552=ORIENTED_EDGE('',*,*,#1976,.T.);
#2553=ORIENTED_EDGE('',*,*,#1990,.T.);
#2554=ORIENTED_EDGE('',*,*,#1963,.F.);
#2555=ORIENTED_EDGE('',*,*,#1991,.F.);
#2556=ORIENTED_EDGE('',*,*,#1977,.T.);
#2557=ORIENTED_EDGE('',*,*,#1991,.T.);
#2558=ORIENTED_EDGE('',*,*,#1962,.F.);
#2559=ORIENTED_EDGE('',*,*,#1992,.F.);
#2560=ORIENTED_EDGE('',*,*,#1978,.T.);
#2561=ORIENTED_EDGE('',*,*,#1992,.T.);
#2562=ORIENTED_EDGE('',*,*,#1961,.F.);
#2563=ORIENTED_EDGE('',*,*,#1993,.F.);
#2564=ORIENTED_EDGE('',*,*,#1979,.T.);
#2565=ORIENTED_EDGE('',*,*,#1993,.T.);
#2566=ORIENTED_EDGE('',*,*,#1960,.F.);
#2567=ORIENTED_EDGE('',*,*,#1994,.F.);
#2568=ORIENTED_EDGE('',*,*,#1980,.T.);
#2569=ORIENTED_EDGE('',*,*,#1994,.T.);
#2570=ORIENTED_EDGE('',*,*,#1959,.F.);
#2571=ORIENTED_EDGE('',*,*,#1995,.F.);
#2572=ORIENTED_EDGE('',*,*,#1981,.T.);
#2573=ORIENTED_EDGE('',*,*,#1995,.T.);
#2574=ORIENTED_EDGE('',*,*,#1958,.F.);
#2575=ORIENTED_EDGE('',*,*,#1988,.F.);
#2576=ORIENTED_EDGE('',*,*,#1982,.T.);
#2577=ORIENTED_EDGE('',*,*,#1996,.T.);
#2578=ORIENTED_EDGE('',*,*,#1997,.F.);
#2579=ORIENTED_EDGE('',*,*,#1998,.F.);
#2580=ORIENTED_EDGE('',*,*,#1983,.T.);
#2581=ORIENTED_EDGE('',*,*,#1998,.T.);
#2582=ORIENTED_EDGE('',*,*,#1999,.F.);
#2583=ORIENTED_EDGE('',*,*,#2000,.F.);
#2584=ORIENTED_EDGE('',*,*,#1984,.T.);
#2585=ORIENTED_EDGE('',*,*,#2000,.T.);
#2586=ORIENTED_EDGE('',*,*,#2001,.F.);
#2587=ORIENTED_EDGE('',*,*,#2002,.F.);
#2588=ORIENTED_EDGE('',*,*,#1985,.T.);
#2589=ORIENTED_EDGE('',*,*,#2002,.T.);
#2590=ORIENTED_EDGE('',*,*,#2003,.F.);
#2591=ORIENTED_EDGE('',*,*,#2004,.F.);
#2592=ORIENTED_EDGE('',*,*,#1986,.T.);
#2593=ORIENTED_EDGE('',*,*,#2004,.T.);
#2594=ORIENTED_EDGE('',*,*,#2005,.F.);
#2595=ORIENTED_EDGE('',*,*,#2006,.F.);
#2596=ORIENTED_EDGE('',*,*,#1987,.T.);
#2597=ORIENTED_EDGE('',*,*,#2006,.T.);
#2598=ORIENTED_EDGE('',*,*,#2007,.F.);
#2599=ORIENTED_EDGE('',*,*,#1996,.F.);
#2600=ORIENTED_EDGE('',*,*,#2008,.F.);
#2601=ORIENTED_EDGE('',*,*,#2009,.F.);
#2602=ORIENTED_EDGE('',*,*,#2010,.F.);
#2603=ORIENTED_EDGE('',*,*,#2011,.F.);
#2604=ORIENTED_EDGE('',*,*,#2012,.F.);
#2605=ORIENTED_EDGE('',*,*,#2013,.F.);
#2606=ORIENTED_EDGE('',*,*,#2014,.F.);
#2607=ORIENTED_EDGE('',*,*,#2015,.F.);
#2608=ORIENTED_EDGE('',*,*,#2016,.F.);
#2609=ORIENTED_EDGE('',*,*,#2017,.F.);
#2610=ORIENTED_EDGE('',*,*,#2018,.F.);
#2611=ORIENTED_EDGE('',*,*,#2019,.F.);
#2612=ORIENTED_EDGE('',*,*,#2020,.F.);
#2613=ORIENTED_EDGE('',*,*,#2008,.T.);
#2614=ORIENTED_EDGE('',*,*,#2021,.T.);
#2615=ORIENTED_EDGE('',*,*,#1944,.F.);
#2616=ORIENTED_EDGE('',*,*,#2022,.F.);
#2617=ORIENTED_EDGE('',*,*,#2009,.T.);
#2618=ORIENTED_EDGE('',*,*,#2022,.T.);
#2619=ORIENTED_EDGE('',*,*,#1956,.F.);
#2620=ORIENTED_EDGE('',*,*,#2023,.F.);
#2621=ORIENTED_EDGE('',*,*,#2010,.T.);
#2622=ORIENTED_EDGE('',*,*,#2023,.T.);
#2623=ORIENTED_EDGE('',*,*,#1955,.F.);
#2624=ORIENTED_EDGE('',*,*,#2024,.F.);
#2625=ORIENTED_EDGE('',*,*,#2011,.T.);
#2626=ORIENTED_EDGE('',*,*,#2024,.T.);
#2627=ORIENTED_EDGE('',*,*,#1954,.F.);
#2628=ORIENTED_EDGE('',*,*,#2025,.F.);
#2629=ORIENTED_EDGE('',*,*,#2012,.T.);
#2630=ORIENTED_EDGE('',*,*,#2025,.T.);
#2631=ORIENTED_EDGE('',*,*,#1953,.F.);
#2632=ORIENTED_EDGE('',*,*,#2026,.F.);
#2633=ORIENTED_EDGE('',*,*,#2013,.T.);
#2634=ORIENTED_EDGE('',*,*,#2026,.T.);
#2635=ORIENTED_EDGE('',*,*,#1952,.F.);
#2636=ORIENTED_EDGE('',*,*,#2027,.F.);
#2637=ORIENTED_EDGE('',*,*,#2014,.T.);
#2638=ORIENTED_EDGE('',*,*,#2027,.T.);
#2639=ORIENTED_EDGE('',*,*,#1951,.F.);
#2640=ORIENTED_EDGE('',*,*,#2028,.F.);
#2641=ORIENTED_EDGE('',*,*,#2015,.T.);
#2642=ORIENTED_EDGE('',*,*,#2028,.T.);
#2643=ORIENTED_EDGE('',*,*,#1950,.F.);
#2644=ORIENTED_EDGE('',*,*,#2029,.F.);
#2645=ORIENTED_EDGE('',*,*,#2016,.T.);
#2646=ORIENTED_EDGE('',*,*,#2029,.T.);
#2647=ORIENTED_EDGE('',*,*,#1949,.F.);
#2648=ORIENTED_EDGE('',*,*,#2030,.F.);
#2649=ORIENTED_EDGE('',*,*,#2017,.T.);
#2650=ORIENTED_EDGE('',*,*,#2030,.T.);
#2651=ORIENTED_EDGE('',*,*,#1948,.F.);
#2652=ORIENTED_EDGE('',*,*,#2031,.F.);
#2653=ORIENTED_EDGE('',*,*,#2018,.T.);
#2654=ORIENTED_EDGE('',*,*,#2031,.T.);
#2655=ORIENTED_EDGE('',*,*,#1947,.F.);
#2656=ORIENTED_EDGE('',*,*,#2032,.F.);
#2657=ORIENTED_EDGE('',*,*,#2019,.T.);
#2658=ORIENTED_EDGE('',*,*,#2032,.T.);
#2659=ORIENTED_EDGE('',*,*,#1946,.F.);
#2660=ORIENTED_EDGE('',*,*,#2033,.F.);
#2661=ORIENTED_EDGE('',*,*,#2020,.T.);
#2662=ORIENTED_EDGE('',*,*,#2033,.T.);
#2663=ORIENTED_EDGE('',*,*,#1945,.F.);
#2664=ORIENTED_EDGE('',*,*,#2021,.F.);
#2665=ORIENTED_EDGE('',*,*,#2034,.F.);
#2666=ORIENTED_EDGE('',*,*,#2035,.F.);
#2667=ORIENTED_EDGE('',*,*,#2036,.F.);
#2668=ORIENTED_EDGE('',*,*,#2037,.F.);
#2669=ORIENTED_EDGE('',*,*,#2038,.F.);
#2670=ORIENTED_EDGE('',*,*,#2039,.F.);
#2671=ORIENTED_EDGE('',*,*,#2040,.F.);
#2672=ORIENTED_EDGE('',*,*,#2041,.F.);
#2673=ORIENTED_EDGE('',*,*,#2042,.F.);
#2674=ORIENTED_EDGE('',*,*,#2043,.F.);
#2675=ORIENTED_EDGE('',*,*,#2044,.F.);
#2676=ORIENTED_EDGE('',*,*,#2045,.F.);
#2677=ORIENTED_EDGE('',*,*,#2046,.F.);
#2678=ORIENTED_EDGE('',*,*,#2047,.F.);
#2679=ORIENTED_EDGE('',*,*,#2048,.F.);
#2680=ORIENTED_EDGE('',*,*,#2049,.F.);
#2681=ORIENTED_EDGE('',*,*,#2050,.F.);
#2682=ORIENTED_EDGE('',*,*,#2051,.F.);
#2683=ORIENTED_EDGE('',*,*,#2052,.F.);
#2684=ORIENTED_EDGE('',*,*,#2034,.T.);
#2685=ORIENTED_EDGE('',*,*,#2053,.T.);
#2686=ORIENTED_EDGE('',*,*,#1929,.F.);
#2687=ORIENTED_EDGE('',*,*,#2054,.F.);
#2688=ORIENTED_EDGE('',*,*,#2035,.T.);
#2689=ORIENTED_EDGE('',*,*,#2054,.T.);
#2690=ORIENTED_EDGE('',*,*,#1943,.F.);
#2691=ORIENTED_EDGE('',*,*,#2055,.F.);
#2692=ORIENTED_EDGE('',*,*,#2036,.T.);
#2693=ORIENTED_EDGE('',*,*,#2055,.T.);
#2694=ORIENTED_EDGE('',*,*,#1942,.F.);
#2695=ORIENTED_EDGE('',*,*,#2056,.F.);
#2696=ORIENTED_EDGE('',*,*,#2037,.T.);
#2697=ORIENTED_EDGE('',*,*,#2056,.T.);
#2698=ORIENTED_EDGE('',*,*,#1941,.F.);
#2699=ORIENTED_EDGE('',*,*,#2057,.F.);
#2700=ORIENTED_EDGE('',*,*,#2038,.T.);
#2701=ORIENTED_EDGE('',*,*,#2057,.T.);
#2702=ORIENTED_EDGE('',*,*,#1940,.F.);
#2703=ORIENTED_EDGE('',*,*,#2058,.F.);
#2704=ORIENTED_EDGE('',*,*,#2039,.T.);
#2705=ORIENTED_EDGE('',*,*,#2058,.T.);
#2706=ORIENTED_EDGE('',*,*,#1939,.F.);
#2707=ORIENTED_EDGE('',*,*,#2059,.F.);
#2708=ORIENTED_EDGE('',*,*,#2040,.T.);
#2709=ORIENTED_EDGE('',*,*,#2059,.T.);
#2710=ORIENTED_EDGE('',*,*,#1938,.F.);
#2711=ORIENTED_EDGE('',*,*,#2060,.F.);
#2712=ORIENTED_EDGE('',*,*,#2041,.T.);
#2713=ORIENTED_EDGE('',*,*,#2060,.T.);
#2714=ORIENTED_EDGE('',*,*,#1937,.F.);
#2715=ORIENTED_EDGE('',*,*,#2061,.F.);
#2716=ORIENTED_EDGE('',*,*,#2042,.T.);
#2717=ORIENTED_EDGE('',*,*,#2061,.T.);
#2718=ORIENTED_EDGE('',*,*,#1936,.F.);
#2719=ORIENTED_EDGE('',*,*,#2062,.F.);
#2720=ORIENTED_EDGE('',*,*,#2043,.T.);
#2721=ORIENTED_EDGE('',*,*,#2062,.T.);
#2722=ORIENTED_EDGE('',*,*,#1935,.F.);
#2723=ORIENTED_EDGE('',*,*,#2063,.F.);
#2724=ORIENTED_EDGE('',*,*,#2044,.T.);
#2725=ORIENTED_EDGE('',*,*,#2063,.T.);
#2726=ORIENTED_EDGE('',*,*,#1934,.F.);
#2727=ORIENTED_EDGE('',*,*,#2064,.F.);
#2728=ORIENTED_EDGE('',*,*,#2045,.T.);
#2729=ORIENTED_EDGE('',*,*,#2064,.T.);
#2730=ORIENTED_EDGE('',*,*,#1933,.F.);
#2731=ORIENTED_EDGE('',*,*,#2065,.F.);
#2732=ORIENTED_EDGE('',*,*,#2046,.T.);
#2733=ORIENTED_EDGE('',*,*,#2065,.T.);
#2734=ORIENTED_EDGE('',*,*,#1932,.F.);
#2735=ORIENTED_EDGE('',*,*,#2066,.F.);
#2736=ORIENTED_EDGE('',*,*,#2047,.T.);
#2737=ORIENTED_EDGE('',*,*,#2066,.T.);
#2738=ORIENTED_EDGE('',*,*,#1931,.F.);
#2739=ORIENTED_EDGE('',*,*,#2067,.F.);
#2740=ORIENTED_EDGE('',*,*,#2048,.T.);
#2741=ORIENTED_EDGE('',*,*,#2067,.T.);
#2742=ORIENTED_EDGE('',*,*,#1930,.F.);
#2743=ORIENTED_EDGE('',*,*,#2053,.F.);
#2744=ORIENTED_EDGE('',*,*,#2049,.T.);
#2745=ORIENTED_EDGE('',*,*,#2068,.T.);
#2746=ORIENTED_EDGE('',*,*,#2069,.F.);
#2747=ORIENTED_EDGE('',*,*,#2070,.F.);
#2748=ORIENTED_EDGE('',*,*,#2050,.T.);
#2749=ORIENTED_EDGE('',*,*,#2070,.T.);
#2750=ORIENTED_EDGE('',*,*,#2071,.F.);
#2751=ORIENTED_EDGE('',*,*,#2072,.F.);
#2752=ORIENTED_EDGE('',*,*,#2051,.T.);
#2753=ORIENTED_EDGE('',*,*,#2072,.T.);
#2754=ORIENTED_EDGE('',*,*,#2073,.F.);
#2755=ORIENTED_EDGE('',*,*,#2074,.F.);
#2756=ORIENTED_EDGE('',*,*,#2052,.T.);
#2757=ORIENTED_EDGE('',*,*,#2074,.T.);
#2758=ORIENTED_EDGE('',*,*,#2075,.F.);
#2759=ORIENTED_EDGE('',*,*,#2068,.F.);
#2760=ORIENTED_EDGE('',*,*,#2076,.F.);
#2761=ORIENTED_EDGE('',*,*,#2077,.F.);
#2762=ORIENTED_EDGE('',*,*,#2078,.F.);
#2763=ORIENTED_EDGE('',*,*,#2079,.F.);
#2764=ORIENTED_EDGE('',*,*,#2080,.F.);
#2765=ORIENTED_EDGE('',*,*,#2081,.F.);
#2766=ORIENTED_EDGE('',*,*,#2082,.F.);
#2767=ORIENTED_EDGE('',*,*,#2083,.F.);
#2768=ORIENTED_EDGE('',*,*,#2084,.F.);
#2769=ORIENTED_EDGE('',*,*,#2085,.F.);
#2770=ORIENTED_EDGE('',*,*,#2086,.F.);
#2771=ORIENTED_EDGE('',*,*,#2087,.F.);
#2772=ORIENTED_EDGE('',*,*,#2088,.F.);
#2773=ORIENTED_EDGE('',*,*,#2089,.F.);
#2774=ORIENTED_EDGE('',*,*,#2090,.F.);
#2775=ORIENTED_EDGE('',*,*,#2091,.F.);
#2776=ORIENTED_EDGE('',*,*,#2092,.F.);
#2777=ORIENTED_EDGE('',*,*,#2093,.F.);
#2778=ORIENTED_EDGE('',*,*,#2094,.F.);
#2779=ORIENTED_EDGE('',*,*,#2095,.F.);
#2780=ORIENTED_EDGE('',*,*,#2096,.F.);
#2781=ORIENTED_EDGE('',*,*,#2097,.F.);
#2782=ORIENTED_EDGE('',*,*,#2098,.F.);
#2783=ORIENTED_EDGE('',*,*,#2099,.F.);
#2784=ORIENTED_EDGE('',*,*,#2076,.T.);
#2785=ORIENTED_EDGE('',*,*,#2100,.T.);
#2786=ORIENTED_EDGE('',*,*,#1912,.F.);
#2787=ORIENTED_EDGE('',*,*,#2101,.F.);
#2788=ORIENTED_EDGE('',*,*,#2077,.T.);
#2789=ORIENTED_EDGE('',*,*,#2101,.T.);
#2790=ORIENTED_EDGE('',*,*,#1928,.F.);
#2791=ORIENTED_EDGE('',*,*,#2102,.F.);
#2792=ORIENTED_EDGE('',*,*,#2078,.T.);
#2793=ORIENTED_EDGE('',*,*,#2102,.T.);
#2794=ORIENTED_EDGE('',*,*,#1927,.F.);
#2795=ORIENTED_EDGE('',*,*,#2103,.F.);
#2796=ORIENTED_EDGE('',*,*,#2079,.T.);
#2797=ORIENTED_EDGE('',*,*,#2103,.T.);
#2798=ORIENTED_EDGE('',*,*,#1926,.F.);
#2799=ORIENTED_EDGE('',*,*,#2104,.F.);
#2800=ORIENTED_EDGE('',*,*,#2080,.T.);
#2801=ORIENTED_EDGE('',*,*,#2104,.T.);
#2802=ORIENTED_EDGE('',*,*,#1925,.F.);
#2803=ORIENTED_EDGE('',*,*,#2105,.F.);
#2804=ORIENTED_EDGE('',*,*,#2081,.T.);
#2805=ORIENTED_EDGE('',*,*,#2105,.T.);
#2806=ORIENTED_EDGE('',*,*,#1924,.F.);
#2807=ORIENTED_EDGE('',*,*,#2106,.F.);
#2808=ORIENTED_EDGE('',*,*,#2082,.T.);
#2809=ORIENTED_EDGE('',*,*,#2106,.T.);
#2810=ORIENTED_EDGE('',*,*,#1923,.F.);
#2811=ORIENTED_EDGE('',*,*,#2107,.F.);
#2812=ORIENTED_EDGE('',*,*,#2083,.T.);
#2813=ORIENTED_EDGE('',*,*,#2107,.T.);
#2814=ORIENTED_EDGE('',*,*,#1922,.F.);
#2815=ORIENTED_EDGE('',*,*,#2108,.F.);
#2816=ORIENTED_EDGE('',*,*,#2084,.T.);
#2817=ORIENTED_EDGE('',*,*,#2108,.T.);
#2818=ORIENTED_EDGE('',*,*,#1921,.F.);
#2819=ORIENTED_EDGE('',*,*,#2109,.F.);
#2820=ORIENTED_EDGE('',*,*,#2085,.T.);
#2821=ORIENTED_EDGE('',*,*,#2109,.T.);
#2822=ORIENTED_EDGE('',*,*,#1920,.F.);
#2823=ORIENTED_EDGE('',*,*,#2110,.F.);
#2824=ORIENTED_EDGE('',*,*,#2086,.T.);
#2825=ORIENTED_EDGE('',*,*,#2110,.T.);
#2826=ORIENTED_EDGE('',*,*,#1919,.F.);
#2827=ORIENTED_EDGE('',*,*,#2111,.F.);
#2828=ORIENTED_EDGE('',*,*,#2087,.T.);
#2829=ORIENTED_EDGE('',*,*,#2111,.T.);
#2830=ORIENTED_EDGE('',*,*,#1918,.F.);
#2831=ORIENTED_EDGE('',*,*,#2112,.F.);
#2832=ORIENTED_EDGE('',*,*,#2088,.T.);
#2833=ORIENTED_EDGE('',*,*,#2112,.T.);
#2834=ORIENTED_EDGE('',*,*,#1917,.F.);
#2835=ORIENTED_EDGE('',*,*,#2113,.F.);
#2836=ORIENTED_EDGE('',*,*,#2089,.T.);
#2837=ORIENTED_EDGE('',*,*,#2113,.T.);
#2838=ORIENTED_EDGE('',*,*,#1916,.F.);
#2839=ORIENTED_EDGE('',*,*,#2114,.F.);
#2840=ORIENTED_EDGE('',*,*,#2090,.T.);
#2841=ORIENTED_EDGE('',*,*,#2114,.T.);
#2842=ORIENTED_EDGE('',*,*,#1915,.F.);
#2843=ORIENTED_EDGE('',*,*,#2115,.F.);
#2844=ORIENTED_EDGE('',*,*,#2091,.T.);
#2845=ORIENTED_EDGE('',*,*,#2115,.T.);
#2846=ORIENTED_EDGE('',*,*,#1914,.F.);
#2847=ORIENTED_EDGE('',*,*,#2116,.F.);
#2848=ORIENTED_EDGE('',*,*,#2092,.T.);
#2849=ORIENTED_EDGE('',*,*,#2116,.T.);
#2850=ORIENTED_EDGE('',*,*,#1913,.F.);
#2851=ORIENTED_EDGE('',*,*,#2100,.F.);
#2852=ORIENTED_EDGE('',*,*,#2093,.T.);
#2853=ORIENTED_EDGE('',*,*,#2117,.T.);
#2854=ORIENTED_EDGE('',*,*,#2118,.F.);
#2855=ORIENTED_EDGE('',*,*,#2119,.F.);
#2856=ORIENTED_EDGE('',*,*,#2094,.T.);
#2857=ORIENTED_EDGE('',*,*,#2119,.T.);
#2858=ORIENTED_EDGE('',*,*,#2120,.F.);
#2859=ORIENTED_EDGE('',*,*,#2121,.F.);
#2860=ORIENTED_EDGE('',*,*,#2095,.T.);
#2861=ORIENTED_EDGE('',*,*,#2121,.T.);
#2862=ORIENTED_EDGE('',*,*,#2122,.F.);
#2863=ORIENTED_EDGE('',*,*,#2123,.F.);
#2864=ORIENTED_EDGE('',*,*,#2096,.T.);
#2865=ORIENTED_EDGE('',*,*,#2123,.T.);
#2866=ORIENTED_EDGE('',*,*,#2124,.F.);
#2867=ORIENTED_EDGE('',*,*,#2125,.F.);
#2868=ORIENTED_EDGE('',*,*,#2097,.T.);
#2869=ORIENTED_EDGE('',*,*,#2125,.T.);
#2870=ORIENTED_EDGE('',*,*,#2126,.F.);
#2871=ORIENTED_EDGE('',*,*,#2127,.F.);
#2872=ORIENTED_EDGE('',*,*,#2098,.T.);
#2873=ORIENTED_EDGE('',*,*,#2127,.T.);
#2874=ORIENTED_EDGE('',*,*,#2128,.F.);
#2875=ORIENTED_EDGE('',*,*,#2129,.F.);
#2876=ORIENTED_EDGE('',*,*,#2099,.T.);
#2877=ORIENTED_EDGE('',*,*,#2129,.T.);
#2878=ORIENTED_EDGE('',*,*,#2130,.F.);
#2879=ORIENTED_EDGE('',*,*,#2117,.F.);
#2880=ORIENTED_EDGE('',*,*,#2131,.F.);
#2881=ORIENTED_EDGE('',*,*,#2132,.F.);
#2882=ORIENTED_EDGE('',*,*,#2133,.F.);
#2883=ORIENTED_EDGE('',*,*,#2134,.F.);
#2884=ORIENTED_EDGE('',*,*,#2135,.F.);
#2885=ORIENTED_EDGE('',*,*,#2136,.F.);
#2886=ORIENTED_EDGE('',*,*,#2137,.F.);
#2887=ORIENTED_EDGE('',*,*,#2138,.F.);
#2888=ORIENTED_EDGE('',*,*,#2139,.F.);
#2889=ORIENTED_EDGE('',*,*,#2140,.F.);
#2890=ORIENTED_EDGE('',*,*,#2141,.F.);
#2891=ORIENTED_EDGE('',*,*,#2142,.F.);
#2892=ORIENTED_EDGE('',*,*,#2143,.F.);
#2893=ORIENTED_EDGE('',*,*,#2144,.F.);
#2894=ORIENTED_EDGE('',*,*,#2145,.F.);
#2895=ORIENTED_EDGE('',*,*,#2146,.F.);
#2896=ORIENTED_EDGE('',*,*,#2147,.F.);
#2897=ORIENTED_EDGE('',*,*,#2148,.F.);
#2898=ORIENTED_EDGE('',*,*,#2149,.F.);
#2899=ORIENTED_EDGE('',*,*,#2150,.F.);
#2900=ORIENTED_EDGE('',*,*,#2151,.F.);
#2901=ORIENTED_EDGE('',*,*,#2152,.F.);
#2902=ORIENTED_EDGE('',*,*,#2153,.F.);
#2903=ORIENTED_EDGE('',*,*,#2154,.F.);
#2904=ORIENTED_EDGE('',*,*,#2155,.F.);
#2905=ORIENTED_EDGE('',*,*,#2156,.F.);
#2906=ORIENTED_EDGE('',*,*,#2131,.T.);
#2907=ORIENTED_EDGE('',*,*,#2157,.T.);
#2908=ORIENTED_EDGE('',*,*,#1894,.F.);
#2909=ORIENTED_EDGE('',*,*,#2158,.F.);
#2910=ORIENTED_EDGE('',*,*,#2132,.T.);
#2911=ORIENTED_EDGE('',*,*,#2158,.T.);
#2912=ORIENTED_EDGE('',*,*,#1911,.F.);
#2913=ORIENTED_EDGE('',*,*,#2159,.F.);
#2914=ORIENTED_EDGE('',*,*,#2133,.T.);
#2915=ORIENTED_EDGE('',*,*,#2159,.T.);
#2916=ORIENTED_EDGE('',*,*,#1910,.F.);
#2917=ORIENTED_EDGE('',*,*,#2160,.F.);
#2918=ORIENTED_EDGE('',*,*,#2134,.T.);
#2919=ORIENTED_EDGE('',*,*,#2160,.T.);
#2920=ORIENTED_EDGE('',*,*,#1909,.F.);
#2921=ORIENTED_EDGE('',*,*,#2161,.F.);
#2922=ORIENTED_EDGE('',*,*,#2135,.T.);
#2923=ORIENTED_EDGE('',*,*,#2161,.T.);
#2924=ORIENTED_EDGE('',*,*,#1908,.F.);
#2925=ORIENTED_EDGE('',*,*,#2162,.F.);
#2926=ORIENTED_EDGE('',*,*,#2136,.T.);
#2927=ORIENTED_EDGE('',*,*,#2162,.T.);
#2928=ORIENTED_EDGE('',*,*,#1907,.F.);
#2929=ORIENTED_EDGE('',*,*,#2163,.F.);
#2930=ORIENTED_EDGE('',*,*,#2137,.T.);
#2931=ORIENTED_EDGE('',*,*,#2163,.T.);
#2932=ORIENTED_EDGE('',*,*,#1906,.F.);
#2933=ORIENTED_EDGE('',*,*,#2164,.F.);
#2934=ORIENTED_EDGE('',*,*,#2138,.T.);
#2935=ORIENTED_EDGE('',*,*,#2164,.T.);
#2936=ORIENTED_EDGE('',*,*,#1905,.F.);
#2937=ORIENTED_EDGE('',*,*,#2165,.F.);
#2938=ORIENTED_EDGE('',*,*,#2139,.T.);
#2939=ORIENTED_EDGE('',*,*,#2165,.T.);
#2940=ORIENTED_EDGE('',*,*,#1904,.F.);
#2941=ORIENTED_EDGE('',*,*,#2166,.F.);
#2942=ORIENTED_EDGE('',*,*,#2140,.T.);
#2943=ORIENTED_EDGE('',*,*,#2166,.T.);
#2944=ORIENTED_EDGE('',*,*,#1903,.F.);
#2945=ORIENTED_EDGE('',*,*,#2167,.F.);
#2946=ORIENTED_EDGE('',*,*,#2141,.T.);
#2947=ORIENTED_EDGE('',*,*,#2167,.T.);
#2948=ORIENTED_EDGE('',*,*,#1902,.F.);
#2949=ORIENTED_EDGE('',*,*,#2168,.F.);
#2950=ORIENTED_EDGE('',*,*,#2142,.T.);
#2951=ORIENTED_EDGE('',*,*,#2168,.T.);
#2952=ORIENTED_EDGE('',*,*,#1901,.F.);
#2953=ORIENTED_EDGE('',*,*,#2169,.F.);
#2954=ORIENTED_EDGE('',*,*,#2143,.T.);
#2955=ORIENTED_EDGE('',*,*,#2169,.T.);
#2956=ORIENTED_EDGE('',*,*,#1900,.F.);
#2957=ORIENTED_EDGE('',*,*,#2170,.F.);
#2958=ORIENTED_EDGE('',*,*,#2144,.T.);
#2959=ORIENTED_EDGE('',*,*,#2170,.T.);
#2960=ORIENTED_EDGE('',*,*,#1899,.F.);
#2961=ORIENTED_EDGE('',*,*,#2171,.F.);
#2962=ORIENTED_EDGE('',*,*,#2145,.T.);
#2963=ORIENTED_EDGE('',*,*,#2171,.T.);
#2964=ORIENTED_EDGE('',*,*,#1898,.F.);
#2965=ORIENTED_EDGE('',*,*,#2172,.F.);
#2966=ORIENTED_EDGE('',*,*,#2146,.T.);
#2967=ORIENTED_EDGE('',*,*,#2172,.T.);
#2968=ORIENTED_EDGE('',*,*,#1897,.F.);
#2969=ORIENTED_EDGE('',*,*,#2173,.F.);
#2970=ORIENTED_EDGE('',*,*,#2147,.T.);
#2971=ORIENTED_EDGE('',*,*,#2173,.T.);
#2972=ORIENTED_EDGE('',*,*,#1896,.F.);
#2973=ORIENTED_EDGE('',*,*,#2174,.F.);
#2974=ORIENTED_EDGE('',*,*,#2148,.T.);
#2975=ORIENTED_EDGE('',*,*,#2174,.T.);
#2976=ORIENTED_EDGE('',*,*,#1895,.F.);
#2977=ORIENTED_EDGE('',*,*,#2157,.F.);
#2978=ORIENTED_EDGE('',*,*,#2149,.T.);
#2979=ORIENTED_EDGE('',*,*,#2175,.T.);
#2980=ORIENTED_EDGE('',*,*,#2176,.F.);
#2981=ORIENTED_EDGE('',*,*,#2177,.F.);
#2982=ORIENTED_EDGE('',*,*,#2150,.T.);
#2983=ORIENTED_EDGE('',*,*,#2177,.T.);
#2984=ORIENTED_EDGE('',*,*,#2178,.F.);
#2985=ORIENTED_EDGE('',*,*,#2179,.F.);
#2986=ORIENTED_EDGE('',*,*,#2151,.T.);
#2987=ORIENTED_EDGE('',*,*,#2179,.T.);
#2988=ORIENTED_EDGE('',*,*,#2180,.F.);
#2989=ORIENTED_EDGE('',*,*,#2181,.F.);
#2990=ORIENTED_EDGE('',*,*,#2152,.T.);
#2991=ORIENTED_EDGE('',*,*,#2181,.T.);
#2992=ORIENTED_EDGE('',*,*,#2182,.F.);
#2993=ORIENTED_EDGE('',*,*,#2183,.F.);
#2994=ORIENTED_EDGE('',*,*,#2153,.T.);
#2995=ORIENTED_EDGE('',*,*,#2183,.T.);
#2996=ORIENTED_EDGE('',*,*,#2184,.F.);
#2997=ORIENTED_EDGE('',*,*,#2185,.F.);
#2998=ORIENTED_EDGE('',*,*,#2154,.T.);
#2999=ORIENTED_EDGE('',*,*,#2185,.T.);
#3000=ORIENTED_EDGE('',*,*,#2186,.F.);
#3001=ORIENTED_EDGE('',*,*,#2187,.F.);
#3002=ORIENTED_EDGE('',*,*,#2155,.T.);
#3003=ORIENTED_EDGE('',*,*,#2187,.T.);
#3004=ORIENTED_EDGE('',*,*,#2188,.F.);
#3005=ORIENTED_EDGE('',*,*,#2189,.F.);
#3006=ORIENTED_EDGE('',*,*,#2156,.T.);
#3007=ORIENTED_EDGE('',*,*,#2189,.T.);
#3008=ORIENTED_EDGE('',*,*,#2190,.F.);
#3009=ORIENTED_EDGE('',*,*,#2175,.F.);
#3010=ORIENTED_EDGE('',*,*,#2191,.F.);
#3011=ORIENTED_EDGE('',*,*,#2192,.F.);
#3012=ORIENTED_EDGE('',*,*,#2193,.F.);
#3013=ORIENTED_EDGE('',*,*,#2194,.F.);
#3014=ORIENTED_EDGE('',*,*,#2195,.F.);
#3015=ORIENTED_EDGE('',*,*,#2196,.F.);
#3016=ORIENTED_EDGE('',*,*,#2197,.F.);
#3017=ORIENTED_EDGE('',*,*,#2198,.F.);
#3018=ORIENTED_EDGE('',*,*,#2199,.F.);
#3019=ORIENTED_EDGE('',*,*,#2200,.F.);
#3020=ORIENTED_EDGE('',*,*,#2201,.F.);
#3021=ORIENTED_EDGE('',*,*,#2202,.F.);
#3022=ORIENTED_EDGE('',*,*,#2203,.F.);
#3023=ORIENTED_EDGE('',*,*,#2204,.F.);
#3024=ORIENTED_EDGE('',*,*,#2205,.F.);
#3025=ORIENTED_EDGE('',*,*,#2206,.F.);
#3026=ORIENTED_EDGE('',*,*,#2207,.F.);
#3027=ORIENTED_EDGE('',*,*,#2208,.F.);
#3028=ORIENTED_EDGE('',*,*,#2191,.T.);
#3029=ORIENTED_EDGE('',*,*,#2209,.T.);
#3030=ORIENTED_EDGE('',*,*,#1876,.F.);
#3031=ORIENTED_EDGE('',*,*,#2210,.F.);
#3032=ORIENTED_EDGE('',*,*,#2192,.T.);
#3033=ORIENTED_EDGE('',*,*,#2210,.T.);
#3034=ORIENTED_EDGE('',*,*,#1893,.F.);
#3035=ORIENTED_EDGE('',*,*,#2211,.F.);
#3036=ORIENTED_EDGE('',*,*,#2193,.T.);
#3037=ORIENTED_EDGE('',*,*,#2211,.T.);
#3038=ORIENTED_EDGE('',*,*,#1892,.F.);
#3039=ORIENTED_EDGE('',*,*,#2212,.F.);
#3040=ORIENTED_EDGE('',*,*,#2194,.T.);
#3041=ORIENTED_EDGE('',*,*,#2212,.T.);
#3042=ORIENTED_EDGE('',*,*,#1891,.F.);
#3043=ORIENTED_EDGE('',*,*,#2213,.F.);
#3044=ORIENTED_EDGE('',*,*,#2195,.T.);
#3045=ORIENTED_EDGE('',*,*,#2213,.T.);
#3046=ORIENTED_EDGE('',*,*,#1890,.F.);
#3047=ORIENTED_EDGE('',*,*,#2214,.F.);
#3048=ORIENTED_EDGE('',*,*,#2196,.T.);
#3049=ORIENTED_EDGE('',*,*,#2214,.T.);
#3050=ORIENTED_EDGE('',*,*,#1889,.F.);
#3051=ORIENTED_EDGE('',*,*,#2215,.F.);
#3052=ORIENTED_EDGE('',*,*,#2197,.T.);
#3053=ORIENTED_EDGE('',*,*,#2215,.T.);
#3054=ORIENTED_EDGE('',*,*,#1888,.F.);
#3055=ORIENTED_EDGE('',*,*,#2216,.F.);
#3056=ORIENTED_EDGE('',*,*,#2198,.T.);
#3057=ORIENTED_EDGE('',*,*,#2216,.T.);
#3058=ORIENTED_EDGE('',*,*,#1887,.F.);
#3059=ORIENTED_EDGE('',*,*,#2217,.F.);
#3060=ORIENTED_EDGE('',*,*,#2199,.T.);
#3061=ORIENTED_EDGE('',*,*,#2217,.T.);
#3062=ORIENTED_EDGE('',*,*,#1886,.F.);
#3063=ORIENTED_EDGE('',*,*,#2218,.F.);
#3064=ORIENTED_EDGE('',*,*,#2200,.T.);
#3065=ORIENTED_EDGE('',*,*,#2218,.T.);
#3066=ORIENTED_EDGE('',*,*,#1885,.F.);
#3067=ORIENTED_EDGE('',*,*,#2219,.F.);
#3068=ORIENTED_EDGE('',*,*,#2201,.T.);
#3069=ORIENTED_EDGE('',*,*,#2219,.T.);
#3070=ORIENTED_EDGE('',*,*,#1884,.F.);
#3071=ORIENTED_EDGE('',*,*,#2220,.F.);
#3072=ORIENTED_EDGE('',*,*,#2202,.T.);
#3073=ORIENTED_EDGE('',*,*,#2220,.T.);
#3074=ORIENTED_EDGE('',*,*,#1883,.F.);
#3075=ORIENTED_EDGE('',*,*,#2221,.F.);
#3076=ORIENTED_EDGE('',*,*,#2203,.T.);
#3077=ORIENTED_EDGE('',*,*,#2221,.T.);
#3078=ORIENTED_EDGE('',*,*,#1882,.F.);
#3079=ORIENTED_EDGE('',*,*,#2222,.F.);
#3080=ORIENTED_EDGE('',*,*,#2204,.T.);
#3081=ORIENTED_EDGE('',*,*,#2222,.T.);
#3082=ORIENTED_EDGE('',*,*,#1881,.F.);
#3083=ORIENTED_EDGE('',*,*,#2223,.F.);
#3084=ORIENTED_EDGE('',*,*,#2205,.T.);
#3085=ORIENTED_EDGE('',*,*,#2223,.T.);
#3086=ORIENTED_EDGE('',*,*,#1880,.F.);
#3087=ORIENTED_EDGE('',*,*,#2224,.F.);
#3088=ORIENTED_EDGE('',*,*,#2206,.T.);
#3089=ORIENTED_EDGE('',*,*,#2224,.T.);
#3090=ORIENTED_EDGE('',*,*,#1879,.F.);
#3091=ORIENTED_EDGE('',*,*,#2225,.F.);
#3092=ORIENTED_EDGE('',*,*,#2207,.T.);
#3093=ORIENTED_EDGE('',*,*,#2225,.T.);
#3094=ORIENTED_EDGE('',*,*,#1878,.F.);
#3095=ORIENTED_EDGE('',*,*,#2226,.F.);
#3096=ORIENTED_EDGE('',*,*,#2208,.T.);
#3097=ORIENTED_EDGE('',*,*,#2226,.T.);
#3098=ORIENTED_EDGE('',*,*,#1877,.F.);
#3099=ORIENTED_EDGE('',*,*,#2209,.F.);
#3100=ORIENTED_EDGE('',*,*,#2227,.F.);
#3101=ORIENTED_EDGE('',*,*,#2228,.F.);
#3102=ORIENTED_EDGE('',*,*,#2229,.F.);
#3103=ORIENTED_EDGE('',*,*,#2230,.F.);
#3104=ORIENTED_EDGE('',*,*,#2231,.F.);
#3105=ORIENTED_EDGE('',*,*,#2232,.F.);
#3106=ORIENTED_EDGE('',*,*,#2233,.F.);
#3107=ORIENTED_EDGE('',*,*,#2234,.F.);
#3108=ORIENTED_EDGE('',*,*,#2235,.F.);
#3109=ORIENTED_EDGE('',*,*,#2236,.F.);
#3110=ORIENTED_EDGE('',*,*,#2237,.F.);
#3111=ORIENTED_EDGE('',*,*,#2238,.F.);
#3112=ORIENTED_EDGE('',*,*,#2239,.F.);
#3113=ORIENTED_EDGE('',*,*,#2240,.F.);
#3114=ORIENTED_EDGE('',*,*,#2241,.F.);
#3115=ORIENTED_EDGE('',*,*,#2242,.F.);
#3116=ORIENTED_EDGE('',*,*,#2243,.F.);
#3117=ORIENTED_EDGE('',*,*,#2244,.F.);
#3118=ORIENTED_EDGE('',*,*,#2245,.F.);
#3119=ORIENTED_EDGE('',*,*,#2246,.F.);
#3120=ORIENTED_EDGE('',*,*,#2247,.F.);
#3121=ORIENTED_EDGE('',*,*,#2248,.F.);
#3122=ORIENTED_EDGE('',*,*,#2249,.F.);
#3123=ORIENTED_EDGE('',*,*,#2250,.F.);
#3124=ORIENTED_EDGE('',*,*,#2227,.T.);
#3125=ORIENTED_EDGE('',*,*,#2251,.T.);
#3126=ORIENTED_EDGE('',*,*,#1859,.F.);
#3127=ORIENTED_EDGE('',*,*,#2252,.F.);
#3128=ORIENTED_EDGE('',*,*,#2228,.T.);
#3129=ORIENTED_EDGE('',*,*,#2252,.T.);
#3130=ORIENTED_EDGE('',*,*,#1875,.F.);
#3131=ORIENTED_EDGE('',*,*,#2253,.F.);
#3132=ORIENTED_EDGE('',*,*,#2229,.T.);
#3133=ORIENTED_EDGE('',*,*,#2253,.T.);
#3134=ORIENTED_EDGE('',*,*,#1874,.F.);
#3135=ORIENTED_EDGE('',*,*,#2254,.F.);
#3136=ORIENTED_EDGE('',*,*,#2230,.T.);
#3137=ORIENTED_EDGE('',*,*,#2254,.T.);
#3138=ORIENTED_EDGE('',*,*,#1873,.F.);
#3139=ORIENTED_EDGE('',*,*,#2255,.F.);
#3140=ORIENTED_EDGE('',*,*,#2231,.T.);
#3141=ORIENTED_EDGE('',*,*,#2255,.T.);
#3142=ORIENTED_EDGE('',*,*,#1872,.F.);
#3143=ORIENTED_EDGE('',*,*,#2256,.F.);
#3144=ORIENTED_EDGE('',*,*,#2232,.T.);
#3145=ORIENTED_EDGE('',*,*,#2256,.T.);
#3146=ORIENTED_EDGE('',*,*,#1871,.F.);
#3147=ORIENTED_EDGE('',*,*,#2257,.F.);
#3148=ORIENTED_EDGE('',*,*,#2233,.T.);
#3149=ORIENTED_EDGE('',*,*,#2257,.T.);
#3150=ORIENTED_EDGE('',*,*,#1870,.F.);
#3151=ORIENTED_EDGE('',*,*,#2258,.F.);
#3152=ORIENTED_EDGE('',*,*,#2234,.T.);
#3153=ORIENTED_EDGE('',*,*,#2258,.T.);
#3154=ORIENTED_EDGE('',*,*,#1869,.F.);
#3155=ORIENTED_EDGE('',*,*,#2259,.F.);
#3156=ORIENTED_EDGE('',*,*,#2235,.T.);
#3157=ORIENTED_EDGE('',*,*,#2259,.T.);
#3158=ORIENTED_EDGE('',*,*,#1868,.F.);
#3159=ORIENTED_EDGE('',*,*,#2260,.F.);
#3160=ORIENTED_EDGE('',*,*,#2236,.T.);
#3161=ORIENTED_EDGE('',*,*,#2260,.T.);
#3162=ORIENTED_EDGE('',*,*,#1867,.F.);
#3163=ORIENTED_EDGE('',*,*,#2261,.F.);
#3164=ORIENTED_EDGE('',*,*,#2237,.T.);
#3165=ORIENTED_EDGE('',*,*,#2261,.T.);
#3166=ORIENTED_EDGE('',*,*,#1866,.F.);
#3167=ORIENTED_EDGE('',*,*,#2262,.F.);
#3168=ORIENTED_EDGE('',*,*,#2238,.T.);
#3169=ORIENTED_EDGE('',*,*,#2262,.T.);
#3170=ORIENTED_EDGE('',*,*,#1865,.F.);
#3171=ORIENTED_EDGE('',*,*,#2263,.F.);
#3172=ORIENTED_EDGE('',*,*,#2239,.T.);
#3173=ORIENTED_EDGE('',*,*,#2263,.T.);
#3174=ORIENTED_EDGE('',*,*,#1864,.F.);
#3175=ORIENTED_EDGE('',*,*,#2264,.F.);
#3176=ORIENTED_EDGE('',*,*,#2240,.T.);
#3177=ORIENTED_EDGE('',*,*,#2264,.T.);
#3178=ORIENTED_EDGE('',*,*,#1863,.F.);
#3179=ORIENTED_EDGE('',*,*,#2265,.F.);
#3180=ORIENTED_EDGE('',*,*,#2241,.T.);
#3181=ORIENTED_EDGE('',*,*,#2265,.T.);
#3182=ORIENTED_EDGE('',*,*,#1862,.F.);
#3183=ORIENTED_EDGE('',*,*,#2266,.F.);
#3184=ORIENTED_EDGE('',*,*,#2242,.T.);
#3185=ORIENTED_EDGE('',*,*,#2266,.T.);
#3186=ORIENTED_EDGE('',*,*,#1861,.F.);
#3187=ORIENTED_EDGE('',*,*,#2267,.F.);
#3188=ORIENTED_EDGE('',*,*,#2243,.T.);
#3189=ORIENTED_EDGE('',*,*,#2267,.T.);
#3190=ORIENTED_EDGE('',*,*,#1860,.F.);
#3191=ORIENTED_EDGE('',*,*,#2251,.F.);
#3192=ORIENTED_EDGE('',*,*,#2244,.T.);
#3193=ORIENTED_EDGE('',*,*,#2268,.T.);
#3194=ORIENTED_EDGE('',*,*,#2269,.F.);
#3195=ORIENTED_EDGE('',*,*,#2270,.F.);
#3196=ORIENTED_EDGE('',*,*,#2245,.T.);
#3197=ORIENTED_EDGE('',*,*,#2270,.T.);
#3198=ORIENTED_EDGE('',*,*,#2271,.F.);
#3199=ORIENTED_EDGE('',*,*,#2272,.F.);
#3200=ORIENTED_EDGE('',*,*,#2246,.T.);
#3201=ORIENTED_EDGE('',*,*,#2272,.T.);
#3202=ORIENTED_EDGE('',*,*,#2273,.F.);
#3203=ORIENTED_EDGE('',*,*,#2274,.F.);
#3204=ORIENTED_EDGE('',*,*,#2247,.T.);
#3205=ORIENTED_EDGE('',*,*,#2274,.T.);
#3206=ORIENTED_EDGE('',*,*,#2275,.F.);
#3207=ORIENTED_EDGE('',*,*,#2276,.F.);
#3208=ORIENTED_EDGE('',*,*,#2248,.T.);
#3209=ORIENTED_EDGE('',*,*,#2276,.T.);
#3210=ORIENTED_EDGE('',*,*,#2277,.F.);
#3211=ORIENTED_EDGE('',*,*,#2278,.F.);
#3212=ORIENTED_EDGE('',*,*,#2249,.T.);
#3213=ORIENTED_EDGE('',*,*,#2278,.T.);
#3214=ORIENTED_EDGE('',*,*,#2279,.F.);
#3215=ORIENTED_EDGE('',*,*,#2280,.F.);
#3216=ORIENTED_EDGE('',*,*,#2250,.T.);
#3217=ORIENTED_EDGE('',*,*,#2280,.T.);
#3218=ORIENTED_EDGE('',*,*,#2281,.F.);
#3219=ORIENTED_EDGE('',*,*,#2268,.F.);
#3220=ORIENTED_EDGE('',*,*,#2282,.F.);
#3221=ORIENTED_EDGE('',*,*,#2283,.F.);
#3222=ORIENTED_EDGE('',*,*,#2284,.F.);
#3223=ORIENTED_EDGE('',*,*,#2285,.F.);
#3224=ORIENTED_EDGE('',*,*,#2286,.F.);
#3225=ORIENTED_EDGE('',*,*,#2287,.F.);
#3226=ORIENTED_EDGE('',*,*,#2288,.F.);
#3227=ORIENTED_EDGE('',*,*,#2289,.F.);
#3228=ORIENTED_EDGE('',*,*,#2290,.F.);
#3229=ORIENTED_EDGE('',*,*,#2291,.F.);
#3230=ORIENTED_EDGE('',*,*,#2292,.F.);
#3231=ORIENTED_EDGE('',*,*,#2293,.F.);
#3232=ORIENTED_EDGE('',*,*,#2294,.F.);
#3233=ORIENTED_EDGE('',*,*,#2295,.F.);
#3234=ORIENTED_EDGE('',*,*,#2296,.F.);
#3235=ORIENTED_EDGE('',*,*,#2297,.F.);
#3236=ORIENTED_EDGE('',*,*,#2298,.F.);
#3237=ORIENTED_EDGE('',*,*,#2299,.F.);
#3238=ORIENTED_EDGE('',*,*,#2300,.F.);
#3239=ORIENTED_EDGE('',*,*,#2301,.F.);
#3240=ORIENTED_EDGE('',*,*,#2302,.F.);
#3241=ORIENTED_EDGE('',*,*,#2303,.F.);
#3242=ORIENTED_EDGE('',*,*,#2304,.F.);
#3243=ORIENTED_EDGE('',*,*,#2305,.F.);
#3244=ORIENTED_EDGE('',*,*,#2306,.F.);
#3245=ORIENTED_EDGE('',*,*,#2307,.F.);
#3246=ORIENTED_EDGE('',*,*,#2308,.F.);
#3247=ORIENTED_EDGE('',*,*,#2309,.F.);
#3248=ORIENTED_EDGE('',*,*,#2282,.T.);
#3249=ORIENTED_EDGE('',*,*,#2310,.T.);
#3250=ORIENTED_EDGE('',*,*,#1831,.F.);
#3251=ORIENTED_EDGE('',*,*,#2311,.F.);
#3252=ORIENTED_EDGE('',*,*,#2283,.T.);
#3253=ORIENTED_EDGE('',*,*,#2311,.T.);
#3254=ORIENTED_EDGE('',*,*,#1858,.F.);
#3255=ORIENTED_EDGE('',*,*,#2312,.F.);
#3256=ORIENTED_EDGE('',*,*,#2284,.T.);
#3257=ORIENTED_EDGE('',*,*,#2312,.T.);
#3258=ORIENTED_EDGE('',*,*,#1857,.F.);
#3259=ORIENTED_EDGE('',*,*,#2313,.F.);
#3260=ORIENTED_EDGE('',*,*,#2285,.T.);
#3261=ORIENTED_EDGE('',*,*,#2313,.T.);
#3262=ORIENTED_EDGE('',*,*,#1856,.F.);
#3263=ORIENTED_EDGE('',*,*,#2314,.F.);
#3264=ORIENTED_EDGE('',*,*,#2286,.T.);
#3265=ORIENTED_EDGE('',*,*,#2314,.T.);
#3266=ORIENTED_EDGE('',*,*,#1855,.F.);
#3267=ORIENTED_EDGE('',*,*,#2315,.F.);
#3268=ORIENTED_EDGE('',*,*,#2287,.T.);
#3269=ORIENTED_EDGE('',*,*,#2315,.T.);
#3270=ORIENTED_EDGE('',*,*,#1854,.F.);
#3271=ORIENTED_EDGE('',*,*,#2316,.F.);
#3272=ORIENTED_EDGE('',*,*,#2288,.T.);
#3273=ORIENTED_EDGE('',*,*,#2316,.T.);
#3274=ORIENTED_EDGE('',*,*,#1853,.F.);
#3275=ORIENTED_EDGE('',*,*,#2317,.F.);
#3276=ORIENTED_EDGE('',*,*,#2289,.T.);
#3277=ORIENTED_EDGE('',*,*,#2317,.T.);
#3278=ORIENTED_EDGE('',*,*,#1852,.F.);
#3279=ORIENTED_EDGE('',*,*,#2318,.F.);
#3280=ORIENTED_EDGE('',*,*,#2290,.T.);
#3281=ORIENTED_EDGE('',*,*,#2318,.T.);
#3282=ORIENTED_EDGE('',*,*,#1851,.F.);
#3283=ORIENTED_EDGE('',*,*,#2319,.F.);
#3284=ORIENTED_EDGE('',*,*,#2291,.T.);
#3285=ORIENTED_EDGE('',*,*,#2319,.T.);
#3286=ORIENTED_EDGE('',*,*,#1850,.F.);
#3287=ORIENTED_EDGE('',*,*,#2320,.F.);
#3288=ORIENTED_EDGE('',*,*,#2292,.T.);
#3289=ORIENTED_EDGE('',*,*,#2320,.T.);
#3290=ORIENTED_EDGE('',*,*,#1849,.F.);
#3291=ORIENTED_EDGE('',*,*,#2321,.F.);
#3292=ORIENTED_EDGE('',*,*,#2293,.T.);
#3293=ORIENTED_EDGE('',*,*,#2321,.T.);
#3294=ORIENTED_EDGE('',*,*,#1848,.F.);
#3295=ORIENTED_EDGE('',*,*,#2322,.F.);
#3296=ORIENTED_EDGE('',*,*,#2294,.T.);
#3297=ORIENTED_EDGE('',*,*,#2322,.T.);
#3298=ORIENTED_EDGE('',*,*,#1847,.F.);
#3299=ORIENTED_EDGE('',*,*,#2323,.F.);
#3300=ORIENTED_EDGE('',*,*,#2295,.T.);
#3301=ORIENTED_EDGE('',*,*,#2323,.T.);
#3302=ORIENTED_EDGE('',*,*,#1846,.F.);
#3303=ORIENTED_EDGE('',*,*,#2324,.F.);
#3304=ORIENTED_EDGE('',*,*,#2296,.T.);
#3305=ORIENTED_EDGE('',*,*,#2324,.T.);
#3306=ORIENTED_EDGE('',*,*,#1845,.F.);
#3307=ORIENTED_EDGE('',*,*,#2325,.F.);
#3308=ORIENTED_EDGE('',*,*,#2297,.T.);
#3309=ORIENTED_EDGE('',*,*,#2325,.T.);
#3310=ORIENTED_EDGE('',*,*,#1844,.F.);
#3311=ORIENTED_EDGE('',*,*,#2326,.F.);
#3312=ORIENTED_EDGE('',*,*,#2298,.T.);
#3313=ORIENTED_EDGE('',*,*,#2326,.T.);
#3314=ORIENTED_EDGE('',*,*,#1843,.F.);
#3315=ORIENTED_EDGE('',*,*,#2327,.F.);
#3316=ORIENTED_EDGE('',*,*,#2299,.T.);
#3317=ORIENTED_EDGE('',*,*,#2327,.T.);
#3318=ORIENTED_EDGE('',*,*,#1842,.F.);
#3319=ORIENTED_EDGE('',*,*,#2328,.F.);
#3320=ORIENTED_EDGE('',*,*,#2300,.T.);
#3321=ORIENTED_EDGE('',*,*,#2328,.T.);
#3322=ORIENTED_EDGE('',*,*,#1841,.F.);
#3323=ORIENTED_EDGE('',*,*,#2329,.F.);
#3324=ORIENTED_EDGE('',*,*,#2301,.T.);
#3325=ORIENTED_EDGE('',*,*,#2329,.T.);
#3326=ORIENTED_EDGE('',*,*,#1840,.F.);
#3327=ORIENTED_EDGE('',*,*,#2330,.F.);
#3328=ORIENTED_EDGE('',*,*,#2302,.T.);
#3329=ORIENTED_EDGE('',*,*,#2330,.T.);
#3330=ORIENTED_EDGE('',*,*,#1839,.F.);
#3331=ORIENTED_EDGE('',*,*,#2331,.F.);
#3332=ORIENTED_EDGE('',*,*,#2303,.T.);
#3333=ORIENTED_EDGE('',*,*,#2331,.T.);
#3334=ORIENTED_EDGE('',*,*,#1838,.F.);
#3335=ORIENTED_EDGE('',*,*,#2332,.F.);
#3336=ORIENTED_EDGE('',*,*,#2304,.T.);
#3337=ORIENTED_EDGE('',*,*,#2332,.T.);
#3338=ORIENTED_EDGE('',*,*,#1837,.F.);
#3339=ORIENTED_EDGE('',*,*,#2333,.F.);
#3340=ORIENTED_EDGE('',*,*,#2305,.T.);
#3341=ORIENTED_EDGE('',*,*,#2333,.T.);
#3342=ORIENTED_EDGE('',*,*,#1836,.F.);
#3343=ORIENTED_EDGE('',*,*,#2334,.F.);
#3344=ORIENTED_EDGE('',*,*,#2306,.T.);
#3345=ORIENTED_EDGE('',*,*,#2334,.T.);
#3346=ORIENTED_EDGE('',*,*,#1835,.F.);
#3347=ORIENTED_EDGE('',*,*,#2335,.F.);
#3348=ORIENTED_EDGE('',*,*,#2307,.T.);
#3349=ORIENTED_EDGE('',*,*,#2335,.T.);
#3350=ORIENTED_EDGE('',*,*,#1834,.F.);
#3351=ORIENTED_EDGE('',*,*,#2336,.F.);
#3352=ORIENTED_EDGE('',*,*,#2308,.T.);
#3353=ORIENTED_EDGE('',*,*,#2336,.T.);
#3354=ORIENTED_EDGE('',*,*,#1833,.F.);
#3355=ORIENTED_EDGE('',*,*,#2337,.F.);
#3356=ORIENTED_EDGE('',*,*,#2309,.T.);
#3357=ORIENTED_EDGE('',*,*,#2337,.T.);
#3358=ORIENTED_EDGE('',*,*,#1832,.F.);
#3359=ORIENTED_EDGE('',*,*,#2310,.F.);
#3360=ORIENTED_EDGE('',*,*,#2269,.T.);
#3361=ORIENTED_EDGE('',*,*,#2281,.T.);
#3362=ORIENTED_EDGE('',*,*,#2279,.T.);
#3363=ORIENTED_EDGE('',*,*,#2277,.T.);
#3364=ORIENTED_EDGE('',*,*,#2275,.T.);
#3365=ORIENTED_EDGE('',*,*,#2273,.T.);
#3366=ORIENTED_EDGE('',*,*,#2271,.T.);
#3367=ORIENTED_EDGE('',*,*,#2176,.T.);
#3368=ORIENTED_EDGE('',*,*,#2190,.T.);
#3369=ORIENTED_EDGE('',*,*,#2188,.T.);
#3370=ORIENTED_EDGE('',*,*,#2186,.T.);
#3371=ORIENTED_EDGE('',*,*,#2184,.T.);
#3372=ORIENTED_EDGE('',*,*,#2182,.T.);
#3373=ORIENTED_EDGE('',*,*,#2180,.T.);
#3374=ORIENTED_EDGE('',*,*,#2178,.T.);
#3375=ORIENTED_EDGE('',*,*,#2118,.T.);
#3376=ORIENTED_EDGE('',*,*,#2130,.T.);
#3377=ORIENTED_EDGE('',*,*,#2128,.T.);
#3378=ORIENTED_EDGE('',*,*,#2126,.T.);
#3379=ORIENTED_EDGE('',*,*,#2124,.T.);
#3380=ORIENTED_EDGE('',*,*,#2122,.T.);
#3381=ORIENTED_EDGE('',*,*,#2120,.T.);
#3382=ORIENTED_EDGE('',*,*,#2069,.T.);
#3383=ORIENTED_EDGE('',*,*,#2075,.T.);
#3384=ORIENTED_EDGE('',*,*,#2073,.T.);
#3385=ORIENTED_EDGE('',*,*,#2071,.T.);
#3386=ORIENTED_EDGE('',*,*,#1997,.T.);
#3387=ORIENTED_EDGE('',*,*,#2007,.T.);
#3388=ORIENTED_EDGE('',*,*,#2005,.T.);
#3389=ORIENTED_EDGE('',*,*,#2003,.T.);
#3390=ORIENTED_EDGE('',*,*,#2001,.T.);
#3391=ORIENTED_EDGE('',*,*,#1999,.T.);
#3392=ORIENTED_EDGE('',*,*,#1830,.F.);
#3393=ORIENTED_EDGE('',*,*,#2338,.T.);
#3394=ORIENTED_EDGE('',*,*,#2339,.F.);
#3395=ORIENTED_EDGE('',*,*,#2338,.F.);
#3396=ORIENTED_EDGE('',*,*,#1829,.F.);
#3397=ORIENTED_EDGE('',*,*,#2340,.T.);
#3398=ORIENTED_EDGE('',*,*,#1973,.T.);
#3399=ORIENTED_EDGE('',*,*,#2340,.F.);
#3400=ORIENTED_EDGE('',*,*,#1823,.T.);
#3401=ORIENTED_EDGE('',*,*,#2341,.T.);
#3402=ORIENTED_EDGE('',*,*,#2342,.T.);
#3403=ORIENTED_EDGE('',*,*,#2343,.T.);
#3404=ORIENTED_EDGE('',*,*,#2341,.F.);
#3405=ORIENTED_EDGE('',*,*,#1822,.F.);
#3406=ORIENTED_EDGE('',*,*,#2344,.F.);
#3407=ORIENTED_EDGE('',*,*,#2345,.T.);
#3408=ORIENTED_EDGE('',*,*,#2346,.T.);
#3409=ORIENTED_EDGE('',*,*,#2347,.T.);
#3410=ORIENTED_EDGE('',*,*,#1825,.T.);
#3411=ORIENTED_EDGE('',*,*,#2348,.T.);
#3412=ORIENTED_EDGE('',*,*,#2347,.F.);
#3413=ORIENTED_EDGE('',*,*,#2349,.T.);
#3414=ORIENTED_EDGE('',*,*,#2350,.F.);
#3415=ORIENTED_EDGE('',*,*,#1826,.T.);
#3416=ORIENTED_EDGE('',*,*,#2342,.F.);
#3417=ORIENTED_EDGE('',*,*,#2345,.F.);
#3418=ORIENTED_EDGE('',*,*,#2351,.F.);
#3419=ORIENTED_EDGE('',*,*,#2352,.F.);
#3420=ORIENTED_EDGE('',*,*,#2353,.F.);
#3421=ORIENTED_EDGE('',*,*,#2349,.F.);
#3422=ORIENTED_EDGE('',*,*,#2346,.F.);
#3423=ORIENTED_EDGE('',*,*,#2354,.F.);
#3424=ORIENTED_EDGE('',*,*,#2355,.T.);
#3425=ORIENTED_EDGE('',*,*,#2356,.T.);
#3426=ORIENTED_EDGE('',*,*,#2357,.T.);
#3427=ORIENTED_EDGE('',*,*,#2358,.T.);
#3428=ORIENTED_EDGE('',*,*,#1827,.T.);
#3429=ORIENTED_EDGE('',*,*,#2350,.T.);
#3430=ORIENTED_EDGE('',*,*,#2353,.T.);
#3431=ORIENTED_EDGE('',*,*,#2359,.T.);
#3432=ORIENTED_EDGE('',*,*,#2359,.F.);
#3433=ORIENTED_EDGE('',*,*,#2352,.T.);
#3434=ORIENTED_EDGE('',*,*,#2360,.F.);
#3435=ORIENTED_EDGE('',*,*,#1820,.T.);
#3436=ORIENTED_EDGE('',*,*,#1821,.T.);
#3437=ORIENTED_EDGE('',*,*,#2360,.T.);
#3438=ORIENTED_EDGE('',*,*,#2351,.T.);
#3439=ORIENTED_EDGE('',*,*,#2344,.T.);
#3440=ORIENTED_EDGE('',*,*,#2361,.T.);
#3441=ORIENTED_EDGE('',*,*,#2362,.T.);
#3442=ORIENTED_EDGE('',*,*,#2363,.T.);
#3443=ORIENTED_EDGE('',*,*,#2364,.T.);
#3444=ORIENTED_EDGE('',*,*,#1965,.T.);
#3445=ORIENTED_EDGE('',*,*,#1970,.T.);
#3446=ORIENTED_EDGE('',*,*,#2339,.T.);
#3447=ORIENTED_EDGE('',*,*,#2365,.T.);
#3448=ORIENTED_EDGE('',*,*,#2357,.F.);
#3449=ORIENTED_EDGE('',*,*,#2366,.F.);
#3450=ORIENTED_EDGE('',*,*,#2362,.F.);
#3451=ORIENTED_EDGE('',*,*,#2367,.F.);
#3452=ORIENTED_EDGE('',*,*,#2358,.F.);
#3453=ORIENTED_EDGE('',*,*,#2365,.F.);
#3454=ORIENTED_EDGE('',*,*,#2361,.F.);
#3455=ORIENTED_EDGE('',*,*,#2368,.F.);
#3456=ORIENTED_EDGE('',*,*,#2355,.F.);
#3457=ORIENTED_EDGE('',*,*,#2367,.T.);
#3458=ORIENTED_EDGE('',*,*,#2364,.F.);
#3459=ORIENTED_EDGE('',*,*,#2366,.T.);
#3460=ORIENTED_EDGE('',*,*,#2356,.F.);
#3461=ORIENTED_EDGE('',*,*,#2368,.T.);
#3462=ORIENTED_EDGE('',*,*,#2363,.F.);
#3463=ORIENTED_EDGE('',*,*,#2343,.F.);
#3464=ORIENTED_EDGE('',*,*,#2354,.T.);
#3465=ORIENTED_EDGE('',*,*,#2348,.F.);
#3466=ORIENTED_EDGE('',*,*,#1824,.F.);
#3467=PLANE('',#3778);
#3468=PLANE('',#3789);
#3469=PLANE('',#3795);
#3470=PLANE('',#3797);
#3471=PLANE('',#3798);
#3472=PLANE('',#3799);
#3473=PLANE('',#3800);
#3474=PLANE('',#3801);
#3475=PLANE('',#3802);
#3476=PLANE('',#3803);
#3477=PLANE('',#3804);
#3478=PLANE('',#3805);
#3479=PLANE('',#3806);
#3480=PLANE('',#3807);
#3481=PLANE('',#3808);
#3482=PLANE('',#3809);
#3483=PLANE('',#3810);
#3484=PLANE('',#3811);
#3485=PLANE('',#3812);
#3486=PLANE('',#3813);
#3487=PLANE('',#3814);
#3488=PLANE('',#3815);
#3489=PLANE('',#3816);
#3490=PLANE('',#3817);
#3491=PLANE('',#3818);
#3492=PLANE('',#3819);
#3493=PLANE('',#3820);
#3494=PLANE('',#3821);
#3495=PLANE('',#3822);
#3496=PLANE('',#3823);
#3497=PLANE('',#3824);
#3498=PLANE('',#3825);
#3499=PLANE('',#3826);
#3500=PLANE('',#3827);
#3501=PLANE('',#3828);
#3502=PLANE('',#3829);
#3503=PLANE('',#3830);
#3504=PLANE('',#3831);
#3505=PLANE('',#3832);
#3506=PLANE('',#3833);
#3507=PLANE('',#3834);
#3508=PLANE('',#3835);
#3509=PLANE('',#3836);
#3510=PLANE('',#3837);
#3511=PLANE('',#3838);
#3512=PLANE('',#3839);
#3513=PLANE('',#3840);
#3514=PLANE('',#3841);
#3515=PLANE('',#3842);
#3516=PLANE('',#3843);
#3517=PLANE('',#3844);
#3518=PLANE('',#3845);
#3519=PLANE('',#3846);
#3520=PLANE('',#3847);
#3521=PLANE('',#3848);
#3522=PLANE('',#3849);
#3523=PLANE('',#3850);
#3524=PLANE('',#3851);
#3525=PLANE('',#3852);
#3526=PLANE('',#3853);
#3527=PLANE('',#3854);
#3528=PLANE('',#3855);
#3529=PLANE('',#3856);
#3530=PLANE('',#3857);
#3531=PLANE('',#3858);
#3532=PLANE('',#3859);
#3533=PLANE('',#3860);
#3534=PLANE('',#3861);
#3535=PLANE('',#3862);
#3536=PLANE('',#3863);
#3537=PLANE('',#3864);
#3538=PLANE('',#3865);
#3539=PLANE('',#3866);
#3540=PLANE('',#3867);
#3541=PLANE('',#3868);
#3542=PLANE('',#3869);
#3543=PLANE('',#3870);
#3544=PLANE('',#3871);
#3545=PLANE('',#3872);
#3546=PLANE('',#3873);
#3547=PLANE('',#3874);
#3548=PLANE('',#3875);
#3549=PLANE('',#3876);
#3550=PLANE('',#3877);
#3551=PLANE('',#3878);
#3552=PLANE('',#3879);
#3553=PLANE('',#3885);
#3554=PLANE('',#3888);
#3555=PLANE('',#3889);
#3556=PLANE('',#3893);
#3557=PLANE('',#3895);
#3558=PLANE('',#3896);
#3559=PLANE('',#3897);
#3560=PLANE('',#3898);
#3561=PLANE('',#3899);
#3562=PLANE('',#3900);
#3563=ADVANCED_FACE('',(#334,#312,#313,#314,#315,#316,#317,#318,#319,#320,
#321,#322),#3467,.T.);
#3564=ADVANCED_FACE('',(#335),#111,.F.);
#3565=ADVANCED_FACE('',(#336,#323),#3468,.T.);
#3566=ADVANCED_FACE('',(#337),#112,.F.);
#3567=ADVANCED_FACE('',(#338),#113,.F.);
#3568=ADVANCED_FACE('',(#339,#324),#3469,.T.);
#3569=ADVANCED_FACE('',(#340,#325),#3470,.T.);
#3570=ADVANCED_FACE('',(#341),#3471,.T.);
#3571=ADVANCED_FACE('',(#342),#3472,.T.);
#3572=ADVANCED_FACE('',(#343),#3473,.T.);
#3573=ADVANCED_FACE('',(#344),#3474,.T.);
#3574=ADVANCED_FACE('',(#345),#3475,.T.);
#3575=ADVANCED_FACE('',(#346),#3476,.T.);
#3576=ADVANCED_FACE('',(#347),#3477,.T.);
#3577=ADVANCED_FACE('',(#348),#3478,.T.);
#3578=ADVANCED_FACE('',(#349),#3479,.T.);
#3579=ADVANCED_FACE('',(#350),#3480,.T.);
#3580=ADVANCED_FACE('',(#351),#15,.T.);
#3581=ADVANCED_FACE('',(#352),#16,.T.);
#3582=ADVANCED_FACE('',(#353),#3481,.T.);
#3583=ADVANCED_FACE('',(#354),#17,.T.);
#3584=ADVANCED_FACE('',(#355),#3482,.T.);
#3585=ADVANCED_FACE('',(#356),#18,.T.);
#3586=ADVANCED_FACE('',(#357),#19,.T.);
#3587=ADVANCED_FACE('',(#358),#20,.T.);
#3588=ADVANCED_FACE('',(#359),#3483,.T.);
#3589=ADVANCED_FACE('',(#360),#3484,.T.);
#3590=ADVANCED_FACE('',(#361),#3485,.T.);
#3591=ADVANCED_FACE('',(#362),#3486,.T.);
#3592=ADVANCED_FACE('',(#363),#3487,.T.);
#3593=ADVANCED_FACE('',(#364),#3488,.T.);
#3594=ADVANCED_FACE('',(#365),#21,.T.);
#3595=ADVANCED_FACE('',(#366),#22,.T.);
#3596=ADVANCED_FACE('',(#367),#23,.T.);
#3597=ADVANCED_FACE('',(#368),#3489,.T.);
#3598=ADVANCED_FACE('',(#369,#326),#3490,.T.);
#3599=ADVANCED_FACE('',(#370),#3491,.T.);
#3600=ADVANCED_FACE('',(#371),#24,.T.);
#3601=ADVANCED_FACE('',(#372),#25,.T.);
#3602=ADVANCED_FACE('',(#373),#26,.T.);
#3603=ADVANCED_FACE('',(#374),#27,.T.);
#3604=ADVANCED_FACE('',(#375),#28,.T.);
#3605=ADVANCED_FACE('',(#376),#29,.T.);
#3606=ADVANCED_FACE('',(#377),#30,.T.);
#3607=ADVANCED_FACE('',(#378),#31,.T.);
#3608=ADVANCED_FACE('',(#379),#32,.T.);
#3609=ADVANCED_FACE('',(#380),#3492,.T.);
#3610=ADVANCED_FACE('',(#381),#33,.T.);
#3611=ADVANCED_FACE('',(#382),#34,.T.);
#3612=ADVANCED_FACE('',(#383),#35,.T.);
#3613=ADVANCED_FACE('',(#384),#3493,.T.);
#3614=ADVANCED_FACE('',(#385),#36,.T.);
#3615=ADVANCED_FACE('',(#386),#37,.T.);
#3616=ADVANCED_FACE('',(#387),#38,.T.);
#3617=ADVANCED_FACE('',(#388),#3494,.T.);
#3618=ADVANCED_FACE('',(#389,#327),#3495,.T.);
#3619=ADVANCED_FACE('',(#390),#3496,.T.);
#3620=ADVANCED_FACE('',(#391),#39,.T.);
#3621=ADVANCED_FACE('',(#392),#40,.T.);
#3622=ADVANCED_FACE('',(#393),#41,.T.);
#3623=ADVANCED_FACE('',(#394),#42,.T.);
#3624=ADVANCED_FACE('',(#395),#3497,.T.);
#3625=ADVANCED_FACE('',(#396),#43,.T.);
#3626=ADVANCED_FACE('',(#397),#44,.T.);
#3627=ADVANCED_FACE('',(#398),#45,.T.);
#3628=ADVANCED_FACE('',(#399),#3498,.T.);
#3629=ADVANCED_FACE('',(#400),#46,.T.);
#3630=ADVANCED_FACE('',(#401),#47,.T.);
#3631=ADVANCED_FACE('',(#402),#48,.T.);
#3632=ADVANCED_FACE('',(#403),#49,.T.);
#3633=ADVANCED_FACE('',(#404),#3499,.T.);
#3634=ADVANCED_FACE('',(#405),#3500,.T.);
#3635=ADVANCED_FACE('',(#406),#3501,.T.);
#3636=ADVANCED_FACE('',(#407),#3502,.T.);
#3637=ADVANCED_FACE('',(#408),#3503,.T.);
#3638=ADVANCED_FACE('',(#409),#50,.T.);
#3639=ADVANCED_FACE('',(#410),#51,.T.);
#3640=ADVANCED_FACE('',(#411),#52,.T.);
#3641=ADVANCED_FACE('',(#412),#53,.T.);
#3642=ADVANCED_FACE('',(#413),#54,.T.);
#3643=ADVANCED_FACE('',(#414,#328),#3504,.T.);
#3644=ADVANCED_FACE('',(#415),#3505,.T.);
#3645=ADVANCED_FACE('',(#416),#3506,.T.);
#3646=ADVANCED_FACE('',(#417),#3507,.T.);
#3647=ADVANCED_FACE('',(#418),#3508,.T.);
#3648=ADVANCED_FACE('',(#419),#55,.T.);
#3649=ADVANCED_FACE('',(#420),#56,.T.);
#3650=ADVANCED_FACE('',(#421),#57,.T.);
#3651=ADVANCED_FACE('',(#422),#58,.T.);
#3652=ADVANCED_FACE('',(#423),#59,.T.);
#3653=ADVANCED_FACE('',(#424),#60,.T.);
#3654=ADVANCED_FACE('',(#425),#61,.T.);
#3655=ADVANCED_FACE('',(#426),#62,.T.);
#3656=ADVANCED_FACE('',(#427),#63,.T.);
#3657=ADVANCED_FACE('',(#428),#64,.T.);
#3658=ADVANCED_FACE('',(#429),#65,.T.);
#3659=ADVANCED_FACE('',(#430),#3509,.T.);
#3660=ADVANCED_FACE('',(#431),#3510,.T.);
#3661=ADVANCED_FACE('',(#432),#3511,.T.);
#3662=ADVANCED_FACE('',(#433),#66,.T.);
#3663=ADVANCED_FACE('',(#434),#67,.T.);
#3664=ADVANCED_FACE('',(#435),#68,.T.);
#3665=ADVANCED_FACE('',(#436),#69,.T.);
#3666=ADVANCED_FACE('',(#437),#70,.T.);
#3667=ADVANCED_FACE('',(#438),#71,.T.);
#3668=ADVANCED_FACE('',(#439),#72,.T.);
#3669=ADVANCED_FACE('',(#440),#3512,.T.);
#3670=ADVANCED_FACE('',(#441),#3513,.T.);
#3671=ADVANCED_FACE('',(#442),#73,.T.);
#3672=ADVANCED_FACE('',(#443),#3514,.T.);
#3673=ADVANCED_FACE('',(#444),#3515,.T.);
#3674=ADVANCED_FACE('',(#445),#74,.T.);
#3675=ADVANCED_FACE('',(#446),#75,.T.);
#3676=ADVANCED_FACE('',(#447),#3516,.T.);
#3677=ADVANCED_FACE('',(#448),#76,.T.);
#3678=ADVANCED_FACE('',(#449),#3517,.T.);
#3679=ADVANCED_FACE('',(#450),#3518,.T.);
#3680=ADVANCED_FACE('',(#451),#3519,.T.);
#3681=ADVANCED_FACE('',(#452),#3520,.T.);
#3682=ADVANCED_FACE('',(#453),#77,.T.);
#3683=ADVANCED_FACE('',(#454),#78,.T.);
#3684=ADVANCED_FACE('',(#455),#79,.T.);
#3685=ADVANCED_FACE('',(#456),#3521,.T.);
#3686=ADVANCED_FACE('',(#457),#80,.T.);
#3687=ADVANCED_FACE('',(#458),#81,.T.);
#3688=ADVANCED_FACE('',(#459),#82,.T.);
#3689=ADVANCED_FACE('',(#460,#329),#3522,.T.);
#3690=ADVANCED_FACE('',(#461),#3523,.T.);
#3691=ADVANCED_FACE('',(#462),#83,.T.);
#3692=ADVANCED_FACE('',(#463),#84,.T.);
#3693=ADVANCED_FACE('',(#464),#3524,.T.);
#3694=ADVANCED_FACE('',(#465),#85,.T.);
#3695=ADVANCED_FACE('',(#466),#86,.T.);
#3696=ADVANCED_FACE('',(#467),#87,.T.);
#3697=ADVANCED_FACE('',(#468),#88,.T.);
#3698=ADVANCED_FACE('',(#469),#3525,.T.);
#3699=ADVANCED_FACE('',(#470),#3526,.T.);
#3700=ADVANCED_FACE('',(#471),#3527,.T.);
#3701=ADVANCED_FACE('',(#472),#3528,.T.);
#3702=ADVANCED_FACE('',(#473),#3529,.T.);
#3703=ADVANCED_FACE('',(#474),#89,.T.);
#3704=ADVANCED_FACE('',(#475),#90,.T.);
#3705=ADVANCED_FACE('',(#476),#3530,.T.);
#3706=ADVANCED_FACE('',(#477),#3531,.T.);
#3707=ADVANCED_FACE('',(#478),#91,.T.);
#3708=ADVANCED_FACE('',(#479),#3532,.T.);
#3709=ADVANCED_FACE('',(#480),#3533,.T.);
#3710=ADVANCED_FACE('',(#481),#3534,.T.);
#3711=ADVANCED_FACE('',(#482),#92,.T.);
#3712=ADVANCED_FACE('',(#483),#93,.T.);
#3713=ADVANCED_FACE('',(#484),#94,.T.);
#3714=ADVANCED_FACE('',(#485),#3535,.T.);
#3715=ADVANCED_FACE('',(#486),#3536,.T.);
#3716=ADVANCED_FACE('',(#487),#95,.T.);
#3717=ADVANCED_FACE('',(#488),#96,.T.);
#3718=ADVANCED_FACE('',(#489),#97,.T.);
#3719=ADVANCED_FACE('',(#490),#98,.T.);
#3720=ADVANCED_FACE('',(#491),#99,.T.);
#3721=ADVANCED_FACE('',(#492),#100,.T.);
#3722=ADVANCED_FACE('',(#493),#101,.T.);
#3723=ADVANCED_FACE('',(#494),#102,.T.);
#3724=ADVANCED_FACE('',(#495),#103,.T.);
#3725=ADVANCED_FACE('',(#496),#3537,.T.);
#3726=ADVANCED_FACE('',(#497),#3538,.T.);
#3727=ADVANCED_FACE('',(#498),#3539,.T.);
#3728=ADVANCED_FACE('',(#499),#3540,.T.);
#3729=ADVANCED_FACE('',(#500),#3541,.T.);
#3730=ADVANCED_FACE('',(#501),#3542,.T.);
#3731=ADVANCED_FACE('',(#502),#104,.T.);
#3732=ADVANCED_FACE('',(#503),#105,.T.);
#3733=ADVANCED_FACE('',(#504),#106,.T.);
#3734=ADVANCED_FACE('',(#505),#3543,.T.);
#3735=ADVANCED_FACE('',(#506),#3544,.T.);
#3736=ADVANCED_FACE('',(#507),#3545,.T.);
#3737=ADVANCED_FACE('',(#508),#107,.T.);
#3738=ADVANCED_FACE('',(#509),#108,.T.);
#3739=ADVANCED_FACE('',(#510),#109,.T.);
#3740=ADVANCED_FACE('',(#511),#110,.T.);
#3741=ADVANCED_FACE('',(#512),#3546,.T.);
#3742=ADVANCED_FACE('',(#513),#3547,.T.);
#3743=ADVANCED_FACE('',(#514),#3548,.T.);
#3744=ADVANCED_FACE('',(#515),#3549,.T.);
#3745=ADVANCED_FACE('',(#516),#3550,.T.);
#3746=ADVANCED_FACE('',(#517),#3551,.T.);
#3747=ADVANCED_FACE('',(#518),#3552,.T.);
#3748=ADVANCED_FACE('',(#519),#114,.F.);
#3749=ADVANCED_FACE('',(#520),#115,.F.);
#3750=ADVANCED_FACE('',(#521),#116,.T.);
#3751=ADVANCED_FACE('',(#522),#3553,.T.);
#3752=ADVANCED_FACE('',(#523),#117,.T.);
#3753=ADVANCED_FACE('',(#524),#3554,.T.);
#3754=ADVANCED_FACE('',(#525,#330),#3555,.F.);
#3755=ADVANCED_FACE('',(#526),#118,.T.);
#3756=ADVANCED_FACE('',(#527),#3556,.T.);
#3757=ADVANCED_FACE('',(#528),#119,.T.);
#3758=ADVANCED_FACE('',(#529,#331,#332,#333),#3557,.T.);
#3759=ADVANCED_FACE('',(#530),#3558,.F.);
#3760=ADVANCED_FACE('',(#531),#3559,.F.);
#3761=ADVANCED_FACE('',(#532),#3560,.F.);
#3762=ADVANCED_FACE('',(#533),#3561,.F.);
#3763=ADVANCED_FACE('',(#534),#3562,.T.);
#3764=CLOSED_SHELL('',(#3563,#3564,#3565,#3566,#3567,#3568,#3569,#3570,
#3571,#3572,#3573,#3574,#3575,#3576,#3577,#3578,#3579,#3580,#3581,#3582,
#3583,#3584,#3585,#3586,#3587,#3588,#3589,#3590,#3591,#3592,#3593,#3594,
#3595,#3596,#3597,#3598,#3599,#3600,#3601,#3602,#3603,#3604,#3605,#3606,
#3607,#3608,#3609,#3610,#3611,#3612,#3613,#3614,#3615,#3616,#3617,#3618,
#3619,#3620,#3621,#3622,#3623,#3624,#3625,#3626,#3627,#3628,#3629,#3630,
#3631,#3632,#3633,#3634,#3635,#3636,#3637,#3638,#3639,#3640,#3641,#3642,
#3643,#3644,#3645,#3646,#3647,#3648,#3649,#3650,#3651,#3652,#3653,#3654,
#3655,#3656,#3657,#3658,#3659,#3660,#3661,#3662,#3663,#3664,#3665,#3666,
#3667,#3668,#3669,#3670,#3671,#3672,#3673,#3674,#3675,#3676,#3677,#3678,
#3679,#3680,#3681,#3682,#3683,#3684,#3685,#3686,#3687,#3688,#3689,#3690,
#3691,#3692,#3693,#3694,#3695,#3696,#3697,#3698,#3699,#3700,#3701,#3702,
#3703,#3704,#3705,#3706,#3707,#3708,#3709,#3710,#3711,#3712,#3713,#3714,
#3715,#3716,#3717,#3718,#3719,#3720,#3721,#3722,#3723,#3724,#3725,#3726,
#3727,#3728,#3729,#3730,#3731,#3732,#3733,#3734,#3735,#3736,#3737,#3738,
#3739,#3740,#3741,#3742,#3743,#3744,#3745,#3746,#3747,#3748,#3749,#3750,
#3751,#3752,#3753,#3754,#3755,#3756,#3757,#3758,#3759,#3760,#3761,#3762,
#3763));
#3765=DERIVED_UNIT_ELEMENT(#3767,1.);
#3766=DERIVED_UNIT_ELEMENT(#7242,-3.);
#3767=(
MASS_UNIT()
NAMED_UNIT(*)
SI_UNIT(.KILO.,.GRAM.)
);
#3768=DERIVED_UNIT((#3765,#3766));
#3769=MEASURE_REPRESENTATION_ITEM('density measure',
POSITIVE_RATIO_MEASURE(7850.),#3768);
#3770=PROPERTY_DEFINITION_REPRESENTATION(#3775,#3772);
#3771=PROPERTY_DEFINITION_REPRESENTATION(#3776,#3773);
#3772=REPRESENTATION('material name',(#3774),#7239);
#3773=REPRESENTATION('density',(#3769),#7239);
#3774=DESCRIPTIVE_REPRESENTATION_ITEM('Steel','Steel');
#3775=PROPERTY_DEFINITION('material property','material name',#7249);
#3776=PROPERTY_DEFINITION('material property','density of part',#7249);
#3777=AXIS2_PLACEMENT_3D('',#4488,#3901,#3902);
#3778=AXIS2_PLACEMENT_3D('',#4489,#3903,#3904);
#3779=AXIS2_PLACEMENT_3D('',#4494,#3906,#3907);
#3780=AXIS2_PLACEMENT_3D('',#4498,#3909,#3910);
#3781=AXIS2_PLACEMENT_3D('',#4502,#3912,#3913);
#3782=AXIS2_PLACEMENT_3D('',#4505,#3915,#3916);
#3783=AXIS2_PLACEMENT_3D('',#4507,#3917,#3918);
#3784=AXIS2_PLACEMENT_3D('',#4509,#3919,#3920);
#3785=AXIS2_PLACEMENT_3D('',#4511,#3921,#3922);
#3786=AXIS2_PLACEMENT_3D('',#5076,#3983,#3984);
#3787=AXIS2_PLACEMENT_3D('',#5078,#3985,#3986);
#3788=AXIS2_PLACEMENT_3D('',#5081,#3988,#3989);
#3789=AXIS2_PLACEMENT_3D('',#5082,#3990,#3991);
#3790=AXIS2_PLACEMENT_3D('',#5084,#3992,#3993);
#3791=AXIS2_PLACEMENT_3D('',#5085,#3994,#3995);
#3792=AXIS2_PLACEMENT_3D('',#5087,#3997,#3998);
#3793=AXIS2_PLACEMENT_3D('',#5089,#3999,#4000);
#3794=AXIS2_PLACEMENT_3D('',#5092,#4002,#4003);
#3795=AXIS2_PLACEMENT_3D('',#5093,#4004,#4005);
#3796=AXIS2_PLACEMENT_3D('',#5095,#4006,#4007);
#3797=AXIS2_PLACEMENT_3D('',#5096,#4008,#4009);
#3798=AXIS2_PLACEMENT_3D('',#5137,#4021,#4022);
#3799=AXIS2_PLACEMENT_3D('',#5140,#4025,#4026);
#3800=AXIS2_PLACEMENT_3D('',#5142,#4028,#4029);
#3801=AXIS2_PLACEMENT_3D('',#5144,#4031,#4032);
#3802=AXIS2_PLACEMENT_3D('',#5146,#4034,#4035);
#3803=AXIS2_PLACEMENT_3D('',#5148,#4037,#4038);
#3804=AXIS2_PLACEMENT_3D('',#5150,#4040,#4041);
#3805=AXIS2_PLACEMENT_3D('',#5152,#4043,#4044);
#3806=AXIS2_PLACEMENT_3D('',#5153,#4045,#4046);
#3807=AXIS2_PLACEMENT_3D('',#5159,#4050,#4051);
#3808=AXIS2_PLACEMENT_3D('',#5197,#4056,#4057);
#3809=AXIS2_PLACEMENT_3D('',#5216,#4060,#4061);
#3810=AXIS2_PLACEMENT_3D('',#5301,#4073,#4074);
#3811=AXIS2_PLACEMENT_3D('',#5303,#4076,#4077);
#3812=AXIS2_PLACEMENT_3D('',#5305,#4079,#4080);
#3813=AXIS2_PLACEMENT_3D('',#5307,#4082,#4083);
#3814=AXIS2_PLACEMENT_3D('',#5309,#4085,#4086);
#3815=AXIS2_PLACEMENT_3D('',#5311,#4088,#4089);
#3816=AXIS2_PLACEMENT_3D('',#5346,#4094,#4095);
#3817=AXIS2_PLACEMENT_3D('',#5347,#4096,#4097);
#3818=AXIS2_PLACEMENT_3D('',#5446,#4102,#4103);
#3819=AXIS2_PLACEMENT_3D('',#5548,#4115,#4116);
#3820=AXIS2_PLACEMENT_3D('',#5583,#4121,#4122);
#3821=AXIS2_PLACEMENT_3D('',#5637,#4127,#4128);
#3822=AXIS2_PLACEMENT_3D('',#5639,#4130,#4131);
#3823=AXIS2_PLACEMENT_3D('',#5752,#4140,#4141);
#3824=AXIS2_PLACEMENT_3D('',#5799,#4148,#4149);
#3825=AXIS2_PLACEMENT_3D('',#5834,#4154,#4155);
#3826=AXIS2_PLACEMENT_3D('',#5880,#4161,#4162);
#3827=AXIS2_PLACEMENT_3D('',#5882,#4164,#4165);
#3828=AXIS2_PLACEMENT_3D('',#5884,#4167,#4168);
#3829=AXIS2_PLACEMENT_3D('',#5885,#4169,#4170);
#3830=AXIS2_PLACEMENT_3D('',#5891,#4174,#4175);
#3831=AXIS2_PLACEMENT_3D('',#5978,#4182,#4183);
#3832=AXIS2_PLACEMENT_3D('',#6103,#4192,#4193);
#3833=AXIS2_PLACEMENT_3D('',#6106,#4196,#4197);
#3834=AXIS2_PLACEMENT_3D('',#6108,#4199,#4200);
#3835=AXIS2_PLACEMENT_3D('',#6110,#4202,#4203);
#3836=AXIS2_PLACEMENT_3D('',#6233,#4216,#4217);
#3837=AXIS2_PLACEMENT_3D('',#6235,#4219,#4220);
#3838=AXIS2_PLACEMENT_3D('',#6237,#4222,#4223);
#3839=AXIS2_PLACEMENT_3D('',#6359,#4232,#4233);
#3840=AXIS2_PLACEMENT_3D('',#6361,#4235,#4236);
#3841=AXIS2_PLACEMENT_3D('',#6450,#4247,#4248);
#3842=AXIS2_PLACEMENT_3D('',#6452,#4250,#4251);
#3843=AXIS2_PLACEMENT_3D('',#6476,#4255,#4256);
#3844=AXIS2_PLACEMENT_3D('',#6489,#4259,#4260);
#3845=AXIS2_PLACEMENT_3D('',#6491,#4262,#4263);
#3846=AXIS2_PLACEMENT_3D('',#6493,#4265,#4266);
#3847=AXIS2_PLACEMENT_3D('',#6495,#4268,#4269);
#3848=AXIS2_PLACEMENT_3D('',#6530,#4274,#4275);
#3849=AXIS2_PLACEMENT_3D('',#6564,#4279,#4280);
#3850=AXIS2_PLACEMENT_3D('',#6661,#4293,#4294);
#3851=AXIS2_PLACEMENT_3D('',#6686,#4299,#4300);
#3852=AXIS2_PLACEMENT_3D('',#6732,#4306,#4307);
#3853=AXIS2_PLACEMENT_3D('',#6734,#4309,#4310);
#3854=AXIS2_PLACEMENT_3D('',#6736,#4312,#4313);
#3855=AXIS2_PLACEMENT_3D('',#6738,#4315,#4316);
#3856=AXIS2_PLACEMENT_3D('',#6740,#4318,#4319);
#3857=AXIS2_PLACEMENT_3D('',#6764,#4323,#4324);
#3858=AXIS2_PLACEMENT_3D('',#6766,#4326,#4327);
#3859=AXIS2_PLACEMENT_3D('',#6786,#4330,#4331);
#3860=AXIS2_PLACEMENT_3D('',#6790,#4334,#4335);
#3861=AXIS2_PLACEMENT_3D('',#6794,#4338,#4339);
#3862=AXIS2_PLACEMENT_3D('',#6847,#4344,#4345);
#3863=AXIS2_PLACEMENT_3D('',#6968,#4358,#4359);
#3864=AXIS2_PLACEMENT_3D('',#7070,#4371,#4372);
#3865=AXIS2_PLACEMENT_3D('',#7072,#4374,#4375);
#3866=AXIS2_PLACEMENT_3D('',#7074,#4377,#4378);
#3867=AXIS2_PLACEMENT_3D('',#7076,#4380,#4381);
#3868=AXIS2_PLACEMENT_3D('',#7078,#4383,#4384);
#3869=AXIS2_PLACEMENT_3D('',#7080,#4386,#4387);
#3870=AXIS2_PLACEMENT_3D('',#7115,#4392,#4393);
#3871=AXIS2_PLACEMENT_3D('',#7117,#4395,#4396);
#3872=AXIS2_PLACEMENT_3D('',#7119,#4398,#4399);
#3873=AXIS2_PLACEMENT_3D('',#7165,#4405,#4406);
#3874=AXIS2_PLACEMENT_3D('',#7167,#4408,#4409);
#3875=AXIS2_PLACEMENT_3D('',#7168,#4410,#4411);
#3876=AXIS2_PLACEMENT_3D('',#7169,#4412,#4413);
#3877=AXIS2_PLACEMENT_3D('',#7170,#4414,#4415);
#3878=AXIS2_PLACEMENT_3D('',#7171,#4416,#4417);
#3879=AXIS2_PLACEMENT_3D('',#7172,#4418,#4419);
#3880=AXIS2_PLACEMENT_3D('',#7173,#4420,#4421);
#3881=AXIS2_PLACEMENT_3D('',#7176,#4423,#4424);
#3882=AXIS2_PLACEMENT_3D('',#7177,#4425,#4426);
#3883=AXIS2_PLACEMENT_3D('',#7179,#4428,#4429);
#3884=AXIS2_PLACEMENT_3D('',#7183,#4431,#4432);
#3885=AXIS2_PLACEMENT_3D('',#7185,#4434,#4435);
#3886=AXIS2_PLACEMENT_3D('',#7189,#4438,#4439);
#3887=AXIS2_PLACEMENT_3D('',#7192,#4440,#4441);
#3888=AXIS2_PLACEMENT_3D('',#7195,#4444,#4445);
#3889=AXIS2_PLACEMENT_3D('',#7199,#4448,#4449);
#3890=AXIS2_PLACEMENT_3D('',#7201,#4450,#4451);
#3891=AXIS2_PLACEMENT_3D('',#7204,#4453,#4454);
#3892=AXIS2_PLACEMENT_3D('',#7214,#4460,#4461);
#3893=AXIS2_PLACEMENT_3D('',#7216,#4463,#4464);
#3894=AXIS2_PLACEMENT_3D('',#7218,#4466,#4467);
#3895=AXIS2_PLACEMENT_3D('',#7219,#4468,#4469);
#3896=AXIS2_PLACEMENT_3D('',#7228,#4474,#4475);
#3897=AXIS2_PLACEMENT_3D('',#7231,#4478,#4479);
#3898=AXIS2_PLACEMENT_3D('',#7233,#4481,#4482);
#3899=AXIS2_PLACEMENT_3D('',#7235,#4484,#4485);
#3900=AXIS2_PLACEMENT_3D('',#7236,#4486,#4487);
#3901=DIRECTION('axis',(0.,0.,1.));
#3902=DIRECTION('refdir',(1.,0.,0.));
#3903=DIRECTION('center_axis',(0.,0.,1.));
#3904=DIRECTION('ref_axis',(1.,0.,0.));
#3905=DIRECTION('',(0.,1.,0.));
#3906=DIRECTION('center_axis',(0.,0.,-1.));
#3907=DIRECTION('ref_axis',(-0.707106781186547,-0.707106781186548,0.));
#3908=DIRECTION('',(1.,0.,0.));
#3909=DIRECTION('center_axis',(0.,0.,-1.));
#3910=DIRECTION('ref_axis',(0.707106781186546,-0.707106781186549,0.));
#3911=DIRECTION('',(0.,1.,0.));
#3912=DIRECTION('center_axis',(0.,0.,-1.));
#3913=DIRECTION('ref_axis',(0.707106781186554,0.707106781186541,0.));
#3914=DIRECTION('',(1.,0.,0.));
#3915=DIRECTION('center_axis',(0.,0.,-1.));
#3916=DIRECTION('ref_axis',(-0.707106781186543,0.707106781186552,0.));
#3917=DIRECTION('center_axis',(0.,0.,-1.));
#3918=DIRECTION('ref_axis',(-1.,0.,0.));
#3919=DIRECTION('center_axis',(0.,0.,-1.));
#3920=DIRECTION('ref_axis',(1.,0.,0.));
#3921=DIRECTION('center_axis',(0.,0.,-1.));
#3922=DIRECTION('ref_axis',(1.,0.,0.));
#3923=DIRECTION('',(1.,0.,0.));
#3924=DIRECTION('',(0.,-1.,0.));
#3925=DIRECTION('',(-1.,0.,0.));
#3926=DIRECTION('',(1.,0.,0.));
#3927=DIRECTION('',(0.,-1.,0.));
#3928=DIRECTION('',(-1.,0.,0.));
#3929=DIRECTION('',(1.,0.,0.));
#3930=DIRECTION('',(0.,-1.,0.));
#3931=DIRECTION('',(-1.,0.,0.));
#3932=DIRECTION('',(0.,1.,0.));
#3933=DIRECTION('',(1.,0.,0.));
#3934=DIRECTION('',(0.,1.,0.));
#3935=DIRECTION('',(0.932817646790721,0.36034877249107,0.));
#3936=DIRECTION('',(0.,-1.,0.));
#3937=DIRECTION('',(-0.944949658862577,-0.327215742615633,0.));
#3938=DIRECTION('',(0.,-1.,0.));
#3939=DIRECTION('',(1.,0.,0.));
#3940=DIRECTION('',(0.,-1.,0.));
#3941=DIRECTION('',(-1.,0.,0.));
#3942=DIRECTION('',(0.,1.,0.));
#3943=DIRECTION('',(1.,0.,0.));
#3944=DIRECTION('',(-1.,0.,0.));
#3945=DIRECTION('',(-0.924439575984998,0.381328559581729,0.));
#3946=DIRECTION('',(-0.922111197459903,-0.386924979187263,0.));
#3947=DIRECTION('',(0.,1.,0.));
#3948=DIRECTION('',(0.969911145199457,0.243459176080667,0.));
#3949=DIRECTION('',(0.,1.,0.));
#3950=DIRECTION('',(0.,1.,0.));
#3951=DIRECTION('',(0.941478722641727,-0.337072417757523,0.));
#3952=DIRECTION('',(1.,0.,0.));
#3953=DIRECTION('',(0.,-1.,0.));
#3954=DIRECTION('',(-1.,0.,0.));
#3955=DIRECTION('',(0.,-1.,0.));
#3956=DIRECTION('',(0.,1.,0.));
#3957=DIRECTION('',(-1.,0.,0.));
#3958=DIRECTION('',(0.,1.,0.));
#3959=DIRECTION('',(1.,0.,0.));
#3960=DIRECTION('',(0.,-1.,0.));
#3961=DIRECTION('',(-1.,0.,0.));
#3962=DIRECTION('',(0.,-1.,0.));
#3963=DIRECTION('',(-0.128838283443784,0.991665617392909,0.));
#3964=DIRECTION('',(-1.,0.,0.));
#3965=DIRECTION('',(1.,0.,0.));
#3966=DIRECTION('',(0.,-1.,0.));
#3967=DIRECTION('',(1.,0.,0.));
#3968=DIRECTION('',(1.,0.,0.));
#3969=DIRECTION('',(1.,0.,0.));
#3970=DIRECTION('',(0.,-1.,0.));
#3971=DIRECTION('',(-1.,0.,0.));
#3972=DIRECTION('',(0.,1.,0.));
#3973=DIRECTION('',(1.,0.,0.));
#3974=DIRECTION('',(0.,1.,0.));
#3975=DIRECTION('',(0.951238644937998,0.308455896971545,0.));
#3976=DIRECTION('',(0.,-1.,0.));
#3977=DIRECTION('',(-0.972687648240168,-0.232117941919646,0.));
#3978=DIRECTION('',(0.,-1.,0.));
#3979=DIRECTION('',(0.96839175366337,-0.249434182574849,0.));
#3980=DIRECTION('',(0.,-1.,0.));
#3981=DIRECTION('',(-0.945470976474332,0.325706359539807,0.));
#3982=DIRECTION('',(0.,1.,0.));
#3983=DIRECTION('center_axis',(0.,0.,1.));
#3984=DIRECTION('ref_axis',(1.,0.,0.));
#3985=DIRECTION('center_axis',(0.,0.,1.));
#3986=DIRECTION('ref_axis',(1.,0.,0.));
#3987=DIRECTION('',(0.,0.,1.));
#3988=DIRECTION('center_axis',(0.,0.,1.));
#3989=DIRECTION('ref_axis',(1.,0.,0.));
#3990=DIRECTION('center_axis',(0.,0.,-1.));
#3991=DIRECTION('ref_axis',(1.,0.,0.));
#3992=DIRECTION('center_axis',(0.,0.,-1.));
#3993=DIRECTION('ref_axis',(-1.,0.,0.));
#3994=DIRECTION('center_axis',(0.,0.,-1.));
#3995=DIRECTION('ref_axis',(-1.,0.,0.));
#3996=DIRECTION('',(0.,0.,-1.));
#3997=DIRECTION('center_axis',(0.,0.,1.));
#3998=DIRECTION('ref_axis',(1.,0.,0.));
#3999=DIRECTION('center_axis',(0.,0.,1.));
#4000=DIRECTION('ref_axis',(1.,0.,0.));
#4001=DIRECTION('',(0.,0.,1.));
#4002=DIRECTION('center_axis',(0.,0.,1.));
#4003=DIRECTION('ref_axis',(1.,0.,0.));
#4004=DIRECTION('center_axis',(0.,0.,-1.));
#4005=DIRECTION('ref_axis',(1.,0.,0.));
#4006=DIRECTION('center_axis',(0.,0.,-1.));
#4007=DIRECTION('ref_axis',(1.,0.,0.));
#4008=DIRECTION('center_axis',(0.,0.,1.));
#4009=DIRECTION('ref_axis',(1.,0.,0.));
#4010=DIRECTION('',(0.951238644937998,0.308455896971545,0.));
#4011=DIRECTION('',(0.,1.,0.));
#4012=DIRECTION('',(-0.945470976474332,0.325706359539807,0.));
#4013=DIRECTION('',(0.,-1.,0.));
#4014=DIRECTION('',(0.96839175366337,-0.249434182574849,0.));
#4015=DIRECTION('',(0.,-1.,0.));
#4016=DIRECTION('',(-0.972687648240168,-0.232117941919646,0.));
#4017=DIRECTION('',(0.,-1.,0.));
#4018=DIRECTION('',(-0.968663826754579,-0.248375503496569,0.));
#4019=DIRECTION('',(0.,1.,0.));
#4020=DIRECTION('',(0.,-1.,0.));
#4021=DIRECTION('center_axis',(0.308455896971545,-0.951238644937999,0.));
#4022=DIRECTION('ref_axis',(0.,0.,-1.));
#4023=DIRECTION('',(0.,0.,1.));
#4024=DIRECTION('',(0.,0.,1.));
#4025=DIRECTION('center_axis',(1.,0.,0.));
#4026=DIRECTION('ref_axis',(0.,0.,-1.));
#4027=DIRECTION('',(0.,0.,1.));
#4028=DIRECTION('center_axis',(0.325706359539807,0.945470976474332,0.));
#4029=DIRECTION('ref_axis',(0.,0.,1.));
#4030=DIRECTION('',(0.,0.,1.));
#4031=DIRECTION('center_axis',(-1.,0.,0.));
#4032=DIRECTION('ref_axis',(0.,0.,1.));
#4033=DIRECTION('',(0.,0.,1.));
#4034=DIRECTION('center_axis',(-0.249434182574849,-0.96839175366337,0.));
#4035=DIRECTION('ref_axis',(0.,0.,-1.));
#4036=DIRECTION('',(0.,0.,1.));
#4037=DIRECTION('center_axis',(-1.,0.,0.));
#4038=DIRECTION('ref_axis',(0.,0.,1.));
#4039=DIRECTION('',(0.,0.,1.));
#4040=DIRECTION('center_axis',(-0.232117941919646,0.972687648240167,0.));
#4041=DIRECTION('ref_axis',(0.,0.,1.));
#4042=DIRECTION('',(0.,0.,1.));
#4043=DIRECTION('center_axis',(-1.,0.,0.));
#4044=DIRECTION('ref_axis',(0.,0.,1.));
#4045=DIRECTION('center_axis',(-0.248375503496569,0.96866382675458,0.));
#4046=DIRECTION('ref_axis',(0.,0.,1.));
#4047=DIRECTION('',(0.,0.,1.));
#4048=DIRECTION('',(-0.968663826754579,-0.248375503496569,0.));
#4049=DIRECTION('',(0.,0.,1.));
#4050=DIRECTION('center_axis',(1.,0.,0.));
#4051=DIRECTION('ref_axis',(0.,0.,-1.));
#4052=DIRECTION('',(0.,1.,0.));
#4053=DIRECTION('',(0.,0.,1.));
#4054=DIRECTION('',(0.,0.,1.));
#4055=DIRECTION('',(0.,0.,1.));
#4056=DIRECTION('center_axis',(-1.,0.,0.));
#4057=DIRECTION('ref_axis',(0.,0.,1.));
#4058=DIRECTION('',(0.,-1.,0.));
#4059=DIRECTION('',(0.,0.,1.));
#4060=DIRECTION('center_axis',(0.,0.,1.));
#4061=DIRECTION('ref_axis',(1.,0.,0.));
#4062=DIRECTION('',(0.,1.,0.));
#4063=DIRECTION('',(1.,0.,0.));
#4064=DIRECTION('',(0.,1.,0.));
#4065=DIRECTION('',(-1.,0.,0.));
#4066=DIRECTION('',(0.,-1.,0.));
#4067=DIRECTION('',(1.,0.,0.));
#4068=DIRECTION('',(1.,0.,0.));
#4069=DIRECTION('',(0.,0.,1.));
#4070=DIRECTION('',(0.,0.,1.));
#4071=DIRECTION('',(0.,0.,1.));
#4072=DIRECTION('',(0.,0.,1.));
#4073=DIRECTION('center_axis',(1.,0.,0.));
#4074=DIRECTION('ref_axis',(0.,0.,-1.));
#4075=DIRECTION('',(0.,0.,1.));
#4076=DIRECTION('center_axis',(0.,-1.,0.));
#4077=DIRECTION('ref_axis',(0.,0.,-1.));
#4078=DIRECTION('',(0.,0.,1.));
#4079=DIRECTION('center_axis',(1.,0.,0.));
#4080=DIRECTION('ref_axis',(0.,0.,-1.));
#4081=DIRECTION('',(0.,0.,1.));
#4082=DIRECTION('center_axis',(0.,1.,0.));
#4083=DIRECTION('ref_axis',(0.,0.,1.));
#4084=DIRECTION('',(0.,0.,1.));
#4085=DIRECTION('center_axis',(-1.,0.,0.));
#4086=DIRECTION('ref_axis',(0.,0.,1.));
#4087=DIRECTION('',(0.,0.,1.));
#4088=DIRECTION('center_axis',(0.,-1.,0.));
#4089=DIRECTION('ref_axis',(0.,0.,-1.));
#4090=DIRECTION('',(0.,0.,1.));
#4091=DIRECTION('',(0.,0.,1.));
#4092=DIRECTION('',(0.,0.,1.));
#4093=DIRECTION('',(0.,0.,1.));
#4094=DIRECTION('center_axis',(0.,-1.,0.));
#4095=DIRECTION('ref_axis',(0.,0.,-1.));
#4096=DIRECTION('center_axis',(0.,0.,1.));
#4097=DIRECTION('ref_axis',(1.,0.,0.));
#4098=DIRECTION('',(1.,0.,0.));
#4099=DIRECTION('',(1.,0.,0.));
#4100=DIRECTION('',(0.,-1.,0.));
#4101=DIRECTION('',(0.,1.,0.));
#4102=DIRECTION('center_axis',(0.,-1.,0.));
#4103=DIRECTION('ref_axis',(0.,0.,-1.));
#4104=DIRECTION('',(0.,0.,1.));
#4105=DIRECTION('',(0.,0.,1.));
#4106=DIRECTION('',(0.,0.,1.));
#4107=DIRECTION('',(0.,0.,1.));
#4108=DIRECTION('',(0.,0.,1.));
#4109=DIRECTION('',(0.,0.,1.));
#4110=DIRECTION('',(0.,0.,1.));
#4111=DIRECTION('',(0.,0.,1.));
#4112=DIRECTION('',(0.,0.,1.));
#4113=DIRECTION('',(0.,0.,1.));
#4114=DIRECTION('',(0.,0.,1.));
#4115=DIRECTION('center_axis',(0.,-1.,0.));
#4116=DIRECTION('ref_axis',(0.,0.,-1.));
#4117=DIRECTION('',(0.,0.,1.));
#4118=DIRECTION('',(0.,0.,1.));
#4119=DIRECTION('',(0.,0.,1.));
#4120=DIRECTION('',(0.,0.,1.));
#4121=DIRECTION('center_axis',(-1.,0.,0.));
#4122=DIRECTION('ref_axis',(0.,0.,1.));
#4123=DIRECTION('',(0.,0.,1.));
#4124=DIRECTION('',(0.,0.,1.));
#4125=DIRECTION('',(0.,0.,1.));
#4126=DIRECTION('',(0.,0.,1.));
#4127=DIRECTION('center_axis',(1.,0.,0.));
#4128=DIRECTION('ref_axis',(0.,0.,-1.));
#4129=DIRECTION('',(0.,1.,0.));
#4130=DIRECTION('center_axis',(0.,0.,1.));
#4131=DIRECTION('ref_axis',(1.,0.,0.));
#4132=DIRECTION('',(1.,0.,0.));
#4133=DIRECTION('',(-1.,0.,0.));
#4134=DIRECTION('',(-0.128838283443784,0.991665617392909,0.));
#4135=DIRECTION('',(0.,-1.,0.));
#4136=DIRECTION('',(-1.,0.,0.));
#4137=DIRECTION('',(0.,-1.,0.));
#4138=DIRECTION('',(0.137568563539194,-0.990492246474329,0.));
#4139=DIRECTION('',(-1.,0.,0.));
#4140=DIRECTION('center_axis',(0.,-1.,0.));
#4141=DIRECTION('ref_axis',(0.,0.,-1.));
#4142=DIRECTION('',(0.,0.,1.));
#4143=DIRECTION('',(0.,0.,1.));
#4144=DIRECTION('',(0.,0.,1.));
#4145=DIRECTION('',(0.,0.,1.));
#4146=DIRECTION('',(0.,0.,1.));
#4147=DIRECTION('',(0.,0.,1.));
#4148=DIRECTION('center_axis',(0.,1.,0.));
#4149=DIRECTION('ref_axis',(0.,0.,1.));
#4150=DIRECTION('',(0.,0.,1.));
#4151=DIRECTION('',(0.,0.,1.));
#4152=DIRECTION('',(0.,0.,1.));
#4153=DIRECTION('',(0.,0.,1.));
#4154=DIRECTION('center_axis',(0.991665617392909,0.128838283443784,0.));
#4155=DIRECTION('ref_axis',(0.,0.,-1.));
#4156=DIRECTION('',(0.,0.,1.));
#4157=DIRECTION('',(0.,0.,1.));
#4158=DIRECTION('',(0.,0.,1.));
#4159=DIRECTION('',(0.,0.,1.));
#4160=DIRECTION('',(0.,0.,1.));
#4161=DIRECTION('center_axis',(-1.,0.,0.));
#4162=DIRECTION('ref_axis',(0.,0.,1.));
#4163=DIRECTION('',(0.,0.,1.));
#4164=DIRECTION('center_axis',(0.,1.,0.));
#4165=DIRECTION('ref_axis',(0.,0.,1.));
#4166=DIRECTION('',(0.,0.,1.));
#4167=DIRECTION('center_axis',(-1.,0.,0.));
#4168=DIRECTION('ref_axis',(0.,0.,1.));
#4169=DIRECTION('center_axis',(-0.990492246474329,-0.137568563539194,0.));
#4170=DIRECTION('ref_axis',(0.,0.,1.));
#4171=DIRECTION('',(0.,0.,1.));
#4172=DIRECTION('',(0.137568563539194,-0.990492246474329,0.));
#4173=DIRECTION('',(0.,0.,1.));
#4174=DIRECTION('center_axis',(0.,1.,0.));
#4175=DIRECTION('ref_axis',(0.,0.,1.));
#4176=DIRECTION('',(-1.,0.,0.));
#4177=DIRECTION('',(0.,0.,1.));
#4178=DIRECTION('',(0.,0.,1.));
#4179=DIRECTION('',(0.,0.,1.));
#4180=DIRECTION('',(0.,0.,1.));
#4181=DIRECTION('',(0.,0.,1.));
#4182=DIRECTION('center_axis',(0.,0.,1.));
#4183=DIRECTION('ref_axis',(1.,0.,0.));
#4184=DIRECTION('',(1.,0.,0.));
#4185=DIRECTION('',(0.,1.,0.));
#4186=DIRECTION('',(-1.,0.,0.));
#4187=DIRECTION('',(0.,1.,0.));
#4188=DIRECTION('',(0.,-1.,0.));
#4189=DIRECTION('',(-1.,0.,0.));
#4190=DIRECTION('',(0.,-1.,0.));
#4191=DIRECTION('',(-1.,0.,0.));
#4192=DIRECTION('center_axis',(0.,-1.,0.));
#4193=DIRECTION('ref_axis',(0.,0.,-1.));
#4194=DIRECTION('',(0.,0.,1.));
#4195=DIRECTION('',(0.,0.,1.));
#4196=DIRECTION('center_axis',(1.,0.,0.));
#4197=DIRECTION('ref_axis',(0.,0.,-1.));
#4198=DIRECTION('',(0.,0.,1.));
#4199=DIRECTION('center_axis',(0.,1.,0.));
#4200=DIRECTION('ref_axis',(0.,0.,1.));
#4201=DIRECTION('',(0.,0.,1.));
#4202=DIRECTION('center_axis',(1.,0.,0.));
#4203=DIRECTION('ref_axis',(0.,0.,-1.));
#4204=DIRECTION('',(0.,0.,1.));
#4205=DIRECTION('',(0.,0.,1.));
#4206=DIRECTION('',(0.,0.,1.));
#4207=DIRECTION('',(0.,0.,1.));
#4208=DIRECTION('',(0.,0.,1.));
#4209=DIRECTION('',(0.,0.,1.));
#4210=DIRECTION('',(0.,0.,1.));
#4211=DIRECTION('',(0.,0.,1.));
#4212=DIRECTION('',(0.,0.,1.));
#4213=DIRECTION('',(0.,0.,1.));
#4214=DIRECTION('',(0.,0.,1.));
#4215=DIRECTION('',(0.,0.,1.));
#4216=DIRECTION('center_axis',(-1.,0.,0.));
#4217=DIRECTION('ref_axis',(0.,0.,1.));
#4218=DIRECTION('',(0.,0.,1.));
#4219=DIRECTION('center_axis',(0.,1.,0.));
#4220=DIRECTION('ref_axis',(0.,0.,1.));
#4221=DIRECTION('',(0.,0.,1.));
#4222=DIRECTION('center_axis',(-1.,0.,0.));
#4223=DIRECTION('ref_axis',(0.,0.,1.));
#4224=DIRECTION('',(0.,0.,1.));
#4225=DIRECTION('',(0.,0.,1.));
#4226=DIRECTION('',(0.,0.,1.));
#4227=DIRECTION('',(0.,0.,1.));
#4228=DIRECTION('',(0.,0.,1.));
#4229=DIRECTION('',(0.,0.,1.));
#4230=DIRECTION('',(0.,0.,1.));
#4231=DIRECTION('',(0.,0.,1.));
#4232=DIRECTION('center_axis',(0.,1.,0.));
#4233=DIRECTION('ref_axis',(0.,0.,1.));
#4234=DIRECTION('',(-1.,0.,0.));
#4235=DIRECTION('center_axis',(0.,0.,1.));
#4236=DIRECTION('ref_axis',(1.,0.,0.));
#4237=DIRECTION('',(0.941478722641727,-0.337072417757523,0.));
#4238=DIRECTION('',(0.,1.,0.));
#4239=DIRECTION('',(0.,1.,0.));
#4240=DIRECTION('',(0.969911145199457,0.243459176080667,0.));
#4241=DIRECTION('',(0.,1.,0.));
#4242=DIRECTION('',(-0.922111197459903,-0.386924979187263,0.));
#4243=DIRECTION('',(-0.924439575984998,0.381328559581729,0.));
#4244=DIRECTION('',(-1.,0.,0.));
#4245=DIRECTION('',(0.,0.,1.));
#4246=DIRECTION('',(0.,0.,1.));
#4247=DIRECTION('center_axis',(-0.337072417757523,-0.941478722641727,0.));
#4248=DIRECTION('ref_axis',(0.,0.,-1.));
#4249=DIRECTION('',(0.,0.,1.));
#4250=DIRECTION('center_axis',(1.,0.,0.));
#4251=DIRECTION('ref_axis',(0.,0.,-1.));
#4252=DIRECTION('',(0.,0.,1.));
#4253=DIRECTION('',(0.,0.,1.));
#4254=DIRECTION('',(0.,0.,1.));
#4255=DIRECTION('center_axis',(1.,0.,0.));
#4256=DIRECTION('ref_axis',(0.,0.,-1.));
#4257=DIRECTION('',(0.,0.,1.));
#4258=DIRECTION('',(0.,0.,1.));
#4259=DIRECTION('center_axis',(0.243459176080667,-0.969911145199457,0.));
#4260=DIRECTION('ref_axis',(0.,0.,-1.));
#4261=DIRECTION('',(0.,0.,1.));
#4262=DIRECTION('center_axis',(1.,0.,0.));
#4263=DIRECTION('ref_axis',(0.,0.,-1.));
#4264=DIRECTION('',(0.,0.,1.));
#4265=DIRECTION('center_axis',(-0.386924979187263,0.922111197459903,0.));
#4266=DIRECTION('ref_axis',(0.,0.,1.));
#4267=DIRECTION('',(0.,0.,1.));
#4268=DIRECTION('center_axis',(0.381328559581729,0.924439575984998,0.));
#4269=DIRECTION('ref_axis',(0.,0.,1.));
#4270=DIRECTION('',(0.,0.,1.));
#4271=DIRECTION('',(0.,0.,1.));
#4272=DIRECTION('',(0.,0.,1.));
#4273=DIRECTION('',(0.,0.,1.));
#4274=DIRECTION('center_axis',(0.,1.,0.));
#4275=DIRECTION('ref_axis',(0.,0.,1.));
#4276=DIRECTION('',(0.,0.,1.));
#4277=DIRECTION('',(0.,0.,1.));
#4278=DIRECTION('',(0.,0.,1.));
#4279=DIRECTION('center_axis',(0.,0.,1.));
#4280=DIRECTION('ref_axis',(1.,0.,0.));
#4281=DIRECTION('',(0.932817646790721,0.36034877249107,0.));
#4282=DIRECTION('',(1.,0.,0.));
#4283=DIRECTION('',(0.,1.,0.));
#4284=DIRECTION('',(-1.,0.,0.));
#4285=DIRECTION('',(0.,-1.,0.));
#4286=DIRECTION('',(1.,0.,0.));
#4287=DIRECTION('',(0.,-1.,0.));
#4288=DIRECTION('',(-0.944949658862577,-0.327215742615633,0.));
#4289=DIRECTION('',(0.,-1.,0.));
#4290=DIRECTION('',(0.,1.,0.));
#4291=DIRECTION('',(1.,0.,0.));
#4292=DIRECTION('',(0.,-1.,0.));
#4293=DIRECTION('center_axis',(0.36034877249107,-0.932817646790721,0.));
#4294=DIRECTION('ref_axis',(0.,0.,-1.));
#4295=DIRECTION('',(0.,0.,1.));
#4296=DIRECTION('',(0.,0.,1.));
#4297=DIRECTION('',(0.,0.,1.));
#4298=DIRECTION('',(0.,0.,1.));
#4299=DIRECTION('center_axis',(0.,-1.,0.));
#4300=DIRECTION('ref_axis',(0.,0.,-1.));
#4301=DIRECTION('',(0.,0.,1.));
#4302=DIRECTION('',(0.,0.,1.));
#4303=DIRECTION('',(0.,0.,1.));
#4304=DIRECTION('',(0.,0.,1.));
#4305=DIRECTION('',(0.,0.,1.));
#4306=DIRECTION('center_axis',(1.,0.,0.));
#4307=DIRECTION('ref_axis',(0.,0.,-1.));
#4308=DIRECTION('',(0.,0.,1.));
#4309=DIRECTION('center_axis',(0.,1.,0.));
#4310=DIRECTION('ref_axis',(0.,0.,1.));
#4311=DIRECTION('',(0.,0.,1.));
#4312=DIRECTION('center_axis',(-1.,0.,0.));
#4313=DIRECTION('ref_axis',(0.,0.,1.));
#4314=DIRECTION('',(0.,0.,1.));
#4315=DIRECTION('center_axis',(0.,-1.,0.));
#4316=DIRECTION('ref_axis',(0.,0.,-1.));
#4317=DIRECTION('',(0.,0.,1.));
#4318=DIRECTION('center_axis',(-1.,0.,0.));
#4319=DIRECTION('ref_axis',(0.,0.,1.));
#4320=DIRECTION('',(0.,0.,1.));
#4321=DIRECTION('',(0.,0.,1.));
#4322=DIRECTION('',(0.,0.,1.));
#4323=DIRECTION('center_axis',(-0.327215742615633,0.944949658862577,0.));
#4324=DIRECTION('ref_axis',(0.,0.,1.));
#4325=DIRECTION('',(0.,0.,1.));
#4326=DIRECTION('center_axis',(-1.,0.,0.));
#4327=DIRECTION('ref_axis',(0.,0.,1.));
#4328=DIRECTION('',(0.,0.,1.));
#4329=DIRECTION('',(0.,0.,1.));
#4330=DIRECTION('center_axis',(1.,0.,0.));
#4331=DIRECTION('ref_axis',(0.,0.,-1.));
#4332=DIRECTION('',(0.,1.,0.));
#4333=DIRECTION('',(0.,0.,1.));
#4334=DIRECTION('center_axis',(0.,-1.,0.));
#4335=DIRECTION('ref_axis',(0.,0.,-1.));
#4336=DIRECTION('',(1.,0.,0.));
#4337=DIRECTION('',(0.,0.,1.));
#4338=DIRECTION('center_axis',(-1.,0.,0.));
#4339=DIRECTION('ref_axis',(0.,0.,1.));
#4340=DIRECTION('',(0.,-1.,0.));
#4341=DIRECTION('',(0.,0.,1.));
#4342=DIRECTION('',(0.,0.,1.));
#4343=DIRECTION('',(0.,0.,1.));
#4344=DIRECTION('center_axis',(0.,0.,1.));
#4345=DIRECTION('ref_axis',(1.,0.,0.));
#4346=DIRECTION('',(1.,0.,0.));
#4347=DIRECTION('',(0.,1.,0.));
#4348=DIRECTION('',(1.,0.,0.));
#4349=DIRECTION('',(0.,1.,0.));
#4350=DIRECTION('',(-1.,0.,0.));
#4351=DIRECTION('',(0.,-1.,0.));
#4352=DIRECTION('',(1.,0.,0.));
#4353=DIRECTION('',(-1.,0.,0.));
#4354=DIRECTION('',(0.,-1.,0.));
#4355=DIRECTION('',(1.,0.,0.));
#4356=DIRECTION('',(-1.,0.,0.));
#4357=DIRECTION('',(0.,-1.,0.));
#4358=DIRECTION('center_axis',(0.,-1.,0.));
#4359=DIRECTION('ref_axis',(0.,0.,-1.));
#4360=DIRECTION('',(0.,0.,1.));
#4361=DIRECTION('',(0.,0.,1.));
#4362=DIRECTION('',(0.,0.,1.));
#4363=DIRECTION('',(0.,0.,1.));
#4364=DIRECTION('',(0.,0.,1.));
#4365=DIRECTION('',(0.,0.,1.));
#4366=DIRECTION('',(0.,0.,1.));
#4367=DIRECTION('',(0.,0.,1.));
#4368=DIRECTION('',(0.,0.,1.));
#4369=DIRECTION('',(0.,0.,1.));
#4370=DIRECTION('',(0.,0.,1.));
#4371=DIRECTION('center_axis',(1.,0.,0.));
#4372=DIRECTION('ref_axis',(0.,0.,-1.));
#4373=DIRECTION('',(0.,0.,1.));
#4374=DIRECTION('center_axis',(0.,-1.,0.));
#4375=DIRECTION('ref_axis',(0.,0.,-1.));
#4376=DIRECTION('',(0.,0.,1.));
#4377=DIRECTION('center_axis',(1.,0.,0.));
#4378=DIRECTION('ref_axis',(0.,0.,-1.));
#4379=DIRECTION('',(0.,0.,1.));
#4380=DIRECTION('center_axis',(0.,1.,0.));
#4381=DIRECTION('ref_axis',(0.,0.,1.));
#4382=DIRECTION('',(0.,0.,1.));
#4383=DIRECTION('center_axis',(-1.,0.,0.));
#4384=DIRECTION('ref_axis',(0.,0.,1.));
#4385=DIRECTION('',(0.,0.,1.));
#4386=DIRECTION('center_axis',(0.,-1.,0.));
#4387=DIRECTION('ref_axis',(0.,0.,-1.));
#4388=DIRECTION('',(0.,0.,1.));
#4389=DIRECTION('',(0.,0.,1.));
#4390=DIRECTION('',(0.,0.,1.));
#4391=DIRECTION('',(0.,0.,1.));
#4392=DIRECTION('center_axis',(0.,1.,0.));
#4393=DIRECTION('ref_axis',(0.,0.,1.));
#4394=DIRECTION('',(0.,0.,1.));
#4395=DIRECTION('center_axis',(-1.,0.,0.));
#4396=DIRECTION('ref_axis',(0.,0.,1.));
#4397=DIRECTION('',(0.,0.,1.));
#4398=DIRECTION('center_axis',(0.,-1.,0.));
#4399=DIRECTION('ref_axis',(0.,0.,-1.));
#4400=DIRECTION('',(0.,0.,1.));
#4401=DIRECTION('',(0.,0.,1.));
#4402=DIRECTION('',(0.,0.,1.));
#4403=DIRECTION('',(0.,0.,1.));
#4404=DIRECTION('',(0.,0.,1.));
#4405=DIRECTION('center_axis',(0.,1.,0.));
#4406=DIRECTION('ref_axis',(0.,0.,1.));
#4407=DIRECTION('',(0.,0.,1.));
#4408=DIRECTION('center_axis',(-1.,0.,0.));
#4409=DIRECTION('ref_axis',(0.,0.,1.));
#4410=DIRECTION('center_axis',(0.,0.,1.));
#4411=DIRECTION('ref_axis',(1.,0.,0.));
#4412=DIRECTION('center_axis',(0.,0.,1.));
#4413=DIRECTION('ref_axis',(1.,0.,0.));
#4414=DIRECTION('center_axis',(0.,0.,1.));
#4415=DIRECTION('ref_axis',(1.,0.,0.));
#4416=DIRECTION('center_axis',(0.,0.,1.));
#4417=DIRECTION('ref_axis',(1.,0.,0.));
#4418=DIRECTION('center_axis',(0.,0.,1.));
#4419=DIRECTION('ref_axis',(1.,0.,0.));
#4420=DIRECTION('center_axis',(0.,0.,-1.));
#4421=DIRECTION('ref_axis',(1.,0.,0.));
#4422=DIRECTION('',(0.,0.,-1.));
#4423=DIRECTION('center_axis',(0.,0.,1.));
#4424=DIRECTION('ref_axis',(1.,0.,0.));
#4425=DIRECTION('center_axis',(0.,0.,-1.));
#4426=DIRECTION('ref_axis',(1.,0.,0.));
#4427=DIRECTION('',(0.,0.,-1.));
#4428=DIRECTION('center_axis',(0.,0.,1.));
#4429=DIRECTION('ref_axis',(0.707106781186546,-0.707106781186549,0.));
#4430=DIRECTION('',(0.,0.,-1.));
#4431=DIRECTION('center_axis',(0.,0.,1.));
#4432=DIRECTION('ref_axis',(0.707106781186546,-0.707106781186549,0.));
#4433=DIRECTION('',(0.,0.,1.));
#4434=DIRECTION('center_axis',(0.,-1.,0.));
#4435=DIRECTION('ref_axis',(1.,0.,0.));
#4436=DIRECTION('',(0.,0.,1.));
#4437=DIRECTION('',(1.,0.,0.));
#4438=DIRECTION('center_axis',(0.,0.,-1.));
#4439=DIRECTION('ref_axis',(0.707106781186554,0.707106781186541,0.));
#4440=DIRECTION('center_axis',(0.,0.,1.));
#4441=DIRECTION('ref_axis',(0.707106781186554,0.707106781186541,0.));
#4442=DIRECTION('',(0.,0.,1.));
#4443=DIRECTION('',(0.,0.,-1.));
#4444=DIRECTION('center_axis',(0.,1.,0.));
#4445=DIRECTION('ref_axis',(0.,0.,1.));
#4446=DIRECTION('',(-1.,0.,0.));
#4447=DIRECTION('',(0.,0.,-1.));
#4448=DIRECTION('center_axis',(0.,0.,1.));
#4449=DIRECTION('ref_axis',(1.,0.,0.));
#4450=DIRECTION('center_axis',(0.,0.,1.));
#4451=DIRECTION('ref_axis',(-0.707106781186547,-0.707106781186548,0.));
#4452=DIRECTION('',(0.,-1.,0.));
#4453=DIRECTION('center_axis',(0.,0.,1.));
#4454=DIRECTION('ref_axis',(-0.707106781186543,0.707106781186552,0.));
#4455=DIRECTION('',(0.,1.,0.));
#4456=DIRECTION('',(0.,-1.,0.));
#4457=DIRECTION('',(1.,0.,0.));
#4458=DIRECTION('',(0.,1.,0.));
#4459=DIRECTION('',(-1.,0.,0.));
#4460=DIRECTION('center_axis',(0.,0.,1.));
#4461=DIRECTION('ref_axis',(-0.707106781186543,0.707106781186552,0.));
#4462=DIRECTION('',(0.,0.,1.));
#4463=DIRECTION('center_axis',(-1.,0.,0.));
#4464=DIRECTION('ref_axis',(0.,-1.,0.));
#4465=DIRECTION('',(0.,0.,-1.));
#4466=DIRECTION('center_axis',(0.,0.,1.));
#4467=DIRECTION('ref_axis',(-0.707106781186547,-0.707106781186548,0.));
#4468=DIRECTION('center_axis',(0.,0.,-1.));
#4469=DIRECTION('ref_axis',(1.,0.,0.));
#4470=DIRECTION('',(1.,0.,0.));
#4471=DIRECTION('',(0.,-1.,0.));
#4472=DIRECTION('',(-1.,0.,0.));
#4473=DIRECTION('',(0.,1.,0.));
#4474=DIRECTION('center_axis',(-1.,0.,0.));
#4475=DIRECTION('ref_axis',(0.,0.,1.));
#4476=DIRECTION('',(0.,0.,1.));
#4477=DIRECTION('',(0.,0.,1.));
#4478=DIRECTION('center_axis',(0.,-1.,0.));
#4479=DIRECTION('ref_axis',(0.,0.,-1.));
#4480=DIRECTION('',(0.,0.,-1.));
#4481=DIRECTION('center_axis',(1.,0.,0.));
#4482=DIRECTION('ref_axis',(0.,0.,-1.));
#4483=DIRECTION('',(0.,0.,-1.));
#4484=DIRECTION('center_axis',(0.,1.,0.));
#4485=DIRECTION('ref_axis',(0.,0.,1.));
#4486=DIRECTION('center_axis',(1.,0.,0.));
#4487=DIRECTION('ref_axis',(0.,1.,0.));
#4488=CARTESIAN_POINT('',(0.,0.,0.));
#4489=CARTESIAN_POINT('Origin',(60.,95.,8.99999999999999));
#4490=CARTESIAN_POINT('',(0.,22.,8.99999999999999));
#4491=CARTESIAN_POINT('',(0.,178.,8.99999999999999));
#4492=CARTESIAN_POINT('',(0.,170.,8.99999999999999));
#4493=CARTESIAN_POINT('',(1.99999999999999,20.,8.99999999999999));
#4494=CARTESIAN_POINT('Origin',(1.99999999999999,22.,8.99999999999999));
#4495=CARTESIAN_POINT('',(118.,20.,8.99999999999999));
#4496=CARTESIAN_POINT('',(30.,20.,8.99999999999999));
#4497=CARTESIAN_POINT('',(120.,22.,8.99999999999999));
#4498=CARTESIAN_POINT('Origin',(118.,22.,8.99999999999999));
#4499=CARTESIAN_POINT('',(120.,178.,8.99999999999999));
#4500=CARTESIAN_POINT('',(120.,57.5,8.99999999999999));
#4501=CARTESIAN_POINT('',(118.,180.,8.99999999999999));
#4502=CARTESIAN_POINT('Origin',(118.,178.,8.99999999999999));
#4503=CARTESIAN_POINT('',(1.99999999999999,180.,8.99999999999999));
#4504=CARTESIAN_POINT('',(90.,180.,8.99999999999999));
#4505=CARTESIAN_POINT('Origin',(1.99999999999999,178.,8.99999999999999));
#4506=CARTESIAN_POINT('',(80.3903400842282,142.080970932945,8.99999999999999));
#4507=CARTESIAN_POINT('Origin',(69.1403400842282,142.080970932945,8.99999999999999));
#4508=CARTESIAN_POINT('',(18.1520663761274,155.320201378526,8.99999999999999));
#4509=CARTESIAN_POINT('Origin',(29.4020663761274,155.320201378526,8.99999999999999));
#4510=CARTESIAN_POINT('',(45.520333133798,123.205627677276,8.99999999999999));
#4511=CARTESIAN_POINT('Origin',(48.020333133798,123.205627677276,8.99999999999999));
#4512=CARTESIAN_POINT('',(45.3824970126152,158.722106248606,8.99999999999999));
#4513=CARTESIAN_POINT('',(46.5000006556511,158.722106248606,8.99999999999999));
#4514=CARTESIAN_POINT('',(52.9706244170666,158.722106248606,8.99999999999999));
#4515=CARTESIAN_POINT('',(46.5000006556511,157.981170446146,8.99999999999999));
#4516=CARTESIAN_POINT('',(46.5000006556511,126.675819173688,8.99999999999999));
#4517=CARTESIAN_POINT('',(45.4714092612267,157.981170446146,8.99999999999999));
#4518=CARTESIAN_POINT('',(52.9928524792194,157.981170446146,8.99999999999999));
#4519=CARTESIAN_POINT('',(45.2787664532661,157.934972078074,8.99999999999999));
#4520=CARTESIAN_POINT('Ctrl Pts',(45.4714092612267,157.981170446146,8.99999999999999));
#4521=CARTESIAN_POINT('Ctrl Pts',(45.4330305737905,157.980473521315,8.99999999999999));
#4522=CARTESIAN_POINT('Ctrl Pts',(45.3651161246658,157.97924025178,8.99999999999999));
#4523=CARTESIAN_POINT('Ctrl Pts',(45.3049378006143,157.948389126822,8.99999999999999));
#4524=CARTESIAN_POINT('Ctrl Pts',(45.2787664532661,157.934972078074,8.99999999999999));
#4525=CARTESIAN_POINT('',(45.2151331305504,157.784169942606,8.99999999999999));
#4526=CARTESIAN_POINT('Ctrl Pts',(45.2787664532661,157.934972078074,8.99999999999999));
#4527=CARTESIAN_POINT('Ctrl Pts',(45.2602409993935,157.915874351024,8.99999999999999));
#4528=CARTESIAN_POINT('Ctrl Pts',(45.2198104615497,157.874194866056,8.99999999999999));
#4529=CARTESIAN_POINT('Ctrl Pts',(45.2167767706604,157.815805201071,8.99999999999999));
#4530=CARTESIAN_POINT('Ctrl Pts',(45.2151331305504,157.784169942606,8.99999999999999));
#4531=CARTESIAN_POINT('',(45.2927133440971,157.623778611887,8.99999999999999));
#4532=CARTESIAN_POINT('Ctrl Pts',(45.2151331305504,157.784169942606,8.99999999999999));
#4533=CARTESIAN_POINT('Ctrl Pts',(45.2181191094614,157.751957859598,8.99999999999999));
#4534=CARTESIAN_POINT('Ctrl Pts',(45.2239823564651,157.688706441954,8.99999999999999));
#4535=CARTESIAN_POINT('Ctrl Pts',(45.2700879638407,157.645152040308,8.99999999999999));
#4536=CARTESIAN_POINT('Ctrl Pts',(45.2927133440971,157.623778611887,8.99999999999999));
#4537=CARTESIAN_POINT('',(45.508020222187,157.56624820875,8.99999999999999));
#4538=CARTESIAN_POINT('Ctrl Pts',(45.2927133440971,157.623778611887,8.99999999999999));
#4539=CARTESIAN_POINT('Ctrl Pts',(45.3229168935518,157.607038122582,8.99999999999999));
#4540=CARTESIAN_POINT('Ctrl Pts',(45.3896370204073,157.570058112277,8.99999999999999));
#4541=CARTESIAN_POINT('Ctrl Pts',(45.4661460711098,157.567595836399,8.99999999999999));
#4542=CARTESIAN_POINT('Ctrl Pts',(45.508020222187,157.56624820875,8.99999999999999));
#4543=CARTESIAN_POINT('',(46.5000006556511,157.56624820875,8.99999999999999));
#4544=CARTESIAN_POINT('',(53.0020052194595,157.56624820875,8.99999999999999));
#4545=CARTESIAN_POINT('',(46.5000006556511,156.823569566477,8.99999999999999));
#4546=CARTESIAN_POINT('',(46.5000006556511,126.097454443807,8.99999999999999));
#4547=CARTESIAN_POINT('',(45.488843023777,156.823569566477,8.99999999999999));
#4548=CARTESIAN_POINT('',(52.997210919857,156.823569566477,8.99999999999999));
#4549=CARTESIAN_POINT('',(45.2151331305504,156.637028486002,8.99999999999999));
#4550=CARTESIAN_POINT('Ctrl Pts',(45.488843023777,156.823569566477,8.99999999999999));
#4551=CARTESIAN_POINT('Ctrl Pts',(45.4096106381943,156.821672486929,8.99999999999999));
#4552=CARTESIAN_POINT('Ctrl Pts',(45.2717600454695,156.81837189793,8.99999999999999));
#4553=CARTESIAN_POINT('Ctrl Pts',(45.2320282723276,156.691133899643,8.99999999999999));
#4554=CARTESIAN_POINT('Ctrl Pts',(45.2151331305504,156.637028486002,8.99999999999999));
#4555=CARTESIAN_POINT('',(45.2944567799568,156.466177732218,8.99999999999999));
#4556=CARTESIAN_POINT('Ctrl Pts',(45.2151331305504,156.637028486002,8.99999999999999));
#4557=CARTESIAN_POINT('Ctrl Pts',(45.2178332586989,156.602036927531,8.99999999999999));
#4558=CARTESIAN_POINT('Ctrl Pts',(45.2230114386903,156.534931746601,8.99999999999999));
#4559=CARTESIAN_POINT('Ctrl Pts',(45.2713324462869,156.488430978428,8.99999999999999));
#4560=CARTESIAN_POINT('Ctrl Pts',(45.2944567799568,156.466177732218,8.99999999999999));
#4561=CARTESIAN_POINT('',(45.521967113018,156.408646733034,8.99999999999999));
#4562=CARTESIAN_POINT('Ctrl Pts',(45.2944567799568,156.466177732218,8.99999999999999));
#4563=CARTESIAN_POINT('Ctrl Pts',(45.3260004686039,156.449449912002,8.99999999999999));
#4564=CARTESIAN_POINT('Ctrl Pts',(45.3968484374301,156.411878780153,8.99999999999999));
#4565=CARTESIAN_POINT('Ctrl Pts',(45.4773225458362,156.409799984889,8.99999999999999));
#4566=CARTESIAN_POINT('Ctrl Pts',(45.521967113018,156.408646733034,8.99999999999999));
#4567=CARTESIAN_POINT('',(46.5000006556511,156.408646733034,8.99999999999999));
#4568=CARTESIAN_POINT('',(53.0054919421673,156.408646733034,8.99999999999999));
#4569=CARTESIAN_POINT('',(46.5000006556511,155.665968686808,8.99999999999999));
#4570=CARTESIAN_POINT('',(46.5000006556511,125.518653854961,8.99999999999999));
#4571=CARTESIAN_POINT('',(44.7147844731808,155.665968686808,8.99999999999999));
#4572=CARTESIAN_POINT('',(52.803696282208,155.665968686808,8.99999999999999));
#4573=CARTESIAN_POINT('',(44.7147844731808,156.408646733034,8.99999999999999));
#4574=CARTESIAN_POINT('',(44.7147844731808,125.518653854961,8.99999999999999));
#4575=CARTESIAN_POINT('',(44.9972112476826,156.408646733034,8.99999999999999));
#4576=CARTESIAN_POINT('',(52.4279989302158,156.408646733034,8.99999999999999));
#4577=CARTESIAN_POINT('',(44.9972112476826,156.415619880427,8.99999999999999));
#4578=CARTESIAN_POINT('',(44.9972112476826,125.706066653365,8.99999999999999));
#4579=CARTESIAN_POINT('',(44.8446659743786,156.548988253344,8.99999999999999));
#4580=CARTESIAN_POINT('Ctrl Pts',(44.9972112476826,156.415619880427,8.99999999999999));
#4581=CARTESIAN_POINT('Ctrl Pts',(44.9711865346195,156.432756874658,8.99999999999999));
#4582=CARTESIAN_POINT('Ctrl Pts',(44.9143083747643,156.470210532453,8.99999999999999));
#4583=CARTESIAN_POINT('Ctrl Pts',(44.869157810068,156.521283708622,8.99999999999999));
#4584=CARTESIAN_POINT('Ctrl Pts',(44.8446659743786,156.548988253344,8.99999999999999));
#4585=CARTESIAN_POINT('',(44.7191429138184,156.755577952135,8.99999999999999));
#4586=CARTESIAN_POINT('Ctrl Pts',(44.8446659743786,156.548988253344,8.99999999999999));
#4587=CARTESIAN_POINT('Ctrl Pts',(44.8199648724196,156.580660688603,8.99999999999999));
#4588=CARTESIAN_POINT('Ctrl Pts',(44.7700780194909,156.644626989471,8.99999999999999));
#4589=CARTESIAN_POINT('Ctrl Pts',(44.7362308902634,156.718355541157,8.99999999999999));
#4590=CARTESIAN_POINT('Ctrl Pts',(44.7191429138184,156.755577952135,8.99999999999999));
#4591=CARTESIAN_POINT('',(44.6712000668049,157.004880935419,8.99999999999999));
#4592=CARTESIAN_POINT('Ctrl Pts',(44.7191429138184,156.755577952135,8.99999999999999));
#4593=CARTESIAN_POINT('Ctrl Pts',(44.7051610273007,156.795142523227,8.99999999999999));
#4594=CARTESIAN_POINT('Ctrl Pts',(44.6766536712496,156.875809843314,8.99999999999999));
#4595=CARTESIAN_POINT('Ctrl Pts',(44.673040897941,156.961313770341,8.99999999999999));
#4596=CARTESIAN_POINT('Ctrl Pts',(44.6712000668049,157.004880935419,8.99999999999999));
#4597=CARTESIAN_POINT('',(44.7461652755737,157.324789792765,8.99999999999999));
#4598=CARTESIAN_POINT('Ctrl Pts',(44.6712000668049,157.004880935419,8.99999999999999));
#4599=CARTESIAN_POINT('Ctrl Pts',(44.6734721786974,157.06417721311,8.99999999999999));
#4600=CARTESIAN_POINT('Ctrl Pts',(44.6777511050535,157.175846187802,8.99999999999999));
#4601=CARTESIAN_POINT('Ctrl Pts',(44.7243230534952,157.277237373843,8.99999999999999));
#4602=CARTESIAN_POINT('Ctrl Pts',(44.7461652755737,157.324789792765,8.99999999999999));
#4603=CARTESIAN_POINT('',(44.98326420784,157.541841298807,8.99999999999999));
#4604=CARTESIAN_POINT('Ctrl Pts',(44.7461652755737,157.324789792765,8.99999999999999));
#4605=CARTESIAN_POINT('Ctrl Pts',(44.7761172858312,157.366999023866,8.99999999999999));
#4606=CARTESIAN_POINT('Ctrl Pts',(44.8394460754271,157.456243768789,8.99999999999999));
#4607=CARTESIAN_POINT('Ctrl Pts',(44.9336270863867,157.512298327262,8.99999999999999));
#4608=CARTESIAN_POINT('Ctrl Pts',(44.98326420784,157.541841298807,8.99999999999999));
#4609=CARTESIAN_POINT('',(44.7522670030594,157.792886525858,8.99999999999999));
#4610=CARTESIAN_POINT('Ctrl Pts',(44.98326420784,157.541841298807,8.99999999999999));
#4611=CARTESIAN_POINT('Ctrl Pts',(44.9361653593776,157.575820291796,8.99999999999999));
#4612=CARTESIAN_POINT('Ctrl Pts',(44.8420277639783,157.643734918129,8.99999999999999));
#4613=CARTESIAN_POINT('Ctrl Pts',(44.7821745190629,157.743190488866,8.99999999999999));
#4614=CARTESIAN_POINT('Ctrl Pts',(44.7522670030594,157.792886525858,8.99999999999999));
#4615=CARTESIAN_POINT('',(44.6712000668049,158.141561776865,8.99999999999999));
#4616=CARTESIAN_POINT('Ctrl Pts',(44.7522670030594,157.792886525858,8.99999999999999));
#4617=CARTESIAN_POINT('Ctrl Pts',(44.7286255504424,157.847299237571,8.99999999999999));
#4618=CARTESIAN_POINT('Ctrl Pts',(44.6803045946425,157.958513818174,8.99999999999999));
#4619=CARTESIAN_POINT('Ctrl Pts',(44.6742780642158,158.079678156651,8.99999999999999));
#4620=CARTESIAN_POINT('Ctrl Pts',(44.6712000668049,158.141561776865,8.99999999999999));
#4621=CARTESIAN_POINT('',(44.854254424572,158.572174340952,8.99999999999999));
#4622=CARTESIAN_POINT('Ctrl Pts',(44.6712000668049,158.141561776865,8.99999999999999));
#4623=CARTESIAN_POINT('Ctrl Pts',(44.6772049868808,158.228286087036,8.99999999999999));
#4624=CARTESIAN_POINT('Ctrl Pts',(44.6886501801162,158.393579958654,8.99999999999999));
#4625=CARTESIAN_POINT('Ctrl Pts',(44.8008989349964,158.514633601376,8.99999999999999));
#4626=CARTESIAN_POINT('Ctrl Pts',(44.854254424572,158.572174340952,8.99999999999999));
#4627=CARTESIAN_POINT('Ctrl Pts',(44.854254424572,158.572174340952,8.99999999999999));
#4628=CARTESIAN_POINT('Ctrl Pts',(44.926926407924,158.61578714424,8.99999999999999));
#4629=CARTESIAN_POINT('Ctrl Pts',(45.088728454367,158.712889775784,8.99999999999999));
#4630=CARTESIAN_POINT('Ctrl Pts',(45.2781516174426,158.718832595005,8.99999999999999));
#4631=CARTESIAN_POINT('Ctrl Pts',(45.3824970126152,158.722106248606,8.99999999999999));
#4632=CARTESIAN_POINT('',(55.2582735627013,119.822207593786,8.99999999999999));
#4633=CARTESIAN_POINT('',(55.894605597766,120.06802355634,8.99999999999999));
#4634=CARTESIAN_POINT('',(53.3084956342059,119.069005630272,8.99999999999999));
#4635=CARTESIAN_POINT('',(55.894605597766,119.218999796974,8.99999999999999));
#4636=CARTESIAN_POINT('',(55.894605597766,107.321755838328,8.99999999999999));
#4637=CARTESIAN_POINT('',(55.355902692588,119.032458567488,8.99999999999999));
#4638=CARTESIAN_POINT('',(53.8485580071409,118.51049752332,8.99999999999999));
#4639=CARTESIAN_POINT('',(55.1066000073272,118.892116898167,8.99999999999999));
#4640=CARTESIAN_POINT('Ctrl Pts',(55.355902692588,119.032458567488,8.99999999999999));
#4641=CARTESIAN_POINT('Ctrl Pts',(55.3072054041642,119.01433761282,8.99999999999999));
#4642=CARTESIAN_POINT('Ctrl Pts',(55.2166079607898,118.980625013667,8.99999999999999));
#4643=CARTESIAN_POINT('Ctrl Pts',(55.1413881872954,118.920106113071,8.99999999999999));
#4644=CARTESIAN_POINT('Ctrl Pts',(55.1066000073272,118.892116898167,8.99999999999999));
#4645=CARTESIAN_POINT('',(55.0159443228561,118.704704025256,8.99999999999999));
#4646=CARTESIAN_POINT('Ctrl Pts',(55.1066000073272,118.892116898167,8.99999999999999));
#4647=CARTESIAN_POINT('Ctrl Pts',(55.0801878489602,118.863870817293,8.99999999999999));
#4648=CARTESIAN_POINT('Ctrl Pts',(55.030357014601,118.810579989721,8.99999999999999));
#4649=CARTESIAN_POINT('Ctrl Pts',(55.0205522192984,118.738553738316,8.99999999999999));
#4650=CARTESIAN_POINT('Ctrl Pts',(55.0159443228561,118.704704025256,8.99999999999999));
#4651=CARTESIAN_POINT('',(55.0159443228561,118.675066658723,8.99999999999999));
#4652=CARTESIAN_POINT('',(55.0159443228561,106.844942670995,8.99999999999999));
#4653=CARTESIAN_POINT('',(55.894605597766,118.675066658723,8.99999999999999));
#4654=CARTESIAN_POINT('',(57.7276374801555,118.675066658723,8.99999999999999));
#4655=CARTESIAN_POINT('',(55.894605597766,117.921928612011,8.99999999999999));
#4656=CARTESIAN_POINT('',(55.894605597766,106.649248817684,8.99999999999999));
#4657=CARTESIAN_POINT('',(53.394605597766,117.921928612011,8.99999999999999));
#4658=CARTESIAN_POINT('',(57.322302798883,117.921928612011,8.99999999999999));
#4659=CARTESIAN_POINT('',(53.394605597766,118.92262598263,8.99999999999999));
#4660=CARTESIAN_POINT('',(53.394605597766,106.71113864866,8.99999999999999));
#4661=CARTESIAN_POINT('',(53.5663280694801,119.697556251156,8.99999999999999));
#4662=CARTESIAN_POINT('Ctrl Pts',(53.394605597766,118.92262598263,8.99999999999999));
#4663=CARTESIAN_POINT('Ctrl Pts',(53.3966659493127,119.077646094268,8.99999999999999));
#4664=CARTESIAN_POINT('Ctrl Pts',(53.4002727151357,119.349017861591,8.99999999999999));
#4665=CARTESIAN_POINT('Ctrl Pts',(53.5164966322576,119.592963605241,8.99999999999999));
#4666=CARTESIAN_POINT('Ctrl Pts',(53.5663280694801,119.697556251156,8.99999999999999));
#4667=CARTESIAN_POINT('',(54.0814954846221,119.947730654347,8.99999999999999));
#4668=CARTESIAN_POINT('Ctrl Pts',(53.5663280694801,119.697556251156,8.99999999999999));
#4669=CARTESIAN_POINT('Ctrl Pts',(53.6327053279187,119.770496315258,8.99999999999999));
#4670=CARTESIAN_POINT('Ctrl Pts',(53.7705482292011,119.921967923033,8.99999999999999));
#4671=CARTESIAN_POINT('Ctrl Pts',(53.9753266438234,119.938934309399,8.99999999999999));
#4672=CARTESIAN_POINT('Ctrl Pts',(54.0814954846221,119.947730654347,8.99999999999999));
#4673=CARTESIAN_POINT('',(54.51385252765,119.802158826458,8.99999999999999));
#4674=CARTESIAN_POINT('Ctrl Pts',(54.0814954846221,119.947730654347,8.99999999999999));
#4675=CARTESIAN_POINT('Ctrl Pts',(54.1629199101881,119.942557178664,8.99999999999999));
#4676=CARTESIAN_POINT('Ctrl Pts',(54.3202811297879,119.932558895749,8.99999999999999));
#4677=CARTESIAN_POINT('Ctrl Pts',(54.4508464559679,119.844603093555,8.99999999999999));
#4678=CARTESIAN_POINT('Ctrl Pts',(54.51385252765,119.802158826458,8.99999999999999));
#4679=CARTESIAN_POINT('',(54.7666419356185,119.368930065501,8.99999999999999));
#4680=CARTESIAN_POINT('Ctrl Pts',(54.51385252765,119.802158826458,8.99999999999999));
#4681=CARTESIAN_POINT('Ctrl Pts',(54.5687498218706,119.744653098572,8.99999999999999));
#4682=CARTESIAN_POINT('Ctrl Pts',(54.6871185745287,119.620660078931,8.99999999999999));
#4683=CARTESIAN_POINT('Ctrl Pts',(54.7388842483732,119.456796610467,8.99999999999999));
#4684=CARTESIAN_POINT('Ctrl Pts',(54.7666419356185,119.368930065501,8.99999999999999));
#4685=CARTESIAN_POINT('',(54.773615381034,119.368930065501,8.99999999999999));
#4686=CARTESIAN_POINT('',(57.3850643291631,119.368930065501,8.99999999999999));
#4687=CARTESIAN_POINT('',(54.9322623818237,119.633051359522,8.99999999999999));
#4688=CARTESIAN_POINT('Ctrl Pts',(54.773615381034,119.368930065501,8.99999999999999));
#4689=CARTESIAN_POINT('Ctrl Pts',(54.7919988863302,119.419178797144,8.99999999999999));
#4690=CARTESIAN_POINT('Ctrl Pts',(54.8279531495053,119.517454729433,8.99999999999999));
#4691=CARTESIAN_POINT('Ctrl Pts',(54.8980205967761,119.595104239485,8.99999999999999));
#4692=CARTESIAN_POINT('Ctrl Pts',(54.9322623818237,119.633051359522,8.99999999999999));
#4693=CARTESIAN_POINT('Ctrl Pts',(54.9322623818237,119.633051359522,8.99999999999999));
#4694=CARTESIAN_POINT('Ctrl Pts',(54.9764943660398,119.668482498858,8.99999999999999));
#4695=CARTESIAN_POINT('Ctrl Pts',(55.0755054789412,119.747793355,8.99999999999999));
#4696=CARTESIAN_POINT('Ctrl Pts',(55.1931727066486,119.795701704203,8.99999999999999));
#4697=CARTESIAN_POINT('Ctrl Pts',(55.2582735627013,119.822207593786,8.99999999999999));
#4698=CARTESIAN_POINT('',(55.9451634495574,127.834760004151,8.99999999999999));
#4699=CARTESIAN_POINT('',(56.5501145332176,127.46777897464,8.99999999999999));
#4700=CARTESIAN_POINT('Ctrl Pts',(55.9451634495574,127.834760004151,8.99999999999999));
#4701=CARTESIAN_POINT('Ctrl Pts',(56.0710506393032,127.787696726065,8.99999999999999));
#4702=CARTESIAN_POINT('Ctrl Pts',(56.2965695561786,127.703385848048,8.99999999999999));
#4703=CARTESIAN_POINT('Ctrl Pts',(56.4724240090461,127.539972956581,8.99999999999999));
#4704=CARTESIAN_POINT('Ctrl Pts',(56.5501145332176,127.46777897464,8.99999999999999));
#4705=CARTESIAN_POINT('',(56.7331690399963,126.931691223252,8.99999999999999));
#4706=CARTESIAN_POINT('Ctrl Pts',(56.5501145332176,127.46777897464,8.99999999999999));
#4707=CARTESIAN_POINT('Ctrl Pts',(56.6034927579588,127.389284626519,8.99999999999999));
#4708=CARTESIAN_POINT('Ctrl Pts',(56.7134503958498,127.227588482651,8.99999999999999));
#4709=CARTESIAN_POINT('Ctrl Pts',(56.7264698141667,127.03221956325,8.99999999999999));
#4710=CARTESIAN_POINT('Ctrl Pts',(56.7331690399963,126.931691223252,8.99999999999999));
#4711=CARTESIAN_POINT('',(56.7148635595161,126.706795745957,8.99999999999999));
#4712=CARTESIAN_POINT('Ctrl Pts',(56.7331690399963,126.931691223252,8.99999999999999));
#4713=CARTESIAN_POINT('Ctrl Pts',(56.7322971482531,126.895463918466,8.99999999999999));
#4714=CARTESIAN_POINT('Ctrl Pts',(56.7304846883012,126.820155785773,8.99999999999999));
#4715=CARTESIAN_POINT('Ctrl Pts',(56.72020049625,126.745525044522,8.99999999999999));
#4716=CARTESIAN_POINT('Ctrl Pts',(56.7148635595161,126.706795745957,8.99999999999999));
#4717=CARTESIAN_POINT('',(56.6616905539352,126.49236088382,8.99999999999999));
#4718=CARTESIAN_POINT('Ctrl Pts',(56.7148635595161,126.706795745957,8.99999999999999));
#4719=CARTESIAN_POINT('Ctrl Pts',(56.7083774857466,126.668627714006,8.99999999999999));
#4720=CARTESIAN_POINT('Ctrl Pts',(56.6960030405503,126.595808896888,8.99999999999999));
#4721=CARTESIAN_POINT('Ctrl Pts',(56.6727537250734,126.525715011876,8.99999999999999));
#4722=CARTESIAN_POINT('Ctrl Pts',(56.6616905539352,126.49236088382,8.99999999999999));
#4723=CARTESIAN_POINT('',(56.1020673125106,126.49236088382,8.99999999999999));
#4724=CARTESIAN_POINT('',(58.1909394666114,126.49236088382,8.99999999999999));
#4725=CARTESIAN_POINT('',(56.1630851834136,126.622242385018,8.99999999999999));
#4726=CARTESIAN_POINT('Ctrl Pts',(56.1020673125106,126.49236088382,8.99999999999999));
#4727=CARTESIAN_POINT('Ctrl Pts',(56.1133395483874,126.510126894486,8.99999999999999));
#4728=CARTESIAN_POINT('Ctrl Pts',(56.1391380453729,126.550787538712,8.99999999999999));
#4729=CARTESIAN_POINT('Ctrl Pts',(56.1544586622285,126.596502075491,8.99999999999999));
#4730=CARTESIAN_POINT('Ctrl Pts',(56.1630851834136,126.622242385018,8.99999999999999));
#4731=CARTESIAN_POINT('',(56.1909792630988,126.785247975456,8.99999999999999));
#4732=CARTESIAN_POINT('Ctrl Pts',(56.1630851834136,126.622242385018,8.99999999999999));
#4733=CARTESIAN_POINT('Ctrl Pts',(56.1712166028036,126.65001471587,8.99999999999999));
#4734=CARTESIAN_POINT('Ctrl Pts',(56.1868159372642,126.703293221989,8.99999999999999));
#4735=CARTESIAN_POINT('Ctrl Pts',(56.1896314056656,126.758715504054,8.99999999999999));
#4736=CARTESIAN_POINT('Ctrl Pts',(56.1909792630988,126.785247975456,8.99999999999999));
#4737=CARTESIAN_POINT('',(56.0271019547302,127.060701304543,8.99999999999999));
#4738=CARTESIAN_POINT('Ctrl Pts',(56.1909792630988,126.785247975456,8.99999999999999));
#4739=CARTESIAN_POINT('Ctrl Pts',(56.185646744249,126.847923200746,8.99999999999999));
#4740=CARTESIAN_POINT('Ctrl Pts',(56.1754963686123,126.967224622403,8.99999999999999));
#4741=CARTESIAN_POINT('Ctrl Pts',(56.0748659801554,127.030613766167,8.99999999999999));
#4742=CARTESIAN_POINT('Ctrl Pts',(56.0271019547302,127.060701304543,8.99999999999999));
#4743=CARTESIAN_POINT('',(55.8876318543273,127.118232303726,8.99999999999999));
#4744=CARTESIAN_POINT('',(63.3407734366113,124.043833697519,8.99999999999999));
#4745=CARTESIAN_POINT('',(54.1093892662841,126.372067981827,8.99999999999999));
#4746=CARTESIAN_POINT('',(51.4617244115447,125.261087362964,8.99999999999999));
#4747=CARTESIAN_POINT('',(54.1093892662841,127.193197661507,8.99999999999999));
#4748=CARTESIAN_POINT('',(54.1093892662841,110.891316410833,8.99999999999999));
#4749=CARTESIAN_POINT('',(54.9706167786437,127.409375959503,8.99999999999999));
#4750=CARTESIAN_POINT('',(53.2944757421089,126.988644722658,8.99999999999999));
#4751=CARTESIAN_POINT('',(55.2948845236617,127.477368169892,8.99999999999999));
#4752=CARTESIAN_POINT('Ctrl Pts',(54.9706167786437,127.409375959503,8.99999999999999));
#4753=CARTESIAN_POINT('Ctrl Pts',(55.0374096174298,127.42714119986,8.99999999999999));
#4754=CARTESIAN_POINT('Ctrl Pts',(55.144345491668,127.455583493122,8.99999999999999));
#4755=CARTESIAN_POINT('Ctrl Pts',(55.2537970984764,127.471422361253,8.99999999999999));
#4756=CARTESIAN_POINT('Ctrl Pts',(55.2948845236617,127.477368169892,8.99999999999999));
#4757=CARTESIAN_POINT('',(55.2948845236617,127.484341317284,8.99999999999999));
#4758=CARTESIAN_POINT('',(55.2948845236617,111.240427371794,8.99999999999999));
#4759=CARTESIAN_POINT('',(55.2094591467696,127.499160224068,8.99999999999999));
#4760=CARTESIAN_POINT('Ctrl Pts',(55.2948845236617,127.484341317284,8.99999999999999));
#4761=CARTESIAN_POINT('Ctrl Pts',(55.2813555011735,127.486344558274,8.99999999999999));
#4762=CARTESIAN_POINT('Ctrl Pts',(55.2527586590599,127.49057888979,8.99999999999999));
#4763=CARTESIAN_POINT('Ctrl Pts',(55.2244009604715,127.496198973668,8.99999999999999));
#4764=CARTESIAN_POINT('Ctrl Pts',(55.2094591467696,127.499160224068,8.99999999999999));
#4765=CARTESIAN_POINT('',(54.1093892662841,127.770254665482,8.99999999999999));
#4766=CARTESIAN_POINT('Ctrl Pts',(55.2094591467696,127.499160224068,8.99999999999999));
#4767=CARTESIAN_POINT('Ctrl Pts',(55.1099270151962,127.52329077536,8.99999999999999));
#4768=CARTESIAN_POINT('Ctrl Pts',(54.7428978633567,127.612273254026,8.99999999999999));
#4769=CARTESIAN_POINT('Ctrl Pts',(54.3764573077292,127.703654486199,8.99999999999999));
#4770=CARTESIAN_POINT('Ctrl Pts',(54.1093892662841,127.770254665482,8.99999999999999));
#4771=CARTESIAN_POINT('',(54.1093892662841,128.492012077439,8.99999999999999));
#4772=CARTESIAN_POINT('',(54.1093892662841,111.56556668573,8.99999999999999));
#4773=CARTESIAN_POINT('',(62.4932855804614,125.490372069135,8.99999999999999));
#4774=CARTESIAN_POINT('',(53.2516489236671,126.227368169892,8.99999999999999));
#4775=CARTESIAN_POINT('',(55.894605597766,126.227368169892,8.99999999999999));
#4776=CARTESIAN_POINT('',(57.2865636303583,126.227368169892,8.99999999999999));
#4777=CARTESIAN_POINT('',(55.894605597766,125.484690123665,8.99999999999999));
#4778=CARTESIAN_POINT('',(55.894605597766,110.428014573389,8.99999999999999));
#4779=CARTESIAN_POINT('',(55.6871438830215,125.484690123665,8.99999999999999));
#4780=CARTESIAN_POINT('',(57.8954373701969,125.484690123665,8.99999999999999));
#4781=CARTESIAN_POINT('',(55.6871438830215,125.477716380226,8.99999999999999));
#4782=CARTESIAN_POINT('',(55.6871438830215,110.240601625973,8.99999999999999));
#4783=CARTESIAN_POINT('',(55.87107010773,125.245847755539,8.99999999999999));
#4784=CARTESIAN_POINT('Ctrl Pts',(55.6871438830215,125.477716380226,8.99999999999999));
#4785=CARTESIAN_POINT('Ctrl Pts',(55.7242131432772,125.445387932838,8.99999999999999));
#4786=CARTESIAN_POINT('Ctrl Pts',(55.7997935045733,125.379473595275,8.99999999999999));
#4787=CARTESIAN_POINT('Ctrl Pts',(55.8470109852526,125.290952604844,8.99999999999999));
#4788=CARTESIAN_POINT('Ctrl Pts',(55.87107010773,125.245847755539,8.99999999999999));
#4789=CARTESIAN_POINT('',(55.9381900041419,124.963420683014,8.99999999999999));
#4790=CARTESIAN_POINT('Ctrl Pts',(55.87107010773,125.245847755539,8.99999999999999));
#4791=CARTESIAN_POINT('Ctrl Pts',(55.8906407983771,125.199138582808,8.99999999999999));
#4792=CARTESIAN_POINT('Ctrl Pts',(55.9285619653483,125.108632510736,8.99999999999999));
#4793=CARTESIAN_POINT('Ctrl Pts',(55.935050250483,125.010775017285,8.99999999999999));
#4794=CARTESIAN_POINT('Ctrl Pts',(55.9381900041419,124.963420683014,8.99999999999999));
#4795=CARTESIAN_POINT('',(55.8257422654945,124.560701304543,8.99999999999999));
#4796=CARTESIAN_POINT('Ctrl Pts',(55.9381900041419,124.963420683014,8.99999999999999));
#4797=CARTESIAN_POINT('Ctrl Pts',(55.9340019752632,124.890329075291,8.99999999999999));
#4798=CARTESIAN_POINT('Ctrl Pts',(55.9258344448812,124.747785185543,8.99999999999999));
#4799=CARTESIAN_POINT('Ctrl Pts',(55.8585335664556,124.621992045582,8.99999999999999));
#4800=CARTESIAN_POINT('Ctrl Pts',(55.8257422654945,124.560701304543,8.99999999999999));
#4801=CARTESIAN_POINT('',(55.5110631196815,124.300066286194,8.99999999999999));
#4802=CARTESIAN_POINT('Ctrl Pts',(55.8257422654945,124.560701304543,8.99999999999999));
#4803=CARTESIAN_POINT('Ctrl Pts',(55.7840095127433,124.506042396597,8.99999999999999));
#4804=CARTESIAN_POINT('Ctrl Pts',(55.6992274014128,124.395000174047,8.99999999999999));
#4805=CARTESIAN_POINT('Ctrl Pts',(55.5744305490147,124.332036840725,8.99999999999999));
#4806=CARTESIAN_POINT('Ctrl Pts',(55.5110631196815,124.300066286194,8.99999999999999));
#4807=CARTESIAN_POINT('',(55.0333783834296,124.213769489395,8.99999999999999));
#4808=CARTESIAN_POINT('Ctrl Pts',(55.5110631196815,124.300066286194,8.99999999999999));
#4809=CARTESIAN_POINT('Ctrl Pts',(55.4382179142452,124.274919264126,8.99999999999999));
#4810=CARTESIAN_POINT('Ctrl Pts',(55.2835855273942,124.221538344665,8.99999999999999));
#4811=CARTESIAN_POINT('Ctrl Pts',(55.1199352502102,124.216457053627,8.99999999999999));
#4812=CARTESIAN_POINT('Ctrl Pts',(55.0333783834296,124.213769489395,8.99999999999999));
#4813=CARTESIAN_POINT('',(54.5295428543407,124.316628628838,8.99999999999999));
#4814=CARTESIAN_POINT('Ctrl Pts',(55.0333783834296,124.213769489395,8.99999999999999));
#4815=CARTESIAN_POINT('Ctrl Pts',(54.9429791947234,124.217308318875,8.99999999999999));
#4816=CARTESIAN_POINT('Ctrl Pts',(54.7692925278734,124.224107577869,8.99999999999999));
#4817=CARTESIAN_POINT('Ctrl Pts',(54.6072477366541,124.286641779342,8.99999999999999));
#4818=CARTESIAN_POINT('Ctrl Pts',(54.5295428543407,124.316628628838,8.99999999999999));
#4819=CARTESIAN_POINT('',(54.1878413467723,124.606028848755,8.99999999999999));
#4820=CARTESIAN_POINT('Ctrl Pts',(54.5295428543407,124.316628628838,8.99999999999999));
#4821=CARTESIAN_POINT('Ctrl Pts',(54.4608684551006,124.353678561563,8.99999999999999));
#4822=CARTESIAN_POINT('Ctrl Pts',(54.3265218819339,124.426158722334,8.99999999999999));
#4823=CARTESIAN_POINT('Ctrl Pts',(54.2333743398428,124.546972073337,8.99999999999999));
#4824=CARTESIAN_POINT('Ctrl Pts',(54.1878413467723,124.606028848755,8.99999999999999));
#4825=CARTESIAN_POINT('',(54.0658050089198,125.024439149964,8.99999999999999));
#4826=CARTESIAN_POINT('Ctrl Pts',(54.1878413467723,124.606028848755,8.99999999999999));
#4827=CARTESIAN_POINT('Ctrl Pts',(54.1522485218633,124.670495173747,8.99999999999999));
#4828=CARTESIAN_POINT('Ctrl Pts',(54.0803083886846,124.800794356724,8.99999999999999));
#4829=CARTESIAN_POINT('Ctrl Pts',(54.0706731525218,124.949371476981,8.99999999999999));
#4830=CARTESIAN_POINT('Ctrl Pts',(54.0658050089198,125.024439149964,8.99999999999999));
#4831=CARTESIAN_POINT('',(54.0971858113128,125.227541977036,8.99999999999999));
#4832=CARTESIAN_POINT('Ctrl Pts',(54.0658050089198,125.024439149964,8.99999999999999));
#4833=CARTESIAN_POINT('Ctrl Pts',(54.0669598676644,125.059898894,8.99999999999999));
#4834=CARTESIAN_POINT('Ctrl Pts',(54.0692067190753,125.128888089686,8.99999999999999));
#4835=CARTESIAN_POINT('Ctrl Pts',(54.0880350505022,125.195276522585,8.99999999999999));
#4836=CARTESIAN_POINT('Ctrl Pts',(54.0971858113128,125.227541977036,8.99999999999999));
#4837=CARTESIAN_POINT('',(54.181739470275,125.389676147568,8.99999999999999));
#4838=CARTESIAN_POINT('Ctrl Pts',(54.0971858113128,125.227541977036,8.99999999999999));
#4839=CARTESIAN_POINT('Ctrl Pts',(54.1082596102939,125.257229371867,8.99999999999999));
#4840=CARTESIAN_POINT('Ctrl Pts',(54.1297329328067,125.314796517962,8.99999999999999));
#4841=CARTESIAN_POINT('Ctrl Pts',(54.1647706934847,125.365244301443,8.99999999999999));
#4842=CARTESIAN_POINT('Ctrl Pts',(54.181739470275,125.389676147568,8.99999999999999));
#4843=CARTESIAN_POINT('',(54.287213763507,125.477716380226,8.99999999999999));
#4844=CARTESIAN_POINT('Ctrl Pts',(54.181739470275,125.389676147568,8.99999999999999));
#4845=CARTESIAN_POINT('Ctrl Pts',(54.1981484174034,125.410028453075,8.99999999999999));
#4846=CARTESIAN_POINT('Ctrl Pts',(54.2275524425539,125.446498782239,8.99999999999999));
#4847=CARTESIAN_POINT('Ctrl Pts',(54.2689279163388,125.468148368378,8.99999999999999));
#4848=CARTESIAN_POINT('Ctrl Pts',(54.287213763507,125.477716380226,8.99999999999999));
#4849=CARTESIAN_POINT('',(54.287213763507,125.484690123665,8.99999999999999));
#4850=CARTESIAN_POINT('',(54.287213763507,110.240601625973,8.99999999999999));
#4851=CARTESIAN_POINT('',(53.2516489236671,125.484690123665,8.99999999999999));
#4852=CARTESIAN_POINT('',(56.8847156717935,125.484690123665,8.99999999999999));
#4853=CARTESIAN_POINT('',(53.2516489236671,110.428014573389,8.99999999999999));
#4854=CARTESIAN_POINT('',(54.9095986097175,123.957493358719,8.99999999999999));
#4855=CARTESIAN_POINT('',(55.894605597766,123.957493358719,8.99999999999999));
#4856=CARTESIAN_POINT('',(57.7010510518709,123.957493358719,8.99999999999999));
#4857=CARTESIAN_POINT('',(55.894605597766,123.279320651161,8.99999999999999));
#4858=CARTESIAN_POINT('',(55.894605597766,109.30920350247,8.99999999999999));
#4859=CARTESIAN_POINT('',(55.6226391403991,123.279320651161,8.99999999999999));
#4860=CARTESIAN_POINT('',(57.8793111845413,123.279320651161,8.99999999999999));
#4861=CARTESIAN_POINT('',(55.6226391403991,123.272346907723,8.99999999999999));
#4862=CARTESIAN_POINT('',(55.6226391403991,109.137916889721,8.99999999999999));
#4863=CARTESIAN_POINT('',(55.9381900041419,122.728413992989,8.99999999999999));
#4864=CARTESIAN_POINT('Ctrl Pts',(55.6226391403991,123.272346907723,8.99999999999999));
#4865=CARTESIAN_POINT('Ctrl Pts',(55.7146745587167,123.20502629818,8.99999999999999));
#4866=CARTESIAN_POINT('Ctrl Pts',(55.899357008523,123.069937705984,8.99999999999999));
#4867=CARTESIAN_POINT('Ctrl Pts',(55.925217125272,122.842506292315,8.99999999999999));
#4868=CARTESIAN_POINT('Ctrl Pts',(55.9381900041419,122.728413992989,8.99999999999999));
#4869=CARTESIAN_POINT('',(55.7882595866042,122.33266776191,8.99999999999999));
#4870=CARTESIAN_POINT('Ctrl Pts',(55.9381900041419,122.728413992989,8.99999999999999));
#4871=CARTESIAN_POINT('Ctrl Pts',(55.9334688506211,122.650252428001,8.99999999999999));
#4872=CARTESIAN_POINT('Ctrl Pts',(55.9245278781047,122.502229195688,8.99999999999999));
#4873=CARTESIAN_POINT('Ctrl Pts',(55.8319520593898,122.387035203148,8.99999999999999));
#4874=CARTESIAN_POINT('Ctrl Pts',(55.7882595866042,122.33266776191,8.99999999999999));
#4875=CARTESIAN_POINT('',(55.3872833459693,122.189711087811,8.99999999999999));
#4876=CARTESIAN_POINT('Ctrl Pts',(55.7882595866042,122.33266776191,8.99999999999999));
#4877=CARTESIAN_POINT('Ctrl Pts',(55.7320397779775,122.291004328745,8.99999999999999));
#4878=CARTESIAN_POINT('Ctrl Pts',(55.6132594359315,122.202978471614,8.99999999999999));
#4879=CARTESIAN_POINT('Ctrl Pts',(55.4652425192211,122.194288183877,8.99999999999999));
#4880=CARTESIAN_POINT('Ctrl Pts',(55.3872833459693,122.189711087811,8.99999999999999));
#4881=CARTESIAN_POINT('',(54.7771019547302,122.83650344001,8.99999999999999));
#4882=CARTESIAN_POINT('Ctrl Pts',(55.3872833459693,122.189711087811,8.99999999999999));
#4883=CARTESIAN_POINT('Ctrl Pts',(55.2295075242381,122.224235757624,8.99999999999999));
#4884=CARTESIAN_POINT('Ctrl Pts',(54.886914729905,122.299202270077,8.99999999999999));
#4885=CARTESIAN_POINT('Ctrl Pts',(54.8155829725899,122.648220283671,8.99999999999999));
#4886=CARTESIAN_POINT('Ctrl Pts',(54.7771019547302,122.83650344001,8.99999999999999));
#4887=CARTESIAN_POINT('',(54.7195706575233,123.279320651161,8.99999999999999));
#4888=CARTESIAN_POINT('',(56.5843257795052,108.926338836298,8.99999999999999));
#4889=CARTESIAN_POINT('',(54.5766139834243,123.200868421662,8.99999999999999));
#4890=CARTESIAN_POINT('Ctrl Pts',(54.7195706575233,123.279320651161,8.99999999999999));
#4891=CARTESIAN_POINT('Ctrl Pts',(54.6915662383619,123.275683568606,8.99999999999999));
#4892=CARTESIAN_POINT('Ctrl Pts',(54.6338590471671,123.268188829394,8.99999999999999));
#4893=CARTESIAN_POINT('Ctrl Pts',(54.5960664235763,123.223744563582,8.99999999999999));
#4894=CARTESIAN_POINT('Ctrl Pts',(54.5766139834243,123.200868421662,8.99999999999999));
#4895=CARTESIAN_POINT('',(54.5208259730655,122.989920431244,8.99999999999999));
#4896=CARTESIAN_POINT('Ctrl Pts',(54.5766139834243,123.200868421662,8.99999999999999));
#4897=CARTESIAN_POINT('Ctrl Pts',(54.5603733694688,123.170853448151,8.99999999999999));
#4898=CARTESIAN_POINT('Ctrl Pts',(54.5248756248335,123.105248547509,8.99999999999999));
#4899=CARTESIAN_POINT('Ctrl Pts',(54.522250223835,123.030480994905,8.99999999999999));
#4900=CARTESIAN_POINT('Ctrl Pts',(54.5208259730655,122.989920431244,8.99999999999999));
#4901=CARTESIAN_POINT('',(54.6916765778381,122.357074969876,8.99999999999999));
#4902=CARTESIAN_POINT('Ctrl Pts',(54.5208259730655,122.989920431244,8.99999999999999));
#4903=CARTESIAN_POINT('Ctrl Pts',(54.5294494076619,122.885732268471,8.99999999999999));
#4904=CARTESIAN_POINT('Ctrl Pts',(54.547749231042,122.664634171685,8.99999999999999));
#4905=CARTESIAN_POINT('Ctrl Pts',(54.6418951079221,122.463453288472,8.99999999999999));
#4906=CARTESIAN_POINT('Ctrl Pts',(54.6916765778381,122.357074969876,8.99999999999999));
#4907=CARTESIAN_POINT('',(54.2087618320304,122.357074969876,8.99999999999999));
#4908=CARTESIAN_POINT('',(57.2251096024671,122.357074969876,8.99999999999999));
#4909=CARTESIAN_POINT('',(54.105902692588,122.719697409737,8.99999999999999));
#4910=CARTESIAN_POINT('Ctrl Pts',(54.2087618320304,122.357074969876,8.99999999999999));
#4911=CARTESIAN_POINT('Ctrl Pts',(54.1883192725061,122.411002875613,8.99999999999999));
#4912=CARTESIAN_POINT('Ctrl Pts',(54.1436372838271,122.528874909729,8.99999999999999));
#4913=CARTESIAN_POINT('Ctrl Pts',(54.1191738204865,122.652585782967,8.99999999999999));
#4914=CARTESIAN_POINT('Ctrl Pts',(54.105902692588,122.719697409737,8.99999999999999));
#4915=CARTESIAN_POINT('',(54.0658050089198,123.092779570687,8.99999999999999));
#4916=CARTESIAN_POINT('Ctrl Pts',(54.105902692588,122.719697409737,8.99999999999999));
#4917=CARTESIAN_POINT('Ctrl Pts',(54.0942363940393,122.786937971242,8.99999999999999));
#4918=CARTESIAN_POINT('Ctrl Pts',(54.0728045157299,122.910464000138,8.99999999999999));
#4919=CARTESIAN_POINT('Ctrl Pts',(54.0679960285178,123.035710265815,8.99999999999999));
#4920=CARTESIAN_POINT('Ctrl Pts',(54.0658050089198,123.092779570687,8.99999999999999));
#4921=CARTESIAN_POINT('',(54.2601914017516,123.752647095787,8.99999999999999));
#4922=CARTESIAN_POINT('Ctrl Pts',(54.0658050089198,123.092779570687,8.99999999999999));
#4923=CARTESIAN_POINT('Ctrl Pts',(54.0687543504611,123.22786669702,8.99999999999999));
#4924=CARTESIAN_POINT('Ctrl Pts',(54.0739749665843,123.466983808381,8.99999999999999));
#4925=CARTESIAN_POINT('Ctrl Pts',(54.2037372071328,123.66604415546,8.99999999999999));
#4926=CARTESIAN_POINT('Ctrl Pts',(54.2601914017516,123.752647095787,8.99999999999999));
#4927=CARTESIAN_POINT('Ctrl Pts',(54.2601914017516,123.752647095787,8.99999999999999));
#4928=CARTESIAN_POINT('Ctrl Pts',(54.3438492056934,123.812131708065,8.99999999999999));
#4929=CARTESIAN_POINT('Ctrl Pts',(54.5365731169776,123.949167424988,8.99999999999999));
#4930=CARTESIAN_POINT('Ctrl Pts',(54.7747881921372,123.954484388488,8.99999999999999));
#4931=CARTESIAN_POINT('Ctrl Pts',(54.9095986097175,123.957493358719,8.99999999999999));
#4932=CARTESIAN_POINT('',(54.9340058176833,122.032807224858,8.99999999999999));
#4933=CARTESIAN_POINT('',(55.212946018489,122.032807224858,8.99999999999999));
#4934=CARTESIAN_POINT('',(57.5367379590431,122.032807224858,8.99999999999999));
#4935=CARTESIAN_POINT('',(55.212946018489,120.929250770676,8.99999999999999));
#4936=CARTESIAN_POINT('',(55.212946018489,108.240514498883,8.99999999999999));
#4937=CARTESIAN_POINT('',(55.3933853714782,121.061747425663,8.99999999999999));
#4938=CARTESIAN_POINT('Ctrl Pts',(55.212946018489,120.929250770676,8.99999999999999));
#4939=CARTESIAN_POINT('Ctrl Pts',(55.2495636897967,120.940160289872,8.99999999999999));
#4940=CARTESIAN_POINT('Ctrl Pts',(55.3253114308152,120.962727848244,8.99999999999999));
#4941=CARTESIAN_POINT('Ctrl Pts',(55.3701977948111,121.028019041195,8.99999999999999));
#4942=CARTESIAN_POINT('Ctrl Pts',(55.3933853714782,121.061747425663,8.99999999999999));
#4943=CARTESIAN_POINT('',(55.4587618320304,121.361607962715,8.99999999999999));
#4944=CARTESIAN_POINT('Ctrl Pts',(55.3933853714782,121.061747425663,8.99999999999999));
#4945=CARTESIAN_POINT('Ctrl Pts',(55.4124109750645,121.105003720718,8.99999999999999));
#4946=CARTESIAN_POINT('Ctrl Pts',(55.4543316575527,121.200313885381,8.99999999999999));
#4947=CARTESIAN_POINT('Ctrl Pts',(55.4571969473166,121.3046335394,8.99999999999999));
#4948=CARTESIAN_POINT('Ctrl Pts',(55.4587618320304,121.361607962715,8.99999999999999));
#4949=CARTESIAN_POINT('',(55.3593892662841,121.853239589798,8.99999999999999));
#4950=CARTESIAN_POINT('Ctrl Pts',(55.4587618320304,121.361607962715,8.99999999999999));
#4951=CARTESIAN_POINT('Ctrl Pts',(55.4547478803816,121.446736974949,8.99999999999999));
#4952=CARTESIAN_POINT('Ctrl Pts',(55.4467801283875,121.615719293702,8.99999999999999));
#4953=CARTESIAN_POINT('Ctrl Pts',(55.3883725740717,121.774465634697,8.99999999999999));
#4954=CARTESIAN_POINT('Ctrl Pts',(55.3593892662841,121.853239589798,8.99999999999999));
#4955=CARTESIAN_POINT('',(55.8301008551437,121.853239589798,8.99999999999999));
#4956=CARTESIAN_POINT('',(57.7973725303569,121.853239589798,8.99999999999999));
#4957=CARTESIAN_POINT('',(55.9381900041419,121.197730654347,8.99999999999999));
#4958=CARTESIAN_POINT('Ctrl Pts',(55.8301008551437,121.853239589798,8.99999999999999));
#4959=CARTESIAN_POINT('Ctrl Pts',(55.8615839102944,121.754343325344,8.99999999999999));
#4960=CARTESIAN_POINT('Ctrl Pts',(55.929403681274,121.541304216722,8.99999999999999));
#4961=CARTESIAN_POINT('Ctrl Pts',(55.9351247498595,121.317591983054,8.99999999999999));
#4962=CARTESIAN_POINT('Ctrl Pts',(55.9381900041419,121.197730654347,8.99999999999999));
#4963=CARTESIAN_POINT('',(55.699347636016,120.470743232834,8.99999999999999));
#4964=CARTESIAN_POINT('Ctrl Pts',(55.9381900041419,121.197730654347,8.99999999999999));
#4965=CARTESIAN_POINT('Ctrl Pts',(55.9316994906249,121.054649693706,8.99999999999999));
#4966=CARTESIAN_POINT('Ctrl Pts',(55.9196493551848,120.789008931983,8.99999999999999));
#4967=CARTESIAN_POINT('Ctrl Pts',(55.7688996600636,120.571223717708,8.99999999999999));
#4968=CARTESIAN_POINT('Ctrl Pts',(55.699347636016,120.470743232834,8.99999999999999));
#4969=CARTESIAN_POINT('',(55.0420952647048,120.210980230438,8.99999999999999));
#4970=CARTESIAN_POINT('Ctrl Pts',(55.699347636016,120.470743232834,8.99999999999999));
#4971=CARTESIAN_POINT('Ctrl Pts',(55.6091600656835,120.395027209388,8.99999999999999));
#4972=CARTESIAN_POINT('Ctrl Pts',(55.4196293800705,120.2359087213,8.99999999999999));
#4973=CARTESIAN_POINT('Ctrl Pts',(55.1719284826329,120.219553087976,8.99999999999999));
#4974=CARTESIAN_POINT('Ctrl Pts',(55.0420952647048,120.210980230438,8.99999999999999));
#4975=CARTESIAN_POINT('',(54.5347730129081,120.325171404946,8.99999999999999));
#4976=CARTESIAN_POINT('Ctrl Pts',(55.0420952647048,120.210980230438,8.99999999999999));
#4977=CARTESIAN_POINT('Ctrl Pts',(54.9505992112136,120.214948823836,8.99999999999999));
#4978=CARTESIAN_POINT('Ctrl Pts',(54.7744913286511,120.222587411001,8.99999999999999));
#4979=CARTESIAN_POINT('Ctrl Pts',(54.6125692218322,120.291879639982,8.99999999999999));
#4980=CARTESIAN_POINT('Ctrl Pts',(54.5347730129081,120.325171404946,8.99999999999999));
#4981=CARTESIAN_POINT('',(54.1904563515502,120.663386040795,8.99999999999999));
#4982=CARTESIAN_POINT('Ctrl Pts',(54.5347730129081,120.325171404946,8.99999999999999));
#4983=CARTESIAN_POINT('Ctrl Pts',(54.4653211116739,120.368153156306,8.99999999999999));
#4984=CARTESIAN_POINT('Ctrl Pts',(54.3251128536897,120.454923948413,8.99999999999999));
#4985=CARTESIAN_POINT('Ctrl Pts',(54.2356193923573,120.593469016103,8.99999999999999));
#4986=CARTESIAN_POINT('Ctrl Pts',(54.1904563515502,120.663386040795,8.99999999999999));
#4987=CARTESIAN_POINT('',(54.0658050089198,121.15763311969,8.99999999999999));
#4988=CARTESIAN_POINT('Ctrl Pts',(54.1904563515502,120.663386040795,8.99999999999999));
#4989=CARTESIAN_POINT('Ctrl Pts',(54.1541016451701,120.740591288566,8.99999999999999));
#4990=CARTESIAN_POINT('Ctrl Pts',(54.0803741663724,120.897163816168,8.99999999999999));
#4991=CARTESIAN_POINT('Ctrl Pts',(54.0707058961801,121.0700144159,8.99999999999999));
#4992=CARTESIAN_POINT('Ctrl Pts',(54.0658050089198,121.15763311969,8.99999999999999));
#4993=CARTESIAN_POINT('',(54.1738943069297,121.631830984223,8.99999999999999));
#4994=CARTESIAN_POINT('Ctrl Pts',(54.0658050089198,121.15763311969,8.99999999999999));
#4995=CARTESIAN_POINT('Ctrl Pts',(54.0692355162646,121.244661089516,8.99999999999999));
#4996=CARTESIAN_POINT('Ctrl Pts',(54.0757400558876,121.409673672537,8.99999999999999));
#4997=CARTESIAN_POINT('Ctrl Pts',(54.1423938558128,121.560534474263,8.99999999999999));
#4998=CARTESIAN_POINT('Ctrl Pts',(54.1738943069297,121.631830984223,8.99999999999999));
#4999=CARTESIAN_POINT('',(54.4772415666896,121.930819803345,8.99999999999999));
#5000=CARTESIAN_POINT('Ctrl Pts',(54.1738943069297,121.631830984223,8.99999999999999));
#5001=CARTESIAN_POINT('Ctrl Pts',(54.2133821320501,121.693447918778,8.99999999999999));
#5002=CARTESIAN_POINT('Ctrl Pts',(54.2919417091291,121.816032545934,8.99999999999999));
#5003=CARTESIAN_POINT('Ctrl Pts',(54.4156934218901,121.892692722012,8.99999999999999));
#5004=CARTESIAN_POINT('Ctrl Pts',(54.4772415666896,121.930819803345,8.99999999999999));
#5005=CARTESIAN_POINT('Ctrl Pts',(54.4772415666896,121.930819803345,8.99999999999999));
#5006=CARTESIAN_POINT('Ctrl Pts',(54.5468788232253,121.960549938858,8.99999999999999));
#5007=CARTESIAN_POINT('Ctrl Pts',(54.6926652530751,122.022790333311,8.99999999999999));
#5008=CARTESIAN_POINT('Ctrl Pts',(54.8511985338583,122.029370290902,8.99999999999999));
#5009=CARTESIAN_POINT('Ctrl Pts',(54.9340058176833,122.032807224858,8.99999999999999));
#5010=CARTESIAN_POINT('',(44.6834036707878,155.345187217463,8.99999999999999));
#5011=CARTESIAN_POINT('',(44.7043241560459,155.451533824671,8.99999999999999));
#5012=CARTESIAN_POINT('Ctrl Pts',(44.6834036707878,155.345187217463,8.99999999999999));
#5013=CARTESIAN_POINT('Ctrl Pts',(44.6840800015996,155.364435550537,8.99999999999999));
#5014=CARTESIAN_POINT('Ctrl Pts',(44.6853660576645,155.401036626601,8.99999999999999));
#5015=CARTESIAN_POINT('Ctrl Pts',(44.6982268117883,155.435292807535,8.99999999999999));
#5016=CARTESIAN_POINT('Ctrl Pts',(44.7043241560459,155.451533824671,8.99999999999999));
#5017=CARTESIAN_POINT('',(45.3511163592339,155.451533824671,8.99999999999999));
#5018=CARTESIAN_POINT('',(52.5138601288199,155.451533824671,8.99999999999999));
#5019=CARTESIAN_POINT('',(45.3162488341331,155.338214070071,8.99999999999999));
#5020=CARTESIAN_POINT('Ctrl Pts',(45.3511163592339,155.451533824671,8.99999999999999));
#5021=CARTESIAN_POINT('Ctrl Pts',(45.3446342401066,155.43523659505,8.99999999999999));
#5022=CARTESIAN_POINT('Ctrl Pts',(45.3299880188747,155.398413323861,8.99999999999999));
#5023=CARTESIAN_POINT('Ctrl Pts',(45.3211662614493,155.35976014144,8.99999999999999));
#5024=CARTESIAN_POINT('Ctrl Pts',(45.3162488341331,155.338214070071,8.99999999999999));
#5025=CARTESIAN_POINT('',(45.3005585074425,155.219664603937,8.99999999999999));
#5026=CARTESIAN_POINT('Ctrl Pts',(45.3162488341331,155.338214070071,8.99999999999999));
#5027=CARTESIAN_POINT('Ctrl Pts',(45.311690085647,155.316502512505,8.99999999999999));
#5028=CARTESIAN_POINT('Ctrl Pts',(45.3034722368281,155.277364073909,8.99999999999999));
#5029=CARTESIAN_POINT('Ctrl Pts',(45.3014561814182,155.237440898765,8.99999999999999));
#5030=CARTESIAN_POINT('Ctrl Pts',(45.3005585074425,155.219664603937,8.99999999999999));
#5031=CARTESIAN_POINT('',(45.7259419560432,154.85181215452,8.99999999999999));
#5032=CARTESIAN_POINT('Ctrl Pts',(45.3005585074425,155.219664603937,8.99999999999999));
#5033=CARTESIAN_POINT('Ctrl Pts',(45.3220514716544,155.112471338893,8.99999999999999));
#5034=CARTESIAN_POINT('Ctrl Pts',(45.3676797640028,154.884906374516,8.99999999999999));
#5035=CARTESIAN_POINT('Ctrl Pts',(45.6019980508432,154.863261386275,8.99999999999999));
#5036=CARTESIAN_POINT('Ctrl Pts',(45.7259419560432,154.85181215452,8.99999999999999));
#5037=CARTESIAN_POINT('',(46.5000006556511,154.85181215452,8.99999999999999));
#5038=CARTESIAN_POINT('',(53.0564856529236,154.85181215452,8.99999999999999));
#5039=CARTESIAN_POINT('',(46.5000006556511,154.10913470434,8.99999999999999));
#5040=CARTESIAN_POINT('',(46.5000006556511,124.740236714715,8.99999999999999));
#5041=CARTESIAN_POINT('',(44.7147844731808,154.10913470434,8.99999999999999));
#5042=CARTESIAN_POINT('',(52.803696282208,154.10913470434,8.99999999999999));
#5043=CARTESIAN_POINT('',(44.7147844731808,154.85181215452,8.99999999999999));
#5044=CARTESIAN_POINT('',(44.7147844731808,124.740236714715,8.99999999999999));
#5045=CARTESIAN_POINT('',(45.0285920500755,154.85181215452,8.99999999999999));
#5046=CARTESIAN_POINT('',(52.4358441308141,154.85181215452,8.99999999999999));
#5047=CARTESIAN_POINT('',(45.0285920500755,154.858785897959,8.99999999999999));
#5048=CARTESIAN_POINT('',(45.0285920500755,124.92764951312,8.99999999999999));
#5049=CARTESIAN_POINT('',(44.7714442014694,155.052300721873,8.99999999999999));
#5050=CARTESIAN_POINT('Ctrl Pts',(45.0285920500755,154.858785897959,8.99999999999999));
#5051=CARTESIAN_POINT('Ctrl Pts',(44.9763537210613,154.882804870069,8.99999999999999));
#5052=CARTESIAN_POINT('Ctrl Pts',(44.8764614569889,154.928734928516,8.99999999999999));
#5053=CARTESIAN_POINT('Ctrl Pts',(44.8053622929147,155.012391891101,8.99999999999999));
#5054=CARTESIAN_POINT('Ctrl Pts',(44.7714442014694,155.052300721873,8.99999999999999));
#5055=CARTESIAN_POINT('Ctrl Pts',(44.7714442014694,155.052300721873,8.99999999999999));
#5056=CARTESIAN_POINT('Ctrl Pts',(44.7457696318519,155.096512146937,8.99999999999999));
#5057=CARTESIAN_POINT('Ctrl Pts',(44.6931853121018,155.187061969069,8.99999999999999));
#5058=CARTESIAN_POINT('Ctrl Pts',(44.6867148803414,155.291659816863,8.99999999999999));
#5059=CARTESIAN_POINT('Ctrl Pts',(44.6834036707878,155.345187217463,8.99999999999999));
#5060=CARTESIAN_POINT('',(44.0000006556511,153.073570162524,8.99999999999999));
#5061=CARTESIAN_POINT('',(46.5000006556511,153.884239227045,8.99999999999999));
#5062=CARTESIAN_POINT('',(43.3440068208603,152.860852599171,8.99999999999999));
#5063=CARTESIAN_POINT('',(46.5000006556511,153.066596419085,8.99999999999999));
#5064=CARTESIAN_POINT('',(46.5000006556511,124.237708911533,8.99999999999999));
#5065=CARTESIAN_POINT('',(46.0397496819496,152.95676413225,8.99999999999999));
#5066=CARTESIAN_POINT('',(46.2161687062648,152.998863999472,8.99999999999999));
#5067=CARTESIAN_POINT('',(46.0397496819496,152.210599214304,8.99999999999999));
#5068=CARTESIAN_POINT('',(46.0397496819496,123.791840836639,8.99999999999999));
#5069=CARTESIAN_POINT('',(46.5000006556511,152.092049748171,8.99999999999999));
#5070=CARTESIAN_POINT('',(59.6102625425728,148.715164882376,8.99999999999999));
#5071=CARTESIAN_POINT('',(46.5000006556511,151.277893513907,8.99999999999999));
#5072=CARTESIAN_POINT('',(46.5000006556511,123.342485815519,8.99999999999999));
#5073=CARTESIAN_POINT('',(44.0000006556511,152.13912132429,8.99999999999999));
#5074=CARTESIAN_POINT('',(60.5742026520788,146.429455846599,8.99999999999999));
#5075=CARTESIAN_POINT('',(44.0000006556511,123.803172871703,8.99999999999999));
#5076=CARTESIAN_POINT('Origin',(69.1403400842282,142.080970932945,2.5));
#5077=CARTESIAN_POINT('',(54.1403400842282,142.080970932945,2.5));
#5078=CARTESIAN_POINT('Origin',(69.1403400842282,142.080970932945,2.5));
#5079=CARTESIAN_POINT('',(54.1403400842282,142.080970932945,5.5));
#5080=CARTESIAN_POINT('',(54.1403400842282,142.080970932945,2.5));
#5081=CARTESIAN_POINT('Origin',(69.1403400842282,142.080970932945,5.5));
#5082=CARTESIAN_POINT('Origin',(69.1403400842282,142.080970932945,5.5));
#5083=CARTESIAN_POINT('',(80.3903400842282,142.080970932945,5.5));
#5084=CARTESIAN_POINT('Origin',(69.1403400842282,142.080970932945,5.5));
#5085=CARTESIAN_POINT('Origin',(69.1403400842282,142.080970932945,8.99999999999999));
#5086=CARTESIAN_POINT('',(80.3903400842282,142.080970932945,8.99999999999999));
#5087=CARTESIAN_POINT('Origin',(29.4020663761274,155.320201378526,2.5));
#5088=CARTESIAN_POINT('',(14.4020663761274,155.320201378526,2.5));
#5089=CARTESIAN_POINT('Origin',(29.4020663761274,155.320201378526,2.5));
#5090=CARTESIAN_POINT('',(14.4020663761274,155.320201378526,6.));
#5091=CARTESIAN_POINT('',(14.4020663761274,155.320201378526,2.5));
#5092=CARTESIAN_POINT('Origin',(29.4020663761274,155.320201378526,6.));
#5093=CARTESIAN_POINT('Origin',(29.4020663761274,155.320201378526,6.));
#5094=CARTESIAN_POINT('',(18.1520663761274,155.320201378526,6.));
#5095=CARTESIAN_POINT('Origin',(29.4020663761274,155.320201378526,6.));
#5096=CARTESIAN_POINT('Origin',(60.,95.,8.19999999999999));
#5097=CARTESIAN_POINT('',(44.0000006556511,153.073570162524,8.19999999999999));
#5098=CARTESIAN_POINT('',(46.5000006556511,153.884239227045,8.19999999999999));
#5099=CARTESIAN_POINT('',(44.0000006556511,153.073570162524,8.19999999999999));
#5100=CARTESIAN_POINT('',(44.0000006556511,152.13912132429,8.19999999999999));
#5101=CARTESIAN_POINT('',(44.0000006556511,152.13912132429,8.19999999999999));
#5102=CARTESIAN_POINT('',(46.5000006556511,151.277893513907,8.19999999999999));
#5103=CARTESIAN_POINT('',(46.5000006556511,151.277893513907,8.19999999999999));
#5104=CARTESIAN_POINT('',(46.5000006556511,152.092049748171,8.19999999999999));
#5105=CARTESIAN_POINT('',(46.5000006556511,152.092049748171,8.19999999999999));
#5106=CARTESIAN_POINT('',(46.0397496819496,152.210599214304,8.19999999999999));
#5107=CARTESIAN_POINT('',(46.0397496819496,152.210599214304,8.19999999999999));
#5108=CARTESIAN_POINT('',(46.0397496819496,152.95676413225,8.19999999999999));
#5109=CARTESIAN_POINT('',(46.0397496819496,152.95676413225,8.19999999999999));
#5110=CARTESIAN_POINT('',(46.5000006556511,153.066596419085,8.19999999999999));
#5111=CARTESIAN_POINT('',(46.5000006556511,153.066596419085,8.19999999999999));
#5112=CARTESIAN_POINT('',(46.5000006556511,153.884239227045,8.19999999999999));
#5113=CARTESIAN_POINT('',(45.5045333504677,152.817294031847,8.19999999999999));
#5114=CARTESIAN_POINT('',(44.8246170580387,152.642956406344,8.19999999999999));
#5115=CARTESIAN_POINT('',(45.5045333504677,152.817294031847,8.19999999999999));
#5116=CARTESIAN_POINT('',(45.5045333504677,152.339609295595,8.19999999999999));
#5117=CARTESIAN_POINT('',(45.5045333504677,152.339609295595,8.19999999999999));
#5118=CARTESIAN_POINT('',(44.6816603839397,152.550557286013,8.19999999999999));
#5119=CARTESIAN_POINT('Ctrl Pts',(44.6816603839397,152.550557286013,8.19999999999999));
#5120=CARTESIAN_POINT('Ctrl Pts',(44.7662464231849,152.529618920338,8.19999999999999));
#5121=CARTESIAN_POINT('Ctrl Pts',(45.041116048807,152.461577896245,8.19999999999999));
#5122=CARTESIAN_POINT('Ctrl Pts',(45.3149598854793,152.389503872604,8.19999999999999));
#5123=CARTESIAN_POINT('Ctrl Pts',(45.5045333504677,152.339609295595,8.19999999999999));
#5124=CARTESIAN_POINT('',(44.5439337193966,152.574964792002,8.19999999999999));
#5125=CARTESIAN_POINT('Ctrl Pts',(44.5439337193966,152.574964792002,8.19999999999999));
#5126=CARTESIAN_POINT('Ctrl Pts',(44.5624206384649,152.572561135389,8.19999999999999));
#5127=CARTESIAN_POINT('Ctrl Pts',(44.6086925084413,152.566544898402,8.19999999999999));
#5128=CARTESIAN_POINT('Ctrl Pts',(44.6542839881618,152.556555585968,8.19999999999999));
#5129=CARTESIAN_POINT('Ctrl Pts',(44.6816603839397,152.550557286013,8.19999999999999));
#5130=CARTESIAN_POINT('',(44.5439337193966,152.592398554552,8.19999999999999));
#5131=CARTESIAN_POINT('',(44.5439337193966,152.592398554552,8.19999999999999));
#5132=CARTESIAN_POINT('Ctrl Pts',(44.8246170580387,152.642956406344,8.19999999999999));
#5133=CARTESIAN_POINT('Ctrl Pts',(44.7763885894162,152.631801216712,8.19999999999999));
#5134=CARTESIAN_POINT('Ctrl Pts',(44.6836493469156,152.610350735991,8.19999999999999));
#5135=CARTESIAN_POINT('Ctrl Pts',(44.5892441016305,152.598220524631,8.19999999999999));
#5136=CARTESIAN_POINT('Ctrl Pts',(44.5439337193966,152.592398554552,8.19999999999999));
#5137=CARTESIAN_POINT('Origin',(45.2500006556511,153.478904694784,8.99999999999999));
#5138=CARTESIAN_POINT('',(46.5000006556511,153.884239227045,8.99999999999999));
#5139=CARTESIAN_POINT('',(44.0000006556511,153.073570162524,8.99999999999999));
#5140=CARTESIAN_POINT('Origin',(44.0000006556511,152.606345743407,8.99999999999999));
#5141=CARTESIAN_POINT('',(44.0000006556511,152.13912132429,8.99999999999999));
#5142=CARTESIAN_POINT('Origin',(45.2500006556511,151.708507419098,8.99999999999999));
#5143=CARTESIAN_POINT('',(46.5000006556511,151.277893513907,8.99999999999999));
#5144=CARTESIAN_POINT('Origin',(46.5000006556511,151.684971631039,8.99999999999999));
#5145=CARTESIAN_POINT('',(46.5000006556511,152.092049748171,8.99999999999999));
#5146=CARTESIAN_POINT('Origin',(46.2698751688004,152.151324481238,8.99999999999999));
#5147=CARTESIAN_POINT('',(46.0397496819496,152.210599214304,8.99999999999999));
#5148=CARTESIAN_POINT('Origin',(46.0397496819496,152.583681673277,8.99999999999999));
#5149=CARTESIAN_POINT('',(46.0397496819496,152.95676413225,8.99999999999999));
#5150=CARTESIAN_POINT('Origin',(46.2698751688004,153.011680275667,8.99999999999999));
#5151=CARTESIAN_POINT('',(46.5000006556511,153.066596419085,8.99999999999999));
#5152=CARTESIAN_POINT('Origin',(46.5000006556511,153.475417823065,8.99999999999999));
#5153=CARTESIAN_POINT('Origin',(45.1645752042532,152.730125219095,8.99999999999999));
#5154=CARTESIAN_POINT('',(44.8246170580387,152.642956406344,8.99999999999999));
#5155=CARTESIAN_POINT('',(44.8246170580387,152.642956406344,8.99999999999999));
#5156=CARTESIAN_POINT('',(45.5045333504677,152.817294031847,8.99999999999999));
#5157=CARTESIAN_POINT('',(45.1799723269313,152.734073201865,8.99999999999999));
#5158=CARTESIAN_POINT('',(45.5045333504677,152.817294031847,8.99999999999999));
#5159=CARTESIAN_POINT('Origin',(45.5045333504677,152.578451663721,8.99999999999999));
#5160=CARTESIAN_POINT('',(45.5045333504677,152.339609295595,8.99999999999999));
#5161=CARTESIAN_POINT('',(45.5045333504677,123.789225831861,8.99999999999999));
#5162=CARTESIAN_POINT('',(45.5045333504677,152.339609295595,8.99999999999999));
#5163=CARTESIAN_POINT('Ctrl Pts',(44.6816603839397,152.550557286013,8.19999999999999));
#5164=CARTESIAN_POINT('Ctrl Pts',(44.6816603839397,152.550557286013,8.99999999999999));
#5165=CARTESIAN_POINT('Ctrl Pts',(44.7662464231849,152.529618920338,8.19999999999999));
#5166=CARTESIAN_POINT('Ctrl Pts',(44.7662464231849,152.529618920338,8.99999999999999));
#5167=CARTESIAN_POINT('Ctrl Pts',(45.041116048807,152.461577896245,8.19999999999999));
#5168=CARTESIAN_POINT('Ctrl Pts',(45.041116048807,152.461577896245,8.99999999999999));
#5169=CARTESIAN_POINT('Ctrl Pts',(45.3149598854793,152.389503872604,8.19999999999999));
#5170=CARTESIAN_POINT('Ctrl Pts',(45.3149598854793,152.389503872604,8.99999999999999));
#5171=CARTESIAN_POINT('Ctrl Pts',(45.5045333504677,152.339609295595,8.19999999999999));
#5172=CARTESIAN_POINT('Ctrl Pts',(45.5045333504677,152.339609295595,8.99999999999999));
#5173=CARTESIAN_POINT('',(44.6816603839397,152.550557286013,8.99999999999999));
#5174=CARTESIAN_POINT('Ctrl Pts',(44.6816603839397,152.550557286013,8.99999999999999));
#5175=CARTESIAN_POINT('Ctrl Pts',(44.7662464231849,152.529618920338,8.99999999999999));
#5176=CARTESIAN_POINT('Ctrl Pts',(45.041116048807,152.461577896245,8.99999999999999));
#5177=CARTESIAN_POINT('Ctrl Pts',(45.3149598854793,152.389503872604,8.99999999999999));
#5178=CARTESIAN_POINT('Ctrl Pts',(45.5045333504677,152.339609295595,8.99999999999999));
#5179=CARTESIAN_POINT('',(44.6816603839397,152.550557286013,8.99999999999999));
#5180=CARTESIAN_POINT('Ctrl Pts',(44.5439337193966,152.574964792002,8.19999999999999));
#5181=CARTESIAN_POINT('Ctrl Pts',(44.5439337193966,152.574964792002,8.99999999999999));
#5182=CARTESIAN_POINT('Ctrl Pts',(44.5624206384649,152.572561135389,8.19999999999999));
#5183=CARTESIAN_POINT('Ctrl Pts',(44.5624206384649,152.572561135389,8.99999999999999));
#5184=CARTESIAN_POINT('Ctrl Pts',(44.6086925084413,152.566544898402,8.19999999999999));
#5185=CARTESIAN_POINT('Ctrl Pts',(44.6086925084413,152.566544898402,8.99999999999999));
#5186=CARTESIAN_POINT('Ctrl Pts',(44.6542839881618,152.556555585968,8.19999999999999));
#5187=CARTESIAN_POINT('Ctrl Pts',(44.6542839881618,152.556555585968,8.99999999999999));
#5188=CARTESIAN_POINT('Ctrl Pts',(44.6816603839397,152.550557286013,8.19999999999999));
#5189=CARTESIAN_POINT('Ctrl Pts',(44.6816603839397,152.550557286013,8.99999999999999));
#5190=CARTESIAN_POINT('',(44.5439337193966,152.574964792002,8.99999999999999));
#5191=CARTESIAN_POINT('Ctrl Pts',(44.5439337193966,152.574964792002,8.99999999999999));
#5192=CARTESIAN_POINT('Ctrl Pts',(44.5624206384649,152.572561135389,8.99999999999999));
#5193=CARTESIAN_POINT('Ctrl Pts',(44.6086925084413,152.566544898402,8.99999999999999));
#5194=CARTESIAN_POINT('Ctrl Pts',(44.6542839881618,152.556555585968,8.99999999999999));
#5195=CARTESIAN_POINT('Ctrl Pts',(44.6816603839397,152.550557286013,8.99999999999999));
#5196=CARTESIAN_POINT('',(44.5439337193966,152.574964792002,8.99999999999999));
#5197=CARTESIAN_POINT('Origin',(44.5439337193966,152.583681673277,8.99999999999999));
#5198=CARTESIAN_POINT('',(44.5439337193966,152.592398554552,8.99999999999999));
#5199=CARTESIAN_POINT('',(44.5439337193966,123.791840836639,8.99999999999999));
#5200=CARTESIAN_POINT('',(44.5439337193966,152.592398554552,8.99999999999999));
#5201=CARTESIAN_POINT('Ctrl Pts',(44.8246170580387,152.642956406344,8.19999999999999));
#5202=CARTESIAN_POINT('Ctrl Pts',(44.8246170580387,152.642956406344,8.99999999999999));
#5203=CARTESIAN_POINT('Ctrl Pts',(44.7763885894162,152.631801216712,8.19999999999999));
#5204=CARTESIAN_POINT('Ctrl Pts',(44.7763885894162,152.631801216712,8.99999999999999));
#5205=CARTESIAN_POINT('Ctrl Pts',(44.6836493469156,152.610350735991,8.19999999999999));
#5206=CARTESIAN_POINT('Ctrl Pts',(44.6836493469156,152.610350735991,8.99999999999999));
#5207=CARTESIAN_POINT('Ctrl Pts',(44.5892441016305,152.598220524631,8.19999999999999));
#5208=CARTESIAN_POINT('Ctrl Pts',(44.5892441016305,152.598220524631,8.99999999999999));
#5209=CARTESIAN_POINT('Ctrl Pts',(44.5439337193966,152.592398554552,8.19999999999999));
#5210=CARTESIAN_POINT('Ctrl Pts',(44.5439337193966,152.592398554552,8.99999999999999));
#5211=CARTESIAN_POINT('Ctrl Pts',(44.8246170580387,152.642956406344,8.99999999999999));
#5212=CARTESIAN_POINT('Ctrl Pts',(44.7763885894162,152.631801216712,8.99999999999999));
#5213=CARTESIAN_POINT('Ctrl Pts',(44.6836493469156,152.610350735991,8.99999999999999));
#5214=CARTESIAN_POINT('Ctrl Pts',(44.5892441016305,152.598220524631,8.99999999999999));
#5215=CARTESIAN_POINT('Ctrl Pts',(44.5439337193966,152.592398554552,8.99999999999999));
#5216=CARTESIAN_POINT('Origin',(60.,95.,8.19999999999999));
#5217=CARTESIAN_POINT('',(44.6834036707878,155.345187217463,8.19999999999999));
#5218=CARTESIAN_POINT('',(44.7043241560459,155.451533824671,8.19999999999999));
#5219=CARTESIAN_POINT('Ctrl Pts',(44.6834036707878,155.345187217463,8.19999999999999));
#5220=CARTESIAN_POINT('Ctrl Pts',(44.6840800015996,155.364435550537,8.19999999999999));
#5221=CARTESIAN_POINT('Ctrl Pts',(44.6853660576645,155.401036626601,8.19999999999999));
#5222=CARTESIAN_POINT('Ctrl Pts',(44.6982268117883,155.435292807535,8.19999999999999));
#5223=CARTESIAN_POINT('Ctrl Pts',(44.7043241560459,155.451533824671,8.19999999999999));
#5224=CARTESIAN_POINT('',(44.7714442014694,155.052300721873,8.19999999999999));
#5225=CARTESIAN_POINT('Ctrl Pts',(44.7714442014694,155.052300721873,8.19999999999999));
#5226=CARTESIAN_POINT('Ctrl Pts',(44.7457696318519,155.096512146937,8.19999999999999));
#5227=CARTESIAN_POINT('Ctrl Pts',(44.6931853121018,155.187061969069,8.19999999999999));
#5228=CARTESIAN_POINT('Ctrl Pts',(44.6867148803414,155.291659816863,8.19999999999999));
#5229=CARTESIAN_POINT('Ctrl Pts',(44.6834036707878,155.345187217463,8.19999999999999));
#5230=CARTESIAN_POINT('',(45.0285920500755,154.858785897959,8.19999999999999));
#5231=CARTESIAN_POINT('Ctrl Pts',(45.0285920500755,154.858785897959,8.19999999999999));
#5232=CARTESIAN_POINT('Ctrl Pts',(44.9763537210613,154.882804870069,8.19999999999999));
#5233=CARTESIAN_POINT('Ctrl Pts',(44.8764614569889,154.928734928516,8.19999999999999));
#5234=CARTESIAN_POINT('Ctrl Pts',(44.8053622929147,155.012391891101,8.19999999999999));
#5235=CARTESIAN_POINT('Ctrl Pts',(44.7714442014694,155.052300721873,8.19999999999999));
#5236=CARTESIAN_POINT('',(45.0285920500755,154.85181215452,8.19999999999999));
#5237=CARTESIAN_POINT('',(45.0285920500755,154.85181215452,8.19999999999999));
#5238=CARTESIAN_POINT('',(44.7147844731808,154.85181215452,8.19999999999999));
#5239=CARTESIAN_POINT('',(44.7147844731808,154.85181215452,8.19999999999999));
#5240=CARTESIAN_POINT('',(44.7147844731808,154.10913470434,8.19999999999999));
#5241=CARTESIAN_POINT('',(44.7147844731808,154.10913470434,8.19999999999999));
#5242=CARTESIAN_POINT('',(46.5000006556511,154.10913470434,8.19999999999999));
#5243=CARTESIAN_POINT('',(46.5000006556511,154.10913470434,8.19999999999999));
#5244=CARTESIAN_POINT('',(46.5000006556511,154.85181215452,8.19999999999999));
#5245=CARTESIAN_POINT('',(46.5000006556511,154.85181215452,8.19999999999999));
#5246=CARTESIAN_POINT('',(45.7259419560432,154.85181215452,8.19999999999999));
#5247=CARTESIAN_POINT('',(45.7259419560432,154.85181215452,8.19999999999999));
#5248=CARTESIAN_POINT('',(45.3005585074425,155.219664603937,8.19999999999999));
#5249=CARTESIAN_POINT('Ctrl Pts',(45.3005585074425,155.219664603937,8.19999999999999));
#5250=CARTESIAN_POINT('Ctrl Pts',(45.3220514716544,155.112471338893,8.19999999999999));
#5251=CARTESIAN_POINT('Ctrl Pts',(45.3676797640028,154.884906374516,8.19999999999999));
#5252=CARTESIAN_POINT('Ctrl Pts',(45.6019980508432,154.863261386275,8.19999999999999));
#5253=CARTESIAN_POINT('Ctrl Pts',(45.7259419560432,154.85181215452,8.19999999999999));
#5254=CARTESIAN_POINT('',(45.3162488341331,155.338214070071,8.19999999999999));
#5255=CARTESIAN_POINT('Ctrl Pts',(45.3162488341331,155.338214070071,8.19999999999999));
#5256=CARTESIAN_POINT('Ctrl Pts',(45.311690085647,155.316502512505,8.19999999999999));
#5257=CARTESIAN_POINT('Ctrl Pts',(45.3034722368281,155.277364073909,8.19999999999999));
#5258=CARTESIAN_POINT('Ctrl Pts',(45.3014561814182,155.237440898765,8.19999999999999));
#5259=CARTESIAN_POINT('Ctrl Pts',(45.3005585074425,155.219664603937,8.19999999999999));
#5260=CARTESIAN_POINT('',(45.3511163592339,155.451533824671,8.19999999999999));
#5261=CARTESIAN_POINT('Ctrl Pts',(45.3511163592339,155.451533824671,8.19999999999999));
#5262=CARTESIAN_POINT('Ctrl Pts',(45.3446342401066,155.43523659505,8.19999999999999));
#5263=CARTESIAN_POINT('Ctrl Pts',(45.3299880188747,155.398413323861,8.19999999999999));
#5264=CARTESIAN_POINT('Ctrl Pts',(45.3211662614493,155.35976014144,8.19999999999999));
#5265=CARTESIAN_POINT('Ctrl Pts',(45.3162488341331,155.338214070071,8.19999999999999));
#5266=CARTESIAN_POINT('',(44.7043241560459,155.451533824671,8.19999999999999));
#5267=CARTESIAN_POINT('Ctrl Pts',(44.6834036707878,155.345187217463,8.19999999999999));
#5268=CARTESIAN_POINT('Ctrl Pts',(44.6834036707878,155.345187217463,8.99999999999999));
#5269=CARTESIAN_POINT('Ctrl Pts',(44.6840800015996,155.364435550537,8.19999999999999));
#5270=CARTESIAN_POINT('Ctrl Pts',(44.6840800015996,155.364435550537,8.99999999999999));
#5271=CARTESIAN_POINT('Ctrl Pts',(44.6853660576645,155.401036626601,8.19999999999999));
#5272=CARTESIAN_POINT('Ctrl Pts',(44.6853660576645,155.401036626601,8.99999999999999));
#5273=CARTESIAN_POINT('Ctrl Pts',(44.6982268117883,155.435292807535,8.19999999999999));
#5274=CARTESIAN_POINT('Ctrl Pts',(44.6982268117883,155.435292807535,8.99999999999999));
#5275=CARTESIAN_POINT('Ctrl Pts',(44.7043241560459,155.451533824671,8.19999999999999));
#5276=CARTESIAN_POINT('Ctrl Pts',(44.7043241560459,155.451533824671,8.99999999999999));
#5277=CARTESIAN_POINT('',(44.7043241560459,155.451533824671,8.99999999999999));
#5278=CARTESIAN_POINT('',(44.6834036707878,155.345187217463,8.99999999999999));
#5279=CARTESIAN_POINT('Ctrl Pts',(44.7714442014694,155.052300721873,8.19999999999999));
#5280=CARTESIAN_POINT('Ctrl Pts',(44.7714442014694,155.052300721873,8.99999999999999));
#5281=CARTESIAN_POINT('Ctrl Pts',(44.7457696318519,155.096512146937,8.19999999999999));
#5282=CARTESIAN_POINT('Ctrl Pts',(44.7457696318519,155.096512146937,8.99999999999999));
#5283=CARTESIAN_POINT('Ctrl Pts',(44.6931853121018,155.187061969069,8.19999999999999));
#5284=CARTESIAN_POINT('Ctrl Pts',(44.6931853121018,155.187061969069,8.99999999999999));
#5285=CARTESIAN_POINT('Ctrl Pts',(44.6867148803414,155.291659816863,8.19999999999999));
#5286=CARTESIAN_POINT('Ctrl Pts',(44.6867148803414,155.291659816863,8.99999999999999));
#5287=CARTESIAN_POINT('Ctrl Pts',(44.6834036707878,155.345187217463,8.19999999999999));
#5288=CARTESIAN_POINT('Ctrl Pts',(44.6834036707878,155.345187217463,8.99999999999999));
#5289=CARTESIAN_POINT('',(44.7714442014694,155.052300721873,8.99999999999999));
#5290=CARTESIAN_POINT('Ctrl Pts',(45.0285920500755,154.858785897959,8.19999999999999));
#5291=CARTESIAN_POINT('Ctrl Pts',(45.0285920500755,154.858785897959,8.99999999999999));
#5292=CARTESIAN_POINT('Ctrl Pts',(44.9763537210613,154.882804870069,8.19999999999999));
#5293=CARTESIAN_POINT('Ctrl Pts',(44.9763537210613,154.882804870069,8.99999999999999));
#5294=CARTESIAN_POINT('Ctrl Pts',(44.8764614569889,154.928734928516,8.19999999999999));
#5295=CARTESIAN_POINT('Ctrl Pts',(44.8764614569889,154.928734928516,8.99999999999999));
#5296=CARTESIAN_POINT('Ctrl Pts',(44.8053622929147,155.012391891101,8.19999999999999));
#5297=CARTESIAN_POINT('Ctrl Pts',(44.8053622929147,155.012391891101,8.99999999999999));
#5298=CARTESIAN_POINT('Ctrl Pts',(44.7714442014694,155.052300721873,8.19999999999999));
#5299=CARTESIAN_POINT('Ctrl Pts',(44.7714442014694,155.052300721873,8.99999999999999));
#5300=CARTESIAN_POINT('',(45.0285920500755,154.858785897959,8.99999999999999));
#5301=CARTESIAN_POINT('Origin',(45.0285920500755,154.85529902624,8.99999999999999));
#5302=CARTESIAN_POINT('',(45.0285920500755,154.85181215452,8.99999999999999));
#5303=CARTESIAN_POINT('Origin',(44.8716882616282,154.85181215452,8.99999999999999));
#5304=CARTESIAN_POINT('',(44.7147844731808,154.85181215452,8.99999999999999));
#5305=CARTESIAN_POINT('Origin',(44.7147844731808,154.48047342943,8.99999999999999));
#5306=CARTESIAN_POINT('',(44.7147844731808,154.10913470434,8.99999999999999));
#5307=CARTESIAN_POINT('Origin',(45.6073925644159,154.10913470434,8.99999999999999));
#5308=CARTESIAN_POINT('',(46.5000006556511,154.10913470434,8.99999999999999));
#5309=CARTESIAN_POINT('Origin',(46.5000006556511,154.48047342943,8.99999999999999));
#5310=CARTESIAN_POINT('',(46.5000006556511,154.85181215452,8.99999999999999));
#5311=CARTESIAN_POINT('Origin',(46.1129713058472,154.85181215452,8.99999999999999));
#5312=CARTESIAN_POINT('',(45.7259419560432,154.85181215452,8.99999999999999));
#5313=CARTESIAN_POINT('Ctrl Pts',(45.3005585074425,155.219664603937,8.19999999999999));
#5314=CARTESIAN_POINT('Ctrl Pts',(45.3005585074425,155.219664603937,8.99999999999999));
#5315=CARTESIAN_POINT('Ctrl Pts',(45.3220514716544,155.112471338893,8.19999999999999));
#5316=CARTESIAN_POINT('Ctrl Pts',(45.3220514716544,155.112471338893,8.99999999999999));
#5317=CARTESIAN_POINT('Ctrl Pts',(45.3676797640028,154.884906374516,8.19999999999999));
#5318=CARTESIAN_POINT('Ctrl Pts',(45.3676797640028,154.884906374516,8.99999999999999));
#5319=CARTESIAN_POINT('Ctrl Pts',(45.6019980508432,154.863261386275,8.19999999999999));
#5320=CARTESIAN_POINT('Ctrl Pts',(45.6019980508432,154.863261386275,8.99999999999999));
#5321=CARTESIAN_POINT('Ctrl Pts',(45.7259419560432,154.85181215452,8.19999999999999));
#5322=CARTESIAN_POINT('Ctrl Pts',(45.7259419560432,154.85181215452,8.99999999999999));
#5323=CARTESIAN_POINT('',(45.3005585074425,155.219664603937,8.99999999999999));
#5324=CARTESIAN_POINT('Ctrl Pts',(45.3162488341331,155.338214070071,8.19999999999999));
#5325=CARTESIAN_POINT('Ctrl Pts',(45.3162488341331,155.338214070071,8.99999999999999));
#5326=CARTESIAN_POINT('Ctrl Pts',(45.311690085647,155.316502512505,8.19999999999999));
#5327=CARTESIAN_POINT('Ctrl Pts',(45.311690085647,155.316502512505,8.99999999999999));
#5328=CARTESIAN_POINT('Ctrl Pts',(45.3034722368281,155.277364073909,8.19999999999999));
#5329=CARTESIAN_POINT('Ctrl Pts',(45.3034722368281,155.277364073909,8.99999999999999));
#5330=CARTESIAN_POINT('Ctrl Pts',(45.3014561814182,155.237440898765,8.19999999999999));
#5331=CARTESIAN_POINT('Ctrl Pts',(45.3014561814182,155.237440898765,8.99999999999999));
#5332=CARTESIAN_POINT('Ctrl Pts',(45.3005585074425,155.219664603937,8.19999999999999));
#5333=CARTESIAN_POINT('Ctrl Pts',(45.3005585074425,155.219664603937,8.99999999999999));
#5334=CARTESIAN_POINT('',(45.3162488341331,155.338214070071,8.99999999999999));
#5335=CARTESIAN_POINT('Ctrl Pts',(45.3511163592339,155.451533824671,8.19999999999999));
#5336=CARTESIAN_POINT('Ctrl Pts',(45.3511163592339,155.451533824671,8.99999999999999));
#5337=CARTESIAN_POINT('Ctrl Pts',(45.3446342401066,155.43523659505,8.19999999999999));
#5338=CARTESIAN_POINT('Ctrl Pts',(45.3446342401066,155.43523659505,8.99999999999999));
#5339=CARTESIAN_POINT('Ctrl Pts',(45.3299880188747,155.398413323861,8.19999999999999));
#5340=CARTESIAN_POINT('Ctrl Pts',(45.3299880188747,155.398413323861,8.99999999999999));
#5341=CARTESIAN_POINT('Ctrl Pts',(45.3211662614493,155.35976014144,8.19999999999999));
#5342=CARTESIAN_POINT('Ctrl Pts',(45.3211662614493,155.35976014144,8.99999999999999));
#5343=CARTESIAN_POINT('Ctrl Pts',(45.3162488341331,155.338214070071,8.19999999999999));
#5344=CARTESIAN_POINT('Ctrl Pts',(45.3162488341331,155.338214070071,8.99999999999999));
#5345=CARTESIAN_POINT('',(45.3511163592339,155.451533824671,8.99999999999999));
#5346=CARTESIAN_POINT('Origin',(45.0277202576399,155.451533824671,8.99999999999999));
#5347=CARTESIAN_POINT('Origin',(60.,95.,8.19999999999999));
#5348=CARTESIAN_POINT('',(54.9340058176833,122.032807224858,8.19999999999999));
#5349=CARTESIAN_POINT('',(55.212946018489,122.032807224858,8.19999999999999));
#5350=CARTESIAN_POINT('',(54.9340058176833,122.032807224858,8.19999999999999));
#5351=CARTESIAN_POINT('',(54.4772415666896,121.930819803345,8.19999999999999));
#5352=CARTESIAN_POINT('Ctrl Pts',(54.4772415666896,121.930819803345,8.19999999999999));
#5353=CARTESIAN_POINT('Ctrl Pts',(54.5468788232253,121.960549938858,8.19999999999999));
#5354=CARTESIAN_POINT('Ctrl Pts',(54.6926652530751,122.022790333311,8.19999999999999));
#5355=CARTESIAN_POINT('Ctrl Pts',(54.8511985338583,122.029370290902,8.19999999999999));
#5356=CARTESIAN_POINT('Ctrl Pts',(54.9340058176833,122.032807224858,8.19999999999999));
#5357=CARTESIAN_POINT('',(54.1738943069297,121.631830984223,8.19999999999999));
#5358=CARTESIAN_POINT('Ctrl Pts',(54.1738943069297,121.631830984223,8.19999999999999));
#5359=CARTESIAN_POINT('Ctrl Pts',(54.2133821320501,121.693447918778,8.19999999999999));
#5360=CARTESIAN_POINT('Ctrl Pts',(54.2919417091291,121.816032545934,8.19999999999999));
#5361=CARTESIAN_POINT('Ctrl Pts',(54.4156934218901,121.892692722012,8.19999999999999));
#5362=CARTESIAN_POINT('Ctrl Pts',(54.4772415666896,121.930819803345,8.19999999999999));
#5363=CARTESIAN_POINT('',(54.0658050089198,121.15763311969,8.19999999999999));
#5364=CARTESIAN_POINT('Ctrl Pts',(54.0658050089198,121.15763311969,8.19999999999999));
#5365=CARTESIAN_POINT('Ctrl Pts',(54.0692355162646,121.244661089516,8.19999999999999));
#5366=CARTESIAN_POINT('Ctrl Pts',(54.0757400558876,121.409673672537,8.19999999999999));
#5367=CARTESIAN_POINT('Ctrl Pts',(54.1423938558128,121.560534474263,8.19999999999999));
#5368=CARTESIAN_POINT('Ctrl Pts',(54.1738943069297,121.631830984223,8.19999999999999));
#5369=CARTESIAN_POINT('',(54.1904563515502,120.663386040795,8.19999999999999));
#5370=CARTESIAN_POINT('Ctrl Pts',(54.1904563515502,120.663386040795,8.19999999999999));
#5371=CARTESIAN_POINT('Ctrl Pts',(54.1541016451701,120.740591288566,8.19999999999999));
#5372=CARTESIAN_POINT('Ctrl Pts',(54.0803741663724,120.897163816168,8.19999999999999));
#5373=CARTESIAN_POINT('Ctrl Pts',(54.0707058961801,121.0700144159,8.19999999999999));
#5374=CARTESIAN_POINT('Ctrl Pts',(54.0658050089198,121.15763311969,8.19999999999999));
#5375=CARTESIAN_POINT('',(54.5347730129081,120.325171404946,8.19999999999999));
#5376=CARTESIAN_POINT('Ctrl Pts',(54.5347730129081,120.325171404946,8.19999999999999));
#5377=CARTESIAN_POINT('Ctrl Pts',(54.4653211116739,120.368153156306,8.19999999999999));
#5378=CARTESIAN_POINT('Ctrl Pts',(54.3251128536897,120.454923948413,8.19999999999999));
#5379=CARTESIAN_POINT('Ctrl Pts',(54.2356193923573,120.593469016103,8.19999999999999));
#5380=CARTESIAN_POINT('Ctrl Pts',(54.1904563515502,120.663386040795,8.19999999999999));
#5381=CARTESIAN_POINT('',(55.0420952647048,120.210980230438,8.19999999999999));
#5382=CARTESIAN_POINT('Ctrl Pts',(55.0420952647048,120.210980230438,8.19999999999999));
#5383=CARTESIAN_POINT('Ctrl Pts',(54.9505992112136,120.214948823836,8.19999999999999));
#5384=CARTESIAN_POINT('Ctrl Pts',(54.7744913286511,120.222587411001,8.19999999999999));
#5385=CARTESIAN_POINT('Ctrl Pts',(54.6125692218322,120.291879639982,8.19999999999999));
#5386=CARTESIAN_POINT('Ctrl Pts',(54.5347730129081,120.325171404946,8.19999999999999));
#5387=CARTESIAN_POINT('',(55.699347636016,120.470743232834,8.19999999999999));
#5388=CARTESIAN_POINT('Ctrl Pts',(55.699347636016,120.470743232834,8.19999999999999));
#5389=CARTESIAN_POINT('Ctrl Pts',(55.6091600656835,120.395027209388,8.19999999999999));
#5390=CARTESIAN_POINT('Ctrl Pts',(55.4196293800705,120.2359087213,8.19999999999999));
#5391=CARTESIAN_POINT('Ctrl Pts',(55.1719284826329,120.219553087976,8.19999999999999));
#5392=CARTESIAN_POINT('Ctrl Pts',(55.0420952647048,120.210980230438,8.19999999999999));
#5393=CARTESIAN_POINT('',(55.9381900041419,121.197730654347,8.19999999999999));
#5394=CARTESIAN_POINT('Ctrl Pts',(55.9381900041419,121.197730654347,8.19999999999999));
#5395=CARTESIAN_POINT('Ctrl Pts',(55.9316994906249,121.054649693706,8.19999999999999));
#5396=CARTESIAN_POINT('Ctrl Pts',(55.9196493551848,120.789008931983,8.19999999999999));
#5397=CARTESIAN_POINT('Ctrl Pts',(55.7688996600636,120.571223717708,8.19999999999999));
#5398=CARTESIAN_POINT('Ctrl Pts',(55.699347636016,120.470743232834,8.19999999999999));
#5399=CARTESIAN_POINT('',(55.8301008551437,121.853239589798,8.19999999999999));
#5400=CARTESIAN_POINT('Ctrl Pts',(55.8301008551437,121.853239589798,8.19999999999999));
#5401=CARTESIAN_POINT('Ctrl Pts',(55.8615839102944,121.754343325344,8.19999999999999));
#5402=CARTESIAN_POINT('Ctrl Pts',(55.929403681274,121.541304216722,8.19999999999999));
#5403=CARTESIAN_POINT('Ctrl Pts',(55.9351247498595,121.317591983054,8.19999999999999));
#5404=CARTESIAN_POINT('Ctrl Pts',(55.9381900041419,121.197730654347,8.19999999999999));
#5405=CARTESIAN_POINT('',(55.3593892662841,121.853239589798,8.19999999999999));
#5406=CARTESIAN_POINT('',(55.3593892662841,121.853239589798,8.19999999999999));
#5407=CARTESIAN_POINT('',(55.4587618320304,121.361607962715,8.19999999999999));
#5408=CARTESIAN_POINT('Ctrl Pts',(55.4587618320304,121.361607962715,8.19999999999999));
#5409=CARTESIAN_POINT('Ctrl Pts',(55.4547478803816,121.446736974949,8.19999999999999));
#5410=CARTESIAN_POINT('Ctrl Pts',(55.4467801283875,121.615719293702,8.19999999999999));
#5411=CARTESIAN_POINT('Ctrl Pts',(55.3883725740717,121.774465634697,8.19999999999999));
#5412=CARTESIAN_POINT('Ctrl Pts',(55.3593892662841,121.853239589798,8.19999999999999));
#5413=CARTESIAN_POINT('',(55.3933853714782,121.061747425663,8.19999999999999));
#5414=CARTESIAN_POINT('Ctrl Pts',(55.3933853714782,121.061747425663,8.19999999999999));
#5415=CARTESIAN_POINT('Ctrl Pts',(55.4124109750645,121.105003720718,8.19999999999999));
#5416=CARTESIAN_POINT('Ctrl Pts',(55.4543316575527,121.200313885381,8.19999999999999));
#5417=CARTESIAN_POINT('Ctrl Pts',(55.4571969473166,121.3046335394,8.19999999999999));
#5418=CARTESIAN_POINT('Ctrl Pts',(55.4587618320304,121.361607962715,8.19999999999999));
#5419=CARTESIAN_POINT('',(55.212946018489,120.929250770676,8.19999999999999));
#5420=CARTESIAN_POINT('Ctrl Pts',(55.212946018489,120.929250770676,8.19999999999999));
#5421=CARTESIAN_POINT('Ctrl Pts',(55.2495636897967,120.940160289872,8.19999999999999));
#5422=CARTESIAN_POINT('Ctrl Pts',(55.3253114308152,120.962727848244,8.19999999999999));
#5423=CARTESIAN_POINT('Ctrl Pts',(55.3701977948111,121.028019041195,8.19999999999999));
#5424=CARTESIAN_POINT('Ctrl Pts',(55.3933853714782,121.061747425663,8.19999999999999));
#5425=CARTESIAN_POINT('',(55.212946018489,122.032807224858,8.19999999999999));
#5426=CARTESIAN_POINT('',(54.6001494734603,120.998985820877,8.19999999999999));
#5427=CARTESIAN_POINT('',(54.8241732328254,120.925763898957,8.19999999999999));
#5428=CARTESIAN_POINT('Ctrl Pts',(54.6001494734603,120.998985820877,8.19999999999999));
#5429=CARTESIAN_POINT('Ctrl Pts',(54.6321420847992,120.980154899658,8.19999999999999));
#5430=CARTESIAN_POINT('Ctrl Pts',(54.7012970679961,120.939450124835,8.19999999999999));
#5431=CARTESIAN_POINT('Ctrl Pts',(54.7812228628927,120.930547808556,8.19999999999999));
#5432=CARTESIAN_POINT('Ctrl Pts',(54.8241732328254,120.925763898957,8.19999999999999));
#5433=CARTESIAN_POINT('',(54.5155958144981,121.154146247971,8.19999999999999));
#5434=CARTESIAN_POINT('Ctrl Pts',(54.5155958144981,121.154146247971,8.19999999999999));
#5435=CARTESIAN_POINT('Ctrl Pts',(54.5196304821619,121.124212688405,8.19999999999999));
#5436=CARTESIAN_POINT('Ctrl Pts',(54.5280223568476,121.061952620985,8.19999999999999));
#5437=CARTESIAN_POINT('Ctrl Pts',(54.5754988526409,121.020505753831,8.19999999999999));
#5438=CARTESIAN_POINT('Ctrl Pts',(54.6001494734603,120.998985820877,8.19999999999999));
#5439=CARTESIAN_POINT('',(54.8241732328254,121.375554853546,8.19999999999999));
#5440=CARTESIAN_POINT('Ctrl Pts',(54.8241732328254,121.375554853546,8.19999999999999));
#5441=CARTESIAN_POINT('Ctrl Pts',(54.734673307359,121.372217697677,8.19999999999999));
#5442=CARTESIAN_POINT('Ctrl Pts',(54.57630679932,121.366312734974,8.19999999999999));
#5443=CARTESIAN_POINT('Ctrl Pts',(54.5339952387987,121.21844665799,8.19999999999999));
#5444=CARTESIAN_POINT('Ctrl Pts',(54.5155958144981,121.154146247971,8.19999999999999));
#5445=CARTESIAN_POINT('',(54.8241732328254,120.925763898957,8.19999999999999));
#5446=CARTESIAN_POINT('Origin',(55.0734759180862,122.032807224858,8.99999999999999));
#5447=CARTESIAN_POINT('',(55.212946018489,122.032807224858,8.99999999999999));
#5448=CARTESIAN_POINT('',(54.9340058176833,122.032807224858,8.99999999999999));
#5449=CARTESIAN_POINT('Ctrl Pts',(54.4772415666896,121.930819803345,8.19999999999999));
#5450=CARTESIAN_POINT('Ctrl Pts',(54.4772415666896,121.930819803345,8.99999999999999));
#5451=CARTESIAN_POINT('Ctrl Pts',(54.5468788232253,121.960549938858,8.19999999999999));
#5452=CARTESIAN_POINT('Ctrl Pts',(54.5468788232253,121.960549938858,8.99999999999999));
#5453=CARTESIAN_POINT('Ctrl Pts',(54.6926652530751,122.022790333311,8.19999999999999));
#5454=CARTESIAN_POINT('Ctrl Pts',(54.6926652530751,122.022790333311,8.99999999999999));
#5455=CARTESIAN_POINT('Ctrl Pts',(54.8511985338583,122.029370290902,8.19999999999999));
#5456=CARTESIAN_POINT('Ctrl Pts',(54.8511985338583,122.029370290902,8.99999999999999));
#5457=CARTESIAN_POINT('Ctrl Pts',(54.9340058176833,122.032807224858,8.19999999999999));
#5458=CARTESIAN_POINT('Ctrl Pts',(54.9340058176833,122.032807224858,8.99999999999999));
#5459=CARTESIAN_POINT('',(54.4772415666896,121.930819803345,8.99999999999999));
#5460=CARTESIAN_POINT('Ctrl Pts',(54.1738943069297,121.631830984223,8.19999999999999));
#5461=CARTESIAN_POINT('Ctrl Pts',(54.1738943069297,121.631830984223,8.99999999999999));
#5462=CARTESIAN_POINT('Ctrl Pts',(54.2133821320501,121.693447918778,8.19999999999999));
#5463=CARTESIAN_POINT('Ctrl Pts',(54.2133821320501,121.693447918778,8.99999999999999));
#5464=CARTESIAN_POINT('Ctrl Pts',(54.2919417091291,121.816032545934,8.19999999999999));
#5465=CARTESIAN_POINT('Ctrl Pts',(54.2919417091291,121.816032545934,8.99999999999999));
#5466=CARTESIAN_POINT('Ctrl Pts',(54.4156934218901,121.892692722012,8.19999999999999));
#5467=CARTESIAN_POINT('Ctrl Pts',(54.4156934218901,121.892692722012,8.99999999999999));
#5468=CARTESIAN_POINT('Ctrl Pts',(54.4772415666896,121.930819803345,8.19999999999999));
#5469=CARTESIAN_POINT('Ctrl Pts',(54.4772415666896,121.930819803345,8.99999999999999));
#5470=CARTESIAN_POINT('',(54.1738943069297,121.631830984223,8.99999999999999));
#5471=CARTESIAN_POINT('Ctrl Pts',(54.0658050089198,121.15763311969,8.19999999999999));
#5472=CARTESIAN_POINT('Ctrl Pts',(54.0658050089198,121.15763311969,8.99999999999999));
#5473=CARTESIAN_POINT('Ctrl Pts',(54.0692355162646,121.244661089516,8.19999999999999));
#5474=CARTESIAN_POINT('Ctrl Pts',(54.0692355162646,121.244661089516,8.99999999999999));
#5475=CARTESIAN_POINT('Ctrl Pts',(54.0757400558876,121.409673672537,8.19999999999999));
#5476=CARTESIAN_POINT('Ctrl Pts',(54.0757400558876,121.409673672537,8.99999999999999));
#5477=CARTESIAN_POINT('Ctrl Pts',(54.1423938558128,121.560534474263,8.19999999999999));
#5478=CARTESIAN_POINT('Ctrl Pts',(54.1423938558128,121.560534474263,8.99999999999999));
#5479=CARTESIAN_POINT('Ctrl Pts',(54.1738943069297,121.631830984223,8.19999999999999));
#5480=CARTESIAN_POINT('Ctrl Pts',(54.1738943069297,121.631830984223,8.99999999999999));
#5481=CARTESIAN_POINT('',(54.0658050089198,121.15763311969,8.99999999999999));
#5482=CARTESIAN_POINT('Ctrl Pts',(54.1904563515502,120.663386040795,8.19999999999999));
#5483=CARTESIAN_POINT('Ctrl Pts',(54.1904563515502,120.663386040795,8.99999999999999));
#5484=CARTESIAN_POINT('Ctrl Pts',(54.1541016451701,120.740591288566,8.19999999999999));
#5485=CARTESIAN_POINT('Ctrl Pts',(54.1541016451701,120.740591288566,8.99999999999999));
#5486=CARTESIAN_POINT('Ctrl Pts',(54.0803741663724,120.897163816168,8.19999999999999));
#5487=CARTESIAN_POINT('Ctrl Pts',(54.0803741663724,120.897163816168,8.99999999999999));
#5488=CARTESIAN_POINT('Ctrl Pts',(54.0707058961801,121.0700144159,8.19999999999999));
#5489=CARTESIAN_POINT('Ctrl Pts',(54.0707058961801,121.0700144159,8.99999999999999));
#5490=CARTESIAN_POINT('Ctrl Pts',(54.0658050089198,121.15763311969,8.19999999999999));
#5491=CARTESIAN_POINT('Ctrl Pts',(54.0658050089198,121.15763311969,8.99999999999999));
#5492=CARTESIAN_POINT('',(54.1904563515502,120.663386040795,8.99999999999999));
#5493=CARTESIAN_POINT('Ctrl Pts',(54.5347730129081,120.325171404946,8.19999999999999));
#5494=CARTESIAN_POINT('Ctrl Pts',(54.5347730129081,120.325171404946,8.99999999999999));
#5495=CARTESIAN_POINT('Ctrl Pts',(54.4653211116739,120.368153156306,8.19999999999999));
#5496=CARTESIAN_POINT('Ctrl Pts',(54.4653211116739,120.368153156306,8.99999999999999));
#5497=CARTESIAN_POINT('Ctrl Pts',(54.3251128536897,120.454923948413,8.19999999999999));
#5498=CARTESIAN_POINT('Ctrl Pts',(54.3251128536897,120.454923948413,8.99999999999999));
#5499=CARTESIAN_POINT('Ctrl Pts',(54.2356193923573,120.593469016103,8.19999999999999));
#5500=CARTESIAN_POINT('Ctrl Pts',(54.2356193923573,120.593469016103,8.99999999999999));
#5501=CARTESIAN_POINT('Ctrl Pts',(54.1904563515502,120.663386040795,8.19999999999999));
#5502=CARTESIAN_POINT('Ctrl Pts',(54.1904563515502,120.663386040795,8.99999999999999));
#5503=CARTESIAN_POINT('',(54.5347730129081,120.325171404946,8.99999999999999));
#5504=CARTESIAN_POINT('Ctrl Pts',(55.0420952647048,120.210980230438,8.19999999999999));
#5505=CARTESIAN_POINT('Ctrl Pts',(55.0420952647048,120.210980230438,8.99999999999999));
#5506=CARTESIAN_POINT('Ctrl Pts',(54.9505992112136,120.214948823836,8.19999999999999));
#5507=CARTESIAN_POINT('Ctrl Pts',(54.9505992112136,120.214948823836,8.99999999999999));
#5508=CARTESIAN_POINT('Ctrl Pts',(54.7744913286511,120.222587411001,8.19999999999999));
#5509=CARTESIAN_POINT('Ctrl Pts',(54.7744913286511,120.222587411001,8.99999999999999));
#5510=CARTESIAN_POINT('Ctrl Pts',(54.6125692218322,120.291879639982,8.19999999999999));
#5511=CARTESIAN_POINT('Ctrl Pts',(54.6125692218322,120.291879639982,8.99999999999999));
#5512=CARTESIAN_POINT('Ctrl Pts',(54.5347730129081,120.325171404946,8.19999999999999));
#5513=CARTESIAN_POINT('Ctrl Pts',(54.5347730129081,120.325171404946,8.99999999999999));
#5514=CARTESIAN_POINT('',(55.0420952647048,120.210980230438,8.99999999999999));
#5515=CARTESIAN_POINT('Ctrl Pts',(55.699347636016,120.470743232834,8.19999999999999));
#5516=CARTESIAN_POINT('Ctrl Pts',(55.699347636016,120.470743232834,8.99999999999999));
#5517=CARTESIAN_POINT('Ctrl Pts',(55.6091600656835,120.395027209388,8.19999999999999));
#5518=CARTESIAN_POINT('Ctrl Pts',(55.6091600656835,120.395027209388,8.99999999999999));
#5519=CARTESIAN_POINT('Ctrl Pts',(55.4196293800705,120.2359087213,8.19999999999999));
#5520=CARTESIAN_POINT('Ctrl Pts',(55.4196293800705,120.2359087213,8.99999999999999));
#5521=CARTESIAN_POINT('Ctrl Pts',(55.1719284826329,120.219553087976,8.19999999999999));
#5522=CARTESIAN_POINT('Ctrl Pts',(55.1719284826329,120.219553087976,8.99999999999999));
#5523=CARTESIAN_POINT('Ctrl Pts',(55.0420952647048,120.210980230438,8.19999999999999));
#5524=CARTESIAN_POINT('Ctrl Pts',(55.0420952647048,120.210980230438,8.99999999999999));
#5525=CARTESIAN_POINT('',(55.699347636016,120.470743232834,8.99999999999999));
#5526=CARTESIAN_POINT('Ctrl Pts',(55.9381900041419,121.197730654347,8.19999999999999));
#5527=CARTESIAN_POINT('Ctrl Pts',(55.9381900041419,121.197730654347,8.99999999999999));
#5528=CARTESIAN_POINT('Ctrl Pts',(55.9316994906249,121.054649693706,8.19999999999999));
#5529=CARTESIAN_POINT('Ctrl Pts',(55.9316994906249,121.054649693706,8.99999999999999));
#5530=CARTESIAN_POINT('Ctrl Pts',(55.9196493551848,120.789008931983,8.19999999999999));
#5531=CARTESIAN_POINT('Ctrl Pts',(55.9196493551848,120.789008931983,8.99999999999999));
#5532=CARTESIAN_POINT('Ctrl Pts',(55.7688996600636,120.571223717708,8.19999999999999));
#5533=CARTESIAN_POINT('Ctrl Pts',(55.7688996600636,120.571223717708,8.99999999999999));
#5534=CARTESIAN_POINT('Ctrl Pts',(55.699347636016,120.470743232834,8.19999999999999));
#5535=CARTESIAN_POINT('Ctrl Pts',(55.699347636016,120.470743232834,8.99999999999999));
#5536=CARTESIAN_POINT('',(55.9381900041419,121.197730654347,8.99999999999999));
#5537=CARTESIAN_POINT('Ctrl Pts',(55.8301008551437,121.853239589798,8.19999999999999));
#5538=CARTESIAN_POINT('Ctrl Pts',(55.8301008551437,121.853239589798,8.99999999999999));
#5539=CARTESIAN_POINT('Ctrl Pts',(55.8615839102944,121.754343325344,8.19999999999999));
#5540=CARTESIAN_POINT('Ctrl Pts',(55.8615839102944,121.754343325344,8.99999999999999));
#5541=CARTESIAN_POINT('Ctrl Pts',(55.929403681274,121.541304216722,8.19999999999999));
#5542=CARTESIAN_POINT('Ctrl Pts',(55.929403681274,121.541304216722,8.99999999999999));
#5543=CARTESIAN_POINT('Ctrl Pts',(55.9351247498595,121.317591983054,8.19999999999999));
#5544=CARTESIAN_POINT('Ctrl Pts',(55.9351247498595,121.317591983054,8.99999999999999));
#5545=CARTESIAN_POINT('Ctrl Pts',(55.9381900041419,121.197730654347,8.19999999999999));
#5546=CARTESIAN_POINT('Ctrl Pts',(55.9381900041419,121.197730654347,8.99999999999999));
#5547=CARTESIAN_POINT('',(55.8301008551437,121.853239589798,8.99999999999999));
#5548=CARTESIAN_POINT('Origin',(55.5947450607139,121.853239589798,8.99999999999999));
#5549=CARTESIAN_POINT('',(55.3593892662841,121.853239589798,8.99999999999999));
#5550=CARTESIAN_POINT('Ctrl Pts',(55.4587618320304,121.361607962715,8.19999999999999));
#5551=CARTESIAN_POINT('Ctrl Pts',(55.4587618320304,121.361607962715,8.99999999999999));
#5552=CARTESIAN_POINT('Ctrl Pts',(55.4547478803816,121.446736974949,8.19999999999999));
#5553=CARTESIAN_POINT('Ctrl Pts',(55.4547478803816,121.446736974949,8.99999999999999));
#5554=CARTESIAN_POINT('Ctrl Pts',(55.4467801283875,121.615719293702,8.19999999999999));
#5555=CARTESIAN_POINT('Ctrl Pts',(55.4467801283875,121.615719293702,8.99999999999999));
#5556=CARTESIAN_POINT('Ctrl Pts',(55.3883725740717,121.774465634697,8.19999999999999));
#5557=CARTESIAN_POINT('Ctrl Pts',(55.3883725740717,121.774465634697,8.99999999999999));
#5558=CARTESIAN_POINT('Ctrl Pts',(55.3593892662841,121.853239589798,8.19999999999999));
#5559=CARTESIAN_POINT('Ctrl Pts',(55.3593892662841,121.853239589798,8.99999999999999));
#5560=CARTESIAN_POINT('',(55.4587618320304,121.361607962715,8.99999999999999));
#5561=CARTESIAN_POINT('Ctrl Pts',(55.3933853714782,121.061747425663,8.19999999999999));
#5562=CARTESIAN_POINT('Ctrl Pts',(55.3933853714782,121.061747425663,8.99999999999999));
#5563=CARTESIAN_POINT('Ctrl Pts',(55.4124109750645,121.105003720718,8.19999999999999));
#5564=CARTESIAN_POINT('Ctrl Pts',(55.4124109750645,121.105003720718,8.99999999999999));
#5565=CARTESIAN_POINT('Ctrl Pts',(55.4543316575527,121.200313885381,8.19999999999999));
#5566=CARTESIAN_POINT('Ctrl Pts',(55.4543316575527,121.200313885381,8.99999999999999));
#5567=CARTESIAN_POINT('Ctrl Pts',(55.4571969473166,121.3046335394,8.19999999999999));
#5568=CARTESIAN_POINT('Ctrl Pts',(55.4571969473166,121.3046335394,8.99999999999999));
#5569=CARTESIAN_POINT('Ctrl Pts',(55.4587618320304,121.361607962715,8.19999999999999));
#5570=CARTESIAN_POINT('Ctrl Pts',(55.4587618320304,121.361607962715,8.99999999999999));
#5571=CARTESIAN_POINT('',(55.3933853714782,121.061747425663,8.99999999999999));
#5572=CARTESIAN_POINT('Ctrl Pts',(55.212946018489,120.929250770676,8.19999999999999));
#5573=CARTESIAN_POINT('Ctrl Pts',(55.212946018489,120.929250770676,8.99999999999999));
#5574=CARTESIAN_POINT('Ctrl Pts',(55.2495636897967,120.940160289872,8.19999999999999));
#5575=CARTESIAN_POINT('Ctrl Pts',(55.2495636897967,120.940160289872,8.99999999999999));
#5576=CARTESIAN_POINT('Ctrl Pts',(55.3253114308152,120.962727848244,8.19999999999999));
#5577=CARTESIAN_POINT('Ctrl Pts',(55.3253114308152,120.962727848244,8.99999999999999));
#5578=CARTESIAN_POINT('Ctrl Pts',(55.3701977948111,121.028019041195,8.19999999999999));
#5579=CARTESIAN_POINT('Ctrl Pts',(55.3701977948111,121.028019041195,8.99999999999999));
#5580=CARTESIAN_POINT('Ctrl Pts',(55.3933853714782,121.061747425663,8.19999999999999));
#5581=CARTESIAN_POINT('Ctrl Pts',(55.3933853714782,121.061747425663,8.99999999999999));
#5582=CARTESIAN_POINT('',(55.212946018489,120.929250770676,8.99999999999999));
#5583=CARTESIAN_POINT('Origin',(55.212946018489,121.481028997767,8.99999999999999));
#5584=CARTESIAN_POINT('Ctrl Pts',(54.6001494734603,120.998985820877,8.19999999999999));
#5585=CARTESIAN_POINT('Ctrl Pts',(54.6001494734603,120.998985820877,8.99999999999999));
#5586=CARTESIAN_POINT('Ctrl Pts',(54.6321420847992,120.980154899658,8.19999999999999));
#5587=CARTESIAN_POINT('Ctrl Pts',(54.6321420847992,120.980154899658,8.99999999999999));
#5588=CARTESIAN_POINT('Ctrl Pts',(54.7012970679961,120.939450124835,8.19999999999999));
#5589=CARTESIAN_POINT('Ctrl Pts',(54.7012970679961,120.939450124835,8.99999999999999));
#5590=CARTESIAN_POINT('Ctrl Pts',(54.7812228628927,120.930547808556,8.19999999999999));
#5591=CARTESIAN_POINT('Ctrl Pts',(54.7812228628927,120.930547808556,8.99999999999999));
#5592=CARTESIAN_POINT('Ctrl Pts',(54.8241732328254,120.925763898957,8.19999999999999));
#5593=CARTESIAN_POINT('Ctrl Pts',(54.8241732328254,120.925763898957,8.99999999999999));
#5594=CARTESIAN_POINT('',(54.8241732328254,120.925763898957,8.99999999999999));
#5595=CARTESIAN_POINT('',(54.8241732328254,120.925763898957,8.99999999999999));
#5596=CARTESIAN_POINT('',(54.6001494734603,120.998985820877,8.99999999999999));
#5597=CARTESIAN_POINT('Ctrl Pts',(54.6001494734603,120.998985820877,8.99999999999999));
#5598=CARTESIAN_POINT('Ctrl Pts',(54.6321420847992,120.980154899658,8.99999999999999));
#5599=CARTESIAN_POINT('Ctrl Pts',(54.7012970679961,120.939450124835,8.99999999999999));
#5600=CARTESIAN_POINT('Ctrl Pts',(54.7812228628927,120.930547808556,8.99999999999999));
#5601=CARTESIAN_POINT('Ctrl Pts',(54.8241732328254,120.925763898957,8.99999999999999));
#5602=CARTESIAN_POINT('',(54.6001494734603,120.998985820877,8.99999999999999));
#5603=CARTESIAN_POINT('Ctrl Pts',(54.5155958144981,121.154146247971,8.19999999999999));
#5604=CARTESIAN_POINT('Ctrl Pts',(54.5155958144981,121.154146247971,8.99999999999999));
#5605=CARTESIAN_POINT('Ctrl Pts',(54.5196304821619,121.124212688405,8.19999999999999));
#5606=CARTESIAN_POINT('Ctrl Pts',(54.5196304821619,121.124212688405,8.99999999999999));
#5607=CARTESIAN_POINT('Ctrl Pts',(54.5280223568476,121.061952620985,8.19999999999999));
#5608=CARTESIAN_POINT('Ctrl Pts',(54.5280223568476,121.061952620985,8.99999999999999));
#5609=CARTESIAN_POINT('Ctrl Pts',(54.5754988526409,121.020505753831,8.19999999999999));
#5610=CARTESIAN_POINT('Ctrl Pts',(54.5754988526409,121.020505753831,8.99999999999999));
#5611=CARTESIAN_POINT('Ctrl Pts',(54.6001494734603,120.998985820877,8.19999999999999));
#5612=CARTESIAN_POINT('Ctrl Pts',(54.6001494734603,120.998985820877,8.99999999999999));
#5613=CARTESIAN_POINT('',(54.5155958144981,121.154146247971,8.99999999999999));
#5614=CARTESIAN_POINT('Ctrl Pts',(54.5155958144981,121.154146247971,8.99999999999999));
#5615=CARTESIAN_POINT('Ctrl Pts',(54.5196304821619,121.124212688405,8.99999999999999));
#5616=CARTESIAN_POINT('Ctrl Pts',(54.5280223568476,121.061952620985,8.99999999999999));
#5617=CARTESIAN_POINT('Ctrl Pts',(54.5754988526409,121.020505753831,8.99999999999999));
#5618=CARTESIAN_POINT('Ctrl Pts',(54.6001494734603,120.998985820877,8.99999999999999));
#5619=CARTESIAN_POINT('',(54.5155958144981,121.154146247971,8.99999999999999));
#5620=CARTESIAN_POINT('Ctrl Pts',(54.8241732328254,121.375554853546,8.19999999999999));
#5621=CARTESIAN_POINT('Ctrl Pts',(54.8241732328254,121.375554853546,8.99999999999999));
#5622=CARTESIAN_POINT('Ctrl Pts',(54.734673307359,121.372217697677,8.19999999999999));
#5623=CARTESIAN_POINT('Ctrl Pts',(54.734673307359,121.372217697677,8.99999999999999));
#5624=CARTESIAN_POINT('Ctrl Pts',(54.57630679932,121.366312734974,8.19999999999999));
#5625=CARTESIAN_POINT('Ctrl Pts',(54.57630679932,121.366312734974,8.99999999999999));
#5626=CARTESIAN_POINT('Ctrl Pts',(54.5339952387987,121.21844665799,8.19999999999999));
#5627=CARTESIAN_POINT('Ctrl Pts',(54.5339952387987,121.21844665799,8.99999999999999));
#5628=CARTESIAN_POINT('Ctrl Pts',(54.5155958144981,121.154146247971,8.19999999999999));
#5629=CARTESIAN_POINT('Ctrl Pts',(54.5155958144981,121.154146247971,8.99999999999999));
#5630=CARTESIAN_POINT('',(54.8241732328254,121.375554853546,8.99999999999999));
#5631=CARTESIAN_POINT('Ctrl Pts',(54.8241732328254,121.375554853546,8.99999999999999));
#5632=CARTESIAN_POINT('Ctrl Pts',(54.734673307359,121.372217697677,8.99999999999999));
#5633=CARTESIAN_POINT('Ctrl Pts',(54.57630679932,121.366312734974,8.99999999999999));
#5634=CARTESIAN_POINT('Ctrl Pts',(54.5339952387987,121.21844665799,8.99999999999999));
#5635=CARTESIAN_POINT('Ctrl Pts',(54.5155958144981,121.154146247971,8.99999999999999));
#5636=CARTESIAN_POINT('',(54.8241732328254,121.375554853546,8.99999999999999));
#5637=CARTESIAN_POINT('Origin',(54.8241732328254,121.150659376251,8.99999999999999));
#5638=CARTESIAN_POINT('',(54.8241732328254,108.075329688126,8.99999999999999));
#5639=CARTESIAN_POINT('Origin',(60.,95.,8.19999999999999));
#5640=CARTESIAN_POINT('',(54.9095986097175,123.957493358719,8.19999999999999));
#5641=CARTESIAN_POINT('',(55.894605597766,123.957493358719,8.19999999999999));
#5642=CARTESIAN_POINT('',(54.9095986097175,123.957493358719,8.19999999999999));
#5643=CARTESIAN_POINT('',(54.2601914017516,123.752647095787,8.19999999999999));
#5644=CARTESIAN_POINT('Ctrl Pts',(54.2601914017516,123.752647095787,8.19999999999999));
#5645=CARTESIAN_POINT('Ctrl Pts',(54.3438492056934,123.812131708065,8.19999999999999));
#5646=CARTESIAN_POINT('Ctrl Pts',(54.5365731169776,123.949167424988,8.19999999999999));
#5647=CARTESIAN_POINT('Ctrl Pts',(54.7747881921372,123.954484388488,8.19999999999999));
#5648=CARTESIAN_POINT('Ctrl Pts',(54.9095986097175,123.957493358719,8.19999999999999));
#5649=CARTESIAN_POINT('',(54.0658050089198,123.092779570687,8.19999999999999));
#5650=CARTESIAN_POINT('Ctrl Pts',(54.0658050089198,123.092779570687,8.19999999999999));
#5651=CARTESIAN_POINT('Ctrl Pts',(54.0687543504611,123.22786669702,8.19999999999999));
#5652=CARTESIAN_POINT('Ctrl Pts',(54.0739749665843,123.466983808381,8.19999999999999));
#5653=CARTESIAN_POINT('Ctrl Pts',(54.2037372071328,123.66604415546,8.19999999999999));
#5654=CARTESIAN_POINT('Ctrl Pts',(54.2601914017516,123.752647095787,8.19999999999999));
#5655=CARTESIAN_POINT('',(54.105902692588,122.719697409737,8.19999999999999));
#5656=CARTESIAN_POINT('Ctrl Pts',(54.105902692588,122.719697409737,8.19999999999999));
#5657=CARTESIAN_POINT('Ctrl Pts',(54.0942363940393,122.786937971242,8.19999999999999));
#5658=CARTESIAN_POINT('Ctrl Pts',(54.0728045157299,122.910464000138,8.19999999999999));
#5659=CARTESIAN_POINT('Ctrl Pts',(54.0679960285178,123.035710265815,8.19999999999999));
#5660=CARTESIAN_POINT('Ctrl Pts',(54.0658050089198,123.092779570687,8.19999999999999));
#5661=CARTESIAN_POINT('',(54.2087618320304,122.357074969876,8.19999999999999));
#5662=CARTESIAN_POINT('Ctrl Pts',(54.2087618320304,122.357074969876,8.19999999999999));
#5663=CARTESIAN_POINT('Ctrl Pts',(54.1883192725061,122.411002875613,8.19999999999999));
#5664=CARTESIAN_POINT('Ctrl Pts',(54.1436372838271,122.528874909729,8.19999999999999));
#5665=CARTESIAN_POINT('Ctrl Pts',(54.1191738204865,122.652585782967,8.19999999999999));
#5666=CARTESIAN_POINT('Ctrl Pts',(54.105902692588,122.719697409737,8.19999999999999));
#5667=CARTESIAN_POINT('',(54.6916765778381,122.357074969876,8.19999999999999));
#5668=CARTESIAN_POINT('',(54.6916765778381,122.357074969876,8.19999999999999));
#5669=CARTESIAN_POINT('',(54.5208259730655,122.989920431244,8.19999999999999));
#5670=CARTESIAN_POINT('Ctrl Pts',(54.5208259730655,122.989920431244,8.19999999999999));
#5671=CARTESIAN_POINT('Ctrl Pts',(54.5294494076619,122.885732268471,8.19999999999999));
#5672=CARTESIAN_POINT('Ctrl Pts',(54.547749231042,122.664634171685,8.19999999999999));
#5673=CARTESIAN_POINT('Ctrl Pts',(54.6418951079221,122.463453288472,8.19999999999999));
#5674=CARTESIAN_POINT('Ctrl Pts',(54.6916765778381,122.357074969876,8.19999999999999));
#5675=CARTESIAN_POINT('',(54.5766139834243,123.200868421662,8.19999999999999));
#5676=CARTESIAN_POINT('Ctrl Pts',(54.5766139834243,123.200868421662,8.19999999999999));
#5677=CARTESIAN_POINT('Ctrl Pts',(54.5603733694688,123.170853448151,8.19999999999999));
#5678=CARTESIAN_POINT('Ctrl Pts',(54.5248756248335,123.105248547509,8.19999999999999));
#5679=CARTESIAN_POINT('Ctrl Pts',(54.522250223835,123.030480994905,8.19999999999999));
#5680=CARTESIAN_POINT('Ctrl Pts',(54.5208259730655,122.989920431244,8.19999999999999));
#5681=CARTESIAN_POINT('',(54.7195706575233,123.279320651161,8.19999999999999));
#5682=CARTESIAN_POINT('Ctrl Pts',(54.7195706575233,123.279320651161,8.19999999999999));
#5683=CARTESIAN_POINT('Ctrl Pts',(54.6915662383619,123.275683568606,8.19999999999999));
#5684=CARTESIAN_POINT('Ctrl Pts',(54.6338590471671,123.268188829394,8.19999999999999));
#5685=CARTESIAN_POINT('Ctrl Pts',(54.5960664235763,123.223744563582,8.19999999999999));
#5686=CARTESIAN_POINT('Ctrl Pts',(54.5766139834243,123.200868421662,8.19999999999999));
#5687=CARTESIAN_POINT('',(54.7771019547302,122.83650344001,8.19999999999999));
#5688=CARTESIAN_POINT('',(54.7771019547302,122.83650344001,8.19999999999999));
#5689=CARTESIAN_POINT('',(55.3872833459693,122.189711087811,8.19999999999999));
#5690=CARTESIAN_POINT('Ctrl Pts',(55.3872833459693,122.189711087811,8.19999999999999));
#5691=CARTESIAN_POINT('Ctrl Pts',(55.2295075242381,122.224235757624,8.19999999999999));
#5692=CARTESIAN_POINT('Ctrl Pts',(54.886914729905,122.299202270077,8.19999999999999));
#5693=CARTESIAN_POINT('Ctrl Pts',(54.8155829725899,122.648220283671,8.19999999999999));
#5694=CARTESIAN_POINT('Ctrl Pts',(54.7771019547302,122.83650344001,8.19999999999999));
#5695=CARTESIAN_POINT('',(55.7882595866042,122.33266776191,8.19999999999999));
#5696=CARTESIAN_POINT('Ctrl Pts',(55.7882595866042,122.33266776191,8.19999999999999));
#5697=CARTESIAN_POINT('Ctrl Pts',(55.7320397779775,122.291004328745,8.19999999999999));
#5698=CARTESIAN_POINT('Ctrl Pts',(55.6132594359315,122.202978471614,8.19999999999999));
#5699=CARTESIAN_POINT('Ctrl Pts',(55.4652425192211,122.194288183877,8.19999999999999));
#5700=CARTESIAN_POINT('Ctrl Pts',(55.3872833459693,122.189711087811,8.19999999999999));
#5701=CARTESIAN_POINT('',(55.9381900041419,122.728413992989,8.19999999999999));
#5702=CARTESIAN_POINT('Ctrl Pts',(55.9381900041419,122.728413992989,8.19999999999999));
#5703=CARTESIAN_POINT('Ctrl Pts',(55.9334688506211,122.650252428001,8.19999999999999));
#5704=CARTESIAN_POINT('Ctrl Pts',(55.9245278781047,122.502229195688,8.19999999999999));
#5705=CARTESIAN_POINT('Ctrl Pts',(55.8319520593898,122.387035203148,8.19999999999999));
#5706=CARTESIAN_POINT('Ctrl Pts',(55.7882595866042,122.33266776191,8.19999999999999));
#5707=CARTESIAN_POINT('',(55.6226391403991,123.272346907723,8.19999999999999));
#5708=CARTESIAN_POINT('Ctrl Pts',(55.6226391403991,123.272346907723,8.19999999999999));
#5709=CARTESIAN_POINT('Ctrl Pts',(55.7146745587167,123.20502629818,8.19999999999999));
#5710=CARTESIAN_POINT('Ctrl Pts',(55.899357008523,123.069937705984,8.19999999999999));
#5711=CARTESIAN_POINT('Ctrl Pts',(55.925217125272,122.842506292315,8.19999999999999));
#5712=CARTESIAN_POINT('Ctrl Pts',(55.9381900041419,122.728413992989,8.19999999999999));
#5713=CARTESIAN_POINT('',(55.6226391403991,123.279320651161,8.19999999999999));
#5714=CARTESIAN_POINT('',(55.6226391403991,123.279320651161,8.19999999999999));
#5715=CARTESIAN_POINT('',(55.894605597766,123.279320651161,8.19999999999999));
#5716=CARTESIAN_POINT('',(55.894605597766,123.279320651161,8.19999999999999));
#5717=CARTESIAN_POINT('',(55.894605597766,123.957493358719,8.19999999999999));
#5718=CARTESIAN_POINT('',(55.0769627898055,123.279320651161,8.19999999999999));
#5719=CARTESIAN_POINT('',(55.1118303149062,123.028274828064,8.19999999999999));
#5720=CARTESIAN_POINT('',(55.0769627898055,123.279320651161,8.19999999999999));
#5721=CARTESIAN_POINT('',(55.1449544041473,123.279320651161,8.19999999999999));
#5722=CARTESIAN_POINT('',(55.1449544041473,123.279320651161,8.19999999999999));
#5723=CARTESIAN_POINT('',(55.3681064455825,123.206970745194,8.19999999999999));
#5724=CARTESIAN_POINT('Ctrl Pts',(55.3681064455825,123.206970745194,8.19999999999999));
#5725=CARTESIAN_POINT('Ctrl Pts',(55.3359848007174,123.228058476126,8.19999999999999));
#5726=CARTESIAN_POINT('Ctrl Pts',(55.268373297886,123.272445156372,8.19999999999999));
#5727=CARTESIAN_POINT('Ctrl Pts',(55.1874380239099,123.276953947835,8.19999999999999));
#5728=CARTESIAN_POINT('Ctrl Pts',(55.1449544041473,123.279320651161,8.19999999999999));
#5729=CARTESIAN_POINT('',(55.4552749603111,123.017814212906,8.19999999999999));
#5730=CARTESIAN_POINT('Ctrl Pts',(55.4552749603111,123.017814212906,8.19999999999999));
#5731=CARTESIAN_POINT('Ctrl Pts',(55.4517733653284,123.054788248563,8.19999999999999));
#5732=CARTESIAN_POINT('Ctrl Pts',(55.4448316529644,123.128087165697,8.19999999999999));
#5733=CARTESIAN_POINT('Ctrl Pts',(55.393530068005,123.180831925777,8.19999999999999));
#5734=CARTESIAN_POINT('Ctrl Pts',(55.3681064455825,123.206970745194,8.19999999999999));
#5735=CARTESIAN_POINT('',(55.408203980239,122.886189275849,8.19999999999999));
#5736=CARTESIAN_POINT('Ctrl Pts',(55.408203980239,122.886189275849,8.19999999999999));
#5737=CARTESIAN_POINT('Ctrl Pts',(55.4219138751408,122.904130444353,8.19999999999999));
#5738=CARTESIAN_POINT('Ctrl Pts',(55.4514718013863,122.942810809098,8.19999999999999));
#5739=CARTESIAN_POINT('Ctrl Pts',(55.453947544592,122.991635791449,8.19999999999999));
#5740=CARTESIAN_POINT('Ctrl Pts',(55.4552749603111,123.017814212906,8.19999999999999));
#5741=CARTESIAN_POINT('',(55.2879110782462,122.839989715683,8.19999999999999));
#5742=CARTESIAN_POINT('Ctrl Pts',(55.2879110782462,122.839989715683,8.19999999999999));
#5743=CARTESIAN_POINT('Ctrl Pts',(55.3109835202993,122.841679416948,8.19999999999999));
#5744=CARTESIAN_POINT('Ctrl Pts',(55.3558176558035,122.844962827316,8.19999999999999));
#5745=CARTESIAN_POINT('Ctrl Pts',(55.3910855637965,122.872717601284,8.19999999999999));
#5746=CARTESIAN_POINT('Ctrl Pts',(55.408203980239,122.886189275849,8.19999999999999));
#5747=CARTESIAN_POINT('Ctrl Pts',(55.1118303149062,123.028274828064,8.19999999999999));
#5748=CARTESIAN_POINT('Ctrl Pts',(55.1241808827901,122.97353141197,8.19999999999999));
#5749=CARTESIAN_POINT('Ctrl Pts',(55.146643482725,122.873966803575,8.19999999999999));
#5750=CARTESIAN_POINT('Ctrl Pts',(55.2440578597569,122.850537107344,8.19999999999999));
#5751=CARTESIAN_POINT('Ctrl Pts',(55.2879110782462,122.839989715683,8.19999999999999));
#5752=CARTESIAN_POINT('Origin',(55.4021021037418,123.957493358719,8.99999999999999));
#5753=CARTESIAN_POINT('',(55.894605597766,123.957493358719,8.99999999999999));
#5754=CARTESIAN_POINT('',(54.9095986097175,123.957493358719,8.99999999999999));
#5755=CARTESIAN_POINT('Ctrl Pts',(54.2601914017516,123.752647095787,8.19999999999999));
#5756=CARTESIAN_POINT('Ctrl Pts',(54.2601914017516,123.752647095787,8.99999999999999));
#5757=CARTESIAN_POINT('Ctrl Pts',(54.3438492056934,123.812131708065,8.19999999999999));
#5758=CARTESIAN_POINT('Ctrl Pts',(54.3438492056934,123.812131708065,8.99999999999999));
#5759=CARTESIAN_POINT('Ctrl Pts',(54.5365731169776,123.949167424988,8.19999999999999));
#5760=CARTESIAN_POINT('Ctrl Pts',(54.5365731169776,123.949167424988,8.99999999999999));
#5761=CARTESIAN_POINT('Ctrl Pts',(54.7747881921372,123.954484388488,8.19999999999999));
#5762=CARTESIAN_POINT('Ctrl Pts',(54.7747881921372,123.954484388488,8.99999999999999));
#5763=CARTESIAN_POINT('Ctrl Pts',(54.9095986097175,123.957493358719,8.19999999999999));
#5764=CARTESIAN_POINT('Ctrl Pts',(54.9095986097175,123.957493358719,8.99999999999999));
#5765=CARTESIAN_POINT('',(54.2601914017516,123.752647095787,8.99999999999999));
#5766=CARTESIAN_POINT('Ctrl Pts',(54.0658050089198,123.092779570687,8.19999999999999));
#5767=CARTESIAN_POINT('Ctrl Pts',(54.0658050089198,123.092779570687,8.99999999999999));
#5768=CARTESIAN_POINT('Ctrl Pts',(54.0687543504611,123.22786669702,8.19999999999999));
#5769=CARTESIAN_POINT('Ctrl Pts',(54.0687543504611,123.22786669702,8.99999999999999));
#5770=CARTESIAN_POINT('Ctrl Pts',(54.0739749665843,123.466983808381,8.19999999999999));
#5771=CARTESIAN_POINT('Ctrl Pts',(54.0739749665843,123.466983808381,8.99999999999999));
#5772=CARTESIAN_POINT('Ctrl Pts',(54.2037372071328,123.66604415546,8.19999999999999));
#5773=CARTESIAN_POINT('Ctrl Pts',(54.2037372071328,123.66604415546,8.99999999999999));
#5774=CARTESIAN_POINT('Ctrl Pts',(54.2601914017516,123.752647095787,8.19999999999999));
#5775=CARTESIAN_POINT('Ctrl Pts',(54.2601914017516,123.752647095787,8.99999999999999));
#5776=CARTESIAN_POINT('',(54.0658050089198,123.092779570687,8.99999999999999));
#5777=CARTESIAN_POINT('Ctrl Pts',(54.105902692588,122.719697409737,8.19999999999999));
#5778=CARTESIAN_POINT('Ctrl Pts',(54.105902692588,122.719697409737,8.99999999999999));
#5779=CARTESIAN_POINT('Ctrl Pts',(54.0942363940393,122.786937971242,8.19999999999999));
#5780=CARTESIAN_POINT('Ctrl Pts',(54.0942363940393,122.786937971242,8.99999999999999));
#5781=CARTESIAN_POINT('Ctrl Pts',(54.0728045157299,122.910464000138,8.19999999999999));
#5782=CARTESIAN_POINT('Ctrl Pts',(54.0728045157299,122.910464000138,8.99999999999999));
#5783=CARTESIAN_POINT('Ctrl Pts',(54.0679960285178,123.035710265815,8.19999999999999));
#5784=CARTESIAN_POINT('Ctrl Pts',(54.0679960285178,123.035710265815,8.99999999999999));
#5785=CARTESIAN_POINT('Ctrl Pts',(54.0658050089198,123.092779570687,8.19999999999999));
#5786=CARTESIAN_POINT('Ctrl Pts',(54.0658050089198,123.092779570687,8.99999999999999));
#5787=CARTESIAN_POINT('',(54.105902692588,122.719697409737,8.99999999999999));
#5788=CARTESIAN_POINT('Ctrl Pts',(54.2087618320304,122.357074969876,8.19999999999999));
#5789=CARTESIAN_POINT('Ctrl Pts',(54.2087618320304,122.357074969876,8.99999999999999));
#5790=CARTESIAN_POINT('Ctrl Pts',(54.1883192725061,122.411002875613,8.19999999999999));
#5791=CARTESIAN_POINT('Ctrl Pts',(54.1883192725061,122.411002875613,8.99999999999999));
#5792=CARTESIAN_POINT('Ctrl Pts',(54.1436372838271,122.528874909729,8.19999999999999));
#5793=CARTESIAN_POINT('Ctrl Pts',(54.1436372838271,122.528874909729,8.99999999999999));
#5794=CARTESIAN_POINT('Ctrl Pts',(54.1191738204865,122.652585782967,8.19999999999999));
#5795=CARTESIAN_POINT('Ctrl Pts',(54.1191738204865,122.652585782967,8.99999999999999));
#5796=CARTESIAN_POINT('Ctrl Pts',(54.105902692588,122.719697409737,8.19999999999999));
#5797=CARTESIAN_POINT('Ctrl Pts',(54.105902692588,122.719697409737,8.99999999999999));
#5798=CARTESIAN_POINT('',(54.2087618320304,122.357074969876,8.99999999999999));
#5799=CARTESIAN_POINT('Origin',(54.4502192049342,122.357074969876,8.99999999999999));
#5800=CARTESIAN_POINT('',(54.6916765778381,122.357074969876,8.99999999999999));
#5801=CARTESIAN_POINT('Ctrl Pts',(54.5208259730655,122.989920431244,8.19999999999999));
#5802=CARTESIAN_POINT('Ctrl Pts',(54.5208259730655,122.989920431244,8.99999999999999));
#5803=CARTESIAN_POINT('Ctrl Pts',(54.5294494076619,122.885732268471,8.19999999999999));
#5804=CARTESIAN_POINT('Ctrl Pts',(54.5294494076619,122.885732268471,8.99999999999999));
#5805=CARTESIAN_POINT('Ctrl Pts',(54.547749231042,122.664634171685,8.19999999999999));
#5806=CARTESIAN_POINT('Ctrl Pts',(54.547749231042,122.664634171685,8.99999999999999));
#5807=CARTESIAN_POINT('Ctrl Pts',(54.6418951079221,122.463453288472,8.19999999999999));
#5808=CARTESIAN_POINT('Ctrl Pts',(54.6418951079221,122.463453288472,8.99999999999999));
#5809=CARTESIAN_POINT('Ctrl Pts',(54.6916765778381,122.357074969876,8.19999999999999));
#5810=CARTESIAN_POINT('Ctrl Pts',(54.6916765778381,122.357074969876,8.99999999999999));
#5811=CARTESIAN_POINT('',(54.5208259730655,122.989920431244,8.99999999999999));
#5812=CARTESIAN_POINT('Ctrl Pts',(54.5766139834243,123.200868421662,8.19999999999999));
#5813=CARTESIAN_POINT('Ctrl Pts',(54.5766139834243,123.200868421662,8.99999999999999));
#5814=CARTESIAN_POINT('Ctrl Pts',(54.5603733694688,123.170853448151,8.19999999999999));
#5815=CARTESIAN_POINT('Ctrl Pts',(54.5603733694688,123.170853448151,8.99999999999999));
#5816=CARTESIAN_POINT('Ctrl Pts',(54.5248756248335,123.105248547509,8.19999999999999));
#5817=CARTESIAN_POINT('Ctrl Pts',(54.5248756248335,123.105248547509,8.99999999999999));
#5818=CARTESIAN_POINT('Ctrl Pts',(54.522250223835,123.030480994905,8.19999999999999));
#5819=CARTESIAN_POINT('Ctrl Pts',(54.522250223835,123.030480994905,8.99999999999999));
#5820=CARTESIAN_POINT('Ctrl Pts',(54.5208259730655,122.989920431244,8.19999999999999));
#5821=CARTESIAN_POINT('Ctrl Pts',(54.5208259730655,122.989920431244,8.99999999999999));
#5822=CARTESIAN_POINT('',(54.5766139834243,123.200868421662,8.99999999999999));
#5823=CARTESIAN_POINT('Ctrl Pts',(54.7195706575233,123.279320651161,8.19999999999999));
#5824=CARTESIAN_POINT('Ctrl Pts',(54.7195706575233,123.279320651161,8.99999999999999));
#5825=CARTESIAN_POINT('Ctrl Pts',(54.6915662383619,123.275683568606,8.19999999999999));
#5826=CARTESIAN_POINT('Ctrl Pts',(54.6915662383619,123.275683568606,8.99999999999999));
#5827=CARTESIAN_POINT('Ctrl Pts',(54.6338590471671,123.268188829394,8.19999999999999));
#5828=CARTESIAN_POINT('Ctrl Pts',(54.6338590471671,123.268188829394,8.99999999999999));
#5829=CARTESIAN_POINT('Ctrl Pts',(54.5960664235763,123.223744563582,8.19999999999999));
#5830=CARTESIAN_POINT('Ctrl Pts',(54.5960664235763,123.223744563582,8.99999999999999));
#5831=CARTESIAN_POINT('Ctrl Pts',(54.5766139834243,123.200868421662,8.19999999999999));
#5832=CARTESIAN_POINT('Ctrl Pts',(54.5766139834243,123.200868421662,8.99999999999999));
#5833=CARTESIAN_POINT('',(54.7195706575233,123.279320651161,8.99999999999999));
#5834=CARTESIAN_POINT('Origin',(54.7483363061267,123.057912045586,8.99999999999999));
#5835=CARTESIAN_POINT('',(54.7771019547302,122.83650344001,8.99999999999999));
#5836=CARTESIAN_POINT('Ctrl Pts',(55.3872833459693,122.189711087811,8.19999999999999));
#5837=CARTESIAN_POINT('Ctrl Pts',(55.3872833459693,122.189711087811,8.99999999999999));
#5838=CARTESIAN_POINT('Ctrl Pts',(55.2295075242381,122.224235757624,8.19999999999999));
#5839=CARTESIAN_POINT('Ctrl Pts',(55.2295075242381,122.224235757624,8.99999999999999));
#5840=CARTESIAN_POINT('Ctrl Pts',(54.886914729905,122.299202270077,8.19999999999999));
#5841=CARTESIAN_POINT('Ctrl Pts',(54.886914729905,122.299202270077,8.99999999999999));
#5842=CARTESIAN_POINT('Ctrl Pts',(54.8155829725899,122.648220283671,8.19999999999999));
#5843=CARTESIAN_POINT('Ctrl Pts',(54.8155829725899,122.648220283671,8.99999999999999));
#5844=CARTESIAN_POINT('Ctrl Pts',(54.7771019547302,122.83650344001,8.19999999999999));
#5845=CARTESIAN_POINT('Ctrl Pts',(54.7771019547302,122.83650344001,8.99999999999999));
#5846=CARTESIAN_POINT('',(55.3872833459693,122.189711087811,8.99999999999999));
#5847=CARTESIAN_POINT('Ctrl Pts',(55.7882595866042,122.33266776191,8.19999999999999));
#5848=CARTESIAN_POINT('Ctrl Pts',(55.7882595866042,122.33266776191,8.99999999999999));
#5849=CARTESIAN_POINT('Ctrl Pts',(55.7320397779775,122.291004328745,8.19999999999999));
#5850=CARTESIAN_POINT('Ctrl Pts',(55.7320397779775,122.291004328745,8.99999999999999));
#5851=CARTESIAN_POINT('Ctrl Pts',(55.6132594359315,122.202978471614,8.19999999999999));
#5852=CARTESIAN_POINT('Ctrl Pts',(55.6132594359315,122.202978471614,8.99999999999999));
#5853=CARTESIAN_POINT('Ctrl Pts',(55.4652425192211,122.194288183877,8.19999999999999));
#5854=CARTESIAN_POINT('Ctrl Pts',(55.4652425192211,122.194288183877,8.99999999999999));
#5855=CARTESIAN_POINT('Ctrl Pts',(55.3872833459693,122.189711087811,8.19999999999999));
#5856=CARTESIAN_POINT('Ctrl Pts',(55.3872833459693,122.189711087811,8.99999999999999));
#5857=CARTESIAN_POINT('',(55.7882595866042,122.33266776191,8.99999999999999));
#5858=CARTESIAN_POINT('Ctrl Pts',(55.9381900041419,122.728413992989,8.19999999999999));
#5859=CARTESIAN_POINT('Ctrl Pts',(55.9381900041419,122.728413992989,8.99999999999999));
#5860=CARTESIAN_POINT('Ctrl Pts',(55.9334688506211,122.650252428001,8.19999999999999));
#5861=CARTESIAN_POINT('Ctrl Pts',(55.9334688506211,122.650252428001,8.99999999999999));
#5862=CARTESIAN_POINT('Ctrl Pts',(55.9245278781047,122.502229195688,8.19999999999999));
#5863=CARTESIAN_POINT('Ctrl Pts',(55.9245278781047,122.502229195688,8.99999999999999));
#5864=CARTESIAN_POINT('Ctrl Pts',(55.8319520593898,122.387035203148,8.19999999999999));
#5865=CARTESIAN_POINT('Ctrl Pts',(55.8319520593898,122.387035203148,8.99999999999999));
#5866=CARTESIAN_POINT('Ctrl Pts',(55.7882595866042,122.33266776191,8.19999999999999));
#5867=CARTESIAN_POINT('Ctrl Pts',(55.7882595866042,122.33266776191,8.99999999999999));
#5868=CARTESIAN_POINT('',(55.9381900041419,122.728413992989,8.99999999999999));
#5869=CARTESIAN_POINT('Ctrl Pts',(55.6226391403991,123.272346907723,8.19999999999999));
#5870=CARTESIAN_POINT('Ctrl Pts',(55.6226391403991,123.272346907723,8.99999999999999));
#5871=CARTESIAN_POINT('Ctrl Pts',(55.7146745587167,123.20502629818,8.19999999999999));
#5872=CARTESIAN_POINT('Ctrl Pts',(55.7146745587167,123.20502629818,8.99999999999999));
#5873=CARTESIAN_POINT('Ctrl Pts',(55.899357008523,123.069937705984,8.19999999999999));
#5874=CARTESIAN_POINT('Ctrl Pts',(55.899357008523,123.069937705984,8.99999999999999));
#5875=CARTESIAN_POINT('Ctrl Pts',(55.925217125272,122.842506292315,8.19999999999999));
#5876=CARTESIAN_POINT('Ctrl Pts',(55.925217125272,122.842506292315,8.99999999999999));
#5877=CARTESIAN_POINT('Ctrl Pts',(55.9381900041419,122.728413992989,8.19999999999999));
#5878=CARTESIAN_POINT('Ctrl Pts',(55.9381900041419,122.728413992989,8.99999999999999));
#5879=CARTESIAN_POINT('',(55.6226391403991,123.272346907723,8.99999999999999));
#5880=CARTESIAN_POINT('Origin',(55.6226391403991,123.275833779442,8.99999999999999));
#5881=CARTESIAN_POINT('',(55.6226391403991,123.279320651161,8.99999999999999));
#5882=CARTESIAN_POINT('Origin',(55.7586223690826,123.279320651161,8.99999999999999));
#5883=CARTESIAN_POINT('',(55.894605597766,123.279320651161,8.99999999999999));
#5884=CARTESIAN_POINT('Origin',(55.894605597766,123.61840700494,8.99999999999999));
#5885=CARTESIAN_POINT('Origin',(55.0943965523559,123.153797739613,8.99999999999999));
#5886=CARTESIAN_POINT('',(55.1118303149062,123.028274828064,8.99999999999999));
#5887=CARTESIAN_POINT('',(55.1118303149062,123.028274828064,8.99999999999999));
#5888=CARTESIAN_POINT('',(55.0769627898055,123.279320651161,8.99999999999999));
#5889=CARTESIAN_POINT('',(57.0589427174034,109.009085501151,8.99999999999999));
#5890=CARTESIAN_POINT('',(55.0769627898055,123.279320651161,8.99999999999999));
#5891=CARTESIAN_POINT('Origin',(55.1109585969764,123.279320651161,8.99999999999999));
#5892=CARTESIAN_POINT('',(55.1449544041473,123.279320651161,8.99999999999999));
#5893=CARTESIAN_POINT('',(57.5554792984882,123.279320651161,8.99999999999999));
#5894=CARTESIAN_POINT('',(55.1449544041473,123.279320651161,8.99999999999999));
#5895=CARTESIAN_POINT('Ctrl Pts',(55.3681064455825,123.206970745194,8.19999999999999));
#5896=CARTESIAN_POINT('Ctrl Pts',(55.3681064455825,123.206970745194,8.99999999999999));
#5897=CARTESIAN_POINT('Ctrl Pts',(55.3359848007174,123.228058476126,8.19999999999999));
#5898=CARTESIAN_POINT('Ctrl Pts',(55.3359848007174,123.228058476126,8.99999999999999));
#5899=CARTESIAN_POINT('Ctrl Pts',(55.268373297886,123.272445156372,8.19999999999999));
#5900=CARTESIAN_POINT('Ctrl Pts',(55.268373297886,123.272445156372,8.99999999999999));
#5901=CARTESIAN_POINT('Ctrl Pts',(55.1874380239099,123.276953947835,8.19999999999999));
#5902=CARTESIAN_POINT('Ctrl Pts',(55.1874380239099,123.276953947835,8.99999999999999));
#5903=CARTESIAN_POINT('Ctrl Pts',(55.1449544041473,123.279320651161,8.19999999999999));
#5904=CARTESIAN_POINT('Ctrl Pts',(55.1449544041473,123.279320651161,8.99999999999999));
#5905=CARTESIAN_POINT('',(55.3681064455825,123.206970745194,8.99999999999999));
#5906=CARTESIAN_POINT('Ctrl Pts',(55.3681064455825,123.206970745194,8.99999999999999));
#5907=CARTESIAN_POINT('Ctrl Pts',(55.3359848007174,123.228058476126,8.99999999999999));
#5908=CARTESIAN_POINT('Ctrl Pts',(55.268373297886,123.272445156372,8.99999999999999));
#5909=CARTESIAN_POINT('Ctrl Pts',(55.1874380239099,123.276953947835,8.99999999999999));
#5910=CARTESIAN_POINT('Ctrl Pts',(55.1449544041473,123.279320651161,8.99999999999999));
#5911=CARTESIAN_POINT('',(55.3681064455825,123.206970745194,8.99999999999999));
#5912=CARTESIAN_POINT('Ctrl Pts',(55.4552749603111,123.017814212906,8.19999999999999));
#5913=CARTESIAN_POINT('Ctrl Pts',(55.4552749603111,123.017814212906,8.99999999999999));
#5914=CARTESIAN_POINT('Ctrl Pts',(55.4517733653284,123.054788248563,8.19999999999999));
#5915=CARTESIAN_POINT('Ctrl Pts',(55.4517733653284,123.054788248563,8.99999999999999));
#5916=CARTESIAN_POINT('Ctrl Pts',(55.4448316529644,123.128087165697,8.19999999999999));
#5917=CARTESIAN_POINT('Ctrl Pts',(55.4448316529644,123.128087165697,8.99999999999999));
#5918=CARTESIAN_POINT('Ctrl Pts',(55.393530068005,123.180831925777,8.19999999999999));
#5919=CARTESIAN_POINT('Ctrl Pts',(55.393530068005,123.180831925777,8.99999999999999));
#5920=CARTESIAN_POINT('Ctrl Pts',(55.3681064455825,123.206970745194,8.19999999999999));
#5921=CARTESIAN_POINT('Ctrl Pts',(55.3681064455825,123.206970745194,8.99999999999999));
#5922=CARTESIAN_POINT('',(55.4552749603111,123.017814212906,8.99999999999999));
#5923=CARTESIAN_POINT('Ctrl Pts',(55.4552749603111,123.017814212906,8.99999999999999));
#5924=CARTESIAN_POINT('Ctrl Pts',(55.4517733653284,123.054788248563,8.99999999999999));
#5925=CARTESIAN_POINT('Ctrl Pts',(55.4448316529644,123.128087165697,8.99999999999999));
#5926=CARTESIAN_POINT('Ctrl Pts',(55.393530068005,123.180831925777,8.99999999999999));
#5927=CARTESIAN_POINT('Ctrl Pts',(55.3681064455825,123.206970745194,8.99999999999999));
#5928=CARTESIAN_POINT('',(55.4552749603111,123.017814212906,8.99999999999999));
#5929=CARTESIAN_POINT('Ctrl Pts',(55.408203980239,122.886189275849,8.19999999999999));
#5930=CARTESIAN_POINT('Ctrl Pts',(55.408203980239,122.886189275849,8.99999999999999));
#5931=CARTESIAN_POINT('Ctrl Pts',(55.4219138751408,122.904130444353,8.19999999999999));
#5932=CARTESIAN_POINT('Ctrl Pts',(55.4219138751408,122.904130444353,8.99999999999999));
#5933=CARTESIAN_POINT('Ctrl Pts',(55.4514718013863,122.942810809098,8.19999999999999));
#5934=CARTESIAN_POINT('Ctrl Pts',(55.4514718013863,122.942810809098,8.99999999999999));
#5935=CARTESIAN_POINT('Ctrl Pts',(55.453947544592,122.991635791449,8.19999999999999));
#5936=CARTESIAN_POINT('Ctrl Pts',(55.453947544592,122.991635791449,8.99999999999999));
#5937=CARTESIAN_POINT('Ctrl Pts',(55.4552749603111,123.017814212906,8.19999999999999));
#5938=CARTESIAN_POINT('Ctrl Pts',(55.4552749603111,123.017814212906,8.99999999999999));
#5939=CARTESIAN_POINT('',(55.408203980239,122.886189275849,8.99999999999999));
#5940=CARTESIAN_POINT('Ctrl Pts',(55.408203980239,122.886189275849,8.99999999999999));
#5941=CARTESIAN_POINT('Ctrl Pts',(55.4219138751408,122.904130444353,8.99999999999999));
#5942=CARTESIAN_POINT('Ctrl Pts',(55.4514718013863,122.942810809098,8.99999999999999));
#5943=CARTESIAN_POINT('Ctrl Pts',(55.453947544592,122.991635791449,8.99999999999999));
#5944=CARTESIAN_POINT('Ctrl Pts',(55.4552749603111,123.017814212906,8.99999999999999));
#5945=CARTESIAN_POINT('',(55.408203980239,122.886189275849,8.99999999999999));
#5946=CARTESIAN_POINT('Ctrl Pts',(55.2879110782462,122.839989715683,8.19999999999999));
#5947=CARTESIAN_POINT('Ctrl Pts',(55.2879110782462,122.839989715683,8.99999999999999));
#5948=CARTESIAN_POINT('Ctrl Pts',(55.3109835202993,122.841679416948,8.19999999999999));
#5949=CARTESIAN_POINT('Ctrl Pts',(55.3109835202993,122.841679416948,8.99999999999999));
#5950=CARTESIAN_POINT('Ctrl Pts',(55.3558176558035,122.844962827316,8.19999999999999));
#5951=CARTESIAN_POINT('Ctrl Pts',(55.3558176558035,122.844962827316,8.99999999999999));
#5952=CARTESIAN_POINT('Ctrl Pts',(55.3910855637965,122.872717601284,8.19999999999999));
#5953=CARTESIAN_POINT('Ctrl Pts',(55.3910855637965,122.872717601284,8.99999999999999));
#5954=CARTESIAN_POINT('Ctrl Pts',(55.408203980239,122.886189275849,8.19999999999999));
#5955=CARTESIAN_POINT('Ctrl Pts',(55.408203980239,122.886189275849,8.99999999999999));
#5956=CARTESIAN_POINT('',(55.2879110782462,122.839989715683,8.99999999999999));
#5957=CARTESIAN_POINT('Ctrl Pts',(55.2879110782462,122.839989715683,8.99999999999999));
#5958=CARTESIAN_POINT('Ctrl Pts',(55.3109835202993,122.841679416948,8.99999999999999));
#5959=CARTESIAN_POINT('Ctrl Pts',(55.3558176558035,122.844962827316,8.99999999999999));
#5960=CARTESIAN_POINT('Ctrl Pts',(55.3910855637965,122.872717601284,8.99999999999999));
#5961=CARTESIAN_POINT('Ctrl Pts',(55.408203980239,122.886189275849,8.99999999999999));
#5962=CARTESIAN_POINT('',(55.2879110782462,122.839989715683,8.99999999999999));
#5963=CARTESIAN_POINT('Ctrl Pts',(55.1118303149062,123.028274828064,8.19999999999999));
#5964=CARTESIAN_POINT('Ctrl Pts',(55.1118303149062,123.028274828064,8.99999999999999));
#5965=CARTESIAN_POINT('Ctrl Pts',(55.1241808827901,122.97353141197,8.19999999999999));
#5966=CARTESIAN_POINT('Ctrl Pts',(55.1241808827901,122.97353141197,8.99999999999999));
#5967=CARTESIAN_POINT('Ctrl Pts',(55.146643482725,122.873966803575,8.19999999999999));
#5968=CARTESIAN_POINT('Ctrl Pts',(55.146643482725,122.873966803575,8.99999999999999));
#5969=CARTESIAN_POINT('Ctrl Pts',(55.2440578597569,122.850537107344,8.19999999999999));
#5970=CARTESIAN_POINT('Ctrl Pts',(55.2440578597569,122.850537107344,8.99999999999999));
#5971=CARTESIAN_POINT('Ctrl Pts',(55.2879110782462,122.839989715683,8.19999999999999));
#5972=CARTESIAN_POINT('Ctrl Pts',(55.2879110782462,122.839989715683,8.99999999999999));
#5973=CARTESIAN_POINT('Ctrl Pts',(55.1118303149062,123.028274828064,8.99999999999999));
#5974=CARTESIAN_POINT('Ctrl Pts',(55.1241808827901,122.97353141197,8.99999999999999));
#5975=CARTESIAN_POINT('Ctrl Pts',(55.146643482725,122.873966803575,8.99999999999999));
#5976=CARTESIAN_POINT('Ctrl Pts',(55.2440578597569,122.850537107344,8.99999999999999));
#5977=CARTESIAN_POINT('Ctrl Pts',(55.2879110782462,122.839989715683,8.99999999999999));
#5978=CARTESIAN_POINT('Origin',(60.,95.,8.19999999999999));
#5979=CARTESIAN_POINT('',(53.2516489236671,126.227368169892,8.19999999999999));
#5980=CARTESIAN_POINT('',(55.894605597766,126.227368169892,8.19999999999999));
#5981=CARTESIAN_POINT('',(53.2516489236671,126.227368169892,8.19999999999999));
#5982=CARTESIAN_POINT('',(53.2516489236671,125.484690123665,8.19999999999999));
#5983=CARTESIAN_POINT('',(53.2516489236671,125.484690123665,8.19999999999999));
#5984=CARTESIAN_POINT('',(54.287213763507,125.484690123665,8.19999999999999));
#5985=CARTESIAN_POINT('',(54.287213763507,125.484690123665,8.19999999999999));
#5986=CARTESIAN_POINT('',(54.287213763507,125.477716380226,8.19999999999999));
#5987=CARTESIAN_POINT('',(54.287213763507,125.477716380226,8.19999999999999));
#5988=CARTESIAN_POINT('',(54.181739470275,125.389676147568,8.19999999999999));
#5989=CARTESIAN_POINT('Ctrl Pts',(54.181739470275,125.389676147568,8.19999999999999));
#5990=CARTESIAN_POINT('Ctrl Pts',(54.1981484174034,125.410028453075,8.19999999999999));
#5991=CARTESIAN_POINT('Ctrl Pts',(54.2275524425539,125.446498782239,8.19999999999999));
#5992=CARTESIAN_POINT('Ctrl Pts',(54.2689279163388,125.468148368378,8.19999999999999));
#5993=CARTESIAN_POINT('Ctrl Pts',(54.287213763507,125.477716380226,8.19999999999999));
#5994=CARTESIAN_POINT('',(54.0971858113128,125.227541977036,8.19999999999999));
#5995=CARTESIAN_POINT('Ctrl Pts',(54.0971858113128,125.227541977036,8.19999999999999));
#5996=CARTESIAN_POINT('Ctrl Pts',(54.1082596102939,125.257229371867,8.19999999999999));
#5997=CARTESIAN_POINT('Ctrl Pts',(54.1297329328067,125.314796517962,8.19999999999999));
#5998=CARTESIAN_POINT('Ctrl Pts',(54.1647706934847,125.365244301443,8.19999999999999));
#5999=CARTESIAN_POINT('Ctrl Pts',(54.181739470275,125.389676147568,8.19999999999999));
#6000=CARTESIAN_POINT('',(54.0658050089198,125.024439149964,8.19999999999999));
#6001=CARTESIAN_POINT('Ctrl Pts',(54.0658050089198,125.024439149964,8.19999999999999));
#6002=CARTESIAN_POINT('Ctrl Pts',(54.0669598676644,125.059898894,8.19999999999999));
#6003=CARTESIAN_POINT('Ctrl Pts',(54.0692067190753,125.128888089686,8.19999999999999));
#6004=CARTESIAN_POINT('Ctrl Pts',(54.0880350505022,125.195276522585,8.19999999999999));
#6005=CARTESIAN_POINT('Ctrl Pts',(54.0971858113128,125.227541977036,8.19999999999999));
#6006=CARTESIAN_POINT('',(54.1878413467723,124.606028848755,8.19999999999999));
#6007=CARTESIAN_POINT('Ctrl Pts',(54.1878413467723,124.606028848755,8.19999999999999));
#6008=CARTESIAN_POINT('Ctrl Pts',(54.1522485218633,124.670495173747,8.19999999999999));
#6009=CARTESIAN_POINT('Ctrl Pts',(54.0803083886846,124.800794356724,8.19999999999999));
#6010=CARTESIAN_POINT('Ctrl Pts',(54.0706731525218,124.949371476981,8.19999999999999));
#6011=CARTESIAN_POINT('Ctrl Pts',(54.0658050089198,125.024439149964,8.19999999999999));
#6012=CARTESIAN_POINT('',(54.5295428543407,124.316628628838,8.19999999999999));
#6013=CARTESIAN_POINT('Ctrl Pts',(54.5295428543407,124.316628628838,8.19999999999999));
#6014=CARTESIAN_POINT('Ctrl Pts',(54.4608684551006,124.353678561563,8.19999999999999));
#6015=CARTESIAN_POINT('Ctrl Pts',(54.3265218819339,124.426158722334,8.19999999999999));
#6016=CARTESIAN_POINT('Ctrl Pts',(54.2333743398428,124.546972073337,8.19999999999999));
#6017=CARTESIAN_POINT('Ctrl Pts',(54.1878413467723,124.606028848755,8.19999999999999));
#6018=CARTESIAN_POINT('',(55.0333783834296,124.213769489395,8.19999999999999));
#6019=CARTESIAN_POINT('Ctrl Pts',(55.0333783834296,124.213769489395,8.19999999999999));
#6020=CARTESIAN_POINT('Ctrl Pts',(54.9429791947234,124.217308318875,8.19999999999999));
#6021=CARTESIAN_POINT('Ctrl Pts',(54.7692925278734,124.224107577869,8.19999999999999));
#6022=CARTESIAN_POINT('Ctrl Pts',(54.6072477366541,124.286641779342,8.19999999999999));
#6023=CARTESIAN_POINT('Ctrl Pts',(54.5295428543407,124.316628628838,8.19999999999999));
#6024=CARTESIAN_POINT('',(55.5110631196815,124.300066286194,8.19999999999999));
#6025=CARTESIAN_POINT('Ctrl Pts',(55.5110631196815,124.300066286194,8.19999999999999));
#6026=CARTESIAN_POINT('Ctrl Pts',(55.4382179142452,124.274919264126,8.19999999999999));
#6027=CARTESIAN_POINT('Ctrl Pts',(55.2835855273942,124.221538344665,8.19999999999999));
#6028=CARTESIAN_POINT('Ctrl Pts',(55.1199352502102,124.216457053627,8.19999999999999));
#6029=CARTESIAN_POINT('Ctrl Pts',(55.0333783834296,124.213769489395,8.19999999999999));
#6030=CARTESIAN_POINT('',(55.8257422654945,124.560701304543,8.19999999999999));
#6031=CARTESIAN_POINT('Ctrl Pts',(55.8257422654945,124.560701304543,8.19999999999999));
#6032=CARTESIAN_POINT('Ctrl Pts',(55.7840095127433,124.506042396597,8.19999999999999));
#6033=CARTESIAN_POINT('Ctrl Pts',(55.6992274014128,124.395000174047,8.19999999999999));
#6034=CARTESIAN_POINT('Ctrl Pts',(55.5744305490147,124.332036840725,8.19999999999999));
#6035=CARTESIAN_POINT('Ctrl Pts',(55.5110631196815,124.300066286194,8.19999999999999));
#6036=CARTESIAN_POINT('',(55.9381900041419,124.963420683014,8.19999999999999));
#6037=CARTESIAN_POINT('Ctrl Pts',(55.9381900041419,124.963420683014,8.19999999999999));
#6038=CARTESIAN_POINT('Ctrl Pts',(55.9340019752632,124.890329075291,8.19999999999999));
#6039=CARTESIAN_POINT('Ctrl Pts',(55.9258344448812,124.747785185543,8.19999999999999));
#6040=CARTESIAN_POINT('Ctrl Pts',(55.8585335664556,124.621992045582,8.19999999999999));
#6041=CARTESIAN_POINT('Ctrl Pts',(55.8257422654945,124.560701304543,8.19999999999999));
#6042=CARTESIAN_POINT('',(55.87107010773,125.245847755539,8.19999999999999));
#6043=CARTESIAN_POINT('Ctrl Pts',(55.87107010773,125.245847755539,8.19999999999999));
#6044=CARTESIAN_POINT('Ctrl Pts',(55.8906407983771,125.199138582808,8.19999999999999));
#6045=CARTESIAN_POINT('Ctrl Pts',(55.9285619653483,125.108632510736,8.19999999999999));
#6046=CARTESIAN_POINT('Ctrl Pts',(55.935050250483,125.010775017285,8.19999999999999));
#6047=CARTESIAN_POINT('Ctrl Pts',(55.9381900041419,124.963420683014,8.19999999999999));
#6048=CARTESIAN_POINT('',(55.6871438830215,125.477716380226,8.19999999999999));
#6049=CARTESIAN_POINT('Ctrl Pts',(55.6871438830215,125.477716380226,8.19999999999999));
#6050=CARTESIAN_POINT('Ctrl Pts',(55.7242131432772,125.445387932838,8.19999999999999));
#6051=CARTESIAN_POINT('Ctrl Pts',(55.7997935045733,125.379473595275,8.19999999999999));
#6052=CARTESIAN_POINT('Ctrl Pts',(55.8470109852526,125.290952604844,8.19999999999999));
#6053=CARTESIAN_POINT('Ctrl Pts',(55.87107010773,125.245847755539,8.19999999999999));
#6054=CARTESIAN_POINT('',(55.6871438830215,125.484690123665,8.19999999999999));
#6055=CARTESIAN_POINT('',(55.6871438830215,125.484690123665,8.19999999999999));
#6056=CARTESIAN_POINT('',(55.894605597766,125.484690123665,8.19999999999999));
#6057=CARTESIAN_POINT('',(55.894605597766,125.484690123665,8.19999999999999));
#6058=CARTESIAN_POINT('',(55.894605597766,126.227368169892,8.19999999999999));
#6059=CARTESIAN_POINT('',(55.2922693698722,125.426287108528,8.19999999999999));
#6060=CARTESIAN_POINT('',(54.9950239866096,125.500380450356,8.19999999999999));
#6061=CARTESIAN_POINT('Ctrl Pts',(55.2922693698722,125.426287108528,8.19999999999999));
#6062=CARTESIAN_POINT('Ctrl Pts',(55.2513102272261,125.447823612223,8.19999999999999));
#6063=CARTESIAN_POINT('Ctrl Pts',(55.1586763746108,125.4965309137,8.19999999999999));
#6064=CARTESIAN_POINT('Ctrl Pts',(55.0536254273992,125.4990019896,8.19999999999999));
#6065=CARTESIAN_POINT('Ctrl Pts',(54.9950239866096,125.500380450356,8.19999999999999));
#6066=CARTESIAN_POINT('',(55.3942567913848,125.228413992989,8.19999999999999));
#6067=CARTESIAN_POINT('Ctrl Pts',(55.3942567913848,125.228413992989,8.19999999999999));
#6068=CARTESIAN_POINT('Ctrl Pts',(55.3899161857973,125.267669474953,8.19999999999999));
#6069=CARTESIAN_POINT('Ctrl Pts',(55.3811878577518,125.346606553493,8.19999999999999));
#6070=CARTESIAN_POINT('Ctrl Pts',(55.3220153399793,125.399631511197,8.19999999999999));
#6071=CARTESIAN_POINT('Ctrl Pts',(55.2922693698722,125.426287108528,8.19999999999999));
#6072=CARTESIAN_POINT('',(55.0159446208793,124.966907554734,8.19999999999999));
#6073=CARTESIAN_POINT('Ctrl Pts',(55.0159446208793,124.966907554734,8.19999999999999));
#6074=CARTESIAN_POINT('Ctrl Pts',(55.1255186274424,124.969924995957,8.19999999999999));
#6075=CARTESIAN_POINT('Ctrl Pts',(55.3170347075996,124.975198952192,8.19999999999999));
#6076=CARTESIAN_POINT('Ctrl Pts',(55.3711170985806,125.152537793199,8.19999999999999));
#6077=CARTESIAN_POINT('Ctrl Pts',(55.3942567913848,125.228413992989,8.19999999999999));
#6078=CARTESIAN_POINT('',(54.7204423754531,125.042744332421,8.19999999999999));
#6079=CARTESIAN_POINT('Ctrl Pts',(54.7204423754531,125.042744332421,8.19999999999999));
#6080=CARTESIAN_POINT('Ctrl Pts',(54.7626751738391,125.020667084411,8.19999999999999));
#6081=CARTESIAN_POINT('Ctrl Pts',(54.8549660502832,124.972421913687,8.19999999999999));
#6082=CARTESIAN_POINT('Ctrl Pts',(54.9593352985224,124.96884672044,8.19999999999999));
#6083=CARTESIAN_POINT('Ctrl Pts',(55.0159446208793,124.966907554734,8.19999999999999));
#6084=CARTESIAN_POINT('',(54.6097380726653,125.2388740121,8.19999999999999));
#6085=CARTESIAN_POINT('Ctrl Pts',(54.6097380726653,125.2388740121,8.19999999999999));
#6086=CARTESIAN_POINT('Ctrl Pts',(54.6149239545913,125.200246349108,8.19999999999999));
#6087=CARTESIAN_POINT('Ctrl Pts',(54.6256453120839,125.120387032996,8.19999999999999));
#6088=CARTESIAN_POINT('Ctrl Pts',(54.6881638359518,125.069181786161,8.19999999999999));
#6089=CARTESIAN_POINT('Ctrl Pts',(54.7204423754531,125.042744332421,8.19999999999999));
#6090=CARTESIAN_POINT('',(54.6986503212768,125.429773384201,8.19999999999999));
#6091=CARTESIAN_POINT('Ctrl Pts',(54.6986503212768,125.429773384201,8.19999999999999));
#6092=CARTESIAN_POINT('Ctrl Pts',(54.6727196463583,125.403840197172,8.19999999999999));
#6093=CARTESIAN_POINT('Ctrl Pts',(54.6199704616434,125.351085902223,8.19999999999999));
#6094=CARTESIAN_POINT('Ctrl Pts',(54.6131869274516,125.276695337615,8.19999999999999));
#6095=CARTESIAN_POINT('Ctrl Pts',(54.6097380726653,125.2388740121,8.19999999999999));
#6096=CARTESIAN_POINT('',(54.9479530065376,125.500380450356,8.19999999999999));
#6097=CARTESIAN_POINT('Ctrl Pts',(54.9479530065376,125.500380450356,8.19999999999999));
#6098=CARTESIAN_POINT('Ctrl Pts',(54.8991834245042,125.498699842558,8.19999999999999));
#6099=CARTESIAN_POINT('Ctrl Pts',(54.8099367453637,125.495624387352,8.19999999999999));
#6100=CARTESIAN_POINT('Ctrl Pts',(54.7333744984844,125.450320561644,8.19999999999999));
#6101=CARTESIAN_POINT('Ctrl Pts',(54.6986503212768,125.429773384201,8.19999999999999));
#6102=CARTESIAN_POINT('',(54.9950239866096,125.500380450356,8.19999999999999));
#6103=CARTESIAN_POINT('Origin',(54.5731272607166,126.227368169892,8.99999999999999));
#6104=CARTESIAN_POINT('',(55.894605597766,126.227368169892,8.99999999999999));
#6105=CARTESIAN_POINT('',(53.2516489236671,126.227368169892,8.99999999999999));
#6106=CARTESIAN_POINT('Origin',(53.2516489236671,125.856029146778,8.99999999999999));
#6107=CARTESIAN_POINT('',(53.2516489236671,125.484690123665,8.99999999999999));
#6108=CARTESIAN_POINT('Origin',(53.769431343587,125.484690123665,8.99999999999999));
#6109=CARTESIAN_POINT('',(54.287213763507,125.484690123665,8.99999999999999));
#6110=CARTESIAN_POINT('Origin',(54.287213763507,125.481203251946,8.99999999999999));
#6111=CARTESIAN_POINT('',(54.287213763507,125.477716380226,8.99999999999999));
#6112=CARTESIAN_POINT('Ctrl Pts',(54.181739470275,125.389676147568,8.19999999999999));
#6113=CARTESIAN_POINT('Ctrl Pts',(54.181739470275,125.389676147568,8.99999999999999));
#6114=CARTESIAN_POINT('Ctrl Pts',(54.1981484174034,125.410028453075,8.19999999999999));
#6115=CARTESIAN_POINT('Ctrl Pts',(54.1981484174034,125.410028453075,8.99999999999999));
#6116=CARTESIAN_POINT('Ctrl Pts',(54.2275524425539,125.446498782239,8.19999999999999));
#6117=CARTESIAN_POINT('Ctrl Pts',(54.2275524425539,125.446498782239,8.99999999999999));
#6118=CARTESIAN_POINT('Ctrl Pts',(54.2689279163388,125.468148368378,8.19999999999999));
#6119=CARTESIAN_POINT('Ctrl Pts',(54.2689279163388,125.468148368378,8.99999999999999));
#6120=CARTESIAN_POINT('Ctrl Pts',(54.287213763507,125.477716380226,8.19999999999999));
#6121=CARTESIAN_POINT('Ctrl Pts',(54.287213763507,125.477716380226,8.99999999999999));
#6122=CARTESIAN_POINT('',(54.181739470275,125.389676147568,8.99999999999999));
#6123=CARTESIAN_POINT('Ctrl Pts',(54.0971858113128,125.227541977036,8.19999999999999));
#6124=CARTESIAN_POINT('Ctrl Pts',(54.0971858113128,125.227541977036,8.99999999999999));
#6125=CARTESIAN_POINT('Ctrl Pts',(54.1082596102939,125.257229371867,8.19999999999999));
#6126=CARTESIAN_POINT('Ctrl Pts',(54.1082596102939,125.257229371867,8.99999999999999));
#6127=CARTESIAN_POINT('Ctrl Pts',(54.1297329328067,125.314796517962,8.19999999999999));
#6128=CARTESIAN_POINT('Ctrl Pts',(54.1297329328067,125.314796517962,8.99999999999999));
#6129=CARTESIAN_POINT('Ctrl Pts',(54.1647706934847,125.365244301443,8.19999999999999));
#6130=CARTESIAN_POINT('Ctrl Pts',(54.1647706934847,125.365244301443,8.99999999999999));
#6131=CARTESIAN_POINT('Ctrl Pts',(54.181739470275,125.389676147568,8.19999999999999));
#6132=CARTESIAN_POINT('Ctrl Pts',(54.181739470275,125.389676147568,8.99999999999999));
#6133=CARTESIAN_POINT('',(54.0971858113128,125.227541977036,8.99999999999999));
#6134=CARTESIAN_POINT('Ctrl Pts',(54.0658050089198,125.024439149964,8.19999999999999));
#6135=CARTESIAN_POINT('Ctrl Pts',(54.0658050089198,125.024439149964,8.99999999999999));
#6136=CARTESIAN_POINT('Ctrl Pts',(54.0669598676644,125.059898894,8.19999999999999));
#6137=CARTESIAN_POINT('Ctrl Pts',(54.0669598676644,125.059898894,8.99999999999999));
#6138=CARTESIAN_POINT('Ctrl Pts',(54.0692067190753,125.128888089686,8.19999999999999));
#6139=CARTESIAN_POINT('Ctrl Pts',(54.0692067190753,125.128888089686,8.99999999999999));
#6140=CARTESIAN_POINT('Ctrl Pts',(54.0880350505022,125.195276522585,8.19999999999999));
#6141=CARTESIAN_POINT('Ctrl Pts',(54.0880350505022,125.195276522585,8.99999999999999));
#6142=CARTESIAN_POINT('Ctrl Pts',(54.0971858113128,125.227541977036,8.19999999999999));
#6143=CARTESIAN_POINT('Ctrl Pts',(54.0971858113128,125.227541977036,8.99999999999999));
#6144=CARTESIAN_POINT('',(54.0658050089198,125.024439149964,8.99999999999999));
#6145=CARTESIAN_POINT('Ctrl Pts',(54.1878413467723,124.606028848755,8.19999999999999));
#6146=CARTESIAN_POINT('Ctrl Pts',(54.1878413467723,124.606028848755,8.99999999999999));
#6147=CARTESIAN_POINT('Ctrl Pts',(54.1522485218633,124.670495173747,8.19999999999999));
#6148=CARTESIAN_POINT('Ctrl Pts',(54.1522485218633,124.670495173747,8.99999999999999));
#6149=CARTESIAN_POINT('Ctrl Pts',(54.0803083886846,124.800794356724,8.19999999999999));
#6150=CARTESIAN_POINT('Ctrl Pts',(54.0803083886846,124.800794356724,8.99999999999999));
#6151=CARTESIAN_POINT('Ctrl Pts',(54.0706731525218,124.949371476981,8.19999999999999));
#6152=CARTESIAN_POINT('Ctrl Pts',(54.0706731525218,124.949371476981,8.99999999999999));
#6153=CARTESIAN_POINT('Ctrl Pts',(54.0658050089198,125.024439149964,8.19999999999999));
#6154=CARTESIAN_POINT('Ctrl Pts',(54.0658050089198,125.024439149964,8.99999999999999));
#6155=CARTESIAN_POINT('',(54.1878413467723,124.606028848755,8.99999999999999));
#6156=CARTESIAN_POINT('Ctrl Pts',(54.5295428543407,124.316628628838,8.19999999999999));
#6157=CARTESIAN_POINT('Ctrl Pts',(54.5295428543407,124.316628628838,8.99999999999999));
#6158=CARTESIAN_POINT('Ctrl Pts',(54.4608684551006,124.353678561563,8.19999999999999));
#6159=CARTESIAN_POINT('Ctrl Pts',(54.4608684551006,124.353678561563,8.99999999999999));
#6160=CARTESIAN_POINT('Ctrl Pts',(54.3265218819339,124.426158722334,8.19999999999999));
#6161=CARTESIAN_POINT('Ctrl Pts',(54.3265218819339,124.426158722334,8.99999999999999));
#6162=CARTESIAN_POINT('Ctrl Pts',(54.2333743398428,124.546972073337,8.19999999999999));
#6163=CARTESIAN_POINT('Ctrl Pts',(54.2333743398428,124.546972073337,8.99999999999999));
#6164=CARTESIAN_POINT('Ctrl Pts',(54.1878413467723,124.606028848755,8.19999999999999));
#6165=CARTESIAN_POINT('Ctrl Pts',(54.1878413467723,124.606028848755,8.99999999999999));
#6166=CARTESIAN_POINT('',(54.5295428543407,124.316628628838,8.99999999999999));
#6167=CARTESIAN_POINT('Ctrl Pts',(55.0333783834296,124.213769489395,8.19999999999999));
#6168=CARTESIAN_POINT('Ctrl Pts',(55.0333783834296,124.213769489395,8.99999999999999));
#6169=CARTESIAN_POINT('Ctrl Pts',(54.9429791947234,124.217308318875,8.19999999999999));
#6170=CARTESIAN_POINT('Ctrl Pts',(54.9429791947234,124.217308318875,8.99999999999999));
#6171=CARTESIAN_POINT('Ctrl Pts',(54.7692925278734,124.224107577869,8.19999999999999));
#6172=CARTESIAN_POINT('Ctrl Pts',(54.7692925278734,124.224107577869,8.99999999999999));
#6173=CARTESIAN_POINT('Ctrl Pts',(54.6072477366541,124.286641779342,8.19999999999999));
#6174=CARTESIAN_POINT('Ctrl Pts',(54.6072477366541,124.286641779342,8.99999999999999));
#6175=CARTESIAN_POINT('Ctrl Pts',(54.5295428543407,124.316628628838,8.19999999999999));
#6176=CARTESIAN_POINT('Ctrl Pts',(54.5295428543407,124.316628628838,8.99999999999999));
#6177=CARTESIAN_POINT('',(55.0333783834296,124.213769489395,8.99999999999999));
#6178=CARTESIAN_POINT('Ctrl Pts',(55.5110631196815,124.300066286194,8.19999999999999));
#6179=CARTESIAN_POINT('Ctrl Pts',(55.5110631196815,124.300066286194,8.99999999999999));
#6180=CARTESIAN_POINT('Ctrl Pts',(55.4382179142452,124.274919264126,8.19999999999999));
#6181=CARTESIAN_POINT('Ctrl Pts',(55.4382179142452,124.274919264126,8.99999999999999));
#6182=CARTESIAN_POINT('Ctrl Pts',(55.2835855273942,124.221538344665,8.19999999999999));
#6183=CARTESIAN_POINT('Ctrl Pts',(55.2835855273942,124.221538344665,8.99999999999999));
#6184=CARTESIAN_POINT('Ctrl Pts',(55.1199352502102,124.216457053627,8.19999999999999));
#6185=CARTESIAN_POINT('Ctrl Pts',(55.1199352502102,124.216457053627,8.99999999999999));
#6186=CARTESIAN_POINT('Ctrl Pts',(55.0333783834296,124.213769489395,8.19999999999999));
#6187=CARTESIAN_POINT('Ctrl Pts',(55.0333783834296,124.213769489395,8.99999999999999));
#6188=CARTESIAN_POINT('',(55.5110631196815,124.300066286194,8.99999999999999));
#6189=CARTESIAN_POINT('Ctrl Pts',(55.8257422654945,124.560701304543,8.19999999999999));
#6190=CARTESIAN_POINT('Ctrl Pts',(55.8257422654945,124.560701304543,8.99999999999999));
#6191=CARTESIAN_POINT('Ctrl Pts',(55.7840095127433,124.506042396597,8.19999999999999));
#6192=CARTESIAN_POINT('Ctrl Pts',(55.7840095127433,124.506042396597,8.99999999999999));
#6193=CARTESIAN_POINT('Ctrl Pts',(55.6992274014128,124.395000174047,8.19999999999999));
#6194=CARTESIAN_POINT('Ctrl Pts',(55.6992274014128,124.395000174047,8.99999999999999));
#6195=CARTESIAN_POINT('Ctrl Pts',(55.5744305490147,124.332036840725,8.19999999999999));
#6196=CARTESIAN_POINT('Ctrl Pts',(55.5744305490147,124.332036840725,8.99999999999999));
#6197=CARTESIAN_POINT('Ctrl Pts',(55.5110631196815,124.300066286194,8.19999999999999));
#6198=CARTESIAN_POINT('Ctrl Pts',(55.5110631196815,124.300066286194,8.99999999999999));
#6199=CARTESIAN_POINT('',(55.8257422654945,124.560701304543,8.99999999999999));
#6200=CARTESIAN_POINT('Ctrl Pts',(55.9381900041419,124.963420683014,8.19999999999999));
#6201=CARTESIAN_POINT('Ctrl Pts',(55.9381900041419,124.963420683014,8.99999999999999));
#6202=CARTESIAN_POINT('Ctrl Pts',(55.9340019752632,124.890329075291,8.19999999999999));
#6203=CARTESIAN_POINT('Ctrl Pts',(55.9340019752632,124.890329075291,8.99999999999999));
#6204=CARTESIAN_POINT('Ctrl Pts',(55.9258344448812,124.747785185543,8.19999999999999));
#6205=CARTESIAN_POINT('Ctrl Pts',(55.9258344448812,124.747785185543,8.99999999999999));
#6206=CARTESIAN_POINT('Ctrl Pts',(55.8585335664556,124.621992045582,8.19999999999999));
#6207=CARTESIAN_POINT('Ctrl Pts',(55.8585335664556,124.621992045582,8.99999999999999));
#6208=CARTESIAN_POINT('Ctrl Pts',(55.8257422654945,124.560701304543,8.19999999999999));
#6209=CARTESIAN_POINT('Ctrl Pts',(55.8257422654945,124.560701304543,8.99999999999999));
#6210=CARTESIAN_POINT('',(55.9381900041419,124.963420683014,8.99999999999999));
#6211=CARTESIAN_POINT('Ctrl Pts',(55.87107010773,125.245847755539,8.19999999999999));
#6212=CARTESIAN_POINT('Ctrl Pts',(55.87107010773,125.245847755539,8.99999999999999));
#6213=CARTESIAN_POINT('Ctrl Pts',(55.8906407983771,125.199138582808,8.19999999999999));
#6214=CARTESIAN_POINT('Ctrl Pts',(55.8906407983771,125.199138582808,8.99999999999999));
#6215=CARTESIAN_POINT('Ctrl Pts',(55.9285619653483,125.108632510736,8.19999999999999));
#6216=CARTESIAN_POINT('Ctrl Pts',(55.9285619653483,125.108632510736,8.99999999999999));
#6217=CARTESIAN_POINT('Ctrl Pts',(55.935050250483,125.010775017285,8.19999999999999));
#6218=CARTESIAN_POINT('Ctrl Pts',(55.935050250483,125.010775017285,8.99999999999999));
#6219=CARTESIAN_POINT('Ctrl Pts',(55.9381900041419,124.963420683014,8.19999999999999));
#6220=CARTESIAN_POINT('Ctrl Pts',(55.9381900041419,124.963420683014,8.99999999999999));
#6221=CARTESIAN_POINT('',(55.87107010773,125.245847755539,8.99999999999999));
#6222=CARTESIAN_POINT('Ctrl Pts',(55.6871438830215,125.477716380226,8.19999999999999));
#6223=CARTESIAN_POINT('Ctrl Pts',(55.6871438830215,125.477716380226,8.99999999999999));
#6224=CARTESIAN_POINT('Ctrl Pts',(55.7242131432772,125.445387932838,8.19999999999999));
#6225=CARTESIAN_POINT('Ctrl Pts',(55.7242131432772,125.445387932838,8.99999999999999));
#6226=CARTESIAN_POINT('Ctrl Pts',(55.7997935045733,125.379473595275,8.19999999999999));
#6227=CARTESIAN_POINT('Ctrl Pts',(55.7997935045733,125.379473595275,8.99999999999999));
#6228=CARTESIAN_POINT('Ctrl Pts',(55.8470109852526,125.290952604844,8.19999999999999));
#6229=CARTESIAN_POINT('Ctrl Pts',(55.8470109852526,125.290952604844,8.99999999999999));
#6230=CARTESIAN_POINT('Ctrl Pts',(55.87107010773,125.245847755539,8.19999999999999));
#6231=CARTESIAN_POINT('Ctrl Pts',(55.87107010773,125.245847755539,8.99999999999999));
#6232=CARTESIAN_POINT('',(55.6871438830215,125.477716380226,8.99999999999999));
#6233=CARTESIAN_POINT('Origin',(55.6871438830215,125.481203251946,8.99999999999999));
#6234=CARTESIAN_POINT('',(55.6871438830215,125.484690123665,8.99999999999999));
#6235=CARTESIAN_POINT('Origin',(55.7908747403938,125.484690123665,8.99999999999999));
#6236=CARTESIAN_POINT('',(55.894605597766,125.484690123665,8.99999999999999));
#6237=CARTESIAN_POINT('Origin',(55.894605597766,125.856029146778,8.99999999999999));
#6238=CARTESIAN_POINT('Ctrl Pts',(55.2922693698722,125.426287108528,8.19999999999999));
#6239=CARTESIAN_POINT('Ctrl Pts',(55.2922693698722,125.426287108528,8.99999999999999));
#6240=CARTESIAN_POINT('Ctrl Pts',(55.2513102272261,125.447823612223,8.19999999999999));
#6241=CARTESIAN_POINT('Ctrl Pts',(55.2513102272261,125.447823612223,8.99999999999999));
#6242=CARTESIAN_POINT('Ctrl Pts',(55.1586763746108,125.4965309137,8.19999999999999));
#6243=CARTESIAN_POINT('Ctrl Pts',(55.1586763746108,125.4965309137,8.99999999999999));
#6244=CARTESIAN_POINT('Ctrl Pts',(55.0536254273992,125.4990019896,8.19999999999999));
#6245=CARTESIAN_POINT('Ctrl Pts',(55.0536254273992,125.4990019896,8.99999999999999));
#6246=CARTESIAN_POINT('Ctrl Pts',(54.9950239866096,125.500380450356,8.19999999999999));
#6247=CARTESIAN_POINT('Ctrl Pts',(54.9950239866096,125.500380450356,8.99999999999999));
#6248=CARTESIAN_POINT('',(54.9950239866096,125.500380450356,8.99999999999999));
#6249=CARTESIAN_POINT('',(54.9950239866096,125.500380450356,8.99999999999999));
#6250=CARTESIAN_POINT('',(55.2922693698722,125.426287108528,8.99999999999999));
#6251=CARTESIAN_POINT('Ctrl Pts',(55.2922693698722,125.426287108528,8.99999999999999));
#6252=CARTESIAN_POINT('Ctrl Pts',(55.2513102272261,125.447823612223,8.99999999999999));
#6253=CARTESIAN_POINT('Ctrl Pts',(55.1586763746108,125.4965309137,8.99999999999999));
#6254=CARTESIAN_POINT('Ctrl Pts',(55.0536254273992,125.4990019896,8.99999999999999));
#6255=CARTESIAN_POINT('Ctrl Pts',(54.9950239866096,125.500380450356,8.99999999999999));
#6256=CARTESIAN_POINT('',(55.2922693698722,125.426287108528,8.99999999999999));
#6257=CARTESIAN_POINT('Ctrl Pts',(55.3942567913848,125.228413992989,8.19999999999999));
#6258=CARTESIAN_POINT('Ctrl Pts',(55.3942567913848,125.228413992989,8.99999999999999));
#6259=CARTESIAN_POINT('Ctrl Pts',(55.3899161857973,125.267669474953,8.19999999999999));
#6260=CARTESIAN_POINT('Ctrl Pts',(55.3899161857973,125.267669474953,8.99999999999999));
#6261=CARTESIAN_POINT('Ctrl Pts',(55.3811878577518,125.346606553493,8.19999999999999));
#6262=CARTESIAN_POINT('Ctrl Pts',(55.3811878577518,125.346606553493,8.99999999999999));
#6263=CARTESIAN_POINT('Ctrl Pts',(55.3220153399793,125.399631511197,8.19999999999999));
#6264=CARTESIAN_POINT('Ctrl Pts',(55.3220153399793,125.399631511197,8.99999999999999));
#6265=CARTESIAN_POINT('Ctrl Pts',(55.2922693698722,125.426287108528,8.19999999999999));
#6266=CARTESIAN_POINT('Ctrl Pts',(55.2922693698722,125.426287108528,8.99999999999999));
#6267=CARTESIAN_POINT('',(55.3942567913848,125.228413992989,8.99999999999999));
#6268=CARTESIAN_POINT('Ctrl Pts',(55.3942567913848,125.228413992989,8.99999999999999));
#6269=CARTESIAN_POINT('Ctrl Pts',(55.3899161857973,125.267669474953,8.99999999999999));
#6270=CARTESIAN_POINT('Ctrl Pts',(55.3811878577518,125.346606553493,8.99999999999999));
#6271=CARTESIAN_POINT('Ctrl Pts',(55.3220153399793,125.399631511197,8.99999999999999));
#6272=CARTESIAN_POINT('Ctrl Pts',(55.2922693698722,125.426287108528,8.99999999999999));
#6273=CARTESIAN_POINT('',(55.3942567913848,125.228413992989,8.99999999999999));
#6274=CARTESIAN_POINT('Ctrl Pts',(55.0159446208793,124.966907554734,8.19999999999999));
#6275=CARTESIAN_POINT('Ctrl Pts',(55.0159446208793,124.966907554734,8.99999999999999));
#6276=CARTESIAN_POINT('Ctrl Pts',(55.1255186274424,124.969924995957,8.19999999999999));
#6277=CARTESIAN_POINT('Ctrl Pts',(55.1255186274424,124.969924995957,8.99999999999999));
#6278=CARTESIAN_POINT('Ctrl Pts',(55.3170347075996,124.975198952192,8.19999999999999));
#6279=CARTESIAN_POINT('Ctrl Pts',(55.3170347075996,124.975198952192,8.99999999999999));
#6280=CARTESIAN_POINT('Ctrl Pts',(55.3711170985806,125.152537793199,8.19999999999999));
#6281=CARTESIAN_POINT('Ctrl Pts',(55.3711170985806,125.152537793199,8.99999999999999));
#6282=CARTESIAN_POINT('Ctrl Pts',(55.3942567913848,125.228413992989,8.19999999999999));
#6283=CARTESIAN_POINT('Ctrl Pts',(55.3942567913848,125.228413992989,8.99999999999999));
#6284=CARTESIAN_POINT('',(55.0159446208793,124.966907554734,8.99999999999999));
#6285=CARTESIAN_POINT('Ctrl Pts',(55.0159446208793,124.966907554734,8.99999999999999));
#6286=CARTESIAN_POINT('Ctrl Pts',(55.1255186274424,124.969924995957,8.99999999999999));
#6287=CARTESIAN_POINT('Ctrl Pts',(55.3170347075996,124.975198952192,8.99999999999999));
#6288=CARTESIAN_POINT('Ctrl Pts',(55.3711170985806,125.152537793199,8.99999999999999));
#6289=CARTESIAN_POINT('Ctrl Pts',(55.3942567913848,125.228413992989,8.99999999999999));
#6290=CARTESIAN_POINT('',(55.0159446208793,124.966907554734,8.99999999999999));
#6291=CARTESIAN_POINT('Ctrl Pts',(54.7204423754531,125.042744332421,8.19999999999999));
#6292=CARTESIAN_POINT('Ctrl Pts',(54.7204423754531,125.042744332421,8.99999999999999));
#6293=CARTESIAN_POINT('Ctrl Pts',(54.7626751738391,125.020667084411,8.19999999999999));
#6294=CARTESIAN_POINT('Ctrl Pts',(54.7626751738391,125.020667084411,8.99999999999999));
#6295=CARTESIAN_POINT('Ctrl Pts',(54.8549660502832,124.972421913687,8.19999999999999));
#6296=CARTESIAN_POINT('Ctrl Pts',(54.8549660502832,124.972421913687,8.99999999999999));
#6297=CARTESIAN_POINT('Ctrl Pts',(54.9593352985224,124.96884672044,8.19999999999999));
#6298=CARTESIAN_POINT('Ctrl Pts',(54.9593352985224,124.96884672044,8.99999999999999));
#6299=CARTESIAN_POINT('Ctrl Pts',(55.0159446208793,124.966907554734,8.19999999999999));
#6300=CARTESIAN_POINT('Ctrl Pts',(55.0159446208793,124.966907554734,8.99999999999999));
#6301=CARTESIAN_POINT('',(54.7204423754531,125.042744332421,8.99999999999999));
#6302=CARTESIAN_POINT('Ctrl Pts',(54.7204423754531,125.042744332421,8.99999999999999));
#6303=CARTESIAN_POINT('Ctrl Pts',(54.7626751738391,125.020667084411,8.99999999999999));
#6304=CARTESIAN_POINT('Ctrl Pts',(54.8549660502832,124.972421913687,8.99999999999999));
#6305=CARTESIAN_POINT('Ctrl Pts',(54.9593352985224,124.96884672044,8.99999999999999));
#6306=CARTESIAN_POINT('Ctrl Pts',(55.0159446208793,124.966907554734,8.99999999999999));
#6307=CARTESIAN_POINT('',(54.7204423754531,125.042744332421,8.99999999999999));
#6308=CARTESIAN_POINT('Ctrl Pts',(54.6097380726653,125.2388740121,8.19999999999999));
#6309=CARTESIAN_POINT('Ctrl Pts',(54.6097380726653,125.2388740121,8.99999999999999));
#6310=CARTESIAN_POINT('Ctrl Pts',(54.6149239545913,125.200246349108,8.19999999999999));
#6311=CARTESIAN_POINT('Ctrl Pts',(54.6149239545913,125.200246349108,8.99999999999999));
#6312=CARTESIAN_POINT('Ctrl Pts',(54.6256453120839,125.120387032996,8.19999999999999));
#6313=CARTESIAN_POINT('Ctrl Pts',(54.6256453120839,125.120387032996,8.99999999999999));
#6314=CARTESIAN_POINT('Ctrl Pts',(54.6881638359518,125.069181786161,8.19999999999999));
#6315=CARTESIAN_POINT('Ctrl Pts',(54.6881638359518,125.069181786161,8.99999999999999));
#6316=CARTESIAN_POINT('Ctrl Pts',(54.7204423754531,125.042744332421,8.19999999999999));
#6317=CARTESIAN_POINT('Ctrl Pts',(54.7204423754531,125.042744332421,8.99999999999999));
#6318=CARTESIAN_POINT('',(54.6097380726653,125.2388740121,8.99999999999999));
#6319=CARTESIAN_POINT('Ctrl Pts',(54.6097380726653,125.2388740121,8.99999999999999));
#6320=CARTESIAN_POINT('Ctrl Pts',(54.6149239545913,125.200246349108,8.99999999999999));
#6321=CARTESIAN_POINT('Ctrl Pts',(54.6256453120839,125.120387032996,8.99999999999999));
#6322=CARTESIAN_POINT('Ctrl Pts',(54.6881638359518,125.069181786161,8.99999999999999));
#6323=CARTESIAN_POINT('Ctrl Pts',(54.7204423754531,125.042744332421,8.99999999999999));
#6324=CARTESIAN_POINT('',(54.6097380726653,125.2388740121,8.99999999999999));
#6325=CARTESIAN_POINT('Ctrl Pts',(54.6986503212768,125.429773384201,8.19999999999999));
#6326=CARTESIAN_POINT('Ctrl Pts',(54.6986503212768,125.429773384201,8.99999999999999));
#6327=CARTESIAN_POINT('Ctrl Pts',(54.6727196463583,125.403840197172,8.19999999999999));
#6328=CARTESIAN_POINT('Ctrl Pts',(54.6727196463583,125.403840197172,8.99999999999999));
#6329=CARTESIAN_POINT('Ctrl Pts',(54.6199704616434,125.351085902223,8.19999999999999));
#6330=CARTESIAN_POINT('Ctrl Pts',(54.6199704616434,125.351085902223,8.99999999999999));
#6331=CARTESIAN_POINT('Ctrl Pts',(54.6131869274516,125.276695337615,8.19999999999999));
#6332=CARTESIAN_POINT('Ctrl Pts',(54.6131869274516,125.276695337615,8.99999999999999));
#6333=CARTESIAN_POINT('Ctrl Pts',(54.6097380726653,125.2388740121,8.19999999999999));
#6334=CARTESIAN_POINT('Ctrl Pts',(54.6097380726653,125.2388740121,8.99999999999999));
#6335=CARTESIAN_POINT('',(54.6986503212768,125.429773384201,8.99999999999999));
#6336=CARTESIAN_POINT('Ctrl Pts',(54.6986503212768,125.429773384201,8.99999999999999));
#6337=CARTESIAN_POINT('Ctrl Pts',(54.6727196463583,125.403840197172,8.99999999999999));
#6338=CARTESIAN_POINT('Ctrl Pts',(54.6199704616434,125.351085902223,8.99999999999999));
#6339=CARTESIAN_POINT('Ctrl Pts',(54.6131869274516,125.276695337615,8.99999999999999));
#6340=CARTESIAN_POINT('Ctrl Pts',(54.6097380726653,125.2388740121,8.99999999999999));
#6341=CARTESIAN_POINT('',(54.6986503212768,125.429773384201,8.99999999999999));
#6342=CARTESIAN_POINT('Ctrl Pts',(54.9479530065376,125.500380450356,8.19999999999999));
#6343=CARTESIAN_POINT('Ctrl Pts',(54.9479530065376,125.500380450356,8.99999999999999));
#6344=CARTESIAN_POINT('Ctrl Pts',(54.8991834245042,125.498699842558,8.19999999999999));
#6345=CARTESIAN_POINT('Ctrl Pts',(54.8991834245042,125.498699842558,8.99999999999999));
#6346=CARTESIAN_POINT('Ctrl Pts',(54.8099367453637,125.495624387352,8.19999999999999));
#6347=CARTESIAN_POINT('Ctrl Pts',(54.8099367453637,125.495624387352,8.99999999999999));
#6348=CARTESIAN_POINT('Ctrl Pts',(54.7333744984844,125.450320561644,8.19999999999999));
#6349=CARTESIAN_POINT('Ctrl Pts',(54.7333744984844,125.450320561644,8.99999999999999));
#6350=CARTESIAN_POINT('Ctrl Pts',(54.6986503212768,125.429773384201,8.19999999999999));
#6351=CARTESIAN_POINT('Ctrl Pts',(54.6986503212768,125.429773384201,8.99999999999999));
#6352=CARTESIAN_POINT('',(54.9479530065376,125.500380450356,8.99999999999999));
#6353=CARTESIAN_POINT('Ctrl Pts',(54.9479530065376,125.500380450356,8.99999999999999));
#6354=CARTESIAN_POINT('Ctrl Pts',(54.8991834245042,125.498699842558,8.99999999999999));
#6355=CARTESIAN_POINT('Ctrl Pts',(54.8099367453637,125.495624387352,8.99999999999999));
#6356=CARTESIAN_POINT('Ctrl Pts',(54.7333744984844,125.450320561644,8.99999999999999));
#6357=CARTESIAN_POINT('Ctrl Pts',(54.6986503212768,125.429773384201,8.99999999999999));
#6358=CARTESIAN_POINT('',(54.9479530065376,125.500380450356,8.99999999999999));
#6359=CARTESIAN_POINT('Origin',(54.9714884965736,125.500380450356,8.99999999999999));
#6360=CARTESIAN_POINT('',(57.4857442482868,125.500380450356,8.99999999999999));
#6361=CARTESIAN_POINT('Origin',(60.,95.,8.19999999999999));
#6362=CARTESIAN_POINT('',(55.9451634495574,127.834760004151,8.19999999999999));
#6363=CARTESIAN_POINT('',(56.5501145332176,127.46777897464,8.19999999999999));
#6364=CARTESIAN_POINT('Ctrl Pts',(55.9451634495574,127.834760004151,8.19999999999999));
#6365=CARTESIAN_POINT('Ctrl Pts',(56.0710506393032,127.787696726065,8.19999999999999));
#6366=CARTESIAN_POINT('Ctrl Pts',(56.2965695561786,127.703385848048,8.19999999999999));
#6367=CARTESIAN_POINT('Ctrl Pts',(56.4724240090461,127.539972956581,8.19999999999999));
#6368=CARTESIAN_POINT('Ctrl Pts',(56.5501145332176,127.46777897464,8.19999999999999));
#6369=CARTESIAN_POINT('',(54.1093892662841,128.492012077439,8.19999999999999));
#6370=CARTESIAN_POINT('',(54.1093892662841,128.492012077439,8.19999999999999));
#6371=CARTESIAN_POINT('',(54.1093892662841,127.770254665482,8.19999999999999));
#6372=CARTESIAN_POINT('',(54.1093892662841,127.770254665482,8.19999999999999));
#6373=CARTESIAN_POINT('',(55.2094591467696,127.499160224068,8.19999999999999));
#6374=CARTESIAN_POINT('Ctrl Pts',(55.2094591467696,127.499160224068,8.19999999999999));
#6375=CARTESIAN_POINT('Ctrl Pts',(55.1099270151962,127.52329077536,8.19999999999999));
#6376=CARTESIAN_POINT('Ctrl Pts',(54.7428978633567,127.612273254026,8.19999999999999));
#6377=CARTESIAN_POINT('Ctrl Pts',(54.3764573077292,127.703654486199,8.19999999999999));
#6378=CARTESIAN_POINT('Ctrl Pts',(54.1093892662841,127.770254665482,8.19999999999999));
#6379=CARTESIAN_POINT('',(55.2948845236617,127.484341317284,8.19999999999999));
#6380=CARTESIAN_POINT('Ctrl Pts',(55.2948845236617,127.484341317284,8.19999999999999));
#6381=CARTESIAN_POINT('Ctrl Pts',(55.2813555011735,127.486344558274,8.19999999999999));
#6382=CARTESIAN_POINT('Ctrl Pts',(55.2527586590599,127.49057888979,8.19999999999999));
#6383=CARTESIAN_POINT('Ctrl Pts',(55.2244009604715,127.496198973668,8.19999999999999));
#6384=CARTESIAN_POINT('Ctrl Pts',(55.2094591467696,127.499160224068,8.19999999999999));
#6385=CARTESIAN_POINT('',(55.2948845236617,127.477368169892,8.19999999999999));
#6386=CARTESIAN_POINT('',(55.2948845236617,127.477368169892,8.19999999999999));
#6387=CARTESIAN_POINT('',(54.9706167786437,127.409375959503,8.19999999999999));
#6388=CARTESIAN_POINT('Ctrl Pts',(54.9706167786437,127.409375959503,8.19999999999999));
#6389=CARTESIAN_POINT('Ctrl Pts',(55.0374096174298,127.42714119986,8.19999999999999));
#6390=CARTESIAN_POINT('Ctrl Pts',(55.144345491668,127.455583493122,8.19999999999999));
#6391=CARTESIAN_POINT('Ctrl Pts',(55.2537970984764,127.471422361253,8.19999999999999));
#6392=CARTESIAN_POINT('Ctrl Pts',(55.2948845236617,127.477368169892,8.19999999999999));
#6393=CARTESIAN_POINT('',(54.1093892662841,127.193197661507,8.19999999999999));
#6394=CARTESIAN_POINT('',(54.1093892662841,127.193197661507,8.19999999999999));
#6395=CARTESIAN_POINT('',(54.1093892662841,126.372067981827,8.19999999999999));
#6396=CARTESIAN_POINT('',(54.1093892662841,126.372067981827,8.19999999999999));
#6397=CARTESIAN_POINT('',(55.8876318543273,127.118232303726,8.19999999999999));
#6398=CARTESIAN_POINT('',(55.8876318543273,127.118232303726,8.19999999999999));
#6399=CARTESIAN_POINT('',(56.0271019547302,127.060701304543,8.19999999999999));
#6400=CARTESIAN_POINT('',(56.0271019547302,127.060701304543,8.19999999999999));
#6401=CARTESIAN_POINT('',(56.1909792630988,126.785247975456,8.19999999999999));
#6402=CARTESIAN_POINT('Ctrl Pts',(56.1909792630988,126.785247975456,8.19999999999999));
#6403=CARTESIAN_POINT('Ctrl Pts',(56.185646744249,126.847923200746,8.19999999999999));
#6404=CARTESIAN_POINT('Ctrl Pts',(56.1754963686123,126.967224622403,8.19999999999999));
#6405=CARTESIAN_POINT('Ctrl Pts',(56.0748659801554,127.030613766167,8.19999999999999));
#6406=CARTESIAN_POINT('Ctrl Pts',(56.0271019547302,127.060701304543,8.19999999999999));
#6407=CARTESIAN_POINT('',(56.1630851834136,126.622242385018,8.19999999999999));
#6408=CARTESIAN_POINT('Ctrl Pts',(56.1630851834136,126.622242385018,8.19999999999999));
#6409=CARTESIAN_POINT('Ctrl Pts',(56.1712166028036,126.65001471587,8.19999999999999));
#6410=CARTESIAN_POINT('Ctrl Pts',(56.1868159372642,126.703293221989,8.19999999999999));
#6411=CARTESIAN_POINT('Ctrl Pts',(56.1896314056656,126.758715504054,8.19999999999999));
#6412=CARTESIAN_POINT('Ctrl Pts',(56.1909792630988,126.785247975456,8.19999999999999));
#6413=CARTESIAN_POINT('',(56.1020673125106,126.49236088382,8.19999999999999));
#6414=CARTESIAN_POINT('Ctrl Pts',(56.1020673125106,126.49236088382,8.19999999999999));
#6415=CARTESIAN_POINT('Ctrl Pts',(56.1133395483874,126.510126894486,8.19999999999999));
#6416=CARTESIAN_POINT('Ctrl Pts',(56.1391380453729,126.550787538712,8.19999999999999));
#6417=CARTESIAN_POINT('Ctrl Pts',(56.1544586622285,126.596502075491,8.19999999999999));
#6418=CARTESIAN_POINT('Ctrl Pts',(56.1630851834136,126.622242385018,8.19999999999999));
#6419=CARTESIAN_POINT('',(56.6616905539352,126.49236088382,8.19999999999999));
#6420=CARTESIAN_POINT('',(56.6616905539352,126.49236088382,8.19999999999999));
#6421=CARTESIAN_POINT('',(56.7148635595161,126.706795745957,8.19999999999999));
#6422=CARTESIAN_POINT('Ctrl Pts',(56.7148635595161,126.706795745957,8.19999999999999));
#6423=CARTESIAN_POINT('Ctrl Pts',(56.7083774857466,126.668627714006,8.19999999999999));
#6424=CARTESIAN_POINT('Ctrl Pts',(56.6960030405503,126.595808896888,8.19999999999999));
#6425=CARTESIAN_POINT('Ctrl Pts',(56.6727537250734,126.525715011876,8.19999999999999));
#6426=CARTESIAN_POINT('Ctrl Pts',(56.6616905539352,126.49236088382,8.19999999999999));
#6427=CARTESIAN_POINT('',(56.7331690399963,126.931691223252,8.19999999999999));
#6428=CARTESIAN_POINT('Ctrl Pts',(56.7331690399963,126.931691223252,8.19999999999999));
#6429=CARTESIAN_POINT('Ctrl Pts',(56.7322971482531,126.895463918466,8.19999999999999));
#6430=CARTESIAN_POINT('Ctrl Pts',(56.7304846883012,126.820155785773,8.19999999999999));
#6431=CARTESIAN_POINT('Ctrl Pts',(56.72020049625,126.745525044522,8.19999999999999));
#6432=CARTESIAN_POINT('Ctrl Pts',(56.7148635595161,126.706795745957,8.19999999999999));
#6433=CARTESIAN_POINT('Ctrl Pts',(56.5501145332176,127.46777897464,8.19999999999999));
#6434=CARTESIAN_POINT('Ctrl Pts',(56.6034927579588,127.389284626519,8.19999999999999));
#6435=CARTESIAN_POINT('Ctrl Pts',(56.7134503958498,127.227588482651,8.19999999999999));
#6436=CARTESIAN_POINT('Ctrl Pts',(56.7264698141667,127.03221956325,8.19999999999999));
#6437=CARTESIAN_POINT('Ctrl Pts',(56.7331690399963,126.931691223252,8.19999999999999));
#6438=CARTESIAN_POINT('Ctrl Pts',(55.9451634495574,127.834760004151,8.19999999999999));
#6439=CARTESIAN_POINT('Ctrl Pts',(55.9451634495574,127.834760004151,8.99999999999999));
#6440=CARTESIAN_POINT('Ctrl Pts',(56.0710506393032,127.787696726065,8.19999999999999));
#6441=CARTESIAN_POINT('Ctrl Pts',(56.0710506393032,127.787696726065,8.99999999999999));
#6442=CARTESIAN_POINT('Ctrl Pts',(56.2965695561786,127.703385848048,8.19999999999999));
#6443=CARTESIAN_POINT('Ctrl Pts',(56.2965695561786,127.703385848048,8.99999999999999));
#6444=CARTESIAN_POINT('Ctrl Pts',(56.4724240090461,127.539972956581,8.19999999999999));
#6445=CARTESIAN_POINT('Ctrl Pts',(56.4724240090461,127.539972956581,8.99999999999999));
#6446=CARTESIAN_POINT('Ctrl Pts',(56.5501145332176,127.46777897464,8.19999999999999));
#6447=CARTESIAN_POINT('Ctrl Pts',(56.5501145332176,127.46777897464,8.99999999999999));
#6448=CARTESIAN_POINT('',(56.5501145332176,127.46777897464,8.99999999999999));
#6449=CARTESIAN_POINT('',(55.9451634495574,127.834760004151,8.99999999999999));
#6450=CARTESIAN_POINT('Origin',(55.0272763579208,128.163386040795,8.99999999999999));
#6451=CARTESIAN_POINT('',(54.1093892662841,128.492012077439,8.99999999999999));
#6452=CARTESIAN_POINT('Origin',(54.1093892662841,128.13113337146,8.99999999999999));
#6453=CARTESIAN_POINT('',(54.1093892662841,127.770254665482,8.99999999999999));
#6454=CARTESIAN_POINT('Ctrl Pts',(55.2094591467696,127.499160224068,8.19999999999999));
#6455=CARTESIAN_POINT('Ctrl Pts',(55.2094591467696,127.499160224068,8.99999999999999));
#6456=CARTESIAN_POINT('Ctrl Pts',(55.1099270151962,127.52329077536,8.19999999999999));
#6457=CARTESIAN_POINT('Ctrl Pts',(55.1099270151962,127.52329077536,8.99999999999999));
#6458=CARTESIAN_POINT('Ctrl Pts',(54.7428978633567,127.612273254026,8.19999999999999));
#6459=CARTESIAN_POINT('Ctrl Pts',(54.7428978633567,127.612273254026,8.99999999999999));
#6460=CARTESIAN_POINT('Ctrl Pts',(54.3764573077292,127.703654486199,8.19999999999999));
#6461=CARTESIAN_POINT('Ctrl Pts',(54.3764573077292,127.703654486199,8.99999999999999));
#6462=CARTESIAN_POINT('Ctrl Pts',(54.1093892662841,127.770254665482,8.19999999999999));
#6463=CARTESIAN_POINT('Ctrl Pts',(54.1093892662841,127.770254665482,8.99999999999999));
#6464=CARTESIAN_POINT('',(55.2094591467696,127.499160224068,8.99999999999999));
#6465=CARTESIAN_POINT('Ctrl Pts',(55.2948845236617,127.484341317284,8.19999999999999));
#6466=CARTESIAN_POINT('Ctrl Pts',(55.2948845236617,127.484341317284,8.99999999999999));
#6467=CARTESIAN_POINT('Ctrl Pts',(55.2813555011735,127.486344558274,8.19999999999999));
#6468=CARTESIAN_POINT('Ctrl Pts',(55.2813555011735,127.486344558274,8.99999999999999));
#6469=CARTESIAN_POINT('Ctrl Pts',(55.2527586590599,127.49057888979,8.19999999999999));
#6470=CARTESIAN_POINT('Ctrl Pts',(55.2527586590599,127.49057888979,8.99999999999999));
#6471=CARTESIAN_POINT('Ctrl Pts',(55.2244009604715,127.496198973668,8.19999999999999));
#6472=CARTESIAN_POINT('Ctrl Pts',(55.2244009604715,127.496198973668,8.99999999999999));
#6473=CARTESIAN_POINT('Ctrl Pts',(55.2094591467696,127.499160224068,8.19999999999999));
#6474=CARTESIAN_POINT('Ctrl Pts',(55.2094591467696,127.499160224068,8.99999999999999));
#6475=CARTESIAN_POINT('',(55.2948845236617,127.484341317284,8.99999999999999));
#6476=CARTESIAN_POINT('Origin',(55.2948845236617,127.480854743588,8.99999999999999));
#6477=CARTESIAN_POINT('',(55.2948845236617,127.477368169892,8.99999999999999));
#6478=CARTESIAN_POINT('Ctrl Pts',(54.9706167786437,127.409375959503,8.19999999999999));
#6479=CARTESIAN_POINT('Ctrl Pts',(54.9706167786437,127.409375959503,8.99999999999999));
#6480=CARTESIAN_POINT('Ctrl Pts',(55.0374096174298,127.42714119986,8.19999999999999));
#6481=CARTESIAN_POINT('Ctrl Pts',(55.0374096174298,127.42714119986,8.99999999999999));
#6482=CARTESIAN_POINT('Ctrl Pts',(55.144345491668,127.455583493122,8.19999999999999));
#6483=CARTESIAN_POINT('Ctrl Pts',(55.144345491668,127.455583493122,8.99999999999999));
#6484=CARTESIAN_POINT('Ctrl Pts',(55.2537970984764,127.471422361253,8.19999999999999));
#6485=CARTESIAN_POINT('Ctrl Pts',(55.2537970984764,127.471422361253,8.99999999999999));
#6486=CARTESIAN_POINT('Ctrl Pts',(55.2948845236617,127.477368169892,8.19999999999999));
#6487=CARTESIAN_POINT('Ctrl Pts',(55.2948845236617,127.477368169892,8.99999999999999));
#6488=CARTESIAN_POINT('',(54.9706167786437,127.409375959503,8.99999999999999));
#6489=CARTESIAN_POINT('Origin',(54.5400030224639,127.301286810505,8.99999999999999));
#6490=CARTESIAN_POINT('',(54.1093892662841,127.193197661507,8.99999999999999));
#6491=CARTESIAN_POINT('Origin',(54.1093892662841,126.782632821667,8.99999999999999));
#6492=CARTESIAN_POINT('',(54.1093892662841,126.372067981827,8.99999999999999));
#6493=CARTESIAN_POINT('Origin',(54.9985105603057,126.745150142777,8.99999999999999));
#6494=CARTESIAN_POINT('',(55.8876318543273,127.118232303726,8.99999999999999));
#6495=CARTESIAN_POINT('Origin',(55.9573669045287,127.089466804135,8.99999999999999));
#6496=CARTESIAN_POINT('',(56.0271019547302,127.060701304543,8.99999999999999));
#6497=CARTESIAN_POINT('Ctrl Pts',(56.1909792630988,126.785247975456,8.19999999999999));
#6498=CARTESIAN_POINT('Ctrl Pts',(56.1909792630988,126.785247975456,8.99999999999999));
#6499=CARTESIAN_POINT('Ctrl Pts',(56.185646744249,126.847923200746,8.19999999999999));
#6500=CARTESIAN_POINT('Ctrl Pts',(56.185646744249,126.847923200746,8.99999999999999));
#6501=CARTESIAN_POINT('Ctrl Pts',(56.1754963686123,126.967224622403,8.19999999999999));
#6502=CARTESIAN_POINT('Ctrl Pts',(56.1754963686123,126.967224622403,8.99999999999999));
#6503=CARTESIAN_POINT('Ctrl Pts',(56.0748659801554,127.030613766167,8.19999999999999));
#6504=CARTESIAN_POINT('Ctrl Pts',(56.0748659801554,127.030613766167,8.99999999999999));
#6505=CARTESIAN_POINT('Ctrl Pts',(56.0271019547302,127.060701304543,8.19999999999999));
#6506=CARTESIAN_POINT('Ctrl Pts',(56.0271019547302,127.060701304543,8.99999999999999));
#6507=CARTESIAN_POINT('',(56.1909792630988,126.785247975456,8.99999999999999));
#6508=CARTESIAN_POINT('Ctrl Pts',(56.1630851834136,126.622242385018,8.19999999999999));
#6509=CARTESIAN_POINT('Ctrl Pts',(56.1630851834136,126.622242385018,8.99999999999999));
#6510=CARTESIAN_POINT('Ctrl Pts',(56.1712166028036,126.65001471587,8.19999999999999));
#6511=CARTESIAN_POINT('Ctrl Pts',(56.1712166028036,126.65001471587,8.99999999999999));
#6512=CARTESIAN_POINT('Ctrl Pts',(56.1868159372642,126.703293221989,8.19999999999999));
#6513=CARTESIAN_POINT('Ctrl Pts',(56.1868159372642,126.703293221989,8.99999999999999));
#6514=CARTESIAN_POINT('Ctrl Pts',(56.1896314056656,126.758715504054,8.19999999999999));
#6515=CARTESIAN_POINT('Ctrl Pts',(56.1896314056656,126.758715504054,8.99999999999999));
#6516=CARTESIAN_POINT('Ctrl Pts',(56.1909792630988,126.785247975456,8.19999999999999));
#6517=CARTESIAN_POINT('Ctrl Pts',(56.1909792630988,126.785247975456,8.99999999999999));
#6518=CARTESIAN_POINT('',(56.1630851834136,126.622242385018,8.99999999999999));
#6519=CARTESIAN_POINT('Ctrl Pts',(56.1020673125106,126.49236088382,8.19999999999999));
#6520=CARTESIAN_POINT('Ctrl Pts',(56.1020673125106,126.49236088382,8.99999999999999));
#6521=CARTESIAN_POINT('Ctrl Pts',(56.1133395483874,126.510126894486,8.19999999999999));
#6522=CARTESIAN_POINT('Ctrl Pts',(56.1133395483874,126.510126894486,8.99999999999999));
#6523=CARTESIAN_POINT('Ctrl Pts',(56.1391380453729,126.550787538712,8.19999999999999));
#6524=CARTESIAN_POINT('Ctrl Pts',(56.1391380453729,126.550787538712,8.99999999999999));
#6525=CARTESIAN_POINT('Ctrl Pts',(56.1544586622285,126.596502075491,8.19999999999999));
#6526=CARTESIAN_POINT('Ctrl Pts',(56.1544586622285,126.596502075491,8.99999999999999));
#6527=CARTESIAN_POINT('Ctrl Pts',(56.1630851834136,126.622242385018,8.19999999999999));
#6528=CARTESIAN_POINT('Ctrl Pts',(56.1630851834136,126.622242385018,8.99999999999999));
#6529=CARTESIAN_POINT('',(56.1020673125106,126.49236088382,8.99999999999999));
#6530=CARTESIAN_POINT('Origin',(56.3818789332229,126.49236088382,8.99999999999999));
#6531=CARTESIAN_POINT('',(56.6616905539352,126.49236088382,8.99999999999999));
#6532=CARTESIAN_POINT('Ctrl Pts',(56.7148635595161,126.706795745957,8.19999999999999));
#6533=CARTESIAN_POINT('Ctrl Pts',(56.7148635595161,126.706795745957,8.99999999999999));
#6534=CARTESIAN_POINT('Ctrl Pts',(56.7083774857466,126.668627714006,8.19999999999999));
#6535=CARTESIAN_POINT('Ctrl Pts',(56.7083774857466,126.668627714006,8.99999999999999));
#6536=CARTESIAN_POINT('Ctrl Pts',(56.6960030405503,126.595808896888,8.19999999999999));
#6537=CARTESIAN_POINT('Ctrl Pts',(56.6960030405503,126.595808896888,8.99999999999999));
#6538=CARTESIAN_POINT('Ctrl Pts',(56.6727537250734,126.525715011876,8.19999999999999));
#6539=CARTESIAN_POINT('Ctrl Pts',(56.6727537250734,126.525715011876,8.99999999999999));
#6540=CARTESIAN_POINT('Ctrl Pts',(56.6616905539352,126.49236088382,8.19999999999999));
#6541=CARTESIAN_POINT('Ctrl Pts',(56.6616905539352,126.49236088382,8.99999999999999));
#6542=CARTESIAN_POINT('',(56.7148635595161,126.706795745957,8.99999999999999));
#6543=CARTESIAN_POINT('Ctrl Pts',(56.7331690399963,126.931691223252,8.19999999999999));
#6544=CARTESIAN_POINT('Ctrl Pts',(56.7331690399963,126.931691223252,8.99999999999999));
#6545=CARTESIAN_POINT('Ctrl Pts',(56.7322971482531,126.895463918466,8.19999999999999));
#6546=CARTESIAN_POINT('Ctrl Pts',(56.7322971482531,126.895463918466,8.99999999999999));
#6547=CARTESIAN_POINT('Ctrl Pts',(56.7304846883012,126.820155785773,8.19999999999999));
#6548=CARTESIAN_POINT('Ctrl Pts',(56.7304846883012,126.820155785773,8.99999999999999));
#6549=CARTESIAN_POINT('Ctrl Pts',(56.72020049625,126.745525044522,8.19999999999999));
#6550=CARTESIAN_POINT('Ctrl Pts',(56.72020049625,126.745525044522,8.99999999999999));
#6551=CARTESIAN_POINT('Ctrl Pts',(56.7148635595161,126.706795745957,8.19999999999999));
#6552=CARTESIAN_POINT('Ctrl Pts',(56.7148635595161,126.706795745957,8.99999999999999));
#6553=CARTESIAN_POINT('',(56.7331690399963,126.931691223252,8.99999999999999));
#6554=CARTESIAN_POINT('Ctrl Pts',(56.5501145332176,127.46777897464,8.19999999999999));
#6555=CARTESIAN_POINT('Ctrl Pts',(56.5501145332176,127.46777897464,8.99999999999999));
#6556=CARTESIAN_POINT('Ctrl Pts',(56.6034927579588,127.389284626519,8.19999999999999));
#6557=CARTESIAN_POINT('Ctrl Pts',(56.6034927579588,127.389284626519,8.99999999999999));
#6558=CARTESIAN_POINT('Ctrl Pts',(56.7134503958498,127.227588482651,8.19999999999999));
#6559=CARTESIAN_POINT('Ctrl Pts',(56.7134503958498,127.227588482651,8.99999999999999));
#6560=CARTESIAN_POINT('Ctrl Pts',(56.7264698141667,127.03221956325,8.19999999999999));
#6561=CARTESIAN_POINT('Ctrl Pts',(56.7264698141667,127.03221956325,8.99999999999999));
#6562=CARTESIAN_POINT('Ctrl Pts',(56.7331690399963,126.931691223252,8.19999999999999));
#6563=CARTESIAN_POINT('Ctrl Pts',(56.7331690399963,126.931691223252,8.99999999999999));
#6564=CARTESIAN_POINT('Origin',(60.,95.,8.19999999999999));
#6565=CARTESIAN_POINT('',(55.2582735627013,119.822207593786,8.19999999999999));
#6566=CARTESIAN_POINT('',(55.894605597766,120.06802355634,8.19999999999999));
#6567=CARTESIAN_POINT('',(55.2582735627013,119.822207593786,8.19999999999999));
#6568=CARTESIAN_POINT('',(54.9322623818237,119.633051359522,8.19999999999999));
#6569=CARTESIAN_POINT('Ctrl Pts',(54.9322623818237,119.633051359522,8.19999999999999));
#6570=CARTESIAN_POINT('Ctrl Pts',(54.9764943660398,119.668482498858,8.19999999999999));
#6571=CARTESIAN_POINT('Ctrl Pts',(55.0755054789412,119.747793355,8.19999999999999));
#6572=CARTESIAN_POINT('Ctrl Pts',(55.1931727066486,119.795701704203,8.19999999999999));
#6573=CARTESIAN_POINT('Ctrl Pts',(55.2582735627013,119.822207593786,8.19999999999999));
#6574=CARTESIAN_POINT('',(54.773615381034,119.368930065501,8.19999999999999));
#6575=CARTESIAN_POINT('Ctrl Pts',(54.773615381034,119.368930065501,8.19999999999999));
#6576=CARTESIAN_POINT('Ctrl Pts',(54.7919988863302,119.419178797144,8.19999999999999));
#6577=CARTESIAN_POINT('Ctrl Pts',(54.8279531495053,119.517454729433,8.19999999999999));
#6578=CARTESIAN_POINT('Ctrl Pts',(54.8980205967761,119.595104239485,8.19999999999999));
#6579=CARTESIAN_POINT('Ctrl Pts',(54.9322623818237,119.633051359522,8.19999999999999));
#6580=CARTESIAN_POINT('',(54.7666419356185,119.368930065501,8.19999999999999));
#6581=CARTESIAN_POINT('',(54.7666419356185,119.368930065501,8.19999999999999));
#6582=CARTESIAN_POINT('',(54.51385252765,119.802158826458,8.19999999999999));
#6583=CARTESIAN_POINT('Ctrl Pts',(54.51385252765,119.802158826458,8.19999999999999));
#6584=CARTESIAN_POINT('Ctrl Pts',(54.5687498218706,119.744653098572,8.19999999999999));
#6585=CARTESIAN_POINT('Ctrl Pts',(54.6871185745287,119.620660078931,8.19999999999999));
#6586=CARTESIAN_POINT('Ctrl Pts',(54.7388842483732,119.456796610467,8.19999999999999));
#6587=CARTESIAN_POINT('Ctrl Pts',(54.7666419356185,119.368930065501,8.19999999999999));
#6588=CARTESIAN_POINT('',(54.0814954846221,119.947730654347,8.19999999999999));
#6589=CARTESIAN_POINT('Ctrl Pts',(54.0814954846221,119.947730654347,8.19999999999999));
#6590=CARTESIAN_POINT('Ctrl Pts',(54.1629199101881,119.942557178664,8.19999999999999));
#6591=CARTESIAN_POINT('Ctrl Pts',(54.3202811297879,119.932558895749,8.19999999999999));
#6592=CARTESIAN_POINT('Ctrl Pts',(54.4508464559679,119.844603093555,8.19999999999999));
#6593=CARTESIAN_POINT('Ctrl Pts',(54.51385252765,119.802158826458,8.19999999999999));
#6594=CARTESIAN_POINT('',(53.5663280694801,119.697556251156,8.19999999999999));
#6595=CARTESIAN_POINT('Ctrl Pts',(53.5663280694801,119.697556251156,8.19999999999999));
#6596=CARTESIAN_POINT('Ctrl Pts',(53.6327053279187,119.770496315258,8.19999999999999));
#6597=CARTESIAN_POINT('Ctrl Pts',(53.7705482292011,119.921967923033,8.19999999999999));
#6598=CARTESIAN_POINT('Ctrl Pts',(53.9753266438234,119.938934309399,8.19999999999999));
#6599=CARTESIAN_POINT('Ctrl Pts',(54.0814954846221,119.947730654347,8.19999999999999));
#6600=CARTESIAN_POINT('',(53.394605597766,118.92262598263,8.19999999999999));
#6601=CARTESIAN_POINT('Ctrl Pts',(53.394605597766,118.92262598263,8.19999999999999));
#6602=CARTESIAN_POINT('Ctrl Pts',(53.3966659493127,119.077646094268,8.19999999999999));
#6603=CARTESIAN_POINT('Ctrl Pts',(53.4002727151357,119.349017861591,8.19999999999999));
#6604=CARTESIAN_POINT('Ctrl Pts',(53.5164966322576,119.592963605241,8.19999999999999));
#6605=CARTESIAN_POINT('Ctrl Pts',(53.5663280694801,119.697556251156,8.19999999999999));
#6606=CARTESIAN_POINT('',(53.394605597766,117.921928612011,8.19999999999999));
#6607=CARTESIAN_POINT('',(53.394605597766,117.921928612011,8.19999999999999));
#6608=CARTESIAN_POINT('',(55.894605597766,117.921928612011,8.19999999999999));
#6609=CARTESIAN_POINT('',(55.894605597766,117.921928612011,8.19999999999999));
#6610=CARTESIAN_POINT('',(55.894605597766,118.675066658723,8.19999999999999));
#6611=CARTESIAN_POINT('',(55.894605597766,118.675066658723,8.19999999999999));
#6612=CARTESIAN_POINT('',(55.0159443228561,118.675066658723,8.19999999999999));
#6613=CARTESIAN_POINT('',(55.0159443228561,118.675066658723,8.19999999999999));
#6614=CARTESIAN_POINT('',(55.0159443228561,118.704704025256,8.19999999999999));
#6615=CARTESIAN_POINT('',(55.0159443228561,118.704704025256,8.19999999999999));
#6616=CARTESIAN_POINT('',(55.1066000073272,118.892116898167,8.19999999999999));
#6617=CARTESIAN_POINT('Ctrl Pts',(55.1066000073272,118.892116898167,8.19999999999999));
#6618=CARTESIAN_POINT('Ctrl Pts',(55.0801878489602,118.863870817293,8.19999999999999));
#6619=CARTESIAN_POINT('Ctrl Pts',(55.030357014601,118.810579989721,8.19999999999999));
#6620=CARTESIAN_POINT('Ctrl Pts',(55.0205522192984,118.738553738316,8.19999999999999));
#6621=CARTESIAN_POINT('Ctrl Pts',(55.0159443228561,118.704704025256,8.19999999999999));
#6622=CARTESIAN_POINT('',(55.355902692588,119.032458567488,8.19999999999999));
#6623=CARTESIAN_POINT('Ctrl Pts',(55.355902692588,119.032458567488,8.19999999999999));
#6624=CARTESIAN_POINT('Ctrl Pts',(55.3072054041642,119.01433761282,8.19999999999999));
#6625=CARTESIAN_POINT('Ctrl Pts',(55.2166079607898,118.980625013667,8.19999999999999));
#6626=CARTESIAN_POINT('Ctrl Pts',(55.1413881872954,118.920106113071,8.19999999999999));
#6627=CARTESIAN_POINT('Ctrl Pts',(55.1066000073272,118.892116898167,8.19999999999999));
#6628=CARTESIAN_POINT('',(55.894605597766,119.218999796974,8.19999999999999));
#6629=CARTESIAN_POINT('',(55.894605597766,119.218999796974,8.19999999999999));
#6630=CARTESIAN_POINT('',(55.894605597766,120.06802355634,8.19999999999999));
#6631=CARTESIAN_POINT('',(54.4877018838245,118.811049961912,8.19999999999999));
#6632=CARTESIAN_POINT('',(54.4022765069324,119.055122488606,8.19999999999999));
#6633=CARTESIAN_POINT('Ctrl Pts',(54.4877018838245,118.811049961912,8.19999999999999));
#6634=CARTESIAN_POINT('Ctrl Pts',(54.4849382051217,118.858241812072,8.19999999999999));
#6635=CARTESIAN_POINT('Ctrl Pts',(54.4796823944704,118.947988651484,8.19999999999999));
#6636=CARTESIAN_POINT('Ctrl Pts',(54.427174172713,119.02066280401,8.19999999999999));
#6637=CARTESIAN_POINT('Ctrl Pts',(54.4022765069324,119.055122488606,8.19999999999999));
#6638=CARTESIAN_POINT('',(54.4877018838245,118.675066658723,8.19999999999999));
#6639=CARTESIAN_POINT('',(54.4877018838245,118.675066658723,8.19999999999999));
#6640=CARTESIAN_POINT('',(53.9158747403938,118.675066658723,8.19999999999999));
#6641=CARTESIAN_POINT('',(53.9158747403938,118.675066658723,8.19999999999999));
#6642=CARTESIAN_POINT('',(53.9158747403938,118.830227085817,8.19999999999999));
#6643=CARTESIAN_POINT('',(53.9158747403938,118.830227085817,8.19999999999999));
#6644=CARTESIAN_POINT('',(53.9890965133029,119.070812815296,8.19999999999999));
#6645=CARTESIAN_POINT('Ctrl Pts',(53.9890965133029,119.070812815296,8.19999999999999));
#6646=CARTESIAN_POINT('Ctrl Pts',(53.9678174774083,119.038959275236,8.19999999999999));
#6647=CARTESIAN_POINT('Ctrl Pts',(53.9195074249862,118.966641798178,8.19999999999999));
#6648=CARTESIAN_POINT('Ctrl Pts',(53.9171780820987,118.879170223946,8.19999999999999));
#6649=CARTESIAN_POINT('Ctrl Pts',(53.9158747403938,118.830227085817,8.19999999999999));
#6650=CARTESIAN_POINT('',(54.1878413467723,119.147521310913,8.19999999999999));
#6651=CARTESIAN_POINT('Ctrl Pts',(54.1878413467723,119.147521310913,8.19999999999999));
#6652=CARTESIAN_POINT('Ctrl Pts',(54.1488280668102,119.144978514943,8.19999999999999));
#6653=CARTESIAN_POINT('Ctrl Pts',(54.0743430295783,119.140123751316,8.19999999999999));
#6654=CARTESIAN_POINT('Ctrl Pts',(54.016596803277,119.09317233123,8.19999999999999));
#6655=CARTESIAN_POINT('Ctrl Pts',(53.9890965133029,119.070812815296,8.19999999999999));
#6656=CARTESIAN_POINT('Ctrl Pts',(54.4022765069324,119.055122488606,8.19999999999999));
#6657=CARTESIAN_POINT('Ctrl Pts',(54.3718351954472,119.082071762196,8.19999999999999));
#6658=CARTESIAN_POINT('Ctrl Pts',(54.3105186441108,119.136354460181,8.19999999999999));
#6659=CARTESIAN_POINT('Ctrl Pts',(54.2289262517387,119.14378150729,8.19999999999999));
#6660=CARTESIAN_POINT('Ctrl Pts',(54.1878413467723,119.147521310913,8.19999999999999));
#6661=CARTESIAN_POINT('Origin',(55.5764395802337,119.945115575063,8.99999999999999));
#6662=CARTESIAN_POINT('',(55.894605597766,120.06802355634,8.99999999999999));
#6663=CARTESIAN_POINT('',(55.2582735627013,119.822207593786,8.99999999999999));
#6664=CARTESIAN_POINT('Ctrl Pts',(54.9322623818237,119.633051359522,8.19999999999999));
#6665=CARTESIAN_POINT('Ctrl Pts',(54.9322623818237,119.633051359522,8.99999999999999));
#6666=CARTESIAN_POINT('Ctrl Pts',(54.9764943660398,119.668482498858,8.19999999999999));
#6667=CARTESIAN_POINT('Ctrl Pts',(54.9764943660398,119.668482498858,8.99999999999999));
#6668=CARTESIAN_POINT('Ctrl Pts',(55.0755054789412,119.747793355,8.19999999999999));
#6669=CARTESIAN_POINT('Ctrl Pts',(55.0755054789412,119.747793355,8.99999999999999));
#6670=CARTESIAN_POINT('Ctrl Pts',(55.1931727066486,119.795701704203,8.19999999999999));
#6671=CARTESIAN_POINT('Ctrl Pts',(55.1931727066486,119.795701704203,8.99999999999999));
#6672=CARTESIAN_POINT('Ctrl Pts',(55.2582735627013,119.822207593786,8.19999999999999));
#6673=CARTESIAN_POINT('Ctrl Pts',(55.2582735627013,119.822207593786,8.99999999999999));
#6674=CARTESIAN_POINT('',(54.9322623818237,119.633051359522,8.99999999999999));
#6675=CARTESIAN_POINT('Ctrl Pts',(54.773615381034,119.368930065501,8.19999999999999));
#6676=CARTESIAN_POINT('Ctrl Pts',(54.773615381034,119.368930065501,8.99999999999999));
#6677=CARTESIAN_POINT('Ctrl Pts',(54.7919988863302,119.419178797144,8.19999999999999));
#6678=CARTESIAN_POINT('Ctrl Pts',(54.7919988863302,119.419178797144,8.99999999999999));
#6679=CARTESIAN_POINT('Ctrl Pts',(54.8279531495053,119.517454729433,8.19999999999999));
#6680=CARTESIAN_POINT('Ctrl Pts',(54.8279531495053,119.517454729433,8.99999999999999));
#6681=CARTESIAN_POINT('Ctrl Pts',(54.8980205967761,119.595104239485,8.19999999999999));
#6682=CARTESIAN_POINT('Ctrl Pts',(54.8980205967761,119.595104239485,8.99999999999999));
#6683=CARTESIAN_POINT('Ctrl Pts',(54.9322623818237,119.633051359522,8.19999999999999));
#6684=CARTESIAN_POINT('Ctrl Pts',(54.9322623818237,119.633051359522,8.99999999999999));
#6685=CARTESIAN_POINT('',(54.773615381034,119.368930065501,8.99999999999999));
#6686=CARTESIAN_POINT('Origin',(54.7701286583263,119.368930065501,8.99999999999999));
#6687=CARTESIAN_POINT('',(54.7666419356185,119.368930065501,8.99999999999999));
#6688=CARTESIAN_POINT('Ctrl Pts',(54.51385252765,119.802158826458,8.19999999999999));
#6689=CARTESIAN_POINT('Ctrl Pts',(54.51385252765,119.802158826458,8.99999999999999));
#6690=CARTESIAN_POINT('Ctrl Pts',(54.5687498218706,119.744653098572,8.19999999999999));
#6691=CARTESIAN_POINT('Ctrl Pts',(54.5687498218706,119.744653098572,8.99999999999999));
#6692=CARTESIAN_POINT('Ctrl Pts',(54.6871185745287,119.620660078931,8.19999999999999));
#6693=CARTESIAN_POINT('Ctrl Pts',(54.6871185745287,119.620660078931,8.99999999999999));
#6694=CARTESIAN_POINT('Ctrl Pts',(54.7388842483732,119.456796610467,8.19999999999999));
#6695=CARTESIAN_POINT('Ctrl Pts',(54.7388842483732,119.456796610467,8.99999999999999));
#6696=CARTESIAN_POINT('Ctrl Pts',(54.7666419356185,119.368930065501,8.19999999999999));
#6697=CARTESIAN_POINT('Ctrl Pts',(54.7666419356185,119.368930065501,8.99999999999999));
#6698=CARTESIAN_POINT('',(54.51385252765,119.802158826458,8.99999999999999));
#6699=CARTESIAN_POINT('Ctrl Pts',(54.0814954846221,119.947730654347,8.19999999999999));
#6700=CARTESIAN_POINT('Ctrl Pts',(54.0814954846221,119.947730654347,8.99999999999999));
#6701=CARTESIAN_POINT('Ctrl Pts',(54.1629199101881,119.942557178664,8.19999999999999));
#6702=CARTESIAN_POINT('Ctrl Pts',(54.1629199101881,119.942557178664,8.99999999999999));
#6703=CARTESIAN_POINT('Ctrl Pts',(54.3202811297879,119.932558895749,8.19999999999999));
#6704=CARTESIAN_POINT('Ctrl Pts',(54.3202811297879,119.932558895749,8.99999999999999));
#6705=CARTESIAN_POINT('Ctrl Pts',(54.4508464559679,119.844603093555,8.19999999999999));
#6706=CARTESIAN_POINT('Ctrl Pts',(54.4508464559679,119.844603093555,8.99999999999999));
#6707=CARTESIAN_POINT('Ctrl Pts',(54.51385252765,119.802158826458,8.19999999999999));
#6708=CARTESIAN_POINT('Ctrl Pts',(54.51385252765,119.802158826458,8.99999999999999));
#6709=CARTESIAN_POINT('',(54.0814954846221,119.947730654347,8.99999999999999));
#6710=CARTESIAN_POINT('Ctrl Pts',(53.5663280694801,119.697556251156,8.19999999999999));
#6711=CARTESIAN_POINT('Ctrl Pts',(53.5663280694801,119.697556251156,8.99999999999999));
#6712=CARTESIAN_POINT('Ctrl Pts',(53.6327053279187,119.770496315258,8.19999999999999));
#6713=CARTESIAN_POINT('Ctrl Pts',(53.6327053279187,119.770496315258,8.99999999999999));
#6714=CARTESIAN_POINT('Ctrl Pts',(53.7705482292011,119.921967923033,8.19999999999999));
#6715=CARTESIAN_POINT('Ctrl Pts',(53.7705482292011,119.921967923033,8.99999999999999));
#6716=CARTESIAN_POINT('Ctrl Pts',(53.9753266438234,119.938934309399,8.19999999999999));
#6717=CARTESIAN_POINT('Ctrl Pts',(53.9753266438234,119.938934309399,8.99999999999999));
#6718=CARTESIAN_POINT('Ctrl Pts',(54.0814954846221,119.947730654347,8.19999999999999));
#6719=CARTESIAN_POINT('Ctrl Pts',(54.0814954846221,119.947730654347,8.99999999999999));
#6720=CARTESIAN_POINT('',(53.5663280694801,119.697556251156,8.99999999999999));
#6721=CARTESIAN_POINT('Ctrl Pts',(53.394605597766,118.92262598263,8.19999999999999));
#6722=CARTESIAN_POINT('Ctrl Pts',(53.394605597766,118.92262598263,8.99999999999999));
#6723=CARTESIAN_POINT('Ctrl Pts',(53.3966659493127,119.077646094268,8.19999999999999));
#6724=CARTESIAN_POINT('Ctrl Pts',(53.3966659493127,119.077646094268,8.99999999999999));
#6725=CARTESIAN_POINT('Ctrl Pts',(53.4002727151357,119.349017861591,8.19999999999999));
#6726=CARTESIAN_POINT('Ctrl Pts',(53.4002727151357,119.349017861591,8.99999999999999));
#6727=CARTESIAN_POINT('Ctrl Pts',(53.5164966322576,119.592963605241,8.19999999999999));
#6728=CARTESIAN_POINT('Ctrl Pts',(53.5164966322576,119.592963605241,8.99999999999999));
#6729=CARTESIAN_POINT('Ctrl Pts',(53.5663280694801,119.697556251156,8.19999999999999));
#6730=CARTESIAN_POINT('Ctrl Pts',(53.5663280694801,119.697556251156,8.99999999999999));
#6731=CARTESIAN_POINT('',(53.394605597766,118.92262598263,8.99999999999999));
#6732=CARTESIAN_POINT('Origin',(53.394605597766,118.422277297321,8.99999999999999));
#6733=CARTESIAN_POINT('',(53.394605597766,117.921928612011,8.99999999999999));
#6734=CARTESIAN_POINT('Origin',(54.644605597766,117.921928612011,8.99999999999999));
#6735=CARTESIAN_POINT('',(55.894605597766,117.921928612011,8.99999999999999));
#6736=CARTESIAN_POINT('Origin',(55.894605597766,118.298497635367,8.99999999999999));
#6737=CARTESIAN_POINT('',(55.894605597766,118.675066658723,8.99999999999999));
#6738=CARTESIAN_POINT('Origin',(55.4552749603111,118.675066658723,8.99999999999999));
#6739=CARTESIAN_POINT('',(55.0159443228561,118.675066658723,8.99999999999999));
#6740=CARTESIAN_POINT('Origin',(55.0159443228561,118.68988534199,8.99999999999999));
#6741=CARTESIAN_POINT('',(55.0159443228561,118.704704025256,8.99999999999999));
#6742=CARTESIAN_POINT('Ctrl Pts',(55.1066000073272,118.892116898167,8.19999999999999));
#6743=CARTESIAN_POINT('Ctrl Pts',(55.1066000073272,118.892116898167,8.99999999999999));
#6744=CARTESIAN_POINT('Ctrl Pts',(55.0801878489602,118.863870817293,8.19999999999999));
#6745=CARTESIAN_POINT('Ctrl Pts',(55.0801878489602,118.863870817293,8.99999999999999));
#6746=CARTESIAN_POINT('Ctrl Pts',(55.030357014601,118.810579989721,8.19999999999999));
#6747=CARTESIAN_POINT('Ctrl Pts',(55.030357014601,118.810579989721,8.99999999999999));
#6748=CARTESIAN_POINT('Ctrl Pts',(55.0205522192984,118.738553738316,8.19999999999999));
#6749=CARTESIAN_POINT('Ctrl Pts',(55.0205522192984,118.738553738316,8.99999999999999));
#6750=CARTESIAN_POINT('Ctrl Pts',(55.0159443228561,118.704704025256,8.19999999999999));
#6751=CARTESIAN_POINT('Ctrl Pts',(55.0159443228561,118.704704025256,8.99999999999999));
#6752=CARTESIAN_POINT('',(55.1066000073272,118.892116898167,8.99999999999999));
#6753=CARTESIAN_POINT('Ctrl Pts',(55.355902692588,119.032458567488,8.19999999999999));
#6754=CARTESIAN_POINT('Ctrl Pts',(55.355902692588,119.032458567488,8.99999999999999));
#6755=CARTESIAN_POINT('Ctrl Pts',(55.3072054041642,119.01433761282,8.19999999999999));
#6756=CARTESIAN_POINT('Ctrl Pts',(55.3072054041642,119.01433761282,8.99999999999999));
#6757=CARTESIAN_POINT('Ctrl Pts',(55.2166079607898,118.980625013667,8.19999999999999));
#6758=CARTESIAN_POINT('Ctrl Pts',(55.2166079607898,118.980625013667,8.99999999999999));
#6759=CARTESIAN_POINT('Ctrl Pts',(55.1413881872954,118.920106113071,8.19999999999999));
#6760=CARTESIAN_POINT('Ctrl Pts',(55.1413881872954,118.920106113071,8.99999999999999));
#6761=CARTESIAN_POINT('Ctrl Pts',(55.1066000073272,118.892116898167,8.19999999999999));
#6762=CARTESIAN_POINT('Ctrl Pts',(55.1066000073272,118.892116898167,8.99999999999999));
#6763=CARTESIAN_POINT('',(55.355902692588,119.032458567488,8.99999999999999));
#6764=CARTESIAN_POINT('Origin',(55.625254145177,119.125729182231,8.99999999999999));
#6765=CARTESIAN_POINT('',(55.894605597766,119.218999796974,8.99999999999999));
#6766=CARTESIAN_POINT('Origin',(55.894605597766,119.643511676657,8.99999999999999));
#6767=CARTESIAN_POINT('Ctrl Pts',(54.4877018838245,118.811049961912,8.19999999999999));
#6768=CARTESIAN_POINT('Ctrl Pts',(54.4877018838245,118.811049961912,8.99999999999999));
#6769=CARTESIAN_POINT('Ctrl Pts',(54.4849382051217,118.858241812072,8.19999999999999));
#6770=CARTESIAN_POINT('Ctrl Pts',(54.4849382051217,118.858241812072,8.99999999999999));
#6771=CARTESIAN_POINT('Ctrl Pts',(54.4796823944704,118.947988651484,8.19999999999999));
#6772=CARTESIAN_POINT('Ctrl Pts',(54.4796823944704,118.947988651484,8.99999999999999));
#6773=CARTESIAN_POINT('Ctrl Pts',(54.427174172713,119.02066280401,8.19999999999999));
#6774=CARTESIAN_POINT('Ctrl Pts',(54.427174172713,119.02066280401,8.99999999999999));
#6775=CARTESIAN_POINT('Ctrl Pts',(54.4022765069324,119.055122488606,8.19999999999999));
#6776=CARTESIAN_POINT('Ctrl Pts',(54.4022765069324,119.055122488606,8.99999999999999));
#6777=CARTESIAN_POINT('',(54.4022765069324,119.055122488606,8.99999999999999));
#6778=CARTESIAN_POINT('',(54.4022765069324,119.055122488606,8.99999999999999));
#6779=CARTESIAN_POINT('',(54.4877018838245,118.811049961912,8.99999999999999));
#6780=CARTESIAN_POINT('Ctrl Pts',(54.4877018838245,118.811049961912,8.99999999999999));
#6781=CARTESIAN_POINT('Ctrl Pts',(54.4849382051217,118.858241812072,8.99999999999999));
#6782=CARTESIAN_POINT('Ctrl Pts',(54.4796823944704,118.947988651484,8.99999999999999));
#6783=CARTESIAN_POINT('Ctrl Pts',(54.427174172713,119.02066280401,8.99999999999999));
#6784=CARTESIAN_POINT('Ctrl Pts',(54.4022765069324,119.055122488606,8.99999999999999));
#6785=CARTESIAN_POINT('',(54.4877018838245,118.811049961912,8.99999999999999));
#6786=CARTESIAN_POINT('Origin',(54.4877018838245,118.743058310318,8.99999999999999));
#6787=CARTESIAN_POINT('',(54.4877018838245,118.675066658723,8.99999999999999));
#6788=CARTESIAN_POINT('',(54.4877018838245,106.871529155159,8.99999999999999));
#6789=CARTESIAN_POINT('',(54.4877018838245,118.675066658723,8.99999999999999));
#6790=CARTESIAN_POINT('Origin',(54.2017883121091,118.675066658723,8.99999999999999));
#6791=CARTESIAN_POINT('',(53.9158747403938,118.675066658723,8.99999999999999));
#6792=CARTESIAN_POINT('',(57.1008941560546,118.675066658723,8.99999999999999));
#6793=CARTESIAN_POINT('',(53.9158747403938,118.675066658723,8.99999999999999));
#6794=CARTESIAN_POINT('Origin',(53.9158747403938,118.75264687227,8.99999999999999));
#6795=CARTESIAN_POINT('',(53.9158747403938,118.830227085817,8.99999999999999));
#6796=CARTESIAN_POINT('',(53.9158747403938,106.876323436135,8.99999999999999));
#6797=CARTESIAN_POINT('',(53.9158747403938,118.830227085817,8.99999999999999));
#6798=CARTESIAN_POINT('Ctrl Pts',(53.9890965133029,119.070812815296,8.19999999999999));
#6799=CARTESIAN_POINT('Ctrl Pts',(53.9890965133029,119.070812815296,8.99999999999999));
#6800=CARTESIAN_POINT('Ctrl Pts',(53.9678174774083,119.038959275236,8.19999999999999));
#6801=CARTESIAN_POINT('Ctrl Pts',(53.9678174774083,119.038959275236,8.99999999999999));
#6802=CARTESIAN_POINT('Ctrl Pts',(53.9195074249862,118.966641798178,8.19999999999999));
#6803=CARTESIAN_POINT('Ctrl Pts',(53.9195074249862,118.966641798178,8.99999999999999));
#6804=CARTESIAN_POINT('Ctrl Pts',(53.9171780820987,118.879170223946,8.19999999999999));
#6805=CARTESIAN_POINT('Ctrl Pts',(53.9171780820987,118.879170223946,8.99999999999999));
#6806=CARTESIAN_POINT('Ctrl Pts',(53.9158747403938,118.830227085817,8.19999999999999));
#6807=CARTESIAN_POINT('Ctrl Pts',(53.9158747403938,118.830227085817,8.99999999999999));
#6808=CARTESIAN_POINT('',(53.9890965133029,119.070812815296,8.99999999999999));
#6809=CARTESIAN_POINT('Ctrl Pts',(53.9890965133029,119.070812815296,8.99999999999999));
#6810=CARTESIAN_POINT('Ctrl Pts',(53.9678174774083,119.038959275236,8.99999999999999));
#6811=CARTESIAN_POINT('Ctrl Pts',(53.9195074249862,118.966641798178,8.99999999999999));
#6812=CARTESIAN_POINT('Ctrl Pts',(53.9171780820987,118.879170223946,8.99999999999999));
#6813=CARTESIAN_POINT('Ctrl Pts',(53.9158747403938,118.830227085817,8.99999999999999));
#6814=CARTESIAN_POINT('',(53.9890965133029,119.070812815296,8.99999999999999));
#6815=CARTESIAN_POINT('Ctrl Pts',(54.1878413467723,119.147521310913,8.19999999999999));
#6816=CARTESIAN_POINT('Ctrl Pts',(54.1878413467723,119.147521310913,8.99999999999999));
#6817=CARTESIAN_POINT('Ctrl Pts',(54.1488280668102,119.144978514943,8.19999999999999));
#6818=CARTESIAN_POINT('Ctrl Pts',(54.1488280668102,119.144978514943,8.99999999999999));
#6819=CARTESIAN_POINT('Ctrl Pts',(54.0743430295783,119.140123751316,8.19999999999999));
#6820=CARTESIAN_POINT('Ctrl Pts',(54.0743430295783,119.140123751316,8.99999999999999));
#6821=CARTESIAN_POINT('Ctrl Pts',(54.016596803277,119.09317233123,8.19999999999999));
#6822=CARTESIAN_POINT('Ctrl Pts',(54.016596803277,119.09317233123,8.99999999999999));
#6823=CARTESIAN_POINT('Ctrl Pts',(53.9890965133029,119.070812815296,8.19999999999999));
#6824=CARTESIAN_POINT('Ctrl Pts',(53.9890965133029,119.070812815296,8.99999999999999));
#6825=CARTESIAN_POINT('',(54.1878413467723,119.147521310913,8.99999999999999));
#6826=CARTESIAN_POINT('Ctrl Pts',(54.1878413467723,119.147521310913,8.99999999999999));
#6827=CARTESIAN_POINT('Ctrl Pts',(54.1488280668102,119.144978514943,8.99999999999999));
#6828=CARTESIAN_POINT('Ctrl Pts',(54.0743430295783,119.140123751316,8.99999999999999));
#6829=CARTESIAN_POINT('Ctrl Pts',(54.016596803277,119.09317233123,8.99999999999999));
#6830=CARTESIAN_POINT('Ctrl Pts',(53.9890965133029,119.070812815296,8.99999999999999));
#6831=CARTESIAN_POINT('',(54.1878413467723,119.147521310913,8.99999999999999));
#6832=CARTESIAN_POINT('Ctrl Pts',(54.4022765069324,119.055122488606,8.19999999999999));
#6833=CARTESIAN_POINT('Ctrl Pts',(54.4022765069324,119.055122488606,8.99999999999999));
#6834=CARTESIAN_POINT('Ctrl Pts',(54.3718351954472,119.082071762196,8.19999999999999));
#6835=CARTESIAN_POINT('Ctrl Pts',(54.3718351954472,119.082071762196,8.99999999999999));
#6836=CARTESIAN_POINT('Ctrl Pts',(54.3105186441108,119.136354460181,8.19999999999999));
#6837=CARTESIAN_POINT('Ctrl Pts',(54.3105186441108,119.136354460181,8.99999999999999));
#6838=CARTESIAN_POINT('Ctrl Pts',(54.2289262517387,119.14378150729,8.19999999999999));
#6839=CARTESIAN_POINT('Ctrl Pts',(54.2289262517387,119.14378150729,8.99999999999999));
#6840=CARTESIAN_POINT('Ctrl Pts',(54.1878413467723,119.147521310913,8.19999999999999));
#6841=CARTESIAN_POINT('Ctrl Pts',(54.1878413467723,119.147521310913,8.99999999999999));
#6842=CARTESIAN_POINT('Ctrl Pts',(54.4022765069324,119.055122488606,8.99999999999999));
#6843=CARTESIAN_POINT('Ctrl Pts',(54.3718351954472,119.082071762196,8.99999999999999));
#6844=CARTESIAN_POINT('Ctrl Pts',(54.3105186441108,119.136354460181,8.99999999999999));
#6845=CARTESIAN_POINT('Ctrl Pts',(54.2289262517387,119.14378150729,8.99999999999999));
#6846=CARTESIAN_POINT('Ctrl Pts',(54.1878413467723,119.147521310913,8.99999999999999));
#6847=CARTESIAN_POINT('Origin',(60.,95.,8.19999999999999));
#6848=CARTESIAN_POINT('',(45.3824970126152,158.722106248606,8.19999999999999));
#6849=CARTESIAN_POINT('',(46.5000006556511,158.722106248606,8.19999999999999));
#6850=CARTESIAN_POINT('',(45.3824970126152,158.722106248606,8.19999999999999));
#6851=CARTESIAN_POINT('',(44.854254424572,158.572174340952,8.19999999999999));
#6852=CARTESIAN_POINT('Ctrl Pts',(44.854254424572,158.572174340952,8.19999999999999));
#6853=CARTESIAN_POINT('Ctrl Pts',(44.926926407924,158.61578714424,8.19999999999999));
#6854=CARTESIAN_POINT('Ctrl Pts',(45.088728454367,158.712889775784,8.19999999999999));
#6855=CARTESIAN_POINT('Ctrl Pts',(45.2781516174426,158.718832595005,8.19999999999999));
#6856=CARTESIAN_POINT('Ctrl Pts',(45.3824970126152,158.722106248606,8.19999999999999));
#6857=CARTESIAN_POINT('',(44.6712000668049,158.141561776865,8.19999999999999));
#6858=CARTESIAN_POINT('Ctrl Pts',(44.6712000668049,158.141561776865,8.19999999999999));
#6859=CARTESIAN_POINT('Ctrl Pts',(44.6772049868808,158.228286087036,8.19999999999999));
#6860=CARTESIAN_POINT('Ctrl Pts',(44.6886501801162,158.393579958654,8.19999999999999));
#6861=CARTESIAN_POINT('Ctrl Pts',(44.8008989349964,158.514633601376,8.19999999999999));
#6862=CARTESIAN_POINT('Ctrl Pts',(44.854254424572,158.572174340952,8.19999999999999));
#6863=CARTESIAN_POINT('',(44.7522670030594,157.792886525858,8.19999999999999));
#6864=CARTESIAN_POINT('Ctrl Pts',(44.7522670030594,157.792886525858,8.19999999999999));
#6865=CARTESIAN_POINT('Ctrl Pts',(44.7286255504424,157.847299237571,8.19999999999999));
#6866=CARTESIAN_POINT('Ctrl Pts',(44.6803045946425,157.958513818174,8.19999999999999));
#6867=CARTESIAN_POINT('Ctrl Pts',(44.6742780642158,158.079678156651,8.19999999999999));
#6868=CARTESIAN_POINT('Ctrl Pts',(44.6712000668049,158.141561776865,8.19999999999999));
#6869=CARTESIAN_POINT('',(44.98326420784,157.541841298807,8.19999999999999));
#6870=CARTESIAN_POINT('Ctrl Pts',(44.98326420784,157.541841298807,8.19999999999999));
#6871=CARTESIAN_POINT('Ctrl Pts',(44.9361653593776,157.575820291796,8.19999999999999));
#6872=CARTESIAN_POINT('Ctrl Pts',(44.8420277639783,157.643734918129,8.19999999999999));
#6873=CARTESIAN_POINT('Ctrl Pts',(44.7821745190629,157.743190488866,8.19999999999999));
#6874=CARTESIAN_POINT('Ctrl Pts',(44.7522670030594,157.792886525858,8.19999999999999));
#6875=CARTESIAN_POINT('',(44.7461652755737,157.324789792765,8.19999999999999));
#6876=CARTESIAN_POINT('Ctrl Pts',(44.7461652755737,157.324789792765,8.19999999999999));
#6877=CARTESIAN_POINT('Ctrl Pts',(44.7761172858312,157.366999023866,8.19999999999999));
#6878=CARTESIAN_POINT('Ctrl Pts',(44.8394460754271,157.456243768789,8.19999999999999));
#6879=CARTESIAN_POINT('Ctrl Pts',(44.9336270863867,157.512298327262,8.19999999999999));
#6880=CARTESIAN_POINT('Ctrl Pts',(44.98326420784,157.541841298807,8.19999999999999));
#6881=CARTESIAN_POINT('',(44.6712000668049,157.004880935419,8.19999999999999));
#6882=CARTESIAN_POINT('Ctrl Pts',(44.6712000668049,157.004880935419,8.19999999999999));
#6883=CARTESIAN_POINT('Ctrl Pts',(44.6734721786974,157.06417721311,8.19999999999999));
#6884=CARTESIAN_POINT('Ctrl Pts',(44.6777511050535,157.175846187802,8.19999999999999));
#6885=CARTESIAN_POINT('Ctrl Pts',(44.7243230534952,157.277237373843,8.19999999999999));
#6886=CARTESIAN_POINT('Ctrl Pts',(44.7461652755737,157.324789792765,8.19999999999999));
#6887=CARTESIAN_POINT('',(44.7191429138184,156.755577952135,8.19999999999999));
#6888=CARTESIAN_POINT('Ctrl Pts',(44.7191429138184,156.755577952135,8.19999999999999));
#6889=CARTESIAN_POINT('Ctrl Pts',(44.7051610273007,156.795142523227,8.19999999999999));
#6890=CARTESIAN_POINT('Ctrl Pts',(44.6766536712496,156.875809843314,8.19999999999999));
#6891=CARTESIAN_POINT('Ctrl Pts',(44.673040897941,156.961313770341,8.19999999999999));
#6892=CARTESIAN_POINT('Ctrl Pts',(44.6712000668049,157.004880935419,8.19999999999999));
#6893=CARTESIAN_POINT('',(44.8446659743786,156.548988253344,8.19999999999999));
#6894=CARTESIAN_POINT('Ctrl Pts',(44.8446659743786,156.548988253344,8.19999999999999));
#6895=CARTESIAN_POINT('Ctrl Pts',(44.8199648724196,156.580660688603,8.19999999999999));
#6896=CARTESIAN_POINT('Ctrl Pts',(44.7700780194909,156.644626989471,8.19999999999999));
#6897=CARTESIAN_POINT('Ctrl Pts',(44.7362308902634,156.718355541157,8.19999999999999));
#6898=CARTESIAN_POINT('Ctrl Pts',(44.7191429138184,156.755577952135,8.19999999999999));
#6899=CARTESIAN_POINT('',(44.9972112476826,156.415619880427,8.19999999999999));
#6900=CARTESIAN_POINT('Ctrl Pts',(44.9972112476826,156.415619880427,8.19999999999999));
#6901=CARTESIAN_POINT('Ctrl Pts',(44.9711865346195,156.432756874658,8.19999999999999));
#6902=CARTESIAN_POINT('Ctrl Pts',(44.9143083747643,156.470210532453,8.19999999999999));
#6903=CARTESIAN_POINT('Ctrl Pts',(44.869157810068,156.521283708622,8.19999999999999));
#6904=CARTESIAN_POINT('Ctrl Pts',(44.8446659743786,156.548988253344,8.19999999999999));
#6905=CARTESIAN_POINT('',(44.9972112476826,156.408646733034,8.19999999999999));
#6906=CARTESIAN_POINT('',(44.9972112476826,156.408646733034,8.19999999999999));
#6907=CARTESIAN_POINT('',(44.7147844731808,156.408646733034,8.19999999999999));
#6908=CARTESIAN_POINT('',(44.7147844731808,156.408646733034,8.19999999999999));
#6909=CARTESIAN_POINT('',(44.7147844731808,155.665968686808,8.19999999999999));
#6910=CARTESIAN_POINT('',(44.7147844731808,155.665968686808,8.19999999999999));
#6911=CARTESIAN_POINT('',(46.5000006556511,155.665968686808,8.19999999999999));
#6912=CARTESIAN_POINT('',(46.5000006556511,155.665968686808,8.19999999999999));
#6913=CARTESIAN_POINT('',(46.5000006556511,156.408646733034,8.19999999999999));
#6914=CARTESIAN_POINT('',(46.5000006556511,156.408646733034,8.19999999999999));
#6915=CARTESIAN_POINT('',(45.521967113018,156.408646733034,8.19999999999999));
#6916=CARTESIAN_POINT('',(45.521967113018,156.408646733034,8.19999999999999));
#6917=CARTESIAN_POINT('',(45.2944567799568,156.466177732218,8.19999999999999));
#6918=CARTESIAN_POINT('Ctrl Pts',(45.2944567799568,156.466177732218,8.19999999999999));
#6919=CARTESIAN_POINT('Ctrl Pts',(45.3260004686039,156.449449912002,8.19999999999999));
#6920=CARTESIAN_POINT('Ctrl Pts',(45.3968484374301,156.411878780153,8.19999999999999));
#6921=CARTESIAN_POINT('Ctrl Pts',(45.4773225458362,156.409799984889,8.19999999999999));
#6922=CARTESIAN_POINT('Ctrl Pts',(45.521967113018,156.408646733034,8.19999999999999));
#6923=CARTESIAN_POINT('',(45.2151331305504,156.637028486002,8.19999999999999));
#6924=CARTESIAN_POINT('Ctrl Pts',(45.2151331305504,156.637028486002,8.19999999999999));
#6925=CARTESIAN_POINT('Ctrl Pts',(45.2178332586989,156.602036927531,8.19999999999999));
#6926=CARTESIAN_POINT('Ctrl Pts',(45.2230114386903,156.534931746601,8.19999999999999));
#6927=CARTESIAN_POINT('Ctrl Pts',(45.2713324462869,156.488430978428,8.19999999999999));
#6928=CARTESIAN_POINT('Ctrl Pts',(45.2944567799568,156.466177732218,8.19999999999999));
#6929=CARTESIAN_POINT('',(45.488843023777,156.823569566477,8.19999999999999));
#6930=CARTESIAN_POINT('Ctrl Pts',(45.488843023777,156.823569566477,8.19999999999999));
#6931=CARTESIAN_POINT('Ctrl Pts',(45.4096106381943,156.821672486929,8.19999999999999));
#6932=CARTESIAN_POINT('Ctrl Pts',(45.2717600454695,156.81837189793,8.19999999999999));
#6933=CARTESIAN_POINT('Ctrl Pts',(45.2320282723276,156.691133899643,8.19999999999999));
#6934=CARTESIAN_POINT('Ctrl Pts',(45.2151331305504,156.637028486002,8.19999999999999));
#6935=CARTESIAN_POINT('',(46.5000006556511,156.823569566477,8.19999999999999));
#6936=CARTESIAN_POINT('',(46.5000006556511,156.823569566477,8.19999999999999));
#6937=CARTESIAN_POINT('',(46.5000006556511,157.56624820875,8.19999999999999));
#6938=CARTESIAN_POINT('',(46.5000006556511,157.56624820875,8.19999999999999));
#6939=CARTESIAN_POINT('',(45.508020222187,157.56624820875,8.19999999999999));
#6940=CARTESIAN_POINT('',(45.508020222187,157.56624820875,8.19999999999999));
#6941=CARTESIAN_POINT('',(45.2927133440971,157.623778611887,8.19999999999999));
#6942=CARTESIAN_POINT('Ctrl Pts',(45.2927133440971,157.623778611887,8.19999999999999));
#6943=CARTESIAN_POINT('Ctrl Pts',(45.3229168935518,157.607038122582,8.19999999999999));
#6944=CARTESIAN_POINT('Ctrl Pts',(45.3896370204073,157.570058112277,8.19999999999999));
#6945=CARTESIAN_POINT('Ctrl Pts',(45.4661460711098,157.567595836399,8.19999999999999));
#6946=CARTESIAN_POINT('Ctrl Pts',(45.508020222187,157.56624820875,8.19999999999999));
#6947=CARTESIAN_POINT('',(45.2151331305504,157.784169942606,8.19999999999999));
#6948=CARTESIAN_POINT('Ctrl Pts',(45.2151331305504,157.784169942606,8.19999999999999));
#6949=CARTESIAN_POINT('Ctrl Pts',(45.2181191094614,157.751957859598,8.19999999999999));
#6950=CARTESIAN_POINT('Ctrl Pts',(45.2239823564651,157.688706441954,8.19999999999999));
#6951=CARTESIAN_POINT('Ctrl Pts',(45.2700879638407,157.645152040308,8.19999999999999));
#6952=CARTESIAN_POINT('Ctrl Pts',(45.2927133440971,157.623778611887,8.19999999999999));
#6953=CARTESIAN_POINT('',(45.2787664532661,157.934972078074,8.19999999999999));
#6954=CARTESIAN_POINT('Ctrl Pts',(45.2787664532661,157.934972078074,8.19999999999999));
#6955=CARTESIAN_POINT('Ctrl Pts',(45.2602409993935,157.915874351024,8.19999999999999));
#6956=CARTESIAN_POINT('Ctrl Pts',(45.2198104615497,157.874194866056,8.19999999999999));
#6957=CARTESIAN_POINT('Ctrl Pts',(45.2167767706604,157.815805201071,8.19999999999999));
#6958=CARTESIAN_POINT('Ctrl Pts',(45.2151331305504,157.784169942606,8.19999999999999));
#6959=CARTESIAN_POINT('',(45.4714092612267,157.981170446146,8.19999999999999));
#6960=CARTESIAN_POINT('Ctrl Pts',(45.4714092612267,157.981170446146,8.19999999999999));
#6961=CARTESIAN_POINT('Ctrl Pts',(45.4330305737905,157.980473521315,8.19999999999999));
#6962=CARTESIAN_POINT('Ctrl Pts',(45.3651161246658,157.97924025178,8.19999999999999));
#6963=CARTESIAN_POINT('Ctrl Pts',(45.3049378006143,157.948389126822,8.19999999999999));
#6964=CARTESIAN_POINT('Ctrl Pts',(45.2787664532661,157.934972078074,8.19999999999999));
#6965=CARTESIAN_POINT('',(46.5000006556511,157.981170446146,8.19999999999999));
#6966=CARTESIAN_POINT('',(46.5000006556511,157.981170446146,8.19999999999999));
#6967=CARTESIAN_POINT('',(46.5000006556511,158.722106248606,8.19999999999999));
#6968=CARTESIAN_POINT('Origin',(45.9412488341331,158.722106248606,8.99999999999999));
#6969=CARTESIAN_POINT('',(46.5000006556511,158.722106248606,8.99999999999999));
#6970=CARTESIAN_POINT('',(45.3824970126152,158.722106248606,8.99999999999999));
#6971=CARTESIAN_POINT('Ctrl Pts',(44.854254424572,158.572174340952,8.19999999999999));
#6972=CARTESIAN_POINT('Ctrl Pts',(44.854254424572,158.572174340952,8.99999999999999));
#6973=CARTESIAN_POINT('Ctrl Pts',(44.926926407924,158.61578714424,8.19999999999999));
#6974=CARTESIAN_POINT('Ctrl Pts',(44.926926407924,158.61578714424,8.99999999999999));
#6975=CARTESIAN_POINT('Ctrl Pts',(45.088728454367,158.712889775784,8.19999999999999));
#6976=CARTESIAN_POINT('Ctrl Pts',(45.088728454367,158.712889775784,8.99999999999999));
#6977=CARTESIAN_POINT('Ctrl Pts',(45.2781516174426,158.718832595005,8.19999999999999));
#6978=CARTESIAN_POINT('Ctrl Pts',(45.2781516174426,158.718832595005,8.99999999999999));
#6979=CARTESIAN_POINT('Ctrl Pts',(45.3824970126152,158.722106248606,8.19999999999999));
#6980=CARTESIAN_POINT('Ctrl Pts',(45.3824970126152,158.722106248606,8.99999999999999));
#6981=CARTESIAN_POINT('',(44.854254424572,158.572174340952,8.99999999999999));
#6982=CARTESIAN_POINT('Ctrl Pts',(44.6712000668049,158.141561776865,8.19999999999999));
#6983=CARTESIAN_POINT('Ctrl Pts',(44.6712000668049,158.141561776865,8.99999999999999));
#6984=CARTESIAN_POINT('Ctrl Pts',(44.6772049868808,158.228286087036,8.19999999999999));
#6985=CARTESIAN_POINT('Ctrl Pts',(44.6772049868808,158.228286087036,8.99999999999999));
#6986=CARTESIAN_POINT('Ctrl Pts',(44.6886501801162,158.393579958654,8.19999999999999));
#6987=CARTESIAN_POINT('Ctrl Pts',(44.6886501801162,158.393579958654,8.99999999999999));
#6988=CARTESIAN_POINT('Ctrl Pts',(44.8008989349964,158.514633601376,8.19999999999999));
#6989=CARTESIAN_POINT('Ctrl Pts',(44.8008989349964,158.514633601376,8.99999999999999));
#6990=CARTESIAN_POINT('Ctrl Pts',(44.854254424572,158.572174340952,8.19999999999999));
#6991=CARTESIAN_POINT('Ctrl Pts',(44.854254424572,158.572174340952,8.99999999999999));
#6992=CARTESIAN_POINT('',(44.6712000668049,158.141561776865,8.99999999999999));
#6993=CARTESIAN_POINT('Ctrl Pts',(44.7522670030594,157.792886525858,8.19999999999999));
#6994=CARTESIAN_POINT('Ctrl Pts',(44.7522670030594,157.792886525858,8.99999999999999));
#6995=CARTESIAN_POINT('Ctrl Pts',(44.7286255504424,157.847299237571,8.19999999999999));
#6996=CARTESIAN_POINT('Ctrl Pts',(44.7286255504424,157.847299237571,8.99999999999999));
#6997=CARTESIAN_POINT('Ctrl Pts',(44.6803045946425,157.958513818174,8.19999999999999));
#6998=CARTESIAN_POINT('Ctrl Pts',(44.6803045946425,157.958513818174,8.99999999999999));
#6999=CARTESIAN_POINT('Ctrl Pts',(44.6742780642158,158.079678156651,8.19999999999999));
#7000=CARTESIAN_POINT('Ctrl Pts',(44.6742780642158,158.079678156651,8.99999999999999));
#7001=CARTESIAN_POINT('Ctrl Pts',(44.6712000668049,158.141561776865,8.19999999999999));
#7002=CARTESIAN_POINT('Ctrl Pts',(44.6712000668049,158.141561776865,8.99999999999999));
#7003=CARTESIAN_POINT('',(44.7522670030594,157.792886525858,8.99999999999999));
#7004=CARTESIAN_POINT('Ctrl Pts',(44.98326420784,157.541841298807,8.19999999999999));
#7005=CARTESIAN_POINT('Ctrl Pts',(44.98326420784,157.541841298807,8.99999999999999));
#7006=CARTESIAN_POINT('Ctrl Pts',(44.9361653593776,157.575820291796,8.19999999999999));
#7007=CARTESIAN_POINT('Ctrl Pts',(44.9361653593776,157.575820291796,8.99999999999999));
#7008=CARTESIAN_POINT('Ctrl Pts',(44.8420277639783,157.643734918129,8.19999999999999));
#7009=CARTESIAN_POINT('Ctrl Pts',(44.8420277639783,157.643734918129,8.99999999999999));
#7010=CARTESIAN_POINT('Ctrl Pts',(44.7821745190629,157.743190488866,8.19999999999999));
#7011=CARTESIAN_POINT('Ctrl Pts',(44.7821745190629,157.743190488866,8.99999999999999));
#7012=CARTESIAN_POINT('Ctrl Pts',(44.7522670030594,157.792886525858,8.19999999999999));
#7013=CARTESIAN_POINT('Ctrl Pts',(44.7522670030594,157.792886525858,8.99999999999999));
#7014=CARTESIAN_POINT('',(44.98326420784,157.541841298807,8.99999999999999));
#7015=CARTESIAN_POINT('Ctrl Pts',(44.7461652755737,157.324789792765,8.19999999999999));
#7016=CARTESIAN_POINT('Ctrl Pts',(44.7461652755737,157.324789792765,8.99999999999999));
#7017=CARTESIAN_POINT('Ctrl Pts',(44.7761172858312,157.366999023866,8.19999999999999));
#7018=CARTESIAN_POINT('Ctrl Pts',(44.7761172858312,157.366999023866,8.99999999999999));
#7019=CARTESIAN_POINT('Ctrl Pts',(44.8394460754271,157.456243768789,8.19999999999999));
#7020=CARTESIAN_POINT('Ctrl Pts',(44.8394460754271,157.456243768789,8.99999999999999));
#7021=CARTESIAN_POINT('Ctrl Pts',(44.9336270863867,157.512298327262,8.19999999999999));
#7022=CARTESIAN_POINT('Ctrl Pts',(44.9336270863867,157.512298327262,8.99999999999999));
#7023=CARTESIAN_POINT('Ctrl Pts',(44.98326420784,157.541841298807,8.19999999999999));
#7024=CARTESIAN_POINT('Ctrl Pts',(44.98326420784,157.541841298807,8.99999999999999));
#7025=CARTESIAN_POINT('',(44.7461652755737,157.324789792765,8.99999999999999));
#7026=CARTESIAN_POINT('Ctrl Pts',(44.6712000668049,157.004880935419,8.19999999999999));
#7027=CARTESIAN_POINT('Ctrl Pts',(44.6712000668049,157.004880935419,8.99999999999999));
#7028=CARTESIAN_POINT('Ctrl Pts',(44.6734721786974,157.06417721311,8.19999999999999));
#7029=CARTESIAN_POINT('Ctrl Pts',(44.6734721786974,157.06417721311,8.99999999999999));
#7030=CARTESIAN_POINT('Ctrl Pts',(44.6777511050535,157.175846187802,8.19999999999999));
#7031=CARTESIAN_POINT('Ctrl Pts',(44.6777511050535,157.175846187802,8.99999999999999));
#7032=CARTESIAN_POINT('Ctrl Pts',(44.7243230534952,157.277237373843,8.19999999999999));
#7033=CARTESIAN_POINT('Ctrl Pts',(44.7243230534952,157.277237373843,8.99999999999999));
#7034=CARTESIAN_POINT('Ctrl Pts',(44.7461652755737,157.324789792765,8.19999999999999));
#7035=CARTESIAN_POINT('Ctrl Pts',(44.7461652755737,157.324789792765,8.99999999999999));
#7036=CARTESIAN_POINT('',(44.6712000668049,157.004880935419,8.99999999999999));
#7037=CARTESIAN_POINT('Ctrl Pts',(44.7191429138184,156.755577952135,8.19999999999999));
#7038=CARTESIAN_POINT('Ctrl Pts',(44.7191429138184,156.755577952135,8.99999999999999));
#7039=CARTESIAN_POINT('Ctrl Pts',(44.7051610273007,156.795142523227,8.19999999999999));
#7040=CARTESIAN_POINT('Ctrl Pts',(44.7051610273007,156.795142523227,8.99999999999999));
#7041=CARTESIAN_POINT('Ctrl Pts',(44.6766536712496,156.875809843314,8.19999999999999));
#7042=CARTESIAN_POINT('Ctrl Pts',(44.6766536712496,156.875809843314,8.99999999999999));
#7043=CARTESIAN_POINT('Ctrl Pts',(44.673040897941,156.961313770341,8.19999999999999));
#7044=CARTESIAN_POINT('Ctrl Pts',(44.673040897941,156.961313770341,8.99999999999999));
#7045=CARTESIAN_POINT('Ctrl Pts',(44.6712000668049,157.004880935419,8.19999999999999));
#7046=CARTESIAN_POINT('Ctrl Pts',(44.6712000668049,157.004880935419,8.99999999999999));
#7047=CARTESIAN_POINT('',(44.7191429138184,156.755577952135,8.99999999999999));
#7048=CARTESIAN_POINT('Ctrl Pts',(44.8446659743786,156.548988253344,8.19999999999999));
#7049=CARTESIAN_POINT('Ctrl Pts',(44.8446659743786,156.548988253344,8.99999999999999));
#7050=CARTESIAN_POINT('Ctrl Pts',(44.8199648724196,156.580660688603,8.19999999999999));
#7051=CARTESIAN_POINT('Ctrl Pts',(44.8199648724196,156.580660688603,8.99999999999999));
#7052=CARTESIAN_POINT('Ctrl Pts',(44.7700780194909,156.644626989471,8.19999999999999));
#7053=CARTESIAN_POINT('Ctrl Pts',(44.7700780194909,156.644626989471,8.99999999999999));
#7054=CARTESIAN_POINT('Ctrl Pts',(44.7362308902634,156.718355541157,8.19999999999999));
#7055=CARTESIAN_POINT('Ctrl Pts',(44.7362308902634,156.718355541157,8.99999999999999));
#7056=CARTESIAN_POINT('Ctrl Pts',(44.7191429138184,156.755577952135,8.19999999999999));
#7057=CARTESIAN_POINT('Ctrl Pts',(44.7191429138184,156.755577952135,8.99999999999999));
#7058=CARTESIAN_POINT('',(44.8446659743786,156.548988253344,8.99999999999999));
#7059=CARTESIAN_POINT('Ctrl Pts',(44.9972112476826,156.415619880427,8.19999999999999));
#7060=CARTESIAN_POINT('Ctrl Pts',(44.9972112476826,156.415619880427,8.99999999999999));
#7061=CARTESIAN_POINT('Ctrl Pts',(44.9711865346195,156.432756874658,8.19999999999999));
#7062=CARTESIAN_POINT('Ctrl Pts',(44.9711865346195,156.432756874658,8.99999999999999));
#7063=CARTESIAN_POINT('Ctrl Pts',(44.9143083747643,156.470210532453,8.19999999999999));
#7064=CARTESIAN_POINT('Ctrl Pts',(44.9143083747643,156.470210532453,8.99999999999999));
#7065=CARTESIAN_POINT('Ctrl Pts',(44.869157810068,156.521283708622,8.19999999999999));
#7066=CARTESIAN_POINT('Ctrl Pts',(44.869157810068,156.521283708622,8.99999999999999));
#7067=CARTESIAN_POINT('Ctrl Pts',(44.8446659743786,156.548988253344,8.19999999999999));
#7068=CARTESIAN_POINT('Ctrl Pts',(44.8446659743786,156.548988253344,8.99999999999999));
#7069=CARTESIAN_POINT('',(44.9972112476826,156.415619880427,8.99999999999999));
#7070=CARTESIAN_POINT('Origin',(44.9972112476826,156.412133306731,8.99999999999999));
#7071=CARTESIAN_POINT('',(44.9972112476826,156.408646733034,8.99999999999999));
#7072=CARTESIAN_POINT('Origin',(44.8559978604317,156.408646733034,8.99999999999999));
#7073=CARTESIAN_POINT('',(44.7147844731808,156.408646733034,8.99999999999999));
#7074=CARTESIAN_POINT('Origin',(44.7147844731808,156.037307709921,8.99999999999999));
#7075=CARTESIAN_POINT('',(44.7147844731808,155.665968686808,8.99999999999999));
#7076=CARTESIAN_POINT('Origin',(45.6073925644159,155.665968686808,8.99999999999999));
#7077=CARTESIAN_POINT('',(46.5000006556511,155.665968686808,8.99999999999999));
#7078=CARTESIAN_POINT('Origin',(46.5000006556511,156.037307709921,8.99999999999999));
#7079=CARTESIAN_POINT('',(46.5000006556511,156.408646733034,8.99999999999999));
#7080=CARTESIAN_POINT('Origin',(46.0109838843346,156.408646733034,8.99999999999999));
#7081=CARTESIAN_POINT('',(45.521967113018,156.408646733034,8.99999999999999));
#7082=CARTESIAN_POINT('Ctrl Pts',(45.2944567799568,156.466177732218,8.19999999999999));
#7083=CARTESIAN_POINT('Ctrl Pts',(45.2944567799568,156.466177732218,8.99999999999999));
#7084=CARTESIAN_POINT('Ctrl Pts',(45.3260004686039,156.449449912002,8.19999999999999));
#7085=CARTESIAN_POINT('Ctrl Pts',(45.3260004686039,156.449449912002,8.99999999999999));
#7086=CARTESIAN_POINT('Ctrl Pts',(45.3968484374301,156.411878780153,8.19999999999999));
#7087=CARTESIAN_POINT('Ctrl Pts',(45.3968484374301,156.411878780153,8.99999999999999));
#7088=CARTESIAN_POINT('Ctrl Pts',(45.4773225458362,156.409799984889,8.19999999999999));
#7089=CARTESIAN_POINT('Ctrl Pts',(45.4773225458362,156.409799984889,8.99999999999999));
#7090=CARTESIAN_POINT('Ctrl Pts',(45.521967113018,156.408646733034,8.19999999999999));
#7091=CARTESIAN_POINT('Ctrl Pts',(45.521967113018,156.408646733034,8.99999999999999));
#7092=CARTESIAN_POINT('',(45.2944567799568,156.466177732218,8.99999999999999));
#7093=CARTESIAN_POINT('Ctrl Pts',(45.2151331305504,156.637028486002,8.19999999999999));
#7094=CARTESIAN_POINT('Ctrl Pts',(45.2151331305504,156.637028486002,8.99999999999999));
#7095=CARTESIAN_POINT('Ctrl Pts',(45.2178332586989,156.602036927531,8.19999999999999));
#7096=CARTESIAN_POINT('Ctrl Pts',(45.2178332586989,156.602036927531,8.99999999999999));
#7097=CARTESIAN_POINT('Ctrl Pts',(45.2230114386903,156.534931746601,8.19999999999999));
#7098=CARTESIAN_POINT('Ctrl Pts',(45.2230114386903,156.534931746601,8.99999999999999));
#7099=CARTESIAN_POINT('Ctrl Pts',(45.2713324462869,156.488430978428,8.19999999999999));
#7100=CARTESIAN_POINT('Ctrl Pts',(45.2713324462869,156.488430978428,8.99999999999999));
#7101=CARTESIAN_POINT('Ctrl Pts',(45.2944567799568,156.466177732218,8.19999999999999));
#7102=CARTESIAN_POINT('Ctrl Pts',(45.2944567799568,156.466177732218,8.99999999999999));
#7103=CARTESIAN_POINT('',(45.2151331305504,156.637028486002,8.99999999999999));
#7104=CARTESIAN_POINT('Ctrl Pts',(45.488843023777,156.823569566477,8.19999999999999));
#7105=CARTESIAN_POINT('Ctrl Pts',(45.488843023777,156.823569566477,8.99999999999999));
#7106=CARTESIAN_POINT('Ctrl Pts',(45.4096106381943,156.821672486929,8.19999999999999));
#7107=CARTESIAN_POINT('Ctrl Pts',(45.4096106381943,156.821672486929,8.99999999999999));
#7108=CARTESIAN_POINT('Ctrl Pts',(45.2717600454695,156.81837189793,8.19999999999999));
#7109=CARTESIAN_POINT('Ctrl Pts',(45.2717600454695,156.81837189793,8.99999999999999));
#7110=CARTESIAN_POINT('Ctrl Pts',(45.2320282723276,156.691133899643,8.19999999999999));
#7111=CARTESIAN_POINT('Ctrl Pts',(45.2320282723276,156.691133899643,8.99999999999999));
#7112=CARTESIAN_POINT('Ctrl Pts',(45.2151331305504,156.637028486002,8.19999999999999));
#7113=CARTESIAN_POINT('Ctrl Pts',(45.2151331305504,156.637028486002,8.99999999999999));
#7114=CARTESIAN_POINT('',(45.488843023777,156.823569566477,8.99999999999999));
#7115=CARTESIAN_POINT('Origin',(45.9944218397141,156.823569566477,8.99999999999999));
#7116=CARTESIAN_POINT('',(46.5000006556511,156.823569566477,8.99999999999999));
#7117=CARTESIAN_POINT('Origin',(46.5000006556511,157.194908887614,8.99999999999999));
#7118=CARTESIAN_POINT('',(46.5000006556511,157.56624820875,8.99999999999999));
#7119=CARTESIAN_POINT('Origin',(46.0040104389191,157.56624820875,8.99999999999999));
#7120=CARTESIAN_POINT('',(45.508020222187,157.56624820875,8.99999999999999));
#7121=CARTESIAN_POINT('Ctrl Pts',(45.2927133440971,157.623778611887,8.19999999999999));
#7122=CARTESIAN_POINT('Ctrl Pts',(45.2927133440971,157.623778611887,8.99999999999999));
#7123=CARTESIAN_POINT('Ctrl Pts',(45.3229168935518,157.607038122582,8.19999999999999));
#7124=CARTESIAN_POINT('Ctrl Pts',(45.3229168935518,157.607038122582,8.99999999999999));
#7125=CARTESIAN_POINT('Ctrl Pts',(45.3896370204073,157.570058112277,8.19999999999999));
#7126=CARTESIAN_POINT('Ctrl Pts',(45.3896370204073,157.570058112277,8.99999999999999));
#7127=CARTESIAN_POINT('Ctrl Pts',(45.4661460711098,157.567595836399,8.19999999999999));
#7128=CARTESIAN_POINT('Ctrl Pts',(45.4661460711098,157.567595836399,8.99999999999999));
#7129=CARTESIAN_POINT('Ctrl Pts',(45.508020222187,157.56624820875,8.19999999999999));
#7130=CARTESIAN_POINT('Ctrl Pts',(45.508020222187,157.56624820875,8.99999999999999));
#7131=CARTESIAN_POINT('',(45.2927133440971,157.623778611887,8.99999999999999));
#7132=CARTESIAN_POINT('Ctrl Pts',(45.2151331305504,157.784169942606,8.19999999999999));
#7133=CARTESIAN_POINT('Ctrl Pts',(45.2151331305504,157.784169942606,8.99999999999999));
#7134=CARTESIAN_POINT('Ctrl Pts',(45.2181191094614,157.751957859598,8.19999999999999));
#7135=CARTESIAN_POINT('Ctrl Pts',(45.2181191094614,157.751957859598,8.99999999999999));
#7136=CARTESIAN_POINT('Ctrl Pts',(45.2239823564651,157.688706441954,8.19999999999999));
#7137=CARTESIAN_POINT('Ctrl Pts',(45.2239823564651,157.688706441954,8.99999999999999));
#7138=CARTESIAN_POINT('Ctrl Pts',(45.2700879638407,157.645152040308,8.19999999999999));
#7139=CARTESIAN_POINT('Ctrl Pts',(45.2700879638407,157.645152040308,8.99999999999999));
#7140=CARTESIAN_POINT('Ctrl Pts',(45.2927133440971,157.623778611887,8.19999999999999));
#7141=CARTESIAN_POINT('Ctrl Pts',(45.2927133440971,157.623778611887,8.99999999999999));
#7142=CARTESIAN_POINT('',(45.2151331305504,157.784169942606,8.99999999999999));
#7143=CARTESIAN_POINT('Ctrl Pts',(45.2787664532661,157.934972078074,8.19999999999999));
#7144=CARTESIAN_POINT('Ctrl Pts',(45.2787664532661,157.934972078074,8.99999999999999));
#7145=CARTESIAN_POINT('Ctrl Pts',(45.2602409993935,157.915874351024,8.19999999999999));
#7146=CARTESIAN_POINT('Ctrl Pts',(45.2602409993935,157.915874351024,8.99999999999999));
#7147=CARTESIAN_POINT('Ctrl Pts',(45.2198104615497,157.874194866056,8.19999999999999));
#7148=CARTESIAN_POINT('Ctrl Pts',(45.2198104615497,157.874194866056,8.99999999999999));
#7149=CARTESIAN_POINT('Ctrl Pts',(45.2167767706604,157.815805201071,8.19999999999999));
#7150=CARTESIAN_POINT('Ctrl Pts',(45.2167767706604,157.815805201071,8.99999999999999));
#7151=CARTESIAN_POINT('Ctrl Pts',(45.2151331305504,157.784169942606,8.19999999999999));
#7152=CARTESIAN_POINT('Ctrl Pts',(45.2151331305504,157.784169942606,8.99999999999999));
#7153=CARTESIAN_POINT('',(45.2787664532661,157.934972078074,8.99999999999999));
#7154=CARTESIAN_POINT('Ctrl Pts',(45.4714092612267,157.981170446146,8.19999999999999));
#7155=CARTESIAN_POINT('Ctrl Pts',(45.4714092612267,157.981170446146,8.99999999999999));
#7156=CARTESIAN_POINT('Ctrl Pts',(45.4330305737905,157.980473521315,8.19999999999999));
#7157=CARTESIAN_POINT('Ctrl Pts',(45.4330305737905,157.980473521315,8.99999999999999));
#7158=CARTESIAN_POINT('Ctrl Pts',(45.3651161246658,157.97924025178,8.19999999999999));
#7159=CARTESIAN_POINT('Ctrl Pts',(45.3651161246658,157.97924025178,8.99999999999999));
#7160=CARTESIAN_POINT('Ctrl Pts',(45.3049378006143,157.948389126822,8.19999999999999));
#7161=CARTESIAN_POINT('Ctrl Pts',(45.3049378006143,157.948389126822,8.99999999999999));
#7162=CARTESIAN_POINT('Ctrl Pts',(45.2787664532661,157.934972078074,8.19999999999999));
#7163=CARTESIAN_POINT('Ctrl Pts',(45.2787664532661,157.934972078074,8.99999999999999));
#7164=CARTESIAN_POINT('',(45.4714092612267,157.981170446146,8.99999999999999));
#7165=CARTESIAN_POINT('Origin',(45.9857049584389,157.981170446146,8.99999999999999));
#7166=CARTESIAN_POINT('',(46.5000006556511,157.981170446146,8.99999999999999));
#7167=CARTESIAN_POINT('Origin',(46.5000006556511,158.351638347376,8.99999999999999));
#7168=CARTESIAN_POINT('Origin',(60.,95.,8.99999999999999));
#7169=CARTESIAN_POINT('Origin',(60.,95.,8.99999999999999));
#7170=CARTESIAN_POINT('Origin',(60.,95.,8.99999999999999));
#7171=CARTESIAN_POINT('Origin',(60.,95.,8.99999999999999));
#7172=CARTESIAN_POINT('Origin',(60.,95.,8.99999999999999));
#7173=CARTESIAN_POINT('Origin',(48.020333133798,123.205627677276,-6.00000000000001));
#7174=CARTESIAN_POINT('',(45.520333133798,123.205627677276,2.5));
#7175=CARTESIAN_POINT('',(45.520333133798,123.205627677276,-6.00000000000001));
#7176=CARTESIAN_POINT('Origin',(48.020333133798,123.205627677276,2.5));
#7177=CARTESIAN_POINT('Origin',(29.4020663761274,155.320201378526,-6.00000000000001));
#7178=CARTESIAN_POINT('',(18.1520663761274,155.320201378526,-6.00000000000001));
#7179=CARTESIAN_POINT('Origin',(118.,22.,5.));
#7180=CARTESIAN_POINT('',(118.,20.,5.));
#7181=CARTESIAN_POINT('',(118.,20.,5.));
#7182=CARTESIAN_POINT('',(120.,22.,5.));
#7183=CARTESIAN_POINT('Origin',(118.,22.,5.));
#7184=CARTESIAN_POINT('',(120.,22.,5.));
#7185=CARTESIAN_POINT('Origin',(0.,20.,5.));
#7186=CARTESIAN_POINT('',(1.99999999999999,20.,5.));
#7187=CARTESIAN_POINT('',(1.99999999999999,20.,5.));
#7188=CARTESIAN_POINT('',(0.,20.,5.));
#7189=CARTESIAN_POINT('Origin',(118.,178.,5.));
#7190=CARTESIAN_POINT('',(120.,178.,5.));
#7191=CARTESIAN_POINT('',(118.,180.,5.));
#7192=CARTESIAN_POINT('Origin',(118.,178.,5.));
#7193=CARTESIAN_POINT('',(118.,180.,5.));
#7194=CARTESIAN_POINT('',(120.,178.,5.));
#7195=CARTESIAN_POINT('Origin',(120.,180.,5.));
#7196=CARTESIAN_POINT('',(1.99999999999999,180.,5.));
#7197=CARTESIAN_POINT('',(120.,180.,5.));
#7198=CARTESIAN_POINT('',(1.99999999999999,180.,5.));
#7199=CARTESIAN_POINT('Origin',(60.,95.,5.));
#7200=CARTESIAN_POINT('',(0.,22.,5.));
#7201=CARTESIAN_POINT('Origin',(1.99999999999999,22.,5.));
#7202=CARTESIAN_POINT('',(0.,178.,5.));
#7203=CARTESIAN_POINT('',(0.,170.,5.));
#7204=CARTESIAN_POINT('Origin',(1.99999999999999,178.,5.));
#7205=CARTESIAN_POINT('',(120.,20.,5.));
#7206=CARTESIAN_POINT('',(2.4,177.6,5.));
#7207=CARTESIAN_POINT('',(2.4,22.4,5.));
#7208=CARTESIAN_POINT('',(2.4,136.5,5.));
#7209=CARTESIAN_POINT('',(117.6,22.4,5.));
#7210=CARTESIAN_POINT('',(31.25,22.4,5.));
#7211=CARTESIAN_POINT('',(117.6,177.6,5.));
#7212=CARTESIAN_POINT('',(117.6,136.5,5.));
#7213=CARTESIAN_POINT('',(31.25,177.6,5.));
#7214=CARTESIAN_POINT('Origin',(1.99999999999999,178.,5.));
#7215=CARTESIAN_POINT('',(0.,178.,5.));
#7216=CARTESIAN_POINT('Origin',(0.,170.,5.));
#7217=CARTESIAN_POINT('',(0.,22.,5.));
#7218=CARTESIAN_POINT('Origin',(1.99999999999999,22.,5.));
#7219=CARTESIAN_POINT('Origin',(60.,100.,2.5));
#7220=CARTESIAN_POINT('',(2.4,177.6,2.5));
#7221=CARTESIAN_POINT('',(117.6,177.6,2.5));
#7222=CARTESIAN_POINT('',(31.25,177.6,2.5));
#7223=CARTESIAN_POINT('',(117.6,22.4,2.5));
#7224=CARTESIAN_POINT('',(117.6,139.,2.5));
#7225=CARTESIAN_POINT('',(2.4,22.4,2.5));
#7226=CARTESIAN_POINT('',(88.75,22.4,2.5));
#7227=CARTESIAN_POINT('',(2.4,61.,2.5));
#7228=CARTESIAN_POINT('Origin',(117.6,178.,5.));
#7229=CARTESIAN_POINT('',(117.6,177.6,5.));
#7230=CARTESIAN_POINT('',(117.6,22.4,5.));
#7231=CARTESIAN_POINT('Origin',(2.5,177.6,5.));
#7232=CARTESIAN_POINT('',(2.4,177.6,5.));
#7233=CARTESIAN_POINT('Origin',(2.4,22.,5.));
#7234=CARTESIAN_POINT('',(2.4,22.4,5.));
#7235=CARTESIAN_POINT('Origin',(117.5,22.4,5.));
#7236=CARTESIAN_POINT('Origin',(120.,20.,5.));
#7237=UNCERTAINTY_MEASURE_WITH_UNIT(LENGTH_MEASURE(0.01),#7241,
'DISTANCE_ACCURACY_VALUE',
'Maximum model space distance between geometric entities at asserted c
onnectivities');
#7238=UNCERTAINTY_MEASURE_WITH_UNIT(LENGTH_MEASURE(0.01),#7241,
'DISTANCE_ACCURACY_VALUE',
'Maximum model space distance between geometric entities at asserted c
onnectivities');
#7239=(
GEOMETRIC_REPRESENTATION_CONTEXT(3)
GLOBAL_UNCERTAINTY_ASSIGNED_CONTEXT((#7237))
GLOBAL_UNIT_ASSIGNED_CONTEXT((#7241,#7243,#7244))
REPRESENTATION_CONTEXT('','3D')
);
#7240=(
GEOMETRIC_REPRESENTATION_CONTEXT(3)
GLOBAL_UNCERTAINTY_ASSIGNED_CONTEXT((#7238))
GLOBAL_UNIT_ASSIGNED_CONTEXT((#7241,#7243,#7244))
REPRESENTATION_CONTEXT('','3D')
);
#7241=(
LENGTH_UNIT()
NAMED_UNIT(*)
SI_UNIT(.MILLI.,.METRE.)
);
#7242=(
LENGTH_UNIT()
NAMED_UNIT(*)
SI_UNIT($,.METRE.)
);
#7243=(
NAMED_UNIT(*)
PLANE_ANGLE_UNIT()
SI_UNIT($,.RADIAN.)
);
#7244=(
NAMED_UNIT(*)
SI_UNIT($,.STERADIAN.)
SOLID_ANGLE_UNIT()
);
#7245=SHAPE_DEFINITION_REPRESENTATION(#7246,#7247);
#7246=PRODUCT_DEFINITION_SHAPE('',$,#7249);
#7247=SHAPE_REPRESENTATION('',(#3777),#7239);
#7248=PRODUCT_DEFINITION_CONTEXT('part definition',#7253,'design');
#7249=PRODUCT_DEFINITION('2026-06-29-16-52-42-069','ROCKET_v1',#7250,#7248);
#7250=PRODUCT_DEFINITION_FORMATION('',$,#7255);
#7251=PRODUCT_RELATED_PRODUCT_CATEGORY('ROCKET_v1','ROCKET_v1',(#7255));
#7252=APPLICATION_PROTOCOL_DEFINITION('international standard',
'automotive_design',2009,#7253);
#7253=APPLICATION_CONTEXT(
'Core Data for Automotive Mechanical Design Process');
#7254=PRODUCT_CONTEXT('part definition',#7253,'mechanical');
#7255=PRODUCT('2026-06-29-16-52-42-069','ROCKET_v1',$,(#7254));
#7256=PRESENTATION_STYLE_ASSIGNMENT((#7257));
#7257=SURFACE_STYLE_USAGE(.BOTH.,#7258);
#7258=SURFACE_SIDE_STYLE('',(#7259));
#7259=SURFACE_STYLE_FILL_AREA(#7260);
#7260=FILL_AREA_STYLE('Steel - Satin',(#7261));
#7261=FILL_AREA_STYLE_COLOUR('Steel - Satin',#7262);
#7262=COLOUR_RGB('Steel - Satin',0.627450980392157,0.627450980392157,0.627450980392157);
ENDSEC;
END-ISO-10303-21;
