ISO-10303-21;
HEADER;
/* Generated by software containing ST-Developer
 * from STEP Tools, Inc. (www.steptools.com) 
 */

FILE_DESCRIPTION(
/* description */ (''),
/* implementation_level */ '2;1');

FILE_NAME(
/* name */ 'components_rack.step',
/* time_stamp */ '2026-08-06T17:45:10+02:00',
/* author */ (''),
/* organization */ (''),
/* preprocessor_version */ 'ST-DEVELOPER v20.1',
/* originating_system */ 'Autodesk Translation Framework v15.8.0.0',
/* authorisation */ '');

FILE_SCHEMA (('AUTOMOTIVE_DESIGN { 1 0 10303 214 3 1 1 }'));
ENDSEC;

DATA;
#10=MECHANICAL_DESIGN_GEOMETRIC_PRESENTATION_REPRESENTATION('',(#13),#5643);
#11=SHAPE_REPRESENTATION_RELATIONSHIP('SRR','None',#5650,#12);
#12=ADVANCED_BREP_SHAPE_REPRESENTATION('',(#14),#5642);
#13=STYLED_ITEM('',(#5659),#14);
#14=MANIFOLD_SOLID_BREP('flight_instruments_rack',#2823);
#15=(
BOUNDED_SURFACE()
B_SPLINE_SURFACE(1,2,((#5524,#5525,#5526),(#5527,#5528,#5529)),
 .UNSPECIFIED.,.F.,.F.,.F.)
B_SPLINE_SURFACE_WITH_KNOTS((2,2),(3,3),(0.166750091004545,0.168529777486181),
(1.50003064132591,1.54020203733589),.UNSPECIFIED.)
GEOMETRIC_REPRESENTATION_ITEM()
RATIONAL_B_SPLINE_SURFACE(((1.,0.999798289149402,1.),(1.,0.999798289149402,
1.)))
REPRESENTATION_ITEM('')
SURFACE()
);
#16=(
BOUNDED_SURFACE()
B_SPLINE_SURFACE(1,2,((#5535,#5536,#5537),(#5538,#5539,#5540)),
 .UNSPECIFIED.,.F.,.F.,.F.)
B_SPLINE_SURFACE_WITH_KNOTS((2,2),(3,3),(0.166750091004542,0.16852977748618),
(1.60139061625391,1.64156201226388),.UNSPECIFIED.)
GEOMETRIC_REPRESENTATION_ITEM()
RATIONAL_B_SPLINE_SURFACE(((1.,0.999798289149402,1.),(1.,0.999798289149402,
1.)))
REPRESENTATION_ITEM('')
SURFACE()
);
#17=(
BOUNDED_SURFACE()
B_SPLINE_SURFACE(1,2,((#5587,#5588,#5589),(#5590,#5591,#5592)),
 .UNSPECIFIED.,.F.,.F.,.F.)
B_SPLINE_SURFACE_WITH_KNOTS((2,2),(3,3),(0.166750091004545,0.168529777486182),
(1.50003064132591,1.54020203733589),.UNSPECIFIED.)
GEOMETRIC_REPRESENTATION_ITEM()
RATIONAL_B_SPLINE_SURFACE(((1.,0.999798289149402,1.),(1.,0.999798289149402,
1.)))
REPRESENTATION_ITEM('')
SURFACE()
);
#18=(
BOUNDED_SURFACE()
B_SPLINE_SURFACE(1,2,((#5618,#5619,#5620),(#5621,#5622,#5623)),
 .UNSPECIFIED.,.F.,.F.,.F.)
B_SPLINE_SURFACE_WITH_KNOTS((2,2),(3,3),(0.166750091004542,0.168529777486178),
(1.60139061625391,1.64156201226389),.UNSPECIFIED.)
GEOMETRIC_REPRESENTATION_ITEM()
RATIONAL_B_SPLINE_SURFACE(((1.,0.999798289149402,1.),(1.,0.999798289149402,
1.)))
REPRESENTATION_ITEM('')
SURFACE()
);
#19=SPHERICAL_SURFACE('',#2949,0.5);
#20=SPHERICAL_SURFACE('',#2953,0.5);
#21=SPHERICAL_SURFACE('',#2959,0.5);
#22=SPHERICAL_SURFACE('',#2963,0.5);
#23=SPHERICAL_SURFACE('',#2972,0.5);
#24=SPHERICAL_SURFACE('',#2977,0.5);
#25=SPHERICAL_SURFACE('',#2986,0.5);
#26=SPHERICAL_SURFACE('',#2991,0.5);
#27=ELLIPSE('',#2922,3.26351822333066,2.5);
#28=ELLIPSE('',#2923,3.26351822333071,2.5);
#29=ELLIPSE('',#2924,3.26351822333066,2.5);
#30=ELLIPSE('',#2925,3.26351822333066,2.5);
#31=ELLIPSE('',#2926,3.26351822333071,2.5);
#32=ELLIPSE('',#2927,3.26351822333066,2.5);
#33=ELLIPSE('',#2928,3.26351822333066,2.5);
#34=ELLIPSE('',#2929,3.26351822333071,2.5);
#35=ELLIPSE('',#2930,3.26351822333066,2.5);
#36=ELLIPSE('',#2931,3.26351822333066,2.5);
#37=ELLIPSE('',#2932,3.26351822333071,2.5);
#38=ELLIPSE('',#2933,3.26351822333066,2.5);
#39=ELLIPSE('',#2935,0.707106781186538,0.5);
#40=ELLIPSE('',#2940,0.707106781186557,0.5);
#41=ELLIPSE('',#3102,3.88930956715103,2.5);
#42=ELLIPSE('',#3103,3.88930956715103,2.5);
#43=ELLIPSE('',#3104,3.88930956715103,2.5);
#44=ELLIPSE('',#3105,3.88930956715103,2.5);
#45=ELLIPSE('',#3111,3.26351822333071,2.5);
#46=ELLIPSE('',#3112,8.43548853538067,2.5);
#47=ELLIPSE('',#3113,8.43548853538067,2.5);
#48=ELLIPSE('',#3114,3.26351822333071,2.5);
#49=ELLIPSE('',#3117,3.26351822333071,2.5);
#50=ELLIPSE('',#3118,3.26351822333071,2.5);
#51=ELLIPSE('',#3120,3.26351822333071,2.5);
#52=ELLIPSE('',#3122,3.26351822333071,2.5);
#53=ELLIPSE('',#3130,3.26351822333071,2.5);
#54=ELLIPSE('',#3131,8.43548853538068,2.5);
#55=ELLIPSE('',#3135,3.26351822333071,2.5);
#56=ELLIPSE('',#3137,3.26351822333071,2.5);
#57=ELLIPSE('',#3138,3.26351822333071,2.5);
#58=ELLIPSE('',#3140,3.26351822333071,2.5);
#59=ELLIPSE('',#3141,3.26351822333071,2.5);
#60=ELLIPSE('',#3142,8.43548853538068,2.5);
#61=TOROIDAL_SURFACE('',#2904,1.5,0.5);
#62=TOROIDAL_SURFACE('',#2916,1.5,0.5);
#63=TOROIDAL_SURFACE('',#3042,1.5,0.5);
#64=TOROIDAL_SURFACE('',#3048,1.5,0.5);
#65=TOROIDAL_SURFACE('',#3053,1.5,0.5);
#66=TOROIDAL_SURFACE('',#3058,1.5,0.5);
#67=TOROIDAL_SURFACE('',#3063,1.5,0.5);
#68=TOROIDAL_SURFACE('',#3069,1.5,0.5);
#69=TOROIDAL_SURFACE('',#3073,1.5,0.5);
#70=TOROIDAL_SURFACE('',#3078,1.5,0.5);
#71=TOROIDAL_SURFACE('',#3083,1.5,0.5);
#72=TOROIDAL_SURFACE('',#3088,1.5,0.5);
#73=B_SPLINE_SURFACE_WITH_KNOTS('',3,3,((#4493,#4494,#4495,#4496,#4497,
#4498,#4499,#4500,#4501,#4502,#4503,#4504,#4505),(#4506,#4507,#4508,#4509,
#4510,#4511,#4512,#4513,#4514,#4515,#4516,#4517,#4518),(#4519,#4520,#4521,
#4522,#4523,#4524,#4525,#4526,#4527,#4528,#4529,#4530,#4531),(#4532,#4533,
#4534,#4535,#4536,#4537,#4538,#4539,#4540,#4541,#4542,#4543,#4544),(#4545,
#4546,#4547,#4548,#4549,#4550,#4551,#4552,#4553,#4554,#4555,#4556,#4557)),
 .UNSPECIFIED.,.F.,.F.,.F.,(4,1,4),(4,1,1,1,1,1,1,1,1,1,4),(0.,0.571428571428571,
1.),(-4.51801519481597,-4.25270984438355,-3.98740449395113,-3.92107815634302,
-3.85475181873492,-3.72209914351871,-3.6557728059106,-3.62260963710655,
-3.60602805270452,-3.59773726050351,-3.5894464683025),.UNSPECIFIED.);
#74=B_SPLINE_SURFACE_WITH_KNOTS('',3,3,((#4615,#4616,#4617,#4618,#4619,
#4620,#4621,#4622,#4623,#4624,#4625,#4626,#4627),(#4628,#4629,#4630,#4631,
#4632,#4633,#4634,#4635,#4636,#4637,#4638,#4639,#4640),(#4641,#4642,#4643,
#4644,#4645,#4646,#4647,#4648,#4649,#4650,#4651,#4652,#4653),(#4654,#4655,
#4656,#4657,#4658,#4659,#4660,#4661,#4662,#4663,#4664,#4665,#4666),(#4667,
#4668,#4669,#4670,#4671,#4672,#4673,#4674,#4675,#4676,#4677,#4678,#4679)),
 .UNSPECIFIED.,.F.,.F.,.F.,(4,1,4),(4,1,1,1,1,1,1,1,1,1,4),(0.,0.571428571428571,
1.),(-4.21606967871155,-4.19953450016564,-4.18299932161973,-4.14992896452792,
-4.08378825034428,-3.95150682197702,-3.88536610779338,-3.81922539360975,
-3.68694396524248,-3.55466253687522,-3.29009968014068),.UNSPECIFIED.);
#75=B_SPLINE_SURFACE_WITH_KNOTS('',3,3,((#4836,#4837,#4838,#4839,#4840,
#4841,#4842,#4843),(#4844,#4845,#4846,#4847,#4848,#4849,#4850,#4851),(#4852,
#4853,#4854,#4855,#4856,#4857,#4858,#4859),(#4860,#4861,#4862,#4863,#4864,
#4865,#4866,#4867)),.UNSPECIFIED.,.F.,.F.,.F.,(4,4),(4,2,1,1,4),(0.,1.),
(-0.000704907021799585,0.,0.0849156288364501,0.127373443254675,0.212289072091125),
 .UNSPECIFIED.);
#76=B_SPLINE_SURFACE_WITH_KNOTS('',3,3,((#4915,#4916,#4917,#4918,#4919,
#4920,#4921,#4922),(#4923,#4924,#4925,#4926,#4927,#4928,#4929,#4930),(#4931,
#4932,#4933,#4934,#4935,#4936,#4937,#4938),(#4939,#4940,#4941,#4942,#4943,
#4944,#4945,#4946),(#4947,#4948,#4949,#4950,#4951,#4952,#4953,#4954)),
 .UNSPECIFIED.,.F.,.F.,.F.,(4,1,4),(4,1,1,2,4),(0.,0.5,1.),(0.,0.0849156348163353,
0.127373452224503,0.212289087040838,0.21299398004345),.UNSPECIFIED.);
#77=B_SPLINE_SURFACE_WITH_KNOTS('',3,3,((#5343,#5344,#5345,#5346,#5347,
#5348,#5349,#5350),(#5351,#5352,#5353,#5354,#5355,#5356,#5357,#5358),(#5359,
#5360,#5361,#5362,#5363,#5364,#5365,#5366),(#5367,#5368,#5369,#5370,#5371,
#5372,#5373,#5374)),.UNSPECIFIED.,.F.,.F.,.F.,(4,4),(4,2,1,1,4),(0.,1.),
(-0.000704953328896684,0.,0.084915609084068,0.127373413626102,0.21228902271017),
 .UNSPECIFIED.);
#78=B_SPLINE_SURFACE_WITH_KNOTS('',3,3,((#5421,#5422,#5423,#5424,#5425,
#5426,#5427,#5428),(#5429,#5430,#5431,#5432,#5433,#5434,#5435,#5436),(#5437,
#5438,#5439,#5440,#5441,#5442,#5443,#5444),(#5445,#5446,#5447,#5448,#5449,
#5450,#5451,#5452),(#5453,#5454,#5455,#5456,#5457,#5458,#5459,#5460)),
 .UNSPECIFIED.,.F.,.F.,.F.,(4,1,4),(4,1,1,2,4),(0.,0.5,1.),(0.,0.0849156149683363,
0.127373422452505,0.212289037420841,0.212993976954716),.UNSPECIFIED.);
#79=FACE_BOUND('',#443,.T.);
#80=FACE_BOUND('',#446,.T.);
#81=FACE_BOUND('',#452,.T.);
#82=FACE_BOUND('',#454,.T.);
#83=FACE_BOUND('',#455,.T.);
#84=FACE_BOUND('',#458,.T.);
#85=FACE_BOUND('',#461,.T.);
#86=FACE_BOUND('',#462,.T.);
#87=FACE_BOUND('',#573,.T.);
#88=FACE_BOUND('',#574,.T.);
#89=FACE_BOUND('',#610,.T.);
#90=FACE_BOUND('',#611,.T.);
#91=FACE_BOUND('',#612,.T.);
#92=FACE_BOUND('',#613,.T.);
#93=CIRCLE('',#2839,5.);
#94=CIRCLE('',#2840,5.);
#95=CIRCLE('',#2841,5.);
#96=CIRCLE('',#2842,2.5);
#97=CIRCLE('',#2845,5.);
#98=CIRCLE('',#2846,5.);
#99=CIRCLE('',#2847,5.);
#100=CIRCLE('',#2848,2.5);
#101=CIRCLE('',#2854,3.5);
#102=CIRCLE('',#2855,12.);
#103=CIRCLE('',#2856,11.5);
#104=CIRCLE('',#2857,23.3037014227354);
#105=CIRCLE('',#2858,11.5);
#106=CIRCLE('',#2859,12.);
#107=CIRCLE('',#2860,3.5);
#108=CIRCLE('',#2862,2.3);
#109=CIRCLE('',#2863,2.30000000000002);
#110=CIRCLE('',#2865,11.5);
#111=CIRCLE('',#2867,23.3037014227354);
#112=CIRCLE('',#2868,23.3037014227354);
#113=CIRCLE('',#2869,23.3037014227354);
#114=CIRCLE('',#2870,23.3037014227354);
#115=CIRCLE('',#2871,23.3037014227354);
#116=CIRCLE('',#2872,23.3037014227354);
#117=CIRCLE('',#2873,23.3037014227354);
#118=CIRCLE('',#2874,23.3037014227354);
#119=CIRCLE('',#2876,11.5);
#120=CIRCLE('',#2878,2.3);
#121=CIRCLE('',#2879,2.29999999999999);
#122=CIRCLE('',#2881,2.3);
#123=CIRCLE('',#2884,2.29999999999999);
#124=CIRCLE('',#2887,2.3);
#125=CIRCLE('',#2890,2.30000000000002);
#126=CIRCLE('',#2893,3.5);
#127=CIRCLE('',#2895,12.);
#128=CIRCLE('',#2897,0.500000000000007);
#129=CIRCLE('',#2899,3.5);
#130=CIRCLE('',#2900,12.);
#131=CIRCLE('',#2903,0.500000000000007);
#132=CIRCLE('',#2905,0.500000000000007);
#133=CIRCLE('',#2906,1.);
#134=CIRCLE('',#2907,1.5);
#135=CIRCLE('',#2909,1.5);
#136=CIRCLE('',#2910,1.5);
#137=CIRCLE('',#2911,1.5);
#138=CIRCLE('',#2912,1.5);
#139=CIRCLE('',#2913,1.5);
#140=CIRCLE('',#2915,0.499999999999991);
#141=CIRCLE('',#2917,0.50000000000001);
#142=CIRCLE('',#2918,1.);
#143=CIRCLE('',#2920,1.);
#144=CIRCLE('',#2937,2.5);
#145=CIRCLE('',#2938,4.99999999999999);
#146=CIRCLE('',#2942,5.);
#147=CIRCLE('',#2943,2.5);
#148=CIRCLE('',#2945,0.500000000000007);
#149=CIRCLE('',#2947,0.500000000000004);
#150=CIRCLE('',#2948,0.500000000000003);
#151=CIRCLE('',#2950,0.499999999999999);
#152=CIRCLE('',#2952,0.499999999999997);
#153=CIRCLE('',#2954,0.500000000000015);
#154=CIRCLE('',#2957,0.500000000000006);
#155=CIRCLE('',#2958,0.499999999999994);
#156=CIRCLE('',#2960,0.500000000000009);
#157=CIRCLE('',#2962,0.499999999999995);
#158=CIRCLE('',#2964,0.499999999999997);
#159=CIRCLE('',#2967,0.500000000000007);
#160=CIRCLE('',#2968,0.5);
#161=CIRCLE('',#2970,0.49999999999999);
#162=CIRCLE('',#2971,0.499999999999998);
#163=CIRCLE('',#2973,0.500000000000015);
#164=CIRCLE('',#2975,0.5);
#165=CIRCLE('',#2976,0.5);
#166=CIRCLE('',#2978,0.499999999999992);
#167=CIRCLE('',#2981,0.500000000000007);
#168=CIRCLE('',#2982,0.5);
#169=CIRCLE('',#2984,0.500000000000024);
#170=CIRCLE('',#2985,0.499999999999998);
#171=CIRCLE('',#2987,0.499999999999998);
#172=CIRCLE('',#2989,0.499999999999993);
#173=CIRCLE('',#2990,0.5);
#174=CIRCLE('',#2992,0.500000000000001);
#175=CIRCLE('',#2997,2.5);
#176=CIRCLE('',#2999,5.);
#177=CIRCLE('',#3000,4.99999999999999);
#178=CIRCLE('',#3001,2.5);
#179=CIRCLE('',#3002,3.49999999999999);
#180=CIRCLE('',#3003,3.5);
#181=CIRCLE('',#3008,3.5);
#182=CIRCLE('',#3010,3.49999999999999);
#183=CIRCLE('',#3015,2.29999999999999);
#184=CIRCLE('',#3016,2.29999999999999);
#185=CIRCLE('',#3019,2.3);
#186=CIRCLE('',#3020,2.3);
#187=CIRCLE('',#3023,2.3);
#188=CIRCLE('',#3024,2.3);
#189=CIRCLE('',#3027,2.30000000000002);
#190=CIRCLE('',#3028,2.30000000000002);
#191=CIRCLE('',#3032,1.5);
#192=CIRCLE('',#3033,1.5);
#193=CIRCLE('',#3034,1.5);
#194=CIRCLE('',#3035,1.5);
#195=CIRCLE('',#3036,1.5);
#196=CIRCLE('',#3037,1.5);
#197=CIRCLE('',#3041,0.500000000000007);
#198=CIRCLE('',#3043,0.500000000000007);
#199=CIRCLE('',#3044,1.);
#200=CIRCLE('',#3047,0.500000000000007);
#201=CIRCLE('',#3049,0.500000000000007);
#202=CIRCLE('',#3050,1.);
#203=CIRCLE('',#3052,0.500000000000007);
#204=CIRCLE('',#3054,0.500000000000007);
#205=CIRCLE('',#3055,1.);
#206=CIRCLE('',#3057,0.499999999999972);
#207=CIRCLE('',#3059,0.500000000000007);
#208=CIRCLE('',#3060,1.);
#209=CIRCLE('',#3062,0.500000000000007);
#210=CIRCLE('',#3064,0.500000000000007);
#211=CIRCLE('',#3065,1.);
#212=CIRCLE('',#3068,0.500000000000007);
#213=CIRCLE('',#3070,0.500000000000007);
#214=CIRCLE('',#3072,0.500000000000016);
#215=CIRCLE('',#3074,0.500000000000028);
#216=CIRCLE('',#3075,1.);
#217=CIRCLE('',#3077,0.500000000000013);
#218=CIRCLE('',#3079,0.499999999999972);
#219=CIRCLE('',#3080,1.);
#220=CIRCLE('',#3082,0.500000000000008);
#221=CIRCLE('',#3084,0.500000000000001);
#222=CIRCLE('',#3085,1.);
#223=CIRCLE('',#3087,0.499999999999995);
#224=CIRCLE('',#3089,0.499999999999994);
#225=CIRCLE('',#3090,1.);
#226=PLANE('',#2838);
#227=PLANE('',#2844);
#228=PLANE('',#2853);
#229=PLANE('',#2861);
#230=PLANE('',#2877);
#231=PLANE('',#2882);
#232=PLANE('',#2885);
#233=PLANE('',#2888);
#234=PLANE('',#2891);
#235=PLANE('',#2908);
#236=PLANE('',#2921);
#237=PLANE('',#2936);
#238=PLANE('',#2941);
#239=PLANE('',#2955);
#240=PLANE('',#2965);
#241=PLANE('',#2979);
#242=PLANE('',#2993);
#243=PLANE('',#2998);
#244=PLANE('',#3011);
#245=PLANE('',#3012);
#246=PLANE('',#3013);
#247=PLANE('',#3017);
#248=PLANE('',#3021);
#249=PLANE('',#3025);
#250=PLANE('',#3029);
#251=PLANE('',#3030);
#252=PLANE('',#3031);
#253=PLANE('',#3038);
#254=PLANE('',#3039);
#255=PLANE('',#3092);
#256=PLANE('',#3094);
#257=PLANE('',#3096);
#258=PLANE('',#3101);
#259=PLANE('',#3110);
#260=PLANE('',#3115);
#261=PLANE('',#3116);
#262=PLANE('',#3119);
#263=PLANE('',#3121);
#264=PLANE('',#3123);
#265=PLANE('',#3124);
#266=PLANE('',#3125);
#267=PLANE('',#3127);
#268=PLANE('',#3128);
#269=PLANE('',#3129);
#270=PLANE('',#3132);
#271=PLANE('',#3133);
#272=PLANE('',#3134);
#273=PLANE('',#3136);
#274=PLANE('',#3139);
#275=PLANE('',#3145);
#276=PLANE('',#3146);
#277=PLANE('',#3147);
#278=PLANE('',#3149);
#279=PLANE('',#3150);
#280=PLANE('',#3151);
#281=PLANE('',#3152);
#282=FACE_OUTER_BOUND('',#441,.T.);
#283=FACE_OUTER_BOUND('',#442,.T.);
#284=FACE_OUTER_BOUND('',#444,.T.);
#285=FACE_OUTER_BOUND('',#445,.T.);
#286=FACE_OUTER_BOUND('',#447,.T.);
#287=FACE_OUTER_BOUND('',#448,.T.);
#288=FACE_OUTER_BOUND('',#449,.T.);
#289=FACE_OUTER_BOUND('',#450,.T.);
#290=FACE_OUTER_BOUND('',#451,.T.);
#291=FACE_OUTER_BOUND('',#453,.T.);
#292=FACE_OUTER_BOUND('',#456,.T.);
#293=FACE_OUTER_BOUND('',#457,.T.);
#294=FACE_OUTER_BOUND('',#459,.T.);
#295=FACE_OUTER_BOUND('',#460,.T.);
#296=FACE_OUTER_BOUND('',#463,.T.);
#297=FACE_OUTER_BOUND('',#464,.T.);
#298=FACE_OUTER_BOUND('',#465,.T.);
#299=FACE_OUTER_BOUND('',#466,.T.);
#300=FACE_OUTER_BOUND('',#467,.T.);
#301=FACE_OUTER_BOUND('',#468,.T.);
#302=FACE_OUTER_BOUND('',#469,.T.);
#303=FACE_OUTER_BOUND('',#470,.T.);
#304=FACE_OUTER_BOUND('',#471,.T.);
#305=FACE_OUTER_BOUND('',#472,.T.);
#306=FACE_OUTER_BOUND('',#473,.T.);
#307=FACE_OUTER_BOUND('',#474,.T.);
#308=FACE_OUTER_BOUND('',#475,.T.);
#309=FACE_OUTER_BOUND('',#476,.T.);
#310=FACE_OUTER_BOUND('',#477,.T.);
#311=FACE_OUTER_BOUND('',#478,.T.);
#312=FACE_OUTER_BOUND('',#479,.T.);
#313=FACE_OUTER_BOUND('',#480,.T.);
#314=FACE_OUTER_BOUND('',#481,.T.);
#315=FACE_OUTER_BOUND('',#482,.T.);
#316=FACE_OUTER_BOUND('',#483,.T.);
#317=FACE_OUTER_BOUND('',#484,.T.);
#318=FACE_OUTER_BOUND('',#485,.T.);
#319=FACE_OUTER_BOUND('',#486,.T.);
#320=FACE_OUTER_BOUND('',#487,.T.);
#321=FACE_OUTER_BOUND('',#488,.T.);
#322=FACE_OUTER_BOUND('',#489,.T.);
#323=FACE_OUTER_BOUND('',#490,.T.);
#324=FACE_OUTER_BOUND('',#491,.T.);
#325=FACE_OUTER_BOUND('',#492,.T.);
#326=FACE_OUTER_BOUND('',#493,.T.);
#327=FACE_OUTER_BOUND('',#494,.T.);
#328=FACE_OUTER_BOUND('',#495,.T.);
#329=FACE_OUTER_BOUND('',#496,.T.);
#330=FACE_OUTER_BOUND('',#497,.T.);
#331=FACE_OUTER_BOUND('',#498,.T.);
#332=FACE_OUTER_BOUND('',#499,.T.);
#333=FACE_OUTER_BOUND('',#500,.T.);
#334=FACE_OUTER_BOUND('',#501,.T.);
#335=FACE_OUTER_BOUND('',#502,.T.);
#336=FACE_OUTER_BOUND('',#503,.T.);
#337=FACE_OUTER_BOUND('',#504,.T.);
#338=FACE_OUTER_BOUND('',#505,.T.);
#339=FACE_OUTER_BOUND('',#506,.T.);
#340=FACE_OUTER_BOUND('',#507,.T.);
#341=FACE_OUTER_BOUND('',#508,.T.);
#342=FACE_OUTER_BOUND('',#509,.T.);
#343=FACE_OUTER_BOUND('',#510,.T.);
#344=FACE_OUTER_BOUND('',#511,.T.);
#345=FACE_OUTER_BOUND('',#512,.T.);
#346=FACE_OUTER_BOUND('',#513,.T.);
#347=FACE_OUTER_BOUND('',#514,.T.);
#348=FACE_OUTER_BOUND('',#515,.T.);
#349=FACE_OUTER_BOUND('',#516,.T.);
#350=FACE_OUTER_BOUND('',#517,.T.);
#351=FACE_OUTER_BOUND('',#518,.T.);
#352=FACE_OUTER_BOUND('',#519,.T.);
#353=FACE_OUTER_BOUND('',#520,.T.);
#354=FACE_OUTER_BOUND('',#521,.T.);
#355=FACE_OUTER_BOUND('',#522,.T.);
#356=FACE_OUTER_BOUND('',#523,.T.);
#357=FACE_OUTER_BOUND('',#524,.T.);
#358=FACE_OUTER_BOUND('',#525,.T.);
#359=FACE_OUTER_BOUND('',#526,.T.);
#360=FACE_OUTER_BOUND('',#527,.T.);
#361=FACE_OUTER_BOUND('',#528,.T.);
#362=FACE_OUTER_BOUND('',#529,.T.);
#363=FACE_OUTER_BOUND('',#530,.T.);
#364=FACE_OUTER_BOUND('',#531,.T.);
#365=FACE_OUTER_BOUND('',#532,.T.);
#366=FACE_OUTER_BOUND('',#533,.T.);
#367=FACE_OUTER_BOUND('',#534,.T.);
#368=FACE_OUTER_BOUND('',#535,.T.);
#369=FACE_OUTER_BOUND('',#536,.T.);
#370=FACE_OUTER_BOUND('',#537,.T.);
#371=FACE_OUTER_BOUND('',#538,.T.);
#372=FACE_OUTER_BOUND('',#539,.T.);
#373=FACE_OUTER_BOUND('',#540,.T.);
#374=FACE_OUTER_BOUND('',#541,.T.);
#375=FACE_OUTER_BOUND('',#542,.T.);
#376=FACE_OUTER_BOUND('',#543,.T.);
#377=FACE_OUTER_BOUND('',#544,.T.);
#378=FACE_OUTER_BOUND('',#545,.T.);
#379=FACE_OUTER_BOUND('',#546,.T.);
#380=FACE_OUTER_BOUND('',#547,.T.);
#381=FACE_OUTER_BOUND('',#548,.T.);
#382=FACE_OUTER_BOUND('',#549,.T.);
#383=FACE_OUTER_BOUND('',#550,.T.);
#384=FACE_OUTER_BOUND('',#551,.T.);
#385=FACE_OUTER_BOUND('',#552,.T.);
#386=FACE_OUTER_BOUND('',#553,.T.);
#387=FACE_OUTER_BOUND('',#554,.T.);
#388=FACE_OUTER_BOUND('',#555,.T.);
#389=FACE_OUTER_BOUND('',#556,.T.);
#390=FACE_OUTER_BOUND('',#557,.T.);
#391=FACE_OUTER_BOUND('',#558,.T.);
#392=FACE_OUTER_BOUND('',#559,.T.);
#393=FACE_OUTER_BOUND('',#560,.T.);
#394=FACE_OUTER_BOUND('',#561,.T.);
#395=FACE_OUTER_BOUND('',#562,.T.);
#396=FACE_OUTER_BOUND('',#563,.T.);
#397=FACE_OUTER_BOUND('',#564,.T.);
#398=FACE_OUTER_BOUND('',#565,.T.);
#399=FACE_OUTER_BOUND('',#566,.T.);
#400=FACE_OUTER_BOUND('',#567,.T.);
#401=FACE_OUTER_BOUND('',#568,.T.);
#402=FACE_OUTER_BOUND('',#569,.T.);
#403=FACE_OUTER_BOUND('',#570,.T.);
#404=FACE_OUTER_BOUND('',#571,.T.);
#405=FACE_OUTER_BOUND('',#572,.T.);
#406=FACE_OUTER_BOUND('',#575,.T.);
#407=FACE_OUTER_BOUND('',#576,.T.);
#408=FACE_OUTER_BOUND('',#577,.T.);
#409=FACE_OUTER_BOUND('',#578,.T.);
#410=FACE_OUTER_BOUND('',#579,.T.);
#411=FACE_OUTER_BOUND('',#580,.T.);
#412=FACE_OUTER_BOUND('',#581,.T.);
#413=FACE_OUTER_BOUND('',#582,.T.);
#414=FACE_OUTER_BOUND('',#583,.T.);
#415=FACE_OUTER_BOUND('',#584,.T.);
#416=FACE_OUTER_BOUND('',#585,.T.);
#417=FACE_OUTER_BOUND('',#586,.T.);
#418=FACE_OUTER_BOUND('',#587,.T.);
#419=FACE_OUTER_BOUND('',#588,.T.);
#420=FACE_OUTER_BOUND('',#589,.T.);
#421=FACE_OUTER_BOUND('',#590,.T.);
#422=FACE_OUTER_BOUND('',#591,.T.);
#423=FACE_OUTER_BOUND('',#592,.T.);
#424=FACE_OUTER_BOUND('',#593,.T.);
#425=FACE_OUTER_BOUND('',#594,.T.);
#426=FACE_OUTER_BOUND('',#595,.T.);
#427=FACE_OUTER_BOUND('',#596,.T.);
#428=FACE_OUTER_BOUND('',#597,.T.);
#429=FACE_OUTER_BOUND('',#598,.T.);
#430=FACE_OUTER_BOUND('',#599,.T.);
#431=FACE_OUTER_BOUND('',#600,.T.);
#432=FACE_OUTER_BOUND('',#601,.T.);
#433=FACE_OUTER_BOUND('',#602,.T.);
#434=FACE_OUTER_BOUND('',#603,.T.);
#435=FACE_OUTER_BOUND('',#604,.T.);
#436=FACE_OUTER_BOUND('',#605,.T.);
#437=FACE_OUTER_BOUND('',#606,.T.);
#438=FACE_OUTER_BOUND('',#607,.T.);
#439=FACE_OUTER_BOUND('',#608,.T.);
#440=FACE_OUTER_BOUND('',#609,.T.);
#441=EDGE_LOOP('',(#1753,#1754,#1755,#1756));
#442=EDGE_LOOP('',(#1757,#1758,#1759,#1760));
#443=EDGE_LOOP('',(#1761));
#444=EDGE_LOOP('',(#1762,#1763,#1764,#1765));
#445=EDGE_LOOP('',(#1766,#1767,#1768,#1769));
#446=EDGE_LOOP('',(#1770));
#447=EDGE_LOOP('',(#1771,#1772,#1773,#1774,#1775,#1776));
#448=EDGE_LOOP('',(#1777,#1778,#1779,#1780,#1781,#1782));
#449=EDGE_LOOP('',(#1783,#1784,#1785,#1786));
#450=EDGE_LOOP('',(#1787,#1788,#1789,#1790));
#451=EDGE_LOOP('',(#1791,#1792,#1793,#1794,#1795,#1796,#1797,#1798,#1799,
#1800));
#452=EDGE_LOOP('',(#1801,#1802,#1803,#1804));
#453=EDGE_LOOP('',(#1805,#1806,#1807,#1808,#1809));
#454=EDGE_LOOP('',(#1810));
#455=EDGE_LOOP('',(#1811));
#456=EDGE_LOOP('',(#1812,#1813,#1814,#1815,#1816,#1817,#1818,#1819,#1820,
#1821,#1822,#1823));
#457=EDGE_LOOP('',(#1824,#1825,#1826,#1827,#1828,#1829,#1830,#1831,#1832,
#1833,#1834,#1835,#1836,#1837,#1838,#1839,#1840,#1841,#1842,#1843));
#458=EDGE_LOOP('',(#1844,#1845,#1846,#1847,#1848,#1849,#1850,#1851,#1852,
#1853,#1854,#1855,#1856,#1857,#1858,#1859,#1860));
#459=EDGE_LOOP('',(#1861,#1862,#1863,#1864,#1865,#1866,#1867,#1868,#1869,
#1870,#1871,#1872));
#460=EDGE_LOOP('',(#1873,#1874,#1875,#1876,#1877));
#461=EDGE_LOOP('',(#1878));
#462=EDGE_LOOP('',(#1879));
#463=EDGE_LOOP('',(#1880,#1881,#1882,#1883));
#464=EDGE_LOOP('',(#1884));
#465=EDGE_LOOP('',(#1885,#1886,#1887,#1888));
#466=EDGE_LOOP('',(#1889));
#467=EDGE_LOOP('',(#1890,#1891,#1892,#1893));
#468=EDGE_LOOP('',(#1894));
#469=EDGE_LOOP('',(#1895,#1896,#1897,#1898));
#470=EDGE_LOOP('',(#1899));
#471=EDGE_LOOP('',(#1900,#1901,#1902,#1903,#1904,#1905));
#472=EDGE_LOOP('',(#1906,#1907,#1908,#1909,#1910));
#473=EDGE_LOOP('',(#1911,#1912,#1913,#1914,#1915,#1916));
#474=EDGE_LOOP('',(#1917,#1918,#1919,#1920,#1921));
#475=EDGE_LOOP('',(#1922,#1923,#1924,#1925,#1926,#1927));
#476=EDGE_LOOP('',(#1928,#1929,#1930,#1931,#1932,#1933));
#477=EDGE_LOOP('',(#1934,#1935,#1936,#1937,#1938));
#478=EDGE_LOOP('',(#1939,#1940,#1941,#1942));
#479=EDGE_LOOP('',(#1943,#1944,#1945,#1946));
#480=EDGE_LOOP('',(#1947,#1948,#1949));
#481=EDGE_LOOP('',(#1950,#1951,#1952,#1953,#1954,#1955,#1956,#1957,#1958,
#1959,#1960,#1961,#1962,#1963));
#482=EDGE_LOOP('',(#1964,#1965,#1966,#1967));
#483=EDGE_LOOP('',(#1968,#1969,#1970,#1971));
#484=EDGE_LOOP('',(#1972,#1973,#1974));
#485=EDGE_LOOP('',(#1975,#1976,#1977,#1978,#1979));
#486=EDGE_LOOP('',(#1980,#1981,#1982,#1983,#1984,#1985,#1986,#1987,#1988,
#1989,#1990,#1991,#1992,#1993,#1994,#1995,#1996,#1997,#1998,#1999,#2000,
#2001,#2002,#2003,#2004,#2005,#2006,#2007));
#487=EDGE_LOOP('',(#2008,#2009,#2010,#2011));
#488=EDGE_LOOP('',(#2012,#2013,#2014,#2015,#2016,#2017,#2018));
#489=EDGE_LOOP('',(#2019,#2020,#2021,#2022));
#490=EDGE_LOOP('',(#2023,#2024,#2025,#2026,#2027,#2028,#2029));
#491=EDGE_LOOP('',(#2030,#2031,#2032,#2033));
#492=EDGE_LOOP('',(#2034,#2035,#2036,#2037));
#493=EDGE_LOOP('',(#2038,#2039,#2040));
#494=EDGE_LOOP('',(#2041,#2042,#2043,#2044,#2045));
#495=EDGE_LOOP('',(#2046,#2047,#2048));
#496=EDGE_LOOP('',(#2049,#2050,#2051,#2052,#2053));
#497=EDGE_LOOP('',(#2054,#2055,#2056,#2057));
#498=EDGE_LOOP('',(#2058,#2059,#2060));
#499=EDGE_LOOP('',(#2061,#2062,#2063,#2064));
#500=EDGE_LOOP('',(#2065,#2066,#2067));
#501=EDGE_LOOP('',(#2068,#2069,#2070,#2071,#2072));
#502=EDGE_LOOP('',(#2073,#2074,#2075,#2076));
#503=EDGE_LOOP('',(#2077,#2078,#2079,#2080));
#504=EDGE_LOOP('',(#2081,#2082,#2083));
#505=EDGE_LOOP('',(#2084,#2085,#2086,#2087));
#506=EDGE_LOOP('',(#2088,#2089,#2090));
#507=EDGE_LOOP('',(#2091,#2092,#2093,#2094));
#508=EDGE_LOOP('',(#2095,#2096,#2097,#2098));
#509=EDGE_LOOP('',(#2099,#2100,#2101,#2102));
#510=EDGE_LOOP('',(#2103,#2104,#2105));
#511=EDGE_LOOP('',(#2106,#2107,#2108,#2109));
#512=EDGE_LOOP('',(#2110,#2111,#2112));
#513=EDGE_LOOP('',(#2113,#2114,#2115,#2116));
#514=EDGE_LOOP('',(#2117,#2118,#2119,#2120));
#515=EDGE_LOOP('',(#2121,#2122,#2123,#2124));
#516=EDGE_LOOP('',(#2125,#2126,#2127,#2128));
#517=EDGE_LOOP('',(#2129,#2130,#2131,#2132,#2133,#2134,#2135,#2136,#2137,
#2138,#2139,#2140,#2141,#2142,#2143,#2144));
#518=EDGE_LOOP('',(#2145,#2146,#2147,#2148,#2149));
#519=EDGE_LOOP('',(#2150,#2151,#2152,#2153));
#520=EDGE_LOOP('',(#2154,#2155,#2156,#2157,#2158));
#521=EDGE_LOOP('',(#2159,#2160,#2161,#2162));
#522=EDGE_LOOP('',(#2163,#2164,#2165,#2166));
#523=EDGE_LOOP('',(#2167,#2168,#2169,#2170));
#524=EDGE_LOOP('',(#2171,#2172,#2173,#2174,#2175));
#525=EDGE_LOOP('',(#2176,#2177,#2178,#2179,#2180,#2181));
#526=EDGE_LOOP('',(#2182,#2183,#2184,#2185));
#527=EDGE_LOOP('',(#2186));
#528=EDGE_LOOP('',(#2187,#2188,#2189,#2190));
#529=EDGE_LOOP('',(#2191));
#530=EDGE_LOOP('',(#2192,#2193,#2194,#2195));
#531=EDGE_LOOP('',(#2196));
#532=EDGE_LOOP('',(#2197,#2198,#2199,#2200));
#533=EDGE_LOOP('',(#2201));
#534=EDGE_LOOP('',(#2202,#2203,#2204,#2205,#2206,#2207));
#535=EDGE_LOOP('',(#2208,#2209,#2210,#2211,#2212,#2213,#2214,#2215,#2216,
#2217,#2218,#2219,#2220,#2221,#2222,#2223,#2224,#2225,#2226,#2227,#2228,
#2229,#2230,#2231,#2232));
#536=EDGE_LOOP('',(#2233,#2234,#2235,#2236,#2237,#2238,#2239,#2240));
#537=EDGE_LOOP('',(#2241,#2242,#2243,#2244,#2245,#2246,#2247,#2248));
#538=EDGE_LOOP('',(#2249,#2250,#2251,#2252));
#539=EDGE_LOOP('',(#2253,#2254,#2255,#2256));
#540=EDGE_LOOP('',(#2257,#2258,#2259,#2260));
#541=EDGE_LOOP('',(#2261,#2262,#2263,#2264));
#542=EDGE_LOOP('',(#2265,#2266,#2267,#2268));
#543=EDGE_LOOP('',(#2269,#2270,#2271,#2272));
#544=EDGE_LOOP('',(#2273,#2274,#2275,#2276));
#545=EDGE_LOOP('',(#2277,#2278,#2279,#2280));
#546=EDGE_LOOP('',(#2281,#2282,#2283,#2284));
#547=EDGE_LOOP('',(#2285,#2286,#2287,#2288));
#548=EDGE_LOOP('',(#2289,#2290,#2291,#2292));
#549=EDGE_LOOP('',(#2293,#2294,#2295,#2296));
#550=EDGE_LOOP('',(#2297,#2298,#2299,#2300));
#551=EDGE_LOOP('',(#2301,#2302,#2303,#2304));
#552=EDGE_LOOP('',(#2305,#2306,#2307,#2308));
#553=EDGE_LOOP('',(#2309,#2310,#2311));
#554=EDGE_LOOP('',(#2312,#2313,#2314,#2315));
#555=EDGE_LOOP('',(#2316,#2317,#2318,#2319));
#556=EDGE_LOOP('',(#2320,#2321,#2322,#2323));
#557=EDGE_LOOP('',(#2324,#2325,#2326,#2327));
#558=EDGE_LOOP('',(#2328,#2329,#2330,#2331));
#559=EDGE_LOOP('',(#2332,#2333,#2334,#2335));
#560=EDGE_LOOP('',(#2336,#2337,#2338,#2339));
#561=EDGE_LOOP('',(#2340,#2341,#2342));
#562=EDGE_LOOP('',(#2343,#2344,#2345,#2346,#2347));
#563=EDGE_LOOP('',(#2348,#2349,#2350,#2351));
#564=EDGE_LOOP('',(#2352,#2353,#2354,#2355));
#565=EDGE_LOOP('',(#2356,#2357,#2358,#2359));
#566=EDGE_LOOP('',(#2360,#2361,#2362,#2363));
#567=EDGE_LOOP('',(#2364,#2365,#2366,#2367));
#568=EDGE_LOOP('',(#2368,#2369,#2370,#2371,#2372));
#569=EDGE_LOOP('',(#2373,#2374,#2375,#2376));
#570=EDGE_LOOP('',(#2377,#2378,#2379,#2380));
#571=EDGE_LOOP('',(#2381,#2382,#2383,#2384,#2385));
#572=EDGE_LOOP('',(#2386,#2387,#2388,#2389));
#573=EDGE_LOOP('',(#2390,#2391,#2392,#2393));
#574=EDGE_LOOP('',(#2394,#2395,#2396,#2397));
#575=EDGE_LOOP('',(#2398,#2399,#2400,#2401,#2402));
#576=EDGE_LOOP('',(#2403,#2404,#2405,#2406,#2407));
#577=EDGE_LOOP('',(#2408,#2409,#2410,#2411,#2412));
#578=EDGE_LOOP('',(#2413,#2414,#2415,#2416,#2417));
#579=EDGE_LOOP('',(#2418,#2419,#2420,#2421));
#580=EDGE_LOOP('',(#2422,#2423,#2424,#2425));
#581=EDGE_LOOP('',(#2426,#2427,#2428,#2429));
#582=EDGE_LOOP('',(#2430,#2431,#2432,#2433));
#583=EDGE_LOOP('',(#2434,#2435,#2436,#2437,#2438,#2439));
#584=EDGE_LOOP('',(#2440,#2441,#2442));
#585=EDGE_LOOP('',(#2443,#2444,#2445));
#586=EDGE_LOOP('',(#2446,#2447,#2448,#2449));
#587=EDGE_LOOP('',(#2450,#2451,#2452,#2453));
#588=EDGE_LOOP('',(#2454,#2455,#2456,#2457));
#589=EDGE_LOOP('',(#2458,#2459,#2460,#2461,#2462,#2463,#2464,#2465,#2466,
#2467,#2468));
#590=EDGE_LOOP('',(#2469,#2470,#2471,#2472));
#591=EDGE_LOOP('',(#2473,#2474,#2475,#2476));
#592=EDGE_LOOP('',(#2477,#2478,#2479,#2480));
#593=EDGE_LOOP('',(#2481,#2482,#2483,#2484));
#594=EDGE_LOOP('',(#2485,#2486,#2487,#2488));
#595=EDGE_LOOP('',(#2489,#2490,#2491,#2492));
#596=EDGE_LOOP('',(#2493,#2494,#2495));
#597=EDGE_LOOP('',(#2496,#2497,#2498,#2499,#2500,#2501));
#598=EDGE_LOOP('',(#2502,#2503,#2504));
#599=EDGE_LOOP('',(#2505,#2506,#2507,#2508));
#600=EDGE_LOOP('',(#2509,#2510,#2511,#2512,#2513,#2514,#2515,#2516,#2517,
#2518,#2519));
#601=EDGE_LOOP('',(#2520,#2521,#2522,#2523,#2524,#2525,#2526,#2527,#2528,
#2529,#2530));
#602=EDGE_LOOP('',(#2531,#2532,#2533,#2534));
#603=EDGE_LOOP('',(#2535,#2536,#2537,#2538));
#604=EDGE_LOOP('',(#2539,#2540,#2541,#2542));
#605=EDGE_LOOP('',(#2543,#2544,#2545,#2546,#2547,#2548,#2549,#2550,#2551,
#2552,#2553));
#606=EDGE_LOOP('',(#2554,#2555,#2556,#2557));
#607=EDGE_LOOP('',(#2558,#2559,#2560,#2561));
#608=EDGE_LOOP('',(#2562,#2563,#2564,#2565));
#609=EDGE_LOOP('',(#2566,#2567,#2568,#2569,#2570,#2571,#2572,#2573,#2574,
#2575,#2576,#2577,#2578,#2579,#2580,#2581,#2582,#2583,#2584,#2585,#2586));
#610=EDGE_LOOP('',(#2587));
#611=EDGE_LOOP('',(#2588));
#612=EDGE_LOOP('',(#2589));
#613=EDGE_LOOP('',(#2590));
#614=LINE('',#4008,#820);
#615=LINE('',#4020,#821);
#616=LINE('',#4043,#822);
#617=LINE('',#4055,#823);
#618=LINE('',#4065,#824);
#619=LINE('',#4066,#825);
#620=LINE('',#4068,#826);
#621=LINE('',#4069,#827);
#622=LINE('',#4072,#828);
#623=LINE('',#4080,#829);
#624=LINE('',#4088,#830);
#625=LINE('',#4093,#831);
#626=LINE('',#4096,#832);
#627=LINE('',#4098,#833);
#628=LINE('',#4100,#834);
#629=LINE('',#4101,#835);
#630=LINE('',#4108,#836);
#631=LINE('',#4121,#837);
#632=LINE('',#4134,#838);
#633=LINE('',#4147,#839);
#634=LINE('',#4160,#840);
#635=LINE('',#4164,#841);
#636=LINE('',#4175,#842);
#637=LINE('',#4186,#843);
#638=LINE('',#4197,#844);
#639=LINE('',#4208,#845);
#640=LINE('',#4224,#846);
#641=LINE('',#4251,#847);
#642=LINE('',#4283,#848);
#643=LINE('',#4287,#849);
#644=LINE('',#4291,#850);
#645=LINE('',#4295,#851);
#646=LINE('',#4299,#852);
#647=LINE('',#4329,#853);
#648=LINE('',#4344,#854);
#649=LINE('',#4362,#855);
#650=LINE('',#4393,#856);
#651=LINE('',#4410,#857);
#652=LINE('',#4412,#858);
#653=LINE('',#4413,#859);
#654=LINE('',#4420,#860);
#655=LINE('',#4425,#861);
#656=LINE('',#4430,#862);
#657=LINE('',#4435,#863);
#658=LINE('',#4440,#864);
#659=LINE('',#4461,#865);
#660=LINE('',#4589,#866);
#661=LINE('',#4592,#867);
#662=LINE('',#4595,#868);
#663=LINE('',#4614,#869);
#664=LINE('',#4828,#870);
#665=LINE('',#4829,#871);
#666=LINE('',#4887,#872);
#667=LINE('',#4891,#873);
#668=LINE('',#4895,#874);
#669=LINE('',#4899,#875);
#670=LINE('',#4903,#876);
#671=LINE('',#4906,#877);
#672=LINE('',#4910,#878);
#673=LINE('',#4974,#879);
#674=LINE('',#4977,#880);
#675=LINE('',#4980,#881);
#676=LINE('',#4984,#882);
#677=LINE('',#4990,#883);
#678=LINE('',#4996,#884);
#679=LINE('',#4999,#885);
#680=LINE('',#5001,#886);
#681=LINE('',#5005,#887);
#682=LINE('',#5011,#888);
#683=LINE('',#5017,#889);
#684=LINE('',#5020,#890);
#685=LINE('',#5021,#891);
#686=LINE('',#5027,#892);
#687=LINE('',#5035,#893);
#688=LINE('',#5038,#894);
#689=LINE('',#5040,#895);
#690=LINE('',#5042,#896);
#691=LINE('',#5044,#897);
#692=LINE('',#5058,#898);
#693=LINE('',#5061,#899);
#694=LINE('',#5064,#900);
#695=LINE('',#5070,#901);
#696=LINE('',#5072,#902);
#697=LINE('',#5073,#903);
#698=LINE('',#5077,#904);
#699=LINE('',#5082,#905);
#700=LINE('',#5085,#906);
#701=LINE('',#5089,#907);
#702=LINE('',#5092,#908);
#703=LINE('',#5096,#909);
#704=LINE('',#5101,#910);
#705=LINE('',#5104,#911);
#706=LINE('',#5109,#912);
#707=LINE('',#5113,#913);
#708=LINE('',#5119,#914);
#709=LINE('',#5122,#915);
#710=LINE('',#5127,#916);
#711=LINE('',#5130,#917);
#712=LINE('',#5137,#918);
#713=LINE('',#5141,#919);
#714=LINE('',#5146,#920);
#715=LINE('',#5152,#921);
#716=LINE('',#5155,#922);
#717=LINE('',#5162,#923);
#718=LINE('',#5165,#924);
#719=LINE('',#5169,#925);
#720=LINE('',#5171,#926);
#721=LINE('',#5173,#927);
#722=LINE('',#5178,#928);
#723=LINE('',#5179,#929);
#724=LINE('',#5183,#930);
#725=LINE('',#5185,#931);
#726=LINE('',#5191,#932);
#727=LINE('',#5195,#933);
#728=LINE('',#5198,#934);
#729=LINE('',#5200,#935);
#730=LINE('',#5202,#936);
#731=LINE('',#5203,#937);
#732=LINE('',#5205,#938);
#733=LINE('',#5210,#939);
#734=LINE('',#5211,#940);
#735=LINE('',#5214,#941);
#736=LINE('',#5217,#942);
#737=LINE('',#5219,#943);
#738=LINE('',#5222,#944);
#739=LINE('',#5223,#945);
#740=LINE('',#5229,#946);
#741=LINE('',#5236,#947);
#742=LINE('',#5243,#948);
#743=LINE('',#5250,#949);
#744=LINE('',#5255,#950);
#745=LINE('',#5257,#951);
#746=LINE('',#5261,#952);
#747=LINE('',#5265,#953);
#748=LINE('',#5269,#954);
#749=LINE('',#5272,#955);
#750=LINE('',#5273,#956);
#751=LINE('',#5275,#957);
#752=LINE('',#5278,#958);
#753=LINE('',#5280,#959);
#754=LINE('',#5283,#960);
#755=LINE('',#5286,#961);
#756=LINE('',#5288,#962);
#757=LINE('',#5289,#963);
#758=LINE('',#5290,#964);
#759=LINE('',#5293,#965);
#760=LINE('',#5294,#966);
#761=LINE('',#5296,#967);
#762=LINE('',#5298,#968);
#763=LINE('',#5299,#969);
#764=LINE('',#5307,#970);
#765=LINE('',#5317,#971);
#766=LINE('',#5325,#972);
#767=LINE('',#5333,#973);
#768=LINE('',#5400,#974);
#769=LINE('',#5408,#975);
#770=LINE('',#5416,#976);
#771=LINE('',#5478,#977);
#772=LINE('',#5480,#978);
#773=LINE('',#5482,#979);
#774=LINE('',#5484,#980);
#775=LINE('',#5486,#981);
#776=LINE('',#5488,#982);
#777=LINE('',#5493,#983);
#778=LINE('',#5499,#984);
#779=LINE('',#5502,#985);
#780=LINE('',#5507,#986);
#781=LINE('',#5510,#987);
#782=LINE('',#5512,#988);
#783=LINE('',#5513,#989);
#784=LINE('',#5515,#990);
#785=LINE('',#5516,#991);
#786=LINE('',#5518,#992);
#787=LINE('',#5519,#993);
#788=LINE('',#5521,#994);
#789=LINE('',#5522,#995);
#790=LINE('',#5531,#996);
#791=LINE('',#5545,#997);
#792=LINE('',#5548,#998);
#793=LINE('',#5549,#999);
#794=LINE('',#5552,#1000);
#795=LINE('',#5556,#1001);
#796=LINE('',#5561,#1002);
#797=LINE('',#5565,#1003);
#798=LINE('',#5567,#1004);
#799=LINE('',#5569,#1005);
#800=LINE('',#5571,#1006);
#801=LINE('',#5573,#1007);
#802=LINE('',#5574,#1008);
#803=LINE('',#5576,#1009);
#804=LINE('',#5579,#1010);
#805=LINE('',#5580,#1011);
#806=LINE('',#5583,#1012);
#807=LINE('',#5585,#1013);
#808=LINE('',#5586,#1014);
#809=LINE('',#5594,#1015);
#810=LINE('',#5600,#1016);
#811=LINE('',#5601,#1017);
#812=LINE('',#5604,#1018);
#813=LINE('',#5605,#1019);
#814=LINE('',#5612,#1020);
#815=LINE('',#5626,#1021);
#816=LINE('',#5627,#1022);
#817=LINE('',#5629,#1023);
#818=LINE('',#5632,#1024);
#819=LINE('',#5634,#1025);
#820=VECTOR('',#3157,10.);
#821=VECTOR('',#3158,10.);
#822=VECTOR('',#3171,10.);
#823=VECTOR('',#3172,10.);
#824=VECTOR('',#3185,10.);
#825=VECTOR('',#3186,10.);
#826=VECTOR('',#3189,10.);
#827=VECTOR('',#3190,10.);
#828=VECTOR('',#3195,2.5);
#829=VECTOR('',#3202,10.);
#830=VECTOR('',#3209,10.);
#831=VECTOR('',#3214,10.);
#832=VECTOR('',#3217,10.);
#833=VECTOR('',#3218,10.);
#834=VECTOR('',#3219,10.);
#835=VECTOR('',#3220,10.);
#836=VECTOR('',#3227,11.5);
#837=VECTOR('',#3228,10.);
#838=VECTOR('',#3229,11.5);
#839=VECTOR('',#3230,10.);
#840=VECTOR('',#3231,11.5);
#841=VECTOR('',#3236,11.5);
#842=VECTOR('',#3237,10.);
#843=VECTOR('',#3238,11.5);
#844=VECTOR('',#3239,10.);
#845=VECTOR('',#3240,11.5);
#846=VECTOR('',#3243,10.);
#847=VECTOR('',#3244,10.);
#848=VECTOR('',#3249,10.);
#849=VECTOR('',#3252,10.);
#850=VECTOR('',#3255,10.);
#851=VECTOR('',#3258,10.);
#852=VECTOR('',#3261,10.);
#853=VECTOR('',#3264,10.);
#854=VECTOR('',#3267,10.);
#855=VECTOR('',#3270,10.);
#856=VECTOR('',#3271,10.);
#857=VECTOR('',#3274,10.);
#858=VECTOR('',#3275,10.);
#859=VECTOR('',#3276,10.);
#860=VECTOR('',#3283,2.3);
#861=VECTOR('',#3290,2.29999999999999);
#862=VECTOR('',#3297,2.3);
#863=VECTOR('',#3304,2.30000000000002);
#864=VECTOR('',#3311,10.);
#865=VECTOR('',#3314,10.);
#866=VECTOR('',#3321,10.);
#867=VECTOR('',#3324,10.);
#868=VECTOR('',#3327,10.);
#869=VECTOR('',#3330,10.);
#870=VECTOR('',#3339,10.);
#871=VECTOR('',#3340,10.);
#872=VECTOR('',#3351,10.);
#873=VECTOR('',#3354,10.);
#874=VECTOR('',#3357,10.);
#875=VECTOR('',#3360,10.);
#876=VECTOR('',#3363,10.);
#877=VECTOR('',#3366,10.);
#878=VECTOR('',#3371,10.);
#879=VECTOR('',#3380,10.);
#880=VECTOR('',#3383,10.);
#881=VECTOR('',#3386,10.);
#882=VECTOR('',#3389,10.);
#883=VECTOR('',#3394,10.);
#884=VECTOR('',#3399,10.);
#885=VECTOR('',#3402,10.);
#886=VECTOR('',#3403,10.);
#887=VECTOR('',#3406,10.);
#888=VECTOR('',#3411,10.);
#889=VECTOR('',#3416,10.);
#890=VECTOR('',#3419,10.);
#891=VECTOR('',#3420,10.);
#892=VECTOR('',#3425,10.);
#893=VECTOR('',#3426,10.);
#894=VECTOR('',#3429,10.);
#895=VECTOR('',#3430,10.);
#896=VECTOR('',#3431,10.);
#897=VECTOR('',#3432,10.);
#898=VECTOR('',#3439,10.);
#899=VECTOR('',#3442,10.);
#900=VECTOR('',#3445,10.);
#901=VECTOR('',#3450,10.);
#902=VECTOR('',#3451,10.);
#903=VECTOR('',#3452,10.);
#904=VECTOR('',#3457,10.);
#905=VECTOR('',#3462,10.);
#906=VECTOR('',#3465,10.);
#907=VECTOR('',#3472,10.);
#908=VECTOR('',#3475,10.);
#909=VECTOR('',#3482,10.);
#910=VECTOR('',#3487,10.);
#911=VECTOR('',#3490,10.);
#912=VECTOR('',#3499,10.);
#913=VECTOR('',#3506,10.);
#914=VECTOR('',#3511,10.);
#915=VECTOR('',#3514,10.);
#916=VECTOR('',#3519,10.);
#917=VECTOR('',#3522,10.);
#918=VECTOR('',#3533,10.);
#919=VECTOR('',#3540,10.);
#920=VECTOR('',#3545,10.);
#921=VECTOR('',#3552,10.);
#922=VECTOR('',#3555,10.);
#923=VECTOR('',#3564,10.);
#924=VECTOR('',#3567,10.);
#925=VECTOR('',#3574,10.);
#926=VECTOR('',#3577,10.);
#927=VECTOR('',#3580,10.);
#928=VECTOR('',#3585,10.);
#929=VECTOR('',#3586,10.);
#930=VECTOR('',#3591,10.);
#931=VECTOR('',#3592,10.);
#932=VECTOR('',#3597,10.);
#933=VECTOR('',#3600,10.);
#934=VECTOR('',#3603,10.);
#935=VECTOR('',#3606,5.);
#936=VECTOR('',#3609,10.);
#937=VECTOR('',#3610,10.);
#938=VECTOR('',#3613,5.);
#939=VECTOR('',#3618,3.5);
#940=VECTOR('',#3619,10.);
#941=VECTOR('',#3622,3.5);
#942=VECTOR('',#3625,10.);
#943=VECTOR('',#3628,10.);
#944=VECTOR('',#3631,10.);
#945=VECTOR('',#3632,10.);
#946=VECTOR('',#3639,2.29999999999999);
#947=VECTOR('',#3648,2.3);
#948=VECTOR('',#3657,2.3);
#949=VECTOR('',#3666,2.30000000000002);
#950=VECTOR('',#3675,10.);
#951=VECTOR('',#3676,10.);
#952=VECTOR('',#3679,10.);
#953=VECTOR('',#3682,10.);
#954=VECTOR('',#3685,10.);
#955=VECTOR('',#3688,10.);
#956=VECTOR('',#3689,10.);
#957=VECTOR('',#3690,10.);
#958=VECTOR('',#3693,10.);
#959=VECTOR('',#3694,10.);
#960=VECTOR('',#3697,10.);
#961=VECTOR('',#3700,10.);
#962=VECTOR('',#3701,10.);
#963=VECTOR('',#3702,10.);
#964=VECTOR('',#3703,10.);
#965=VECTOR('',#3706,10.);
#966=VECTOR('',#3707,10.);
#967=VECTOR('',#3708,10.);
#968=VECTOR('',#3709,10.);
#969=VECTOR('',#3710,10.);
#970=VECTOR('',#3723,10.);
#971=VECTOR('',#3738,10.);
#972=VECTOR('',#3749,10.);
#973=VECTOR('',#3760,10.);
#974=VECTOR('',#3791,10.);
#975=VECTOR('',#3802,10.);
#976=VECTOR('',#3813,10.);
#977=VECTOR('',#3822,10.);
#978=VECTOR('',#3825,10.);
#979=VECTOR('',#3828,10.);
#980=VECTOR('',#3831,10.);
#981=VECTOR('',#3834,10.);
#982=VECTOR('',#3837,10.);
#983=VECTOR('',#3846,10.);
#984=VECTOR('',#3851,10.);
#985=VECTOR('',#3854,10.);
#986=VECTOR('',#3857,10.);
#987=VECTOR('',#3860,10.);
#988=VECTOR('',#3863,10.);
#989=VECTOR('',#3864,10.);
#990=VECTOR('',#3867,10.);
#991=VECTOR('',#3868,10.);
#992=VECTOR('',#3871,10.);
#993=VECTOR('',#3872,10.);
#994=VECTOR('',#3875,10.);
#995=VECTOR('',#3876,10.);
#996=VECTOR('',#3879,10.);
#997=VECTOR('',#3888,10.);
#998=VECTOR('',#3891,10.);
#999=VECTOR('',#3892,10.);
#1000=VECTOR('',#3895,10.);
#1001=VECTOR('',#3898,10.);
#1002=VECTOR('',#3905,10.);
#1003=VECTOR('',#3910,10.);
#1004=VECTOR('',#3913,10.);
#1005=VECTOR('',#3916,10.);
#1006=VECTOR('',#3919,10.);
#1007=VECTOR('',#3922,10.);
#1008=VECTOR('',#3923,10.);
#1009=VECTOR('',#3926,10.);
#1010=VECTOR('',#3929,10.);
#1011=VECTOR('',#3930,10.);
#1012=VECTOR('',#3933,10.);
#1013=VECTOR('',#3934,10.);
#1014=VECTOR('',#3935,10.);
#1015=VECTOR('',#3936,10.);
#1016=VECTOR('',#3943,10.);
#1017=VECTOR('',#3944,10.);
#1018=VECTOR('',#3947,10.);
#1019=VECTOR('',#3948,10.);
#1020=VECTOR('',#3957,10.);
#1021=VECTOR('',#3970,10.);
#1022=VECTOR('',#3971,10.);
#1023=VECTOR('',#3974,10.);
#1024=VECTOR('',#3979,10.);
#1025=VECTOR('',#3982,10.);
#1026=B_SPLINE_CURVE_WITH_KNOTS('',3,(#3997,#3998,#3999,#4000,#4001,#4002,
#4003,#4004,#4005,#4006),.UNSPECIFIED.,.F.,.F.,(4,2,2,2,4),(0.,0.174546445577128,
0.349092891154256,0.490673204382718,0.632253517611181),.UNSPECIFIED.);
#1027=B_SPLINE_CURVE_WITH_KNOTS('',3,(#4010,#4011,#4012,#4013,#4014,#4015,
#4016,#4017,#4018,#4019),.UNSPECIFIED.,.F.,.F.,(4,2,2,2,4),(1.5502171665017,
1.69179747973016,1.83337779295862,2.00792423853575,2.18247068411288),
 .UNSPECIFIED.);
#1028=B_SPLINE_CURVE_WITH_KNOTS('',3,(#4032,#4033,#4034,#4035,#4036,#4037,
#4038,#4039,#4040,#4041),.UNSPECIFIED.,.F.,.F.,(4,2,2,2,4),(0.,0.174546445577129,
0.349092891154258,0.490673204382719,0.632253517611181),.UNSPECIFIED.);
#1029=B_SPLINE_CURVE_WITH_KNOTS('',3,(#4045,#4046,#4047,#4048,#4049,#4050,
#4051,#4052,#4053,#4054),.UNSPECIFIED.,.F.,.F.,(4,2,2,2,4),(1.55049009983039,
1.67820365314806,1.80591720646572,1.9941939452893,2.18247068411288),
 .UNSPECIFIED.);
#1030=B_SPLINE_CURVE_WITH_KNOTS('',3,(#4110,#4111,#4112,#4113,#4114,#4115,
#4116,#4117,#4118,#4119),.UNSPECIFIED.,.F.,.F.,(4,2,2,2,4),(0.40439707853958,
0.481016298928938,0.575918134014477,0.670150998974795,0.764383863935114),
 .UNSPECIFIED.);
#1031=B_SPLINE_CURVE_WITH_KNOTS('',3,(#4123,#4124,#4125,#4126,#4127,#4128,
#4129,#4130,#4131,#4132),.UNSPECIFIED.,.F.,.F.,(4,2,2,2,4),(0.764383863935114,
0.858616728895432,0.952849593855751,1.04775142894129,1.12437064933065),
 .UNSPECIFIED.);
#1032=B_SPLINE_CURVE_WITH_KNOTS('',3,(#4136,#4137,#4138,#4139,#4140,#4141,
#4142,#4143,#4144,#4145),.UNSPECIFIED.,.F.,.F.,(4,2,2,2,4),(0.404397078539579,
0.481016298928938,0.575918134014477,0.670150998974795,0.764383863935114),
 .UNSPECIFIED.);
#1033=B_SPLINE_CURVE_WITH_KNOTS('',3,(#4149,#4150,#4151,#4152,#4153,#4154,
#4155,#4156,#4157,#4158),.UNSPECIFIED.,.F.,.F.,(4,2,2,2,4),(0.764383863935114,
0.858616728895432,0.952849593855751,1.04775142894129,1.12437064933065),
 .UNSPECIFIED.);
#1034=B_SPLINE_CURVE_WITH_KNOTS('',3,(#4166,#4167,#4168,#4169,#4170,#4171,
#4172,#4173),.UNSPECIFIED.,.F.,.F.,(4,2,2,4),(-0.260294830400133,-0.187278152949549,
-0.0936390764747745,0.),.UNSPECIFIED.);
#1035=B_SPLINE_CURVE_WITH_KNOTS('',3,(#4177,#4178,#4179,#4180,#4181,#4182,
#4183,#4184),.UNSPECIFIED.,.F.,.F.,(4,2,2,4),(0.,0.0936390764747747,0.187278152949549,
0.260294830400135),.UNSPECIFIED.);
#1036=B_SPLINE_CURVE_WITH_KNOTS('',3,(#4188,#4189,#4190,#4191,#4192,#4193,
#4194,#4195),.UNSPECIFIED.,.F.,.F.,(4,2,2,4),(-0.260294830400134,-0.187278152949549,
-0.0936390764747745,0.),.UNSPECIFIED.);
#1037=B_SPLINE_CURVE_WITH_KNOTS('',3,(#4199,#4200,#4201,#4202,#4203,#4204,
#4205,#4206),.UNSPECIFIED.,.F.,.F.,(4,2,2,4),(0.,0.0936390764747747,0.187278152949549,
0.260294830400131),.UNSPECIFIED.);
#1038=B_SPLINE_CURVE_WITH_KNOTS('',3,(#4211,#4212,#4213,#4214,#4215,#4216,
#4217,#4218,#4219,#4220,#4221,#4222),.UNSPECIFIED.,.F.,.F.,(4,2,2,2,2,4),
(0.363450438788936,0.381695485360971,0.476815854920119,0.571936224479266,
0.666038232233657,0.760140239988049),.UNSPECIFIED.);
#1039=B_SPLINE_CURVE_WITH_KNOTS('',3,(#4225,#4226,#4227,#4228,#4229,#4230,
#4231,#4232,#4233,#4234,#4235,#4236),.UNSPECIFIED.,.F.,.F.,(4,2,2,2,2,4),
(-0.760140239988049,-0.666038232233658,-0.571936224479266,-0.476815854920119,
-0.381695485360971,-0.363450438788936),.UNSPECIFIED.);
#1040=B_SPLINE_CURVE_WITH_KNOTS('',3,(#4238,#4239,#4240,#4241,#4242,#4243,
#4244,#4245,#4246,#4247,#4248,#4249),.UNSPECIFIED.,.F.,.F.,(4,2,2,2,2,4),
(0.363450438788936,0.381695485360971,0.476815854920119,0.571936224479266,
0.666038232233658,0.760140239988049),.UNSPECIFIED.);
#1041=B_SPLINE_CURVE_WITH_KNOTS('',3,(#4252,#4253,#4254,#4255,#4256,#4257,
#4258,#4259,#4260,#4261,#4262,#4263),.UNSPECIFIED.,.F.,.F.,(4,2,2,2,2,4),
(-0.760140239988048,-0.666038232233657,-0.571936224479266,-0.476815854920118,
-0.381695485360971,-0.363450438788936),.UNSPECIFIED.);
#1042=B_SPLINE_CURVE_WITH_KNOTS('',3,(#4270,#4271,#4272,#4273,#4274,#4275,
#4276,#4277,#4278,#4279,#4280,#4281),.UNSPECIFIED.,.F.,.F.,(4,2,2,2,2,4),
(0.,0.00934317172654207,0.0186863434530841,0.0373726869061683,0.0659625149174996,
0.094552342928831),.UNSPECIFIED.);
#1043=B_SPLINE_CURVE_WITH_KNOTS('',3,(#4301,#4302,#4303,#4304,#4305,#4306,
#4307,#4308,#4309,#4310,#4311,#4312),.UNSPECIFIED.,.F.,.F.,(4,2,2,2,2,4),
(0.0927469963167561,0.121336824328085,0.149926652339414,0.168612995792499,
0.177956167519042,0.187299339245585),.UNSPECIFIED.);
#1044=B_SPLINE_CURVE_WITH_KNOTS('',3,(#4316,#4317,#4318,#4319,#4320,#4321,
#4322,#4323,#4324,#4325,#4326,#4327),.UNSPECIFIED.,.F.,.F.,(4,2,2,2,2,4),
(0.187302542311827,0.19788325143088,0.208463960549932,0.229625378788038,
0.255806911548549,0.281988444309061),.UNSPECIFIED.);
#1045=B_SPLINE_CURVE_WITH_KNOTS('',3,(#4330,#4331,#4332,#4333,#4334,#4335,
#4336,#4337,#4338,#4339,#4340,#4341),.UNSPECIFIED.,.F.,.F.,(4,2,2,2,2,4),
(-0.0945540453047084,-0.0659633747686612,-0.037372704232614,-0.018686352116307,
-0.00934317605815349,0.),.UNSPECIFIED.);
#1046=B_SPLINE_CURVE_WITH_KNOTS('',3,(#4347,#4348,#4349,#4350,#4351,#4352,
#4353,#4354,#4355,#4356,#4357,#4358,#4359,#4360),.UNSPECIFIED.,.F.,.F.,
(4,2,2,2,2,2,4),(0.262883418250902,0.289482502268773,0.389500446667942,
0.485085584576948,0.580670722485954,0.674814873049573,0.768959023613192),
 .UNSPECIFIED.);
#1047=B_SPLINE_CURVE_WITH_KNOTS('',3,(#4363,#4364,#4365,#4366,#4367,#4368,
#4369,#4370,#4371,#4372,#4373,#4374,#4375,#4376),.UNSPECIFIED.,.F.,.F.,
(4,2,2,2,2,2,4),(0.768959023613192,0.863103174176811,0.957247324740429,
1.05283246264944,1.14841760055844,1.24843554495761,1.27503462897548),
 .UNSPECIFIED.);
#1048=B_SPLINE_CURVE_WITH_KNOTS('',3,(#4378,#4379,#4380,#4381,#4382,#4383,
#4384,#4385,#4386,#4387,#4388,#4389,#4390,#4391),.UNSPECIFIED.,.F.,.F.,
(4,2,2,2,2,2,4),(0.262883418250901,0.289482502268773,0.389500446667942,
0.485085584576948,0.580670722485954,0.674814873049573,0.768959023613192),
 .UNSPECIFIED.);
#1049=B_SPLINE_CURVE_WITH_KNOTS('',3,(#4394,#4395,#4396,#4397,#4398,#4399,
#4400,#4401,#4402,#4403,#4404,#4405,#4406,#4407),.UNSPECIFIED.,.F.,.F.,
(4,2,2,2,2,2,4),(0.768959023613192,0.863103174176811,0.957247324740429,
1.05283246264944,1.14841760055844,1.24843554495761,1.27503462897548),
 .UNSPECIFIED.);
#1050=B_SPLINE_CURVE_WITH_KNOTS('',3,(#4444,#4445,#4446,#4447,#4448,#4449),
 .UNSPECIFIED.,.F.,.F.,(4,2,4),(0.228434208172997,0.247983838435008,0.266809268186699),
 .UNSPECIFIED.);
#1051=B_SPLINE_CURVE_WITH_KNOTS('',3,(#4451,#4452,#4453,#4454,#4455,#4456,
#4457,#4458,#4459,#4460),.UNSPECIFIED.,.F.,.F.,(4,2,2,2,4),(-0.846926378496395,
-0.814374084015068,-0.726195851702252,-0.690243929330442,-0.687972578681053),
 .UNSPECIFIED.);
#1052=B_SPLINE_CURVE_WITH_KNOTS('',3,(#4465,#4466,#4467,#4468,#4469,#4470,
#4471,#4472,#4473,#4474,#4475,#4476,#4477,#4478,#4479,#4480,#4481,#4482,
#4483,#4484,#4485,#4486,#4487,#4488,#4489,#4490,#4491,#4492),
 .UNSPECIFIED.,.F.,.F.,(4,2,2,2,2,2,2,2,2,2,2,2,2,4),(0.,0.00271346304151299,
0.00445128210318888,0.00549856347377597,0.00597560406471377,0.00620592617786861,
0.00631952280355725,0.00637606309399663,0.00640432400722297,0.00641847839627383,
0.00642557517479667,0.00642913414504294,0.00643091751392258,0.00643271393763275),
 .UNSPECIFIED.);
#1053=B_SPLINE_CURVE_WITH_KNOTS('',3,(#4559,#4560,#4561,#4562,#4563,#4564),
 .UNSPECIFIED.,.F.,.F.,(4,2,4),(-0.121971568846519,-0.0783294570422331,
-0.0646836473780286),.UNSPECIFIED.);
#1054=B_SPLINE_CURVE_WITH_KNOTS('',3,(#4566,#4567,#4568,#4569,#4570,#4571,
#4572,#4573),.UNSPECIFIED.,.F.,.F.,(4,2,2,4),(0.0976461044879496,0.199555267384314,
0.386003548569568,0.596920927390771),.UNSPECIFIED.);
#1055=B_SPLINE_CURVE_WITH_KNOTS('',3,(#4574,#4575,#4576,#4577,#4578,#4579,
#4580,#4581,#4582,#4583,#4584,#4585,#4586),.UNSPECIFIED.,.F.,.F.,(4,1,1,
1,1,1,1,1,1,1,4),(-4.51801519481597,-4.25270984438355,-3.98740449395113,
-3.92107815634302,-3.85475181873492,-3.72209914351871,-3.6557728059106,
-3.62260963710655,-3.60602805270452,-3.59773726050351,-3.5958770459153),
 .UNSPECIFIED.);
#1056=B_SPLINE_CURVE_WITH_KNOTS('',3,(#4597,#4598,#4599,#4600,#4601,#4602,
#4603,#4604),.UNSPECIFIED.,.F.,.F.,(4,2,2,4),(-0.211713942494838,-0.204704752954599,
-0.13557245380934,-0.0899749346322417),.UNSPECIFIED.);
#1057=B_SPLINE_CURVE_WITH_KNOTS('',3,(#4606,#4607,#4608,#4609,#4610,#4611),
 .UNSPECIFIED.,.F.,.F.,(4,2,4),(0.191105883962062,0.209934935790311,0.229484760510237),
 .UNSPECIFIED.);
#1058=B_SPLINE_CURVE_WITH_KNOTS('',3,(#4682,#4683,#4684,#4685,#4686,#4687,
#4688,#4689,#4690,#4691,#4692,#4693,#4694,#4695,#4696,#4697,#4698,#4699,
#4700,#4701,#4702,#4703,#4704,#4705,#4706,#4707,#4708,#4709,#4710,#4711),
 .UNSPECIFIED.,.F.,.F.,(4,2,2,2,2,2,2,2,2,2,2,2,2,2,4),(0.682992709642419,
0.683003212343715,0.683010800976023,0.683025966793524,0.683056187890881,
0.683116420350844,0.683236568090184,0.683476452291211,0.683956385200473,
0.684920632324724,0.68687568715212,0.690924985672892,0.698872073306953,
0.710707051522702,0.729187901398637),.UNSPECIFIED.);
#1059=B_SPLINE_CURVE_WITH_KNOTS('',3,(#4713,#4714,#4715,#4716,#4717,#4718,
#4719,#4720,#4721,#4722,#4723,#4724,#4725,#4726,#4727,#4728,#4729,#4730,
#4731,#4732,#4733,#4734,#4735,#4736,#4737,#4738,#4739,#4740,#4741,#4742,
#4743,#4744,#4745,#4746,#4747,#4748,#4749,#4750,#4751,#4752,#4753,#4754,
#4755,#4756,#4757,#4758,#4759,#4760,#4761,#4762,#4763,#4764,#4765,#4766,
#4767,#4768,#4769,#4770,#4771,#4772,#4773,#4774,#4775,#4776,#4777,#4778,
#4779,#4780,#4781,#4782,#4783,#4784,#4785,#4786,#4787,#4788,#4789,#4790,
#4791,#4792,#4793,#4794),.UNSPECIFIED.,.F.,.F.,(4,3,3,3,3,3,3,3,3,3,3,3,
3,3,3,3,3,3,3,3,3,3,3,3,3,3,3,4),(-4.20687922007697,-4.20320549094117,-4.19992830121469,
-4.19242769323187,-4.18418001122293,-4.18326571254983,-4.18143670896707,
-4.15619735614285,-4.15044847034414,-4.11993178864266,-4.08867159012051,
-4.08449930201582,-4.05338310855377,-4.02233641160066,-3.991247043525,-3.9599951944275,
-3.95188645138809,-3.92031984622293,-3.89867860350994,-3.88556909458944,
-3.81934753265314,-3.68705236281847,-3.57526390173447,-3.55482303938776,
-3.4561644988046,-3.35791054246053,-3.31219369602922,-3.29009968014069),
 .UNSPECIFIED.);
#1060=B_SPLINE_CURVE_WITH_KNOTS('',3,(#4796,#4797,#4798,#4799,#4800,#4801,
#4802,#4803),.UNSPECIFIED.,.F.,.F.,(4,2,2,4),(0.,0.196663063848993,0.392926831833875,
0.499915004394948),.UNSPECIFIED.);
#1061=B_SPLINE_CURVE_WITH_KNOTS('',3,(#4804,#4805,#4806,#4807,#4808,#4809,
#4810,#4811,#4812,#4813,#4814,#4815,#4816,#4817,#4818,#4819,#4820,#4821,
#4822),.UNSPECIFIED.,.F.,.F.,(4,3,3,3,3,3,4),(-0.373613798978457,-0.362637124168156,
-0.351845129126922,-0.348747254226844,-0.335587166085159,-0.321793059768312,
-0.313384323932074),.UNSPECIFIED.);
#1062=B_SPLINE_CURVE_WITH_KNOTS('',3,(#4869,#4870,#4871,#4872,#4873,#4874,
#4875,#4876),.UNSPECIFIED.,.F.,.F.,(4,1,1,2,4),(-0.212289072091125,-0.127373443254675,
-0.0849156288364501,0.,0.000704907021799585),.UNSPECIFIED.);
#1063=B_SPLINE_CURVE_WITH_KNOTS('',3,(#4877,#4878,#4879,#4880,#4881,#4882,
#4883,#4884),.UNSPECIFIED.,.F.,.F.,(4,2,1,1,4),(-0.000704907021799585,0.,
0.0849156288364501,0.127373443254675,0.212289072091125),.UNSPECIFIED.);
#1064=B_SPLINE_CURVE_WITH_KNOTS('',3,(#4956,#4957,#4958,#4959,#4960,#4961,
#4962,#4963),.UNSPECIFIED.,.F.,.F.,(4,1,1,2,4),(0.,0.0849156348163353,0.127373452224503,
0.212289087040838,0.21299398004345),.UNSPECIFIED.);
#1065=B_SPLINE_CURVE_WITH_KNOTS('',3,(#4964,#4965,#4966,#4967,#4968,#4969,
#4970,#4971),.UNSPECIFIED.,.F.,.F.,(4,2,1,1,4),(-0.21299398004345,-0.212289087040838,
-0.127373452224503,-0.0849156348163353,0.),.UNSPECIFIED.);
#1066=B_SPLINE_CURVE_WITH_KNOTS('',3,(#5029,#5030,#5031,#5032,#5033,#5034),
 .UNSPECIFIED.,.F.,.F.,(4,2,4),(0.447458514683906,0.557697043173251,0.667935571662595),
 .UNSPECIFIED.);
#1067=B_SPLINE_CURVE_WITH_KNOTS('',3,(#5051,#5052,#5053,#5054,#5055,#5056),
 .UNSPECIFIED.,.F.,.F.,(4,2,4),(0.,0.110238528489344,0.220477056978687),
 .UNSPECIFIED.);
#1068=B_SPLINE_CURVE_WITH_KNOTS('',3,(#5377,#5378,#5379,#5380,#5381,#5382,
#5383,#5384),.UNSPECIFIED.,.F.,.F.,(4,1,1,2,4),(-0.21228902271017,-0.127373413626102,
-0.084915609084068,0.,0.000704953328896684),.UNSPECIFIED.);
#1069=B_SPLINE_CURVE_WITH_KNOTS('',3,(#5385,#5386,#5387,#5388,#5389,#5390,
#5391,#5392),.UNSPECIFIED.,.F.,.F.,(4,2,1,1,4),(-0.000704953328896684,0.,
0.084915609084068,0.127373413626102,0.21228902271017),.UNSPECIFIED.);
#1070=B_SPLINE_CURVE_WITH_KNOTS('',3,(#5461,#5462,#5463,#5464,#5465,#5466,
#5467,#5468),.UNSPECIFIED.,.F.,.F.,(4,1,1,2,4),(0.,0.0849156149683363,0.127373422452505,
0.212289037420841,0.212993976954716),.UNSPECIFIED.);
#1071=B_SPLINE_CURVE_WITH_KNOTS('',3,(#5469,#5470,#5471,#5472,#5473,#5474,
#5475,#5476),.UNSPECIFIED.,.F.,.F.,(4,2,1,1,4),(-0.212993976954716,-0.212289037420841,
-0.127373422452505,-0.0849156149683363,0.),.UNSPECIFIED.);
#1072=VERTEX_POINT('',#3995);
#1073=VERTEX_POINT('',#3996);
#1074=VERTEX_POINT('',#4007);
#1075=VERTEX_POINT('',#4009);
#1076=VERTEX_POINT('',#4022);
#1077=VERTEX_POINT('',#4024);
#1078=VERTEX_POINT('',#4027);
#1079=VERTEX_POINT('',#4030);
#1080=VERTEX_POINT('',#4031);
#1081=VERTEX_POINT('',#4042);
#1082=VERTEX_POINT('',#4044);
#1083=VERTEX_POINT('',#4057);
#1084=VERTEX_POINT('',#4059);
#1085=VERTEX_POINT('',#4062);
#1086=VERTEX_POINT('',#4074);
#1087=VERTEX_POINT('',#4075);
#1088=VERTEX_POINT('',#4077);
#1089=VERTEX_POINT('',#4079);
#1090=VERTEX_POINT('',#4081);
#1091=VERTEX_POINT('',#4083);
#1092=VERTEX_POINT('',#4085);
#1093=VERTEX_POINT('',#4087);
#1094=VERTEX_POINT('',#4089);
#1095=VERTEX_POINT('',#4091);
#1096=VERTEX_POINT('',#4095);
#1097=VERTEX_POINT('',#4097);
#1098=VERTEX_POINT('',#4099);
#1099=VERTEX_POINT('',#4102);
#1100=VERTEX_POINT('',#4104);
#1101=VERTEX_POINT('',#4107);
#1102=VERTEX_POINT('',#4109);
#1103=VERTEX_POINT('',#4120);
#1104=VERTEX_POINT('',#4122);
#1105=VERTEX_POINT('',#4133);
#1106=VERTEX_POINT('',#4135);
#1107=VERTEX_POINT('',#4146);
#1108=VERTEX_POINT('',#4148);
#1109=VERTEX_POINT('',#4159);
#1110=VERTEX_POINT('',#4163);
#1111=VERTEX_POINT('',#4165);
#1112=VERTEX_POINT('',#4174);
#1113=VERTEX_POINT('',#4176);
#1114=VERTEX_POINT('',#4185);
#1115=VERTEX_POINT('',#4187);
#1116=VERTEX_POINT('',#4196);
#1117=VERTEX_POINT('',#4198);
#1118=VERTEX_POINT('',#4207);
#1119=VERTEX_POINT('',#4210);
#1120=VERTEX_POINT('',#4223);
#1121=VERTEX_POINT('',#4237);
#1122=VERTEX_POINT('',#4250);
#1123=VERTEX_POINT('',#4264);
#1124=VERTEX_POINT('',#4265);
#1125=VERTEX_POINT('',#4267);
#1126=VERTEX_POINT('',#4269);
#1127=VERTEX_POINT('',#4282);
#1128=VERTEX_POINT('',#4284);
#1129=VERTEX_POINT('',#4286);
#1130=VERTEX_POINT('',#4288);
#1131=VERTEX_POINT('',#4290);
#1132=VERTEX_POINT('',#4292);
#1133=VERTEX_POINT('',#4294);
#1134=VERTEX_POINT('',#4296);
#1135=VERTEX_POINT('',#4298);
#1136=VERTEX_POINT('',#4300);
#1137=VERTEX_POINT('',#4313);
#1138=VERTEX_POINT('',#4315);
#1139=VERTEX_POINT('',#4328);
#1140=VERTEX_POINT('',#4343);
#1141=VERTEX_POINT('',#4346);
#1142=VERTEX_POINT('',#4361);
#1143=VERTEX_POINT('',#4377);
#1144=VERTEX_POINT('',#4392);
#1145=VERTEX_POINT('',#4409);
#1146=VERTEX_POINT('',#4411);
#1147=VERTEX_POINT('',#4414);
#1148=VERTEX_POINT('',#4416);
#1149=VERTEX_POINT('',#4419);
#1150=VERTEX_POINT('',#4424);
#1151=VERTEX_POINT('',#4429);
#1152=VERTEX_POINT('',#4434);
#1153=VERTEX_POINT('',#4439);
#1154=VERTEX_POINT('',#4441);
#1155=VERTEX_POINT('',#4443);
#1156=VERTEX_POINT('',#4450);
#1157=VERTEX_POINT('',#4463);
#1158=VERTEX_POINT('',#4558);
#1159=VERTEX_POINT('',#4565);
#1160=VERTEX_POINT('',#4588);
#1161=VERTEX_POINT('',#4590);
#1162=VERTEX_POINT('',#4594);
#1163=VERTEX_POINT('',#4596);
#1164=VERTEX_POINT('',#4605);
#1165=VERTEX_POINT('',#4612);
#1166=VERTEX_POINT('',#4680);
#1167=VERTEX_POINT('',#4712);
#1168=VERTEX_POINT('',#4795);
#1169=VERTEX_POINT('',#4825);
#1170=VERTEX_POINT('',#4826);
#1171=VERTEX_POINT('',#4831);
#1172=VERTEX_POINT('',#4832);
#1173=VERTEX_POINT('',#4868);
#1174=VERTEX_POINT('',#4886);
#1175=VERTEX_POINT('',#4888);
#1176=VERTEX_POINT('',#4890);
#1177=VERTEX_POINT('',#4892);
#1178=VERTEX_POINT('',#4894);
#1179=VERTEX_POINT('',#4896);
#1180=VERTEX_POINT('',#4898);
#1181=VERTEX_POINT('',#4900);
#1182=VERTEX_POINT('',#4902);
#1183=VERTEX_POINT('',#4904);
#1184=VERTEX_POINT('',#4908);
#1185=VERTEX_POINT('',#4912);
#1186=VERTEX_POINT('',#4955);
#1187=VERTEX_POINT('',#4973);
#1188=VERTEX_POINT('',#4975);
#1189=VERTEX_POINT('',#4979);
#1190=VERTEX_POINT('',#4981);
#1191=VERTEX_POINT('',#4983);
#1192=VERTEX_POINT('',#4985);
#1193=VERTEX_POINT('',#4987);
#1194=VERTEX_POINT('',#4989);
#1195=VERTEX_POINT('',#4991);
#1196=VERTEX_POINT('',#4993);
#1197=VERTEX_POINT('',#4995);
#1198=VERTEX_POINT('',#4997);
#1199=VERTEX_POINT('',#5000);
#1200=VERTEX_POINT('',#5002);
#1201=VERTEX_POINT('',#5004);
#1202=VERTEX_POINT('',#5006);
#1203=VERTEX_POINT('',#5008);
#1204=VERTEX_POINT('',#5010);
#1205=VERTEX_POINT('',#5012);
#1206=VERTEX_POINT('',#5014);
#1207=VERTEX_POINT('',#5016);
#1208=VERTEX_POINT('',#5018);
#1209=VERTEX_POINT('',#5023);
#1210=VERTEX_POINT('',#5024);
#1211=VERTEX_POINT('',#5026);
#1212=VERTEX_POINT('',#5028);
#1213=VERTEX_POINT('',#5037);
#1214=VERTEX_POINT('',#5039);
#1215=VERTEX_POINT('',#5041);
#1216=VERTEX_POINT('',#5043);
#1217=VERTEX_POINT('',#5045);
#1218=VERTEX_POINT('',#5049);
#1219=VERTEX_POINT('',#5050);
#1220=VERTEX_POINT('',#5057);
#1221=VERTEX_POINT('',#5059);
#1222=VERTEX_POINT('',#5063);
#1223=VERTEX_POINT('',#5065);
#1224=VERTEX_POINT('',#5067);
#1225=VERTEX_POINT('',#5069);
#1226=VERTEX_POINT('',#5071);
#1227=VERTEX_POINT('',#5075);
#1228=VERTEX_POINT('',#5079);
#1229=VERTEX_POINT('',#5080);
#1230=VERTEX_POINT('',#5083);
#1231=VERTEX_POINT('',#5090);
#1232=VERTEX_POINT('',#5098);
#1233=VERTEX_POINT('',#5099);
#1234=VERTEX_POINT('',#5102);
#1235=VERTEX_POINT('',#5115);
#1236=VERTEX_POINT('',#5116);
#1237=VERTEX_POINT('',#5118);
#1238=VERTEX_POINT('',#5120);
#1239=VERTEX_POINT('',#5124);
#1240=VERTEX_POINT('',#5125);
#1241=VERTEX_POINT('',#5128);
#1242=VERTEX_POINT('',#5135);
#1243=VERTEX_POINT('',#5143);
#1244=VERTEX_POINT('',#5145);
#1245=VERTEX_POINT('',#5149);
#1246=VERTEX_POINT('',#5150);
#1247=VERTEX_POINT('',#5153);
#1248=VERTEX_POINT('',#5159);
#1249=VERTEX_POINT('',#5161);
#1250=VERTEX_POINT('',#5163);
#1251=VERTEX_POINT('',#5175);
#1252=VERTEX_POINT('',#5176);
#1253=VERTEX_POINT('',#5181);
#1254=VERTEX_POINT('',#5184);
#1255=VERTEX_POINT('',#5186);
#1256=VERTEX_POINT('',#5188);
#1257=VERTEX_POINT('',#5190);
#1258=VERTEX_POINT('',#5192);
#1259=VERTEX_POINT('',#5194);
#1260=VERTEX_POINT('',#5196);
#1261=VERTEX_POINT('',#5207);
#1262=VERTEX_POINT('',#5208);
#1263=VERTEX_POINT('',#5213);
#1264=VERTEX_POINT('',#5215);
#1265=VERTEX_POINT('',#5221);
#1266=VERTEX_POINT('',#5226);
#1267=VERTEX_POINT('',#5228);
#1268=VERTEX_POINT('',#5233);
#1269=VERTEX_POINT('',#5235);
#1270=VERTEX_POINT('',#5240);
#1271=VERTEX_POINT('',#5242);
#1272=VERTEX_POINT('',#5247);
#1273=VERTEX_POINT('',#5249);
#1274=VERTEX_POINT('',#5256);
#1275=VERTEX_POINT('',#5258);
#1276=VERTEX_POINT('',#5260);
#1277=VERTEX_POINT('',#5262);
#1278=VERTEX_POINT('',#5264);
#1279=VERTEX_POINT('',#5266);
#1280=VERTEX_POINT('',#5268);
#1281=VERTEX_POINT('',#5270);
#1282=VERTEX_POINT('',#5274);
#1283=VERTEX_POINT('',#5276);
#1284=VERTEX_POINT('',#5279);
#1285=VERTEX_POINT('',#5281);
#1286=VERTEX_POINT('',#5285);
#1287=VERTEX_POINT('',#5287);
#1288=VERTEX_POINT('',#5292);
#1289=VERTEX_POINT('',#5295);
#1290=VERTEX_POINT('',#5297);
#1291=VERTEX_POINT('',#5303);
#1292=VERTEX_POINT('',#5311);
#1293=VERTEX_POINT('',#5315);
#1294=VERTEX_POINT('',#5319);
#1295=VERTEX_POINT('',#5323);
#1296=VERTEX_POINT('',#5327);
#1297=VERTEX_POINT('',#5331);
#1298=VERTEX_POINT('',#5375);
#1299=VERTEX_POINT('',#5394);
#1300=VERTEX_POINT('',#5398);
#1301=VERTEX_POINT('',#5402);
#1302=VERTEX_POINT('',#5406);
#1303=VERTEX_POINT('',#5410);
#1304=VERTEX_POINT('',#5414);
#1305=VERTEX_POINT('',#5418);
#1306=VERTEX_POINT('',#5495);
#1307=VERTEX_POINT('',#5496);
#1308=VERTEX_POINT('',#5498);
#1309=VERTEX_POINT('',#5500);
#1310=VERTEX_POINT('',#5503);
#1311=VERTEX_POINT('',#5504);
#1312=VERTEX_POINT('',#5506);
#1313=VERTEX_POINT('',#5508);
#1314=VERTEX_POINT('',#5530);
#1315=VERTEX_POINT('',#5532);
#1316=VERTEX_POINT('',#5541);
#1317=VERTEX_POINT('',#5543);
#1318=VERTEX_POINT('',#5547);
#1319=VERTEX_POINT('',#5551);
#1320=VERTEX_POINT('',#5553);
#1321=VERTEX_POINT('',#5555);
#1322=VERTEX_POINT('',#5559);
#1323=VERTEX_POINT('',#5563);
#1324=VERTEX_POINT('',#5578);
#1325=VERTEX_POINT('',#5582);
#1326=VERTEX_POINT('',#5584);
#1327=VERTEX_POINT('',#5593);
#1328=VERTEX_POINT('',#5595);
#1329=VERTEX_POINT('',#5599);
#1330=VERTEX_POINT('',#5603);
#1331=VERTEX_POINT('',#5609);
#1332=VERTEX_POINT('',#5611);
#1333=VERTEX_POINT('',#5615);
#1334=EDGE_CURVE('',#1072,#1073,#1026,.T.);
#1335=EDGE_CURVE('',#1073,#1074,#614,.T.);
#1336=EDGE_CURVE('',#1074,#1075,#1027,.T.);
#1337=EDGE_CURVE('',#1075,#1072,#615,.T.);
#1338=EDGE_CURVE('',#1076,#1073,#93,.T.);
#1339=EDGE_CURVE('',#1077,#1076,#94,.T.);
#1340=EDGE_CURVE('',#1074,#1077,#95,.T.);
#1341=EDGE_CURVE('',#1078,#1078,#96,.T.);
#1342=EDGE_CURVE('',#1079,#1080,#1028,.T.);
#1343=EDGE_CURVE('',#1080,#1081,#616,.T.);
#1344=EDGE_CURVE('',#1081,#1082,#1029,.T.);
#1345=EDGE_CURVE('',#1082,#1079,#617,.T.);
#1346=EDGE_CURVE('',#1083,#1080,#97,.T.);
#1347=EDGE_CURVE('',#1084,#1083,#98,.T.);
#1348=EDGE_CURVE('',#1081,#1084,#99,.T.);
#1349=EDGE_CURVE('',#1085,#1085,#100,.T.);
#1350=EDGE_CURVE('',#1076,#1084,#618,.T.);
#1351=EDGE_CURVE('',#1072,#1082,#619,.T.);
#1352=EDGE_CURVE('',#1083,#1077,#620,.T.);
#1353=EDGE_CURVE('',#1079,#1075,#621,.T.);
#1354=EDGE_CURVE('',#1085,#1078,#622,.T.);
#1355=EDGE_CURVE('',#1086,#1087,#101,.T.);
#1356=EDGE_CURVE('',#1088,#1086,#102,.T.);
#1357=EDGE_CURVE('',#1089,#1088,#623,.T.);
#1358=EDGE_CURVE('',#1090,#1089,#103,.T.);
#1359=EDGE_CURVE('',#1091,#1090,#104,.T.);
#1360=EDGE_CURVE('',#1092,#1091,#105,.T.);
#1361=EDGE_CURVE('',#1093,#1092,#624,.T.);
#1362=EDGE_CURVE('',#1094,#1093,#106,.T.);
#1363=EDGE_CURVE('',#1095,#1094,#107,.T.);
#1364=EDGE_CURVE('',#1087,#1095,#625,.T.);
#1365=EDGE_CURVE('',#1096,#1092,#626,.T.);
#1366=EDGE_CURVE('',#1096,#1097,#627,.T.);
#1367=EDGE_CURVE('',#1097,#1098,#628,.T.);
#1368=EDGE_CURVE('',#1098,#1093,#629,.T.);
#1369=EDGE_CURVE('',#1099,#1099,#108,.T.);
#1370=EDGE_CURVE('',#1100,#1100,#109,.T.);
#1371=EDGE_CURVE('',#1091,#1101,#630,.T.);
#1372=EDGE_CURVE('',#1101,#1102,#1030,.T.);
#1373=EDGE_CURVE('',#1103,#1102,#631,.F.);
#1374=EDGE_CURVE('',#1104,#1103,#1031,.F.);
#1375=EDGE_CURVE('',#1104,#1105,#632,.T.);
#1376=EDGE_CURVE('',#1105,#1106,#1032,.T.);
#1377=EDGE_CURVE('',#1106,#1107,#633,.T.);
#1378=EDGE_CURVE('',#1108,#1107,#1033,.F.);
#1379=EDGE_CURVE('',#1108,#1109,#634,.T.);
#1380=EDGE_CURVE('',#1096,#1109,#110,.F.);
#1381=EDGE_CURVE('',#1110,#1090,#635,.T.);
#1382=EDGE_CURVE('',#1110,#1111,#1034,.T.);
#1383=EDGE_CURVE('',#1111,#1112,#636,.T.);
#1384=EDGE_CURVE('',#1112,#1113,#1035,.T.);
#1385=EDGE_CURVE('',#1114,#1113,#637,.T.);
#1386=EDGE_CURVE('',#1114,#1115,#1036,.T.);
#1387=EDGE_CURVE('',#1115,#1116,#638,.T.);
#1388=EDGE_CURVE('',#1116,#1117,#1037,.T.);
#1389=EDGE_CURVE('',#1118,#1117,#639,.T.);
#1390=EDGE_CURVE('',#1109,#1118,#111,.T.);
#1391=EDGE_CURVE('',#1108,#1119,#1038,.T.);
#1392=EDGE_CURVE('',#1119,#1120,#640,.T.);
#1393=EDGE_CURVE('',#1120,#1105,#1039,.T.);
#1394=EDGE_CURVE('',#1104,#1121,#1040,.T.);
#1395=EDGE_CURVE('',#1121,#1122,#641,.T.);
#1396=EDGE_CURVE('',#1122,#1101,#1041,.T.);
#1397=EDGE_CURVE('',#1123,#1124,#112,.T.);
#1398=EDGE_CURVE('',#1125,#1123,#113,.T.);
#1399=EDGE_CURVE('',#1126,#1125,#1042,.T.);
#1400=EDGE_CURVE('',#1126,#1127,#642,.T.);
#1401=EDGE_CURVE('',#1127,#1128,#114,.T.);
#1402=EDGE_CURVE('',#1128,#1129,#643,.T.);
#1403=EDGE_CURVE('',#1129,#1130,#115,.T.);
#1404=EDGE_CURVE('',#1130,#1131,#644,.T.);
#1405=EDGE_CURVE('',#1131,#1132,#116,.T.);
#1406=EDGE_CURVE('',#1132,#1133,#645,.T.);
#1407=EDGE_CURVE('',#1133,#1134,#117,.T.);
#1408=EDGE_CURVE('',#1134,#1135,#646,.T.);
#1409=EDGE_CURVE('',#1136,#1135,#1043,.T.);
#1410=EDGE_CURVE('',#1136,#1137,#118,.T.);
#1411=EDGE_CURVE('',#1138,#1137,#1044,.T.);
#1412=EDGE_CURVE('',#1138,#1139,#647,.T.);
#1413=EDGE_CURVE('',#1124,#1139,#1045,.T.);
#1414=EDGE_CURVE('',#1140,#1089,#648,.T.);
#1415=EDGE_CURVE('',#1140,#1118,#119,.T.);
#1416=EDGE_CURVE('',#1117,#1141,#1046,.T.);
#1417=EDGE_CURVE('',#1142,#1141,#649,.F.);
#1418=EDGE_CURVE('',#1114,#1142,#1047,.F.);
#1419=EDGE_CURVE('',#1113,#1143,#1048,.T.);
#1420=EDGE_CURVE('',#1143,#1144,#650,.T.);
#1421=EDGE_CURVE('',#1110,#1144,#1049,.F.);
#1422=EDGE_CURVE('',#1145,#1088,#651,.T.);
#1423=EDGE_CURVE('',#1146,#1145,#652,.T.);
#1424=EDGE_CURVE('',#1146,#1140,#653,.T.);
#1425=EDGE_CURVE('',#1147,#1147,#120,.T.);
#1426=EDGE_CURVE('',#1148,#1148,#121,.T.);
#1427=EDGE_CURVE('',#1147,#1149,#654,.T.);
#1428=EDGE_CURVE('',#1149,#1149,#122,.T.);
#1429=EDGE_CURVE('',#1148,#1150,#655,.T.);
#1430=EDGE_CURVE('',#1150,#1150,#123,.T.);
#1431=EDGE_CURVE('',#1099,#1151,#656,.T.);
#1432=EDGE_CURVE('',#1151,#1151,#124,.T.);
#1433=EDGE_CURVE('',#1100,#1152,#657,.T.);
#1434=EDGE_CURVE('',#1152,#1152,#125,.T.);
#1435=EDGE_CURVE('',#1087,#1153,#658,.T.);
#1436=EDGE_CURVE('',#1153,#1154,#126,.T.);
#1437=EDGE_CURVE('',#1154,#1155,#1050,.T.);
#1438=EDGE_CURVE('',#1155,#1156,#1051,.T.);
#1439=EDGE_CURVE('',#1156,#1086,#659,.T.);
#1440=EDGE_CURVE('',#1157,#1156,#127,.F.);
#1441=EDGE_CURVE('',#1157,#1145,#1052,.F.);
#1442=EDGE_CURVE('',#1158,#1155,#1053,.T.);
#1443=EDGE_CURVE('',#1158,#1159,#1054,.T.);
#1444=EDGE_CURVE('',#1159,#1145,#1055,.T.);
#1445=EDGE_CURVE('',#1154,#1160,#660,.T.);
#1446=EDGE_CURVE('',#1160,#1161,#128,.T.);
#1447=EDGE_CURVE('',#1161,#1158,#661,.T.);
#1448=EDGE_CURVE('',#1094,#1162,#662,.T.);
#1449=EDGE_CURVE('',#1162,#1163,#1056,.T.);
#1450=EDGE_CURVE('',#1163,#1164,#1057,.T.);
#1451=EDGE_CURVE('',#1164,#1165,#129,.T.);
#1452=EDGE_CURVE('',#1165,#1095,#663,.T.);
#1453=EDGE_CURVE('',#1166,#1162,#130,.T.);
#1454=EDGE_CURVE('',#1166,#1098,#1058,.T.);
#1455=EDGE_CURVE('',#1098,#1167,#1059,.T.);
#1456=EDGE_CURVE('',#1168,#1167,#1060,.F.);
#1457=EDGE_CURVE('',#1168,#1163,#1061,.F.);
#1458=EDGE_CURVE('',#1169,#1170,#131,.T.);
#1459=EDGE_CURVE('',#1170,#1138,#664,.T.);
#1460=EDGE_CURVE('',#1137,#1169,#665,.T.);
#1461=EDGE_CURVE('',#1171,#1172,#132,.T.);
#1462=EDGE_CURVE('',#1172,#1170,#133,.T.);
#1463=EDGE_CURVE('',#1169,#1171,#134,.T.);
#1464=EDGE_CURVE('',#1171,#1173,#1062,.T.);
#1465=EDGE_CURVE('',#1173,#1172,#1063,.T.);
#1466=EDGE_CURVE('',#1174,#1136,#666,.T.);
#1467=EDGE_CURVE('',#1175,#1174,#135,.T.);
#1468=EDGE_CURVE('',#1176,#1175,#667,.T.);
#1469=EDGE_CURVE('',#1177,#1176,#136,.T.);
#1470=EDGE_CURVE('',#1178,#1177,#668,.T.);
#1471=EDGE_CURVE('',#1179,#1178,#137,.T.);
#1472=EDGE_CURVE('',#1180,#1179,#669,.T.);
#1473=EDGE_CURVE('',#1181,#1180,#138,.T.);
#1474=EDGE_CURVE('',#1182,#1181,#670,.T.);
#1475=EDGE_CURVE('',#1183,#1182,#139,.T.);
#1476=EDGE_CURVE('',#1171,#1183,#671,.T.);
#1477=EDGE_CURVE('',#1184,#1174,#140,.T.);
#1478=EDGE_CURVE('',#1135,#1184,#672,.T.);
#1479=EDGE_CURVE('',#1185,#1175,#141,.T.);
#1480=EDGE_CURVE('',#1184,#1185,#142,.T.);
#1481=EDGE_CURVE('',#1185,#1186,#1064,.T.);
#1482=EDGE_CURVE('',#1186,#1175,#1065,.T.);
#1483=EDGE_CURVE('',#1184,#1187,#673,.T.);
#1484=EDGE_CURVE('',#1188,#1187,#143,.T.);
#1485=EDGE_CURVE('',#1188,#1186,#674,.T.);
#1486=EDGE_CURVE('',#1134,#1189,#675,.T.);
#1487=EDGE_CURVE('',#1190,#1189,#27,.T.);
#1488=EDGE_CURVE('',#1190,#1191,#676,.T.);
#1489=EDGE_CURVE('',#1191,#1192,#28,.T.);
#1490=EDGE_CURVE('',#1193,#1192,#29,.T.);
#1491=EDGE_CURVE('',#1193,#1194,#677,.T.);
#1492=EDGE_CURVE('',#1195,#1194,#30,.T.);
#1493=EDGE_CURVE('',#1195,#1196,#31,.T.);
#1494=EDGE_CURVE('',#1196,#1197,#678,.T.);
#1495=EDGE_CURVE('',#1198,#1197,#32,.T.);
#1496=EDGE_CURVE('',#1198,#1131,#679,.T.);
#1497=EDGE_CURVE('',#1130,#1199,#680,.T.);
#1498=EDGE_CURVE('',#1200,#1199,#33,.T.);
#1499=EDGE_CURVE('',#1200,#1201,#681,.T.);
#1500=EDGE_CURVE('',#1201,#1202,#34,.T.);
#1501=EDGE_CURVE('',#1203,#1202,#35,.T.);
#1502=EDGE_CURVE('',#1203,#1204,#682,.T.);
#1503=EDGE_CURVE('',#1205,#1204,#36,.T.);
#1504=EDGE_CURVE('',#1205,#1206,#37,.T.);
#1505=EDGE_CURVE('',#1206,#1207,#683,.T.);
#1506=EDGE_CURVE('',#1208,#1207,#38,.T.);
#1507=EDGE_CURVE('',#1208,#1127,#684,.T.);
#1508=EDGE_CURVE('',#1187,#1126,#685,.T.);
#1509=EDGE_CURVE('',#1209,#1210,#39,.T.);
#1510=EDGE_CURVE('',#1210,#1211,#686,.T.);
#1511=EDGE_CURVE('',#1211,#1212,#1066,.T.);
#1512=EDGE_CURVE('',#1212,#1209,#687,.T.);
#1513=EDGE_CURVE('',#1213,#1210,#688,.T.);
#1514=EDGE_CURVE('',#1214,#1213,#689,.T.);
#1515=EDGE_CURVE('',#1215,#1214,#690,.T.);
#1516=EDGE_CURVE('',#1216,#1215,#691,.T.);
#1517=EDGE_CURVE('',#1217,#1216,#144,.T.);
#1518=EDGE_CURVE('',#1211,#1217,#145,.T.);
#1519=EDGE_CURVE('',#1218,#1219,#1067,.T.);
#1520=EDGE_CURVE('',#1219,#1220,#692,.T.);
#1521=EDGE_CURVE('',#1220,#1221,#40,.T.);
#1522=EDGE_CURVE('',#1221,#1218,#693,.T.);
#1523=EDGE_CURVE('',#1220,#1222,#694,.T.);
#1524=EDGE_CURVE('',#1219,#1223,#146,.F.);
#1525=EDGE_CURVE('',#1224,#1223,#147,.T.);
#1526=EDGE_CURVE('',#1225,#1224,#695,.T.);
#1527=EDGE_CURVE('',#1226,#1225,#696,.T.);
#1528=EDGE_CURVE('',#1222,#1226,#697,.T.);
#1529=EDGE_CURVE('',#1222,#1227,#148,.T.);
#1530=EDGE_CURVE('',#1227,#1221,#698,.T.);
#1531=EDGE_CURVE('',#1228,#1229,#149,.T.);
#1532=EDGE_CURVE('',#1229,#1227,#699,.T.);
#1533=EDGE_CURVE('',#1227,#1230,#150,.T.);
#1534=EDGE_CURVE('',#1230,#1228,#700,.T.);
#1535=EDGE_CURVE('',#1222,#1230,#151,.T.);
#1536=EDGE_CURVE('',#1168,#1229,#701,.T.);
#1537=EDGE_CURVE('',#1229,#1231,#152,.T.);
#1538=EDGE_CURVE('',#1231,#1164,#702,.T.);
#1539=EDGE_CURVE('',#1228,#1231,#153,.T.);
#1540=EDGE_CURVE('',#1167,#1221,#703,.T.);
#1541=EDGE_CURVE('',#1232,#1233,#154,.T.);
#1542=EDGE_CURVE('',#1233,#1161,#704,.T.);
#1543=EDGE_CURVE('',#1161,#1234,#155,.T.);
#1544=EDGE_CURVE('',#1234,#1232,#705,.T.);
#1545=EDGE_CURVE('',#1160,#1234,#156,.T.);
#1546=EDGE_CURVE('',#1233,#1213,#157,.T.);
#1547=EDGE_CURVE('',#1209,#1233,#706,.T.);
#1548=EDGE_CURVE('',#1232,#1213,#158,.T.);
#1549=EDGE_CURVE('',#1209,#1159,#707,.T.);
#1550=EDGE_CURVE('',#1235,#1236,#159,.T.);
#1551=EDGE_CURVE('',#1236,#1237,#708,.T.);
#1552=EDGE_CURVE('',#1237,#1238,#160,.T.);
#1553=EDGE_CURVE('',#1238,#1235,#709,.T.);
#1554=EDGE_CURVE('',#1239,#1240,#161,.T.);
#1555=EDGE_CURVE('',#1240,#1236,#710,.T.);
#1556=EDGE_CURVE('',#1236,#1241,#162,.T.);
#1557=EDGE_CURVE('',#1241,#1239,#711,.T.);
#1558=EDGE_CURVE('',#1235,#1241,#163,.T.);
#1559=EDGE_CURVE('',#1240,#1226,#164,.T.);
#1560=EDGE_CURVE('',#1225,#1242,#165,.T.);
#1561=EDGE_CURVE('',#1242,#1240,#712,.T.);
#1562=EDGE_CURVE('',#1239,#1226,#166,.T.);
#1563=EDGE_CURVE('',#1242,#1237,#713,.T.);
#1564=EDGE_CURVE('',#1214,#1243,#167,.T.);
#1565=EDGE_CURVE('',#1243,#1244,#714,.T.);
#1566=EDGE_CURVE('',#1244,#1215,#168,.T.);
#1567=EDGE_CURVE('',#1245,#1246,#169,.T.);
#1568=EDGE_CURVE('',#1246,#1243,#715,.T.);
#1569=EDGE_CURVE('',#1243,#1247,#170,.T.);
#1570=EDGE_CURVE('',#1247,#1245,#716,.T.);
#1571=EDGE_CURVE('',#1214,#1247,#171,.T.);
#1572=EDGE_CURVE('',#1246,#1248,#172,.T.);
#1573=EDGE_CURVE('',#1248,#1249,#717,.T.);
#1574=EDGE_CURVE('',#1249,#1250,#173,.T.);
#1575=EDGE_CURVE('',#1250,#1246,#718,.T.);
#1576=EDGE_CURVE('',#1245,#1248,#174,.T.);
#1577=EDGE_CURVE('',#1250,#1244,#719,.T.);
#1578=EDGE_CURVE('',#1232,#1247,#720,.T.);
#1579=EDGE_CURVE('',#1239,#1230,#721,.T.);
#1580=EDGE_CURVE('',#1251,#1252,#175,.T.);
#1581=EDGE_CURVE('',#1252,#1224,#722,.T.);
#1582=EDGE_CURVE('',#1223,#1251,#723,.T.);
#1583=EDGE_CURVE('',#1253,#1251,#176,.T.);
#1584=EDGE_CURVE('',#1097,#1253,#724,.T.);
#1585=EDGE_CURVE('',#1254,#1146,#725,.T.);
#1586=EDGE_CURVE('',#1254,#1255,#177,.F.);
#1587=EDGE_CURVE('',#1256,#1255,#178,.T.);
#1588=EDGE_CURVE('',#1256,#1257,#726,.T.);
#1589=EDGE_CURVE('',#1258,#1257,#179,.T.);
#1590=EDGE_CURVE('',#1259,#1258,#727,.T.);
#1591=EDGE_CURVE('',#1259,#1260,#180,.F.);
#1592=EDGE_CURVE('',#1260,#1252,#728,.T.);
#1593=EDGE_CURVE('',#1218,#1253,#729,.T.);
#1594=EDGE_CURVE('',#1255,#1217,#730,.T.);
#1595=EDGE_CURVE('',#1216,#1256,#731,.T.);
#1596=EDGE_CURVE('',#1254,#1212,#732,.T.);
#1597=EDGE_CURVE('',#1261,#1262,#181,.F.);
#1598=EDGE_CURVE('',#1261,#1260,#733,.T.);
#1599=EDGE_CURVE('',#1262,#1259,#734,.T.);
#1600=EDGE_CURVE('',#1257,#1263,#735,.T.);
#1601=EDGE_CURVE('',#1263,#1264,#182,.T.);
#1602=EDGE_CURVE('',#1258,#1264,#736,.T.);
#1603=EDGE_CURVE('',#1264,#1262,#737,.T.);
#1604=EDGE_CURVE('',#1265,#1261,#738,.T.);
#1605=EDGE_CURVE('',#1265,#1263,#739,.T.);
#1606=EDGE_CURVE('',#1266,#1266,#183,.T.);
#1607=EDGE_CURVE('',#1266,#1267,#740,.T.);
#1608=EDGE_CURVE('',#1267,#1267,#184,.T.);
#1609=EDGE_CURVE('',#1268,#1268,#185,.T.);
#1610=EDGE_CURVE('',#1268,#1269,#741,.T.);
#1611=EDGE_CURVE('',#1269,#1269,#186,.T.);
#1612=EDGE_CURVE('',#1270,#1270,#187,.T.);
#1613=EDGE_CURVE('',#1270,#1271,#742,.T.);
#1614=EDGE_CURVE('',#1271,#1271,#188,.T.);
#1615=EDGE_CURVE('',#1272,#1272,#189,.T.);
#1616=EDGE_CURVE('',#1272,#1273,#743,.T.);
#1617=EDGE_CURVE('',#1273,#1273,#190,.T.);
#1618=EDGE_CURVE('',#1153,#1249,#744,.T.);
#1619=EDGE_CURVE('',#1274,#1248,#745,.T.);
#1620=EDGE_CURVE('',#1275,#1274,#191,.T.);
#1621=EDGE_CURVE('',#1276,#1275,#746,.T.);
#1622=EDGE_CURVE('',#1277,#1276,#192,.T.);
#1623=EDGE_CURVE('',#1278,#1277,#747,.T.);
#1624=EDGE_CURVE('',#1279,#1278,#193,.T.);
#1625=EDGE_CURVE('',#1280,#1279,#748,.T.);
#1626=EDGE_CURVE('',#1281,#1280,#194,.T.);
#1627=EDGE_CURVE('',#1235,#1281,#749,.T.);
#1628=EDGE_CURVE('',#1238,#1165,#750,.T.);
#1629=EDGE_CURVE('',#1282,#1231,#751,.T.);
#1630=EDGE_CURVE('',#1283,#1282,#195,.T.);
#1631=EDGE_CURVE('',#1125,#1283,#752,.T.);
#1632=EDGE_CURVE('',#1284,#1124,#753,.T.);
#1633=EDGE_CURVE('',#1285,#1284,#196,.T.);
#1634=EDGE_CURVE('',#1160,#1285,#754,.T.);
#1635=EDGE_CURVE('',#1286,#1241,#755,.T.);
#1636=EDGE_CURVE('',#1287,#1286,#756,.T.);
#1637=EDGE_CURVE('',#1186,#1287,#757,.T.);
#1638=EDGE_CURVE('',#1228,#1188,#758,.T.);
#1639=EDGE_CURVE('',#1288,#1234,#759,.T.);
#1640=EDGE_CURVE('',#1173,#1288,#760,.T.);
#1641=EDGE_CURVE('',#1289,#1173,#761,.T.);
#1642=EDGE_CURVE('',#1290,#1289,#762,.T.);
#1643=EDGE_CURVE('',#1245,#1290,#763,.T.);
#1644=EDGE_CURVE('',#1285,#1288,#197,.T.);
#1645=EDGE_CURVE('',#1284,#1291,#198,.T.);
#1646=EDGE_CURVE('',#1291,#1288,#199,.T.);
#1647=EDGE_CURVE('',#1139,#1291,#764,.T.);
#1648=EDGE_CURVE('',#1281,#1286,#200,.T.);
#1649=EDGE_CURVE('',#1280,#1292,#201,.T.);
#1650=EDGE_CURVE('',#1292,#1286,#202,.T.);
#1651=EDGE_CURVE('',#1279,#1293,#203,.T.);
#1652=EDGE_CURVE('',#1293,#1292,#765,.T.);
#1653=EDGE_CURVE('',#1278,#1294,#204,.T.);
#1654=EDGE_CURVE('',#1294,#1293,#205,.T.);
#1655=EDGE_CURVE('',#1277,#1295,#206,.T.);
#1656=EDGE_CURVE('',#1295,#1294,#766,.T.);
#1657=EDGE_CURVE('',#1276,#1296,#207,.T.);
#1658=EDGE_CURVE('',#1296,#1295,#208,.T.);
#1659=EDGE_CURVE('',#1275,#1297,#209,.T.);
#1660=EDGE_CURVE('',#1297,#1296,#767,.T.);
#1661=EDGE_CURVE('',#1274,#1290,#210,.T.);
#1662=EDGE_CURVE('',#1290,#1297,#211,.T.);
#1663=EDGE_CURVE('',#1283,#1187,#212,.T.);
#1664=EDGE_CURVE('',#1282,#1188,#213,.T.);
#1665=EDGE_CURVE('',#1298,#1176,#214,.T.);
#1666=EDGE_CURVE('',#1176,#1287,#1068,.T.);
#1667=EDGE_CURVE('',#1287,#1298,#1069,.T.);
#1668=EDGE_CURVE('',#1299,#1177,#215,.T.);
#1669=EDGE_CURVE('',#1298,#1299,#216,.T.);
#1670=EDGE_CURVE('',#1300,#1178,#217,.T.);
#1671=EDGE_CURVE('',#1299,#1300,#768,.T.);
#1672=EDGE_CURVE('',#1301,#1179,#218,.T.);
#1673=EDGE_CURVE('',#1300,#1301,#219,.T.);
#1674=EDGE_CURVE('',#1302,#1180,#220,.T.);
#1675=EDGE_CURVE('',#1301,#1302,#769,.T.);
#1676=EDGE_CURVE('',#1303,#1181,#221,.T.);
#1677=EDGE_CURVE('',#1302,#1303,#222,.T.);
#1678=EDGE_CURVE('',#1304,#1182,#223,.T.);
#1679=EDGE_CURVE('',#1303,#1304,#770,.T.);
#1680=EDGE_CURVE('',#1305,#1183,#224,.T.);
#1681=EDGE_CURVE('',#1304,#1305,#225,.T.);
#1682=EDGE_CURVE('',#1305,#1289,#1070,.T.);
#1683=EDGE_CURVE('',#1289,#1183,#1071,.T.);
#1684=EDGE_CURVE('',#1304,#1297,#771,.T.);
#1685=EDGE_CURVE('',#1296,#1303,#772,.T.);
#1686=EDGE_CURVE('',#1302,#1295,#773,.T.);
#1687=EDGE_CURVE('',#1294,#1301,#774,.T.);
#1688=EDGE_CURVE('',#1300,#1293,#775,.T.);
#1689=EDGE_CURVE('',#1292,#1299,#776,.T.);
#1690=EDGE_CURVE('',#1291,#1170,#777,.T.);
#1691=EDGE_CURVE('',#1306,#1307,#41,.T.);
#1692=EDGE_CURVE('',#1307,#1308,#778,.T.);
#1693=EDGE_CURVE('',#1308,#1309,#42,.T.);
#1694=EDGE_CURVE('',#1309,#1306,#779,.T.);
#1695=EDGE_CURVE('',#1310,#1311,#43,.T.);
#1696=EDGE_CURVE('',#1311,#1312,#780,.T.);
#1697=EDGE_CURVE('',#1312,#1313,#44,.T.);
#1698=EDGE_CURVE('',#1313,#1310,#781,.T.);
#1699=EDGE_CURVE('',#1143,#1312,#782,.T.);
#1700=EDGE_CURVE('',#1112,#1313,#783,.T.);
#1701=EDGE_CURVE('',#1111,#1310,#784,.T.);
#1702=EDGE_CURVE('',#1144,#1311,#785,.F.);
#1703=EDGE_CURVE('',#1141,#1308,#786,.T.);
#1704=EDGE_CURVE('',#1116,#1309,#787,.T.);
#1705=EDGE_CURVE('',#1115,#1306,#788,.T.);
#1706=EDGE_CURVE('',#1142,#1307,#789,.T.);
#1707=EDGE_CURVE('',#1201,#1314,#790,.T.);
#1708=EDGE_CURVE('',#1314,#1315,#45,.T.);
#1709=EDGE_CURVE('',#1202,#1315,#46,.T.);
#1710=EDGE_CURVE('',#1316,#1205,#47,.T.);
#1711=EDGE_CURVE('',#1316,#1317,#48,.T.);
#1712=EDGE_CURVE('',#1206,#1317,#791,.T.);
#1713=EDGE_CURVE('',#1129,#1318,#792,.T.);
#1714=EDGE_CURVE('',#1199,#1318,#793,.T.);
#1715=EDGE_CURVE('',#1319,#1128,#794,.T.);
#1716=EDGE_CURVE('',#1320,#1319,#49,.T.);
#1717=EDGE_CURVE('',#1321,#1320,#795,.T.);
#1718=EDGE_CURVE('',#1318,#1321,#50,.T.);
#1719=EDGE_CURVE('',#1322,#1316,#51,.T.);
#1720=EDGE_CURVE('',#1317,#1322,#796,.T.);
#1721=EDGE_CURVE('',#1315,#1323,#52,.T.);
#1722=EDGE_CURVE('',#1323,#1314,#797,.T.);
#1723=EDGE_CURVE('',#1319,#1208,#798,.T.);
#1724=EDGE_CURVE('',#1207,#1322,#799,.T.);
#1725=EDGE_CURVE('',#1323,#1200,#800,.T.);
#1726=EDGE_CURVE('',#1121,#1321,#801,.T.);
#1727=EDGE_CURVE('',#1103,#1203,#802,.T.);
#1728=EDGE_CURVE('',#1122,#1320,#803,.T.);
#1729=EDGE_CURVE('',#1324,#1198,#804,.T.);
#1730=EDGE_CURVE('',#1324,#1132,#805,.T.);
#1731=EDGE_CURVE('',#1196,#1325,#806,.T.);
#1732=EDGE_CURVE('',#1325,#1326,#807,.T.);
#1733=EDGE_CURVE('',#1197,#1326,#808,.T.);
#1734=EDGE_CURVE('',#1191,#1327,#809,.T.);
#1735=EDGE_CURVE('',#1327,#1328,#53,.T.);
#1736=EDGE_CURVE('',#1192,#1328,#54,.T.);
#1737=EDGE_CURVE('',#1329,#1190,#810,.T.);
#1738=EDGE_CURVE('',#1329,#1327,#811,.T.);
#1739=EDGE_CURVE('',#1133,#1330,#812,.T.);
#1740=EDGE_CURVE('',#1189,#1330,#813,.T.);
#1741=EDGE_CURVE('',#1328,#1329,#55,.T.);
#1742=EDGE_CURVE('',#1331,#1324,#56,.T.);
#1743=EDGE_CURVE('',#1332,#1331,#814,.T.);
#1744=EDGE_CURVE('',#1330,#1332,#57,.T.);
#1745=EDGE_CURVE('',#1326,#1333,#58,.T.);
#1746=EDGE_CURVE('',#1333,#1325,#59,.T.);
#1747=EDGE_CURVE('',#1333,#1195,#60,.T.);
#1748=EDGE_CURVE('',#1106,#1194,#815,.T.);
#1749=EDGE_CURVE('',#1120,#1331,#816,.T.);
#1750=EDGE_CURVE('',#1102,#1204,#817,.T.);
#1751=EDGE_CURVE('',#1119,#1332,#818,.T.);
#1752=EDGE_CURVE('',#1107,#1193,#819,.F.);
#1753=ORIENTED_EDGE('',*,*,#1334,.T.);
#1754=ORIENTED_EDGE('',*,*,#1335,.T.);
#1755=ORIENTED_EDGE('',*,*,#1336,.T.);
#1756=ORIENTED_EDGE('',*,*,#1337,.T.);
#1757=ORIENTED_EDGE('',*,*,#1335,.F.);
#1758=ORIENTED_EDGE('',*,*,#1338,.F.);
#1759=ORIENTED_EDGE('',*,*,#1339,.F.);
#1760=ORIENTED_EDGE('',*,*,#1340,.F.);
#1761=ORIENTED_EDGE('',*,*,#1341,.T.);
#1762=ORIENTED_EDGE('',*,*,#1342,.T.);
#1763=ORIENTED_EDGE('',*,*,#1343,.T.);
#1764=ORIENTED_EDGE('',*,*,#1344,.T.);
#1765=ORIENTED_EDGE('',*,*,#1345,.T.);
#1766=ORIENTED_EDGE('',*,*,#1343,.F.);
#1767=ORIENTED_EDGE('',*,*,#1346,.F.);
#1768=ORIENTED_EDGE('',*,*,#1347,.F.);
#1769=ORIENTED_EDGE('',*,*,#1348,.F.);
#1770=ORIENTED_EDGE('',*,*,#1349,.T.);
#1771=ORIENTED_EDGE('',*,*,#1348,.T.);
#1772=ORIENTED_EDGE('',*,*,#1350,.F.);
#1773=ORIENTED_EDGE('',*,*,#1338,.T.);
#1774=ORIENTED_EDGE('',*,*,#1334,.F.);
#1775=ORIENTED_EDGE('',*,*,#1351,.T.);
#1776=ORIENTED_EDGE('',*,*,#1344,.F.);
#1777=ORIENTED_EDGE('',*,*,#1340,.T.);
#1778=ORIENTED_EDGE('',*,*,#1352,.F.);
#1779=ORIENTED_EDGE('',*,*,#1346,.T.);
#1780=ORIENTED_EDGE('',*,*,#1342,.F.);
#1781=ORIENTED_EDGE('',*,*,#1353,.T.);
#1782=ORIENTED_EDGE('',*,*,#1336,.F.);
#1783=ORIENTED_EDGE('',*,*,#1339,.T.);
#1784=ORIENTED_EDGE('',*,*,#1350,.T.);
#1785=ORIENTED_EDGE('',*,*,#1347,.T.);
#1786=ORIENTED_EDGE('',*,*,#1352,.T.);
#1787=ORIENTED_EDGE('',*,*,#1349,.F.);
#1788=ORIENTED_EDGE('',*,*,#1354,.T.);
#1789=ORIENTED_EDGE('',*,*,#1341,.F.);
#1790=ORIENTED_EDGE('',*,*,#1354,.F.);
#1791=ORIENTED_EDGE('',*,*,#1355,.F.);
#1792=ORIENTED_EDGE('',*,*,#1356,.F.);
#1793=ORIENTED_EDGE('',*,*,#1357,.F.);
#1794=ORIENTED_EDGE('',*,*,#1358,.F.);
#1795=ORIENTED_EDGE('',*,*,#1359,.F.);
#1796=ORIENTED_EDGE('',*,*,#1360,.F.);
#1797=ORIENTED_EDGE('',*,*,#1361,.F.);
#1798=ORIENTED_EDGE('',*,*,#1362,.F.);
#1799=ORIENTED_EDGE('',*,*,#1363,.F.);
#1800=ORIENTED_EDGE('',*,*,#1364,.F.);
#1801=ORIENTED_EDGE('',*,*,#1353,.F.);
#1802=ORIENTED_EDGE('',*,*,#1345,.F.);
#1803=ORIENTED_EDGE('',*,*,#1351,.F.);
#1804=ORIENTED_EDGE('',*,*,#1337,.F.);
#1805=ORIENTED_EDGE('',*,*,#1361,.T.);
#1806=ORIENTED_EDGE('',*,*,#1365,.F.);
#1807=ORIENTED_EDGE('',*,*,#1366,.T.);
#1808=ORIENTED_EDGE('',*,*,#1367,.T.);
#1809=ORIENTED_EDGE('',*,*,#1368,.T.);
#1810=ORIENTED_EDGE('',*,*,#1369,.T.);
#1811=ORIENTED_EDGE('',*,*,#1370,.T.);
#1812=ORIENTED_EDGE('',*,*,#1360,.T.);
#1813=ORIENTED_EDGE('',*,*,#1371,.T.);
#1814=ORIENTED_EDGE('',*,*,#1372,.T.);
#1815=ORIENTED_EDGE('',*,*,#1373,.F.);
#1816=ORIENTED_EDGE('',*,*,#1374,.F.);
#1817=ORIENTED_EDGE('',*,*,#1375,.T.);
#1818=ORIENTED_EDGE('',*,*,#1376,.T.);
#1819=ORIENTED_EDGE('',*,*,#1377,.T.);
#1820=ORIENTED_EDGE('',*,*,#1378,.F.);
#1821=ORIENTED_EDGE('',*,*,#1379,.T.);
#1822=ORIENTED_EDGE('',*,*,#1380,.F.);
#1823=ORIENTED_EDGE('',*,*,#1365,.T.);
#1824=ORIENTED_EDGE('',*,*,#1359,.T.);
#1825=ORIENTED_EDGE('',*,*,#1381,.F.);
#1826=ORIENTED_EDGE('',*,*,#1382,.T.);
#1827=ORIENTED_EDGE('',*,*,#1383,.T.);
#1828=ORIENTED_EDGE('',*,*,#1384,.T.);
#1829=ORIENTED_EDGE('',*,*,#1385,.F.);
#1830=ORIENTED_EDGE('',*,*,#1386,.T.);
#1831=ORIENTED_EDGE('',*,*,#1387,.T.);
#1832=ORIENTED_EDGE('',*,*,#1388,.T.);
#1833=ORIENTED_EDGE('',*,*,#1389,.F.);
#1834=ORIENTED_EDGE('',*,*,#1390,.F.);
#1835=ORIENTED_EDGE('',*,*,#1379,.F.);
#1836=ORIENTED_EDGE('',*,*,#1391,.T.);
#1837=ORIENTED_EDGE('',*,*,#1392,.T.);
#1838=ORIENTED_EDGE('',*,*,#1393,.T.);
#1839=ORIENTED_EDGE('',*,*,#1375,.F.);
#1840=ORIENTED_EDGE('',*,*,#1394,.T.);
#1841=ORIENTED_EDGE('',*,*,#1395,.T.);
#1842=ORIENTED_EDGE('',*,*,#1396,.T.);
#1843=ORIENTED_EDGE('',*,*,#1371,.F.);
#1844=ORIENTED_EDGE('',*,*,#1397,.F.);
#1845=ORIENTED_EDGE('',*,*,#1398,.F.);
#1846=ORIENTED_EDGE('',*,*,#1399,.F.);
#1847=ORIENTED_EDGE('',*,*,#1400,.T.);
#1848=ORIENTED_EDGE('',*,*,#1401,.T.);
#1849=ORIENTED_EDGE('',*,*,#1402,.T.);
#1850=ORIENTED_EDGE('',*,*,#1403,.T.);
#1851=ORIENTED_EDGE('',*,*,#1404,.T.);
#1852=ORIENTED_EDGE('',*,*,#1405,.T.);
#1853=ORIENTED_EDGE('',*,*,#1406,.T.);
#1854=ORIENTED_EDGE('',*,*,#1407,.T.);
#1855=ORIENTED_EDGE('',*,*,#1408,.T.);
#1856=ORIENTED_EDGE('',*,*,#1409,.F.);
#1857=ORIENTED_EDGE('',*,*,#1410,.T.);
#1858=ORIENTED_EDGE('',*,*,#1411,.F.);
#1859=ORIENTED_EDGE('',*,*,#1412,.T.);
#1860=ORIENTED_EDGE('',*,*,#1413,.F.);
#1861=ORIENTED_EDGE('',*,*,#1358,.T.);
#1862=ORIENTED_EDGE('',*,*,#1414,.F.);
#1863=ORIENTED_EDGE('',*,*,#1415,.T.);
#1864=ORIENTED_EDGE('',*,*,#1389,.T.);
#1865=ORIENTED_EDGE('',*,*,#1416,.T.);
#1866=ORIENTED_EDGE('',*,*,#1417,.F.);
#1867=ORIENTED_EDGE('',*,*,#1418,.F.);
#1868=ORIENTED_EDGE('',*,*,#1385,.T.);
#1869=ORIENTED_EDGE('',*,*,#1419,.T.);
#1870=ORIENTED_EDGE('',*,*,#1420,.T.);
#1871=ORIENTED_EDGE('',*,*,#1421,.F.);
#1872=ORIENTED_EDGE('',*,*,#1381,.T.);
#1873=ORIENTED_EDGE('',*,*,#1357,.T.);
#1874=ORIENTED_EDGE('',*,*,#1422,.F.);
#1875=ORIENTED_EDGE('',*,*,#1423,.F.);
#1876=ORIENTED_EDGE('',*,*,#1424,.T.);
#1877=ORIENTED_EDGE('',*,*,#1414,.T.);
#1878=ORIENTED_EDGE('',*,*,#1425,.T.);
#1879=ORIENTED_EDGE('',*,*,#1426,.T.);
#1880=ORIENTED_EDGE('',*,*,#1425,.F.);
#1881=ORIENTED_EDGE('',*,*,#1427,.T.);
#1882=ORIENTED_EDGE('',*,*,#1428,.T.);
#1883=ORIENTED_EDGE('',*,*,#1427,.F.);
#1884=ORIENTED_EDGE('',*,*,#1428,.F.);
#1885=ORIENTED_EDGE('',*,*,#1426,.F.);
#1886=ORIENTED_EDGE('',*,*,#1429,.T.);
#1887=ORIENTED_EDGE('',*,*,#1430,.T.);
#1888=ORIENTED_EDGE('',*,*,#1429,.F.);
#1889=ORIENTED_EDGE('',*,*,#1430,.F.);
#1890=ORIENTED_EDGE('',*,*,#1369,.F.);
#1891=ORIENTED_EDGE('',*,*,#1431,.T.);
#1892=ORIENTED_EDGE('',*,*,#1432,.T.);
#1893=ORIENTED_EDGE('',*,*,#1431,.F.);
#1894=ORIENTED_EDGE('',*,*,#1432,.F.);
#1895=ORIENTED_EDGE('',*,*,#1370,.F.);
#1896=ORIENTED_EDGE('',*,*,#1433,.T.);
#1897=ORIENTED_EDGE('',*,*,#1434,.T.);
#1898=ORIENTED_EDGE('',*,*,#1433,.F.);
#1899=ORIENTED_EDGE('',*,*,#1434,.F.);
#1900=ORIENTED_EDGE('',*,*,#1355,.T.);
#1901=ORIENTED_EDGE('',*,*,#1435,.T.);
#1902=ORIENTED_EDGE('',*,*,#1436,.T.);
#1903=ORIENTED_EDGE('',*,*,#1437,.T.);
#1904=ORIENTED_EDGE('',*,*,#1438,.T.);
#1905=ORIENTED_EDGE('',*,*,#1439,.T.);
#1906=ORIENTED_EDGE('',*,*,#1356,.T.);
#1907=ORIENTED_EDGE('',*,*,#1439,.F.);
#1908=ORIENTED_EDGE('',*,*,#1440,.F.);
#1909=ORIENTED_EDGE('',*,*,#1441,.T.);
#1910=ORIENTED_EDGE('',*,*,#1422,.T.);
#1911=ORIENTED_EDGE('',*,*,#1438,.F.);
#1912=ORIENTED_EDGE('',*,*,#1442,.F.);
#1913=ORIENTED_EDGE('',*,*,#1443,.T.);
#1914=ORIENTED_EDGE('',*,*,#1444,.T.);
#1915=ORIENTED_EDGE('',*,*,#1441,.F.);
#1916=ORIENTED_EDGE('',*,*,#1440,.T.);
#1917=ORIENTED_EDGE('',*,*,#1437,.F.);
#1918=ORIENTED_EDGE('',*,*,#1445,.T.);
#1919=ORIENTED_EDGE('',*,*,#1446,.T.);
#1920=ORIENTED_EDGE('',*,*,#1447,.T.);
#1921=ORIENTED_EDGE('',*,*,#1442,.T.);
#1922=ORIENTED_EDGE('',*,*,#1363,.T.);
#1923=ORIENTED_EDGE('',*,*,#1448,.T.);
#1924=ORIENTED_EDGE('',*,*,#1449,.T.);
#1925=ORIENTED_EDGE('',*,*,#1450,.T.);
#1926=ORIENTED_EDGE('',*,*,#1451,.T.);
#1927=ORIENTED_EDGE('',*,*,#1452,.T.);
#1928=ORIENTED_EDGE('',*,*,#1449,.F.);
#1929=ORIENTED_EDGE('',*,*,#1453,.F.);
#1930=ORIENTED_EDGE('',*,*,#1454,.T.);
#1931=ORIENTED_EDGE('',*,*,#1455,.T.);
#1932=ORIENTED_EDGE('',*,*,#1456,.F.);
#1933=ORIENTED_EDGE('',*,*,#1457,.T.);
#1934=ORIENTED_EDGE('',*,*,#1362,.T.);
#1935=ORIENTED_EDGE('',*,*,#1368,.F.);
#1936=ORIENTED_EDGE('',*,*,#1454,.F.);
#1937=ORIENTED_EDGE('',*,*,#1453,.T.);
#1938=ORIENTED_EDGE('',*,*,#1448,.F.);
#1939=ORIENTED_EDGE('',*,*,#1458,.T.);
#1940=ORIENTED_EDGE('',*,*,#1459,.T.);
#1941=ORIENTED_EDGE('',*,*,#1411,.T.);
#1942=ORIENTED_EDGE('',*,*,#1460,.T.);
#1943=ORIENTED_EDGE('',*,*,#1461,.T.);
#1944=ORIENTED_EDGE('',*,*,#1462,.T.);
#1945=ORIENTED_EDGE('',*,*,#1458,.F.);
#1946=ORIENTED_EDGE('',*,*,#1463,.T.);
#1947=ORIENTED_EDGE('',*,*,#1461,.F.);
#1948=ORIENTED_EDGE('',*,*,#1464,.T.);
#1949=ORIENTED_EDGE('',*,*,#1465,.T.);
#1950=ORIENTED_EDGE('',*,*,#1463,.F.);
#1951=ORIENTED_EDGE('',*,*,#1460,.F.);
#1952=ORIENTED_EDGE('',*,*,#1410,.F.);
#1953=ORIENTED_EDGE('',*,*,#1466,.F.);
#1954=ORIENTED_EDGE('',*,*,#1467,.F.);
#1955=ORIENTED_EDGE('',*,*,#1468,.F.);
#1956=ORIENTED_EDGE('',*,*,#1469,.F.);
#1957=ORIENTED_EDGE('',*,*,#1470,.F.);
#1958=ORIENTED_EDGE('',*,*,#1471,.F.);
#1959=ORIENTED_EDGE('',*,*,#1472,.F.);
#1960=ORIENTED_EDGE('',*,*,#1473,.F.);
#1961=ORIENTED_EDGE('',*,*,#1474,.F.);
#1962=ORIENTED_EDGE('',*,*,#1475,.F.);
#1963=ORIENTED_EDGE('',*,*,#1476,.F.);
#1964=ORIENTED_EDGE('',*,*,#1477,.T.);
#1965=ORIENTED_EDGE('',*,*,#1466,.T.);
#1966=ORIENTED_EDGE('',*,*,#1409,.T.);
#1967=ORIENTED_EDGE('',*,*,#1478,.T.);
#1968=ORIENTED_EDGE('',*,*,#1479,.T.);
#1969=ORIENTED_EDGE('',*,*,#1467,.T.);
#1970=ORIENTED_EDGE('',*,*,#1477,.F.);
#1971=ORIENTED_EDGE('',*,*,#1480,.T.);
#1972=ORIENTED_EDGE('',*,*,#1481,.T.);
#1973=ORIENTED_EDGE('',*,*,#1482,.T.);
#1974=ORIENTED_EDGE('',*,*,#1479,.F.);
#1975=ORIENTED_EDGE('',*,*,#1481,.F.);
#1976=ORIENTED_EDGE('',*,*,#1480,.F.);
#1977=ORIENTED_EDGE('',*,*,#1483,.T.);
#1978=ORIENTED_EDGE('',*,*,#1484,.F.);
#1979=ORIENTED_EDGE('',*,*,#1485,.T.);
#1980=ORIENTED_EDGE('',*,*,#1478,.F.);
#1981=ORIENTED_EDGE('',*,*,#1408,.F.);
#1982=ORIENTED_EDGE('',*,*,#1486,.T.);
#1983=ORIENTED_EDGE('',*,*,#1487,.F.);
#1984=ORIENTED_EDGE('',*,*,#1488,.T.);
#1985=ORIENTED_EDGE('',*,*,#1489,.T.);
#1986=ORIENTED_EDGE('',*,*,#1490,.F.);
#1987=ORIENTED_EDGE('',*,*,#1491,.T.);
#1988=ORIENTED_EDGE('',*,*,#1492,.F.);
#1989=ORIENTED_EDGE('',*,*,#1493,.T.);
#1990=ORIENTED_EDGE('',*,*,#1494,.T.);
#1991=ORIENTED_EDGE('',*,*,#1495,.F.);
#1992=ORIENTED_EDGE('',*,*,#1496,.T.);
#1993=ORIENTED_EDGE('',*,*,#1404,.F.);
#1994=ORIENTED_EDGE('',*,*,#1497,.T.);
#1995=ORIENTED_EDGE('',*,*,#1498,.F.);
#1996=ORIENTED_EDGE('',*,*,#1499,.T.);
#1997=ORIENTED_EDGE('',*,*,#1500,.T.);
#1998=ORIENTED_EDGE('',*,*,#1501,.F.);
#1999=ORIENTED_EDGE('',*,*,#1502,.T.);
#2000=ORIENTED_EDGE('',*,*,#1503,.F.);
#2001=ORIENTED_EDGE('',*,*,#1504,.T.);
#2002=ORIENTED_EDGE('',*,*,#1505,.T.);
#2003=ORIENTED_EDGE('',*,*,#1506,.F.);
#2004=ORIENTED_EDGE('',*,*,#1507,.T.);
#2005=ORIENTED_EDGE('',*,*,#1400,.F.);
#2006=ORIENTED_EDGE('',*,*,#1508,.F.);
#2007=ORIENTED_EDGE('',*,*,#1483,.F.);
#2008=ORIENTED_EDGE('',*,*,#1509,.T.);
#2009=ORIENTED_EDGE('',*,*,#1510,.T.);
#2010=ORIENTED_EDGE('',*,*,#1511,.T.);
#2011=ORIENTED_EDGE('',*,*,#1512,.T.);
#2012=ORIENTED_EDGE('',*,*,#1510,.F.);
#2013=ORIENTED_EDGE('',*,*,#1513,.F.);
#2014=ORIENTED_EDGE('',*,*,#1514,.F.);
#2015=ORIENTED_EDGE('',*,*,#1515,.F.);
#2016=ORIENTED_EDGE('',*,*,#1516,.F.);
#2017=ORIENTED_EDGE('',*,*,#1517,.F.);
#2018=ORIENTED_EDGE('',*,*,#1518,.F.);
#2019=ORIENTED_EDGE('',*,*,#1519,.T.);
#2020=ORIENTED_EDGE('',*,*,#1520,.T.);
#2021=ORIENTED_EDGE('',*,*,#1521,.T.);
#2022=ORIENTED_EDGE('',*,*,#1522,.T.);
#2023=ORIENTED_EDGE('',*,*,#1523,.F.);
#2024=ORIENTED_EDGE('',*,*,#1520,.F.);
#2025=ORIENTED_EDGE('',*,*,#1524,.T.);
#2026=ORIENTED_EDGE('',*,*,#1525,.F.);
#2027=ORIENTED_EDGE('',*,*,#1526,.F.);
#2028=ORIENTED_EDGE('',*,*,#1527,.F.);
#2029=ORIENTED_EDGE('',*,*,#1528,.F.);
#2030=ORIENTED_EDGE('',*,*,#1529,.T.);
#2031=ORIENTED_EDGE('',*,*,#1530,.T.);
#2032=ORIENTED_EDGE('',*,*,#1521,.F.);
#2033=ORIENTED_EDGE('',*,*,#1523,.T.);
#2034=ORIENTED_EDGE('',*,*,#1531,.T.);
#2035=ORIENTED_EDGE('',*,*,#1532,.T.);
#2036=ORIENTED_EDGE('',*,*,#1533,.T.);
#2037=ORIENTED_EDGE('',*,*,#1534,.T.);
#2038=ORIENTED_EDGE('',*,*,#1533,.F.);
#2039=ORIENTED_EDGE('',*,*,#1529,.F.);
#2040=ORIENTED_EDGE('',*,*,#1535,.T.);
#2041=ORIENTED_EDGE('',*,*,#1450,.F.);
#2042=ORIENTED_EDGE('',*,*,#1457,.F.);
#2043=ORIENTED_EDGE('',*,*,#1536,.T.);
#2044=ORIENTED_EDGE('',*,*,#1537,.T.);
#2045=ORIENTED_EDGE('',*,*,#1538,.T.);
#2046=ORIENTED_EDGE('',*,*,#1537,.F.);
#2047=ORIENTED_EDGE('',*,*,#1531,.F.);
#2048=ORIENTED_EDGE('',*,*,#1539,.T.);
#2049=ORIENTED_EDGE('',*,*,#1530,.F.);
#2050=ORIENTED_EDGE('',*,*,#1532,.F.);
#2051=ORIENTED_EDGE('',*,*,#1536,.F.);
#2052=ORIENTED_EDGE('',*,*,#1456,.T.);
#2053=ORIENTED_EDGE('',*,*,#1540,.T.);
#2054=ORIENTED_EDGE('',*,*,#1541,.T.);
#2055=ORIENTED_EDGE('',*,*,#1542,.T.);
#2056=ORIENTED_EDGE('',*,*,#1543,.T.);
#2057=ORIENTED_EDGE('',*,*,#1544,.T.);
#2058=ORIENTED_EDGE('',*,*,#1543,.F.);
#2059=ORIENTED_EDGE('',*,*,#1446,.F.);
#2060=ORIENTED_EDGE('',*,*,#1545,.T.);
#2061=ORIENTED_EDGE('',*,*,#1546,.T.);
#2062=ORIENTED_EDGE('',*,*,#1513,.T.);
#2063=ORIENTED_EDGE('',*,*,#1509,.F.);
#2064=ORIENTED_EDGE('',*,*,#1547,.T.);
#2065=ORIENTED_EDGE('',*,*,#1546,.F.);
#2066=ORIENTED_EDGE('',*,*,#1541,.F.);
#2067=ORIENTED_EDGE('',*,*,#1548,.T.);
#2068=ORIENTED_EDGE('',*,*,#1447,.F.);
#2069=ORIENTED_EDGE('',*,*,#1542,.F.);
#2070=ORIENTED_EDGE('',*,*,#1547,.F.);
#2071=ORIENTED_EDGE('',*,*,#1549,.T.);
#2072=ORIENTED_EDGE('',*,*,#1443,.F.);
#2073=ORIENTED_EDGE('',*,*,#1550,.T.);
#2074=ORIENTED_EDGE('',*,*,#1551,.T.);
#2075=ORIENTED_EDGE('',*,*,#1552,.T.);
#2076=ORIENTED_EDGE('',*,*,#1553,.T.);
#2077=ORIENTED_EDGE('',*,*,#1554,.T.);
#2078=ORIENTED_EDGE('',*,*,#1555,.T.);
#2079=ORIENTED_EDGE('',*,*,#1556,.T.);
#2080=ORIENTED_EDGE('',*,*,#1557,.T.);
#2081=ORIENTED_EDGE('',*,*,#1556,.F.);
#2082=ORIENTED_EDGE('',*,*,#1550,.F.);
#2083=ORIENTED_EDGE('',*,*,#1558,.T.);
#2084=ORIENTED_EDGE('',*,*,#1559,.T.);
#2085=ORIENTED_EDGE('',*,*,#1527,.T.);
#2086=ORIENTED_EDGE('',*,*,#1560,.T.);
#2087=ORIENTED_EDGE('',*,*,#1561,.T.);
#2088=ORIENTED_EDGE('',*,*,#1559,.F.);
#2089=ORIENTED_EDGE('',*,*,#1554,.F.);
#2090=ORIENTED_EDGE('',*,*,#1562,.T.);
#2091=ORIENTED_EDGE('',*,*,#1551,.F.);
#2092=ORIENTED_EDGE('',*,*,#1555,.F.);
#2093=ORIENTED_EDGE('',*,*,#1561,.F.);
#2094=ORIENTED_EDGE('',*,*,#1563,.T.);
#2095=ORIENTED_EDGE('',*,*,#1564,.T.);
#2096=ORIENTED_EDGE('',*,*,#1565,.T.);
#2097=ORIENTED_EDGE('',*,*,#1566,.T.);
#2098=ORIENTED_EDGE('',*,*,#1515,.T.);
#2099=ORIENTED_EDGE('',*,*,#1567,.T.);
#2100=ORIENTED_EDGE('',*,*,#1568,.T.);
#2101=ORIENTED_EDGE('',*,*,#1569,.T.);
#2102=ORIENTED_EDGE('',*,*,#1570,.T.);
#2103=ORIENTED_EDGE('',*,*,#1569,.F.);
#2104=ORIENTED_EDGE('',*,*,#1564,.F.);
#2105=ORIENTED_EDGE('',*,*,#1571,.T.);
#2106=ORIENTED_EDGE('',*,*,#1572,.T.);
#2107=ORIENTED_EDGE('',*,*,#1573,.T.);
#2108=ORIENTED_EDGE('',*,*,#1574,.T.);
#2109=ORIENTED_EDGE('',*,*,#1575,.T.);
#2110=ORIENTED_EDGE('',*,*,#1572,.F.);
#2111=ORIENTED_EDGE('',*,*,#1567,.F.);
#2112=ORIENTED_EDGE('',*,*,#1576,.T.);
#2113=ORIENTED_EDGE('',*,*,#1565,.F.);
#2114=ORIENTED_EDGE('',*,*,#1568,.F.);
#2115=ORIENTED_EDGE('',*,*,#1575,.F.);
#2116=ORIENTED_EDGE('',*,*,#1577,.T.);
#2117=ORIENTED_EDGE('',*,*,#1548,.F.);
#2118=ORIENTED_EDGE('',*,*,#1578,.T.);
#2119=ORIENTED_EDGE('',*,*,#1571,.F.);
#2120=ORIENTED_EDGE('',*,*,#1514,.T.);
#2121=ORIENTED_EDGE('',*,*,#1535,.F.);
#2122=ORIENTED_EDGE('',*,*,#1528,.T.);
#2123=ORIENTED_EDGE('',*,*,#1562,.F.);
#2124=ORIENTED_EDGE('',*,*,#1579,.T.);
#2125=ORIENTED_EDGE('',*,*,#1580,.T.);
#2126=ORIENTED_EDGE('',*,*,#1581,.T.);
#2127=ORIENTED_EDGE('',*,*,#1525,.T.);
#2128=ORIENTED_EDGE('',*,*,#1582,.T.);
#2129=ORIENTED_EDGE('',*,*,#1580,.F.);
#2130=ORIENTED_EDGE('',*,*,#1583,.F.);
#2131=ORIENTED_EDGE('',*,*,#1584,.F.);
#2132=ORIENTED_EDGE('',*,*,#1366,.F.);
#2133=ORIENTED_EDGE('',*,*,#1380,.T.);
#2134=ORIENTED_EDGE('',*,*,#1390,.T.);
#2135=ORIENTED_EDGE('',*,*,#1415,.F.);
#2136=ORIENTED_EDGE('',*,*,#1424,.F.);
#2137=ORIENTED_EDGE('',*,*,#1585,.F.);
#2138=ORIENTED_EDGE('',*,*,#1586,.T.);
#2139=ORIENTED_EDGE('',*,*,#1587,.F.);
#2140=ORIENTED_EDGE('',*,*,#1588,.T.);
#2141=ORIENTED_EDGE('',*,*,#1589,.F.);
#2142=ORIENTED_EDGE('',*,*,#1590,.F.);
#2143=ORIENTED_EDGE('',*,*,#1591,.T.);
#2144=ORIENTED_EDGE('',*,*,#1592,.T.);
#2145=ORIENTED_EDGE('',*,*,#1582,.F.);
#2146=ORIENTED_EDGE('',*,*,#1524,.F.);
#2147=ORIENTED_EDGE('',*,*,#1519,.F.);
#2148=ORIENTED_EDGE('',*,*,#1593,.T.);
#2149=ORIENTED_EDGE('',*,*,#1583,.T.);
#2150=ORIENTED_EDGE('',*,*,#1587,.T.);
#2151=ORIENTED_EDGE('',*,*,#1594,.T.);
#2152=ORIENTED_EDGE('',*,*,#1517,.T.);
#2153=ORIENTED_EDGE('',*,*,#1595,.T.);
#2154=ORIENTED_EDGE('',*,*,#1594,.F.);
#2155=ORIENTED_EDGE('',*,*,#1586,.F.);
#2156=ORIENTED_EDGE('',*,*,#1596,.T.);
#2157=ORIENTED_EDGE('',*,*,#1511,.F.);
#2158=ORIENTED_EDGE('',*,*,#1518,.T.);
#2159=ORIENTED_EDGE('',*,*,#1597,.F.);
#2160=ORIENTED_EDGE('',*,*,#1598,.T.);
#2161=ORIENTED_EDGE('',*,*,#1591,.F.);
#2162=ORIENTED_EDGE('',*,*,#1599,.F.);
#2163=ORIENTED_EDGE('',*,*,#1589,.T.);
#2164=ORIENTED_EDGE('',*,*,#1600,.T.);
#2165=ORIENTED_EDGE('',*,*,#1601,.T.);
#2166=ORIENTED_EDGE('',*,*,#1602,.F.);
#2167=ORIENTED_EDGE('',*,*,#1602,.T.);
#2168=ORIENTED_EDGE('',*,*,#1603,.T.);
#2169=ORIENTED_EDGE('',*,*,#1599,.T.);
#2170=ORIENTED_EDGE('',*,*,#1590,.T.);
#2171=ORIENTED_EDGE('',*,*,#1604,.T.);
#2172=ORIENTED_EDGE('',*,*,#1597,.T.);
#2173=ORIENTED_EDGE('',*,*,#1603,.F.);
#2174=ORIENTED_EDGE('',*,*,#1601,.F.);
#2175=ORIENTED_EDGE('',*,*,#1605,.F.);
#2176=ORIENTED_EDGE('',*,*,#1522,.F.);
#2177=ORIENTED_EDGE('',*,*,#1540,.F.);
#2178=ORIENTED_EDGE('',*,*,#1455,.F.);
#2179=ORIENTED_EDGE('',*,*,#1367,.F.);
#2180=ORIENTED_EDGE('',*,*,#1584,.T.);
#2181=ORIENTED_EDGE('',*,*,#1593,.F.);
#2182=ORIENTED_EDGE('',*,*,#1606,.F.);
#2183=ORIENTED_EDGE('',*,*,#1607,.T.);
#2184=ORIENTED_EDGE('',*,*,#1608,.T.);
#2185=ORIENTED_EDGE('',*,*,#1607,.F.);
#2186=ORIENTED_EDGE('',*,*,#1608,.F.);
#2187=ORIENTED_EDGE('',*,*,#1609,.F.);
#2188=ORIENTED_EDGE('',*,*,#1610,.T.);
#2189=ORIENTED_EDGE('',*,*,#1611,.T.);
#2190=ORIENTED_EDGE('',*,*,#1610,.F.);
#2191=ORIENTED_EDGE('',*,*,#1611,.F.);
#2192=ORIENTED_EDGE('',*,*,#1612,.F.);
#2193=ORIENTED_EDGE('',*,*,#1613,.T.);
#2194=ORIENTED_EDGE('',*,*,#1614,.T.);
#2195=ORIENTED_EDGE('',*,*,#1613,.F.);
#2196=ORIENTED_EDGE('',*,*,#1614,.F.);
#2197=ORIENTED_EDGE('',*,*,#1615,.F.);
#2198=ORIENTED_EDGE('',*,*,#1616,.T.);
#2199=ORIENTED_EDGE('',*,*,#1617,.T.);
#2200=ORIENTED_EDGE('',*,*,#1616,.F.);
#2201=ORIENTED_EDGE('',*,*,#1617,.F.);
#2202=ORIENTED_EDGE('',*,*,#1596,.F.);
#2203=ORIENTED_EDGE('',*,*,#1585,.T.);
#2204=ORIENTED_EDGE('',*,*,#1423,.T.);
#2205=ORIENTED_EDGE('',*,*,#1444,.F.);
#2206=ORIENTED_EDGE('',*,*,#1549,.F.);
#2207=ORIENTED_EDGE('',*,*,#1512,.F.);
#2208=ORIENTED_EDGE('',*,*,#1436,.F.);
#2209=ORIENTED_EDGE('',*,*,#1618,.T.);
#2210=ORIENTED_EDGE('',*,*,#1573,.F.);
#2211=ORIENTED_EDGE('',*,*,#1619,.F.);
#2212=ORIENTED_EDGE('',*,*,#1620,.F.);
#2213=ORIENTED_EDGE('',*,*,#1621,.F.);
#2214=ORIENTED_EDGE('',*,*,#1622,.F.);
#2215=ORIENTED_EDGE('',*,*,#1623,.F.);
#2216=ORIENTED_EDGE('',*,*,#1624,.F.);
#2217=ORIENTED_EDGE('',*,*,#1625,.F.);
#2218=ORIENTED_EDGE('',*,*,#1626,.F.);
#2219=ORIENTED_EDGE('',*,*,#1627,.F.);
#2220=ORIENTED_EDGE('',*,*,#1553,.F.);
#2221=ORIENTED_EDGE('',*,*,#1628,.T.);
#2222=ORIENTED_EDGE('',*,*,#1451,.F.);
#2223=ORIENTED_EDGE('',*,*,#1538,.F.);
#2224=ORIENTED_EDGE('',*,*,#1629,.F.);
#2225=ORIENTED_EDGE('',*,*,#1630,.F.);
#2226=ORIENTED_EDGE('',*,*,#1631,.F.);
#2227=ORIENTED_EDGE('',*,*,#1398,.T.);
#2228=ORIENTED_EDGE('',*,*,#1397,.T.);
#2229=ORIENTED_EDGE('',*,*,#1632,.F.);
#2230=ORIENTED_EDGE('',*,*,#1633,.F.);
#2231=ORIENTED_EDGE('',*,*,#1634,.F.);
#2232=ORIENTED_EDGE('',*,*,#1445,.F.);
#2233=ORIENTED_EDGE('',*,*,#1534,.F.);
#2234=ORIENTED_EDGE('',*,*,#1579,.F.);
#2235=ORIENTED_EDGE('',*,*,#1557,.F.);
#2236=ORIENTED_EDGE('',*,*,#1635,.F.);
#2237=ORIENTED_EDGE('',*,*,#1636,.F.);
#2238=ORIENTED_EDGE('',*,*,#1637,.F.);
#2239=ORIENTED_EDGE('',*,*,#1485,.F.);
#2240=ORIENTED_EDGE('',*,*,#1638,.F.);
#2241=ORIENTED_EDGE('',*,*,#1544,.F.);
#2242=ORIENTED_EDGE('',*,*,#1639,.F.);
#2243=ORIENTED_EDGE('',*,*,#1640,.F.);
#2244=ORIENTED_EDGE('',*,*,#1641,.F.);
#2245=ORIENTED_EDGE('',*,*,#1642,.F.);
#2246=ORIENTED_EDGE('',*,*,#1643,.F.);
#2247=ORIENTED_EDGE('',*,*,#1570,.F.);
#2248=ORIENTED_EDGE('',*,*,#1578,.F.);
#2249=ORIENTED_EDGE('',*,*,#1545,.F.);
#2250=ORIENTED_EDGE('',*,*,#1634,.T.);
#2251=ORIENTED_EDGE('',*,*,#1644,.T.);
#2252=ORIENTED_EDGE('',*,*,#1639,.T.);
#2253=ORIENTED_EDGE('',*,*,#1645,.T.);
#2254=ORIENTED_EDGE('',*,*,#1646,.T.);
#2255=ORIENTED_EDGE('',*,*,#1644,.F.);
#2256=ORIENTED_EDGE('',*,*,#1633,.T.);
#2257=ORIENTED_EDGE('',*,*,#1413,.T.);
#2258=ORIENTED_EDGE('',*,*,#1647,.T.);
#2259=ORIENTED_EDGE('',*,*,#1645,.F.);
#2260=ORIENTED_EDGE('',*,*,#1632,.T.);
#2261=ORIENTED_EDGE('',*,*,#1558,.F.);
#2262=ORIENTED_EDGE('',*,*,#1627,.T.);
#2263=ORIENTED_EDGE('',*,*,#1648,.T.);
#2264=ORIENTED_EDGE('',*,*,#1635,.T.);
#2265=ORIENTED_EDGE('',*,*,#1649,.T.);
#2266=ORIENTED_EDGE('',*,*,#1650,.T.);
#2267=ORIENTED_EDGE('',*,*,#1648,.F.);
#2268=ORIENTED_EDGE('',*,*,#1626,.T.);
#2269=ORIENTED_EDGE('',*,*,#1651,.T.);
#2270=ORIENTED_EDGE('',*,*,#1652,.T.);
#2271=ORIENTED_EDGE('',*,*,#1649,.F.);
#2272=ORIENTED_EDGE('',*,*,#1625,.T.);
#2273=ORIENTED_EDGE('',*,*,#1653,.T.);
#2274=ORIENTED_EDGE('',*,*,#1654,.T.);
#2275=ORIENTED_EDGE('',*,*,#1651,.F.);
#2276=ORIENTED_EDGE('',*,*,#1624,.T.);
#2277=ORIENTED_EDGE('',*,*,#1655,.T.);
#2278=ORIENTED_EDGE('',*,*,#1656,.T.);
#2279=ORIENTED_EDGE('',*,*,#1653,.F.);
#2280=ORIENTED_EDGE('',*,*,#1623,.T.);
#2281=ORIENTED_EDGE('',*,*,#1657,.T.);
#2282=ORIENTED_EDGE('',*,*,#1658,.T.);
#2283=ORIENTED_EDGE('',*,*,#1655,.F.);
#2284=ORIENTED_EDGE('',*,*,#1622,.T.);
#2285=ORIENTED_EDGE('',*,*,#1659,.T.);
#2286=ORIENTED_EDGE('',*,*,#1660,.T.);
#2287=ORIENTED_EDGE('',*,*,#1657,.F.);
#2288=ORIENTED_EDGE('',*,*,#1621,.T.);
#2289=ORIENTED_EDGE('',*,*,#1661,.T.);
#2290=ORIENTED_EDGE('',*,*,#1662,.T.);
#2291=ORIENTED_EDGE('',*,*,#1659,.F.);
#2292=ORIENTED_EDGE('',*,*,#1620,.T.);
#2293=ORIENTED_EDGE('',*,*,#1576,.F.);
#2294=ORIENTED_EDGE('',*,*,#1643,.T.);
#2295=ORIENTED_EDGE('',*,*,#1661,.F.);
#2296=ORIENTED_EDGE('',*,*,#1619,.T.);
#2297=ORIENTED_EDGE('',*,*,#1663,.T.);
#2298=ORIENTED_EDGE('',*,*,#1508,.T.);
#2299=ORIENTED_EDGE('',*,*,#1399,.T.);
#2300=ORIENTED_EDGE('',*,*,#1631,.T.);
#2301=ORIENTED_EDGE('',*,*,#1664,.T.);
#2302=ORIENTED_EDGE('',*,*,#1484,.T.);
#2303=ORIENTED_EDGE('',*,*,#1663,.F.);
#2304=ORIENTED_EDGE('',*,*,#1630,.T.);
#2305=ORIENTED_EDGE('',*,*,#1539,.F.);
#2306=ORIENTED_EDGE('',*,*,#1638,.T.);
#2307=ORIENTED_EDGE('',*,*,#1664,.F.);
#2308=ORIENTED_EDGE('',*,*,#1629,.T.);
#2309=ORIENTED_EDGE('',*,*,#1665,.T.);
#2310=ORIENTED_EDGE('',*,*,#1666,.T.);
#2311=ORIENTED_EDGE('',*,*,#1667,.T.);
#2312=ORIENTED_EDGE('',*,*,#1668,.T.);
#2313=ORIENTED_EDGE('',*,*,#1469,.T.);
#2314=ORIENTED_EDGE('',*,*,#1665,.F.);
#2315=ORIENTED_EDGE('',*,*,#1669,.T.);
#2316=ORIENTED_EDGE('',*,*,#1670,.T.);
#2317=ORIENTED_EDGE('',*,*,#1470,.T.);
#2318=ORIENTED_EDGE('',*,*,#1668,.F.);
#2319=ORIENTED_EDGE('',*,*,#1671,.T.);
#2320=ORIENTED_EDGE('',*,*,#1672,.T.);
#2321=ORIENTED_EDGE('',*,*,#1471,.T.);
#2322=ORIENTED_EDGE('',*,*,#1670,.F.);
#2323=ORIENTED_EDGE('',*,*,#1673,.T.);
#2324=ORIENTED_EDGE('',*,*,#1674,.T.);
#2325=ORIENTED_EDGE('',*,*,#1472,.T.);
#2326=ORIENTED_EDGE('',*,*,#1672,.F.);
#2327=ORIENTED_EDGE('',*,*,#1675,.T.);
#2328=ORIENTED_EDGE('',*,*,#1676,.T.);
#2329=ORIENTED_EDGE('',*,*,#1473,.T.);
#2330=ORIENTED_EDGE('',*,*,#1674,.F.);
#2331=ORIENTED_EDGE('',*,*,#1677,.T.);
#2332=ORIENTED_EDGE('',*,*,#1678,.T.);
#2333=ORIENTED_EDGE('',*,*,#1474,.T.);
#2334=ORIENTED_EDGE('',*,*,#1676,.F.);
#2335=ORIENTED_EDGE('',*,*,#1679,.T.);
#2336=ORIENTED_EDGE('',*,*,#1680,.T.);
#2337=ORIENTED_EDGE('',*,*,#1475,.T.);
#2338=ORIENTED_EDGE('',*,*,#1678,.F.);
#2339=ORIENTED_EDGE('',*,*,#1681,.T.);
#2340=ORIENTED_EDGE('',*,*,#1682,.T.);
#2341=ORIENTED_EDGE('',*,*,#1683,.T.);
#2342=ORIENTED_EDGE('',*,*,#1680,.F.);
#2343=ORIENTED_EDGE('',*,*,#1662,.F.);
#2344=ORIENTED_EDGE('',*,*,#1642,.T.);
#2345=ORIENTED_EDGE('',*,*,#1682,.F.);
#2346=ORIENTED_EDGE('',*,*,#1681,.F.);
#2347=ORIENTED_EDGE('',*,*,#1684,.T.);
#2348=ORIENTED_EDGE('',*,*,#1660,.F.);
#2349=ORIENTED_EDGE('',*,*,#1684,.F.);
#2350=ORIENTED_EDGE('',*,*,#1679,.F.);
#2351=ORIENTED_EDGE('',*,*,#1685,.F.);
#2352=ORIENTED_EDGE('',*,*,#1658,.F.);
#2353=ORIENTED_EDGE('',*,*,#1685,.T.);
#2354=ORIENTED_EDGE('',*,*,#1677,.F.);
#2355=ORIENTED_EDGE('',*,*,#1686,.T.);
#2356=ORIENTED_EDGE('',*,*,#1656,.F.);
#2357=ORIENTED_EDGE('',*,*,#1686,.F.);
#2358=ORIENTED_EDGE('',*,*,#1675,.F.);
#2359=ORIENTED_EDGE('',*,*,#1687,.F.);
#2360=ORIENTED_EDGE('',*,*,#1654,.F.);
#2361=ORIENTED_EDGE('',*,*,#1687,.T.);
#2362=ORIENTED_EDGE('',*,*,#1673,.F.);
#2363=ORIENTED_EDGE('',*,*,#1688,.T.);
#2364=ORIENTED_EDGE('',*,*,#1652,.F.);
#2365=ORIENTED_EDGE('',*,*,#1688,.F.);
#2366=ORIENTED_EDGE('',*,*,#1671,.F.);
#2367=ORIENTED_EDGE('',*,*,#1689,.F.);
#2368=ORIENTED_EDGE('',*,*,#1650,.F.);
#2369=ORIENTED_EDGE('',*,*,#1689,.T.);
#2370=ORIENTED_EDGE('',*,*,#1669,.F.);
#2371=ORIENTED_EDGE('',*,*,#1667,.F.);
#2372=ORIENTED_EDGE('',*,*,#1636,.T.);
#2373=ORIENTED_EDGE('',*,*,#1482,.F.);
#2374=ORIENTED_EDGE('',*,*,#1637,.T.);
#2375=ORIENTED_EDGE('',*,*,#1666,.F.);
#2376=ORIENTED_EDGE('',*,*,#1468,.T.);
#2377=ORIENTED_EDGE('',*,*,#1464,.F.);
#2378=ORIENTED_EDGE('',*,*,#1476,.T.);
#2379=ORIENTED_EDGE('',*,*,#1683,.F.);
#2380=ORIENTED_EDGE('',*,*,#1641,.T.);
#2381=ORIENTED_EDGE('',*,*,#1465,.F.);
#2382=ORIENTED_EDGE('',*,*,#1640,.T.);
#2383=ORIENTED_EDGE('',*,*,#1646,.F.);
#2384=ORIENTED_EDGE('',*,*,#1690,.T.);
#2385=ORIENTED_EDGE('',*,*,#1462,.F.);
#2386=ORIENTED_EDGE('',*,*,#1459,.F.);
#2387=ORIENTED_EDGE('',*,*,#1690,.F.);
#2388=ORIENTED_EDGE('',*,*,#1647,.F.);
#2389=ORIENTED_EDGE('',*,*,#1412,.F.);
#2390=ORIENTED_EDGE('',*,*,#1691,.T.);
#2391=ORIENTED_EDGE('',*,*,#1692,.T.);
#2392=ORIENTED_EDGE('',*,*,#1693,.T.);
#2393=ORIENTED_EDGE('',*,*,#1694,.T.);
#2394=ORIENTED_EDGE('',*,*,#1695,.T.);
#2395=ORIENTED_EDGE('',*,*,#1696,.T.);
#2396=ORIENTED_EDGE('',*,*,#1697,.T.);
#2397=ORIENTED_EDGE('',*,*,#1698,.T.);
#2398=ORIENTED_EDGE('',*,*,#1697,.F.);
#2399=ORIENTED_EDGE('',*,*,#1699,.F.);
#2400=ORIENTED_EDGE('',*,*,#1419,.F.);
#2401=ORIENTED_EDGE('',*,*,#1384,.F.);
#2402=ORIENTED_EDGE('',*,*,#1700,.T.);
#2403=ORIENTED_EDGE('',*,*,#1695,.F.);
#2404=ORIENTED_EDGE('',*,*,#1701,.F.);
#2405=ORIENTED_EDGE('',*,*,#1382,.F.);
#2406=ORIENTED_EDGE('',*,*,#1421,.T.);
#2407=ORIENTED_EDGE('',*,*,#1702,.T.);
#2408=ORIENTED_EDGE('',*,*,#1693,.F.);
#2409=ORIENTED_EDGE('',*,*,#1703,.F.);
#2410=ORIENTED_EDGE('',*,*,#1416,.F.);
#2411=ORIENTED_EDGE('',*,*,#1388,.F.);
#2412=ORIENTED_EDGE('',*,*,#1704,.T.);
#2413=ORIENTED_EDGE('',*,*,#1691,.F.);
#2414=ORIENTED_EDGE('',*,*,#1705,.F.);
#2415=ORIENTED_EDGE('',*,*,#1386,.F.);
#2416=ORIENTED_EDGE('',*,*,#1418,.T.);
#2417=ORIENTED_EDGE('',*,*,#1706,.T.);
#2418=ORIENTED_EDGE('',*,*,#1694,.F.);
#2419=ORIENTED_EDGE('',*,*,#1704,.F.);
#2420=ORIENTED_EDGE('',*,*,#1387,.F.);
#2421=ORIENTED_EDGE('',*,*,#1705,.T.);
#2422=ORIENTED_EDGE('',*,*,#1500,.F.);
#2423=ORIENTED_EDGE('',*,*,#1707,.T.);
#2424=ORIENTED_EDGE('',*,*,#1708,.T.);
#2425=ORIENTED_EDGE('',*,*,#1709,.F.);
#2426=ORIENTED_EDGE('',*,*,#1710,.F.);
#2427=ORIENTED_EDGE('',*,*,#1711,.T.);
#2428=ORIENTED_EDGE('',*,*,#1712,.F.);
#2429=ORIENTED_EDGE('',*,*,#1504,.F.);
#2430=ORIENTED_EDGE('',*,*,#1403,.F.);
#2431=ORIENTED_EDGE('',*,*,#1713,.T.);
#2432=ORIENTED_EDGE('',*,*,#1714,.F.);
#2433=ORIENTED_EDGE('',*,*,#1497,.F.);
#2434=ORIENTED_EDGE('',*,*,#1402,.F.);
#2435=ORIENTED_EDGE('',*,*,#1715,.F.);
#2436=ORIENTED_EDGE('',*,*,#1716,.F.);
#2437=ORIENTED_EDGE('',*,*,#1717,.F.);
#2438=ORIENTED_EDGE('',*,*,#1718,.F.);
#2439=ORIENTED_EDGE('',*,*,#1713,.F.);
#2440=ORIENTED_EDGE('',*,*,#1719,.F.);
#2441=ORIENTED_EDGE('',*,*,#1720,.F.);
#2442=ORIENTED_EDGE('',*,*,#1711,.F.);
#2443=ORIENTED_EDGE('',*,*,#1721,.F.);
#2444=ORIENTED_EDGE('',*,*,#1708,.F.);
#2445=ORIENTED_EDGE('',*,*,#1722,.F.);
#2446=ORIENTED_EDGE('',*,*,#1401,.F.);
#2447=ORIENTED_EDGE('',*,*,#1507,.F.);
#2448=ORIENTED_EDGE('',*,*,#1723,.F.);
#2449=ORIENTED_EDGE('',*,*,#1715,.T.);
#2450=ORIENTED_EDGE('',*,*,#1505,.F.);
#2451=ORIENTED_EDGE('',*,*,#1712,.T.);
#2452=ORIENTED_EDGE('',*,*,#1720,.T.);
#2453=ORIENTED_EDGE('',*,*,#1724,.F.);
#2454=ORIENTED_EDGE('',*,*,#1499,.F.);
#2455=ORIENTED_EDGE('',*,*,#1725,.F.);
#2456=ORIENTED_EDGE('',*,*,#1722,.T.);
#2457=ORIENTED_EDGE('',*,*,#1707,.F.);
#2458=ORIENTED_EDGE('',*,*,#1709,.T.);
#2459=ORIENTED_EDGE('',*,*,#1721,.T.);
#2460=ORIENTED_EDGE('',*,*,#1725,.T.);
#2461=ORIENTED_EDGE('',*,*,#1498,.T.);
#2462=ORIENTED_EDGE('',*,*,#1714,.T.);
#2463=ORIENTED_EDGE('',*,*,#1718,.T.);
#2464=ORIENTED_EDGE('',*,*,#1726,.F.);
#2465=ORIENTED_EDGE('',*,*,#1394,.F.);
#2466=ORIENTED_EDGE('',*,*,#1374,.T.);
#2467=ORIENTED_EDGE('',*,*,#1727,.T.);
#2468=ORIENTED_EDGE('',*,*,#1501,.T.);
#2469=ORIENTED_EDGE('',*,*,#1717,.T.);
#2470=ORIENTED_EDGE('',*,*,#1728,.F.);
#2471=ORIENTED_EDGE('',*,*,#1395,.F.);
#2472=ORIENTED_EDGE('',*,*,#1726,.T.);
#2473=ORIENTED_EDGE('',*,*,#1729,.F.);
#2474=ORIENTED_EDGE('',*,*,#1730,.T.);
#2475=ORIENTED_EDGE('',*,*,#1405,.F.);
#2476=ORIENTED_EDGE('',*,*,#1496,.F.);
#2477=ORIENTED_EDGE('',*,*,#1494,.F.);
#2478=ORIENTED_EDGE('',*,*,#1731,.T.);
#2479=ORIENTED_EDGE('',*,*,#1732,.T.);
#2480=ORIENTED_EDGE('',*,*,#1733,.F.);
#2481=ORIENTED_EDGE('',*,*,#1489,.F.);
#2482=ORIENTED_EDGE('',*,*,#1734,.T.);
#2483=ORIENTED_EDGE('',*,*,#1735,.T.);
#2484=ORIENTED_EDGE('',*,*,#1736,.F.);
#2485=ORIENTED_EDGE('',*,*,#1488,.F.);
#2486=ORIENTED_EDGE('',*,*,#1737,.F.);
#2487=ORIENTED_EDGE('',*,*,#1738,.T.);
#2488=ORIENTED_EDGE('',*,*,#1734,.F.);
#2489=ORIENTED_EDGE('',*,*,#1407,.F.);
#2490=ORIENTED_EDGE('',*,*,#1739,.T.);
#2491=ORIENTED_EDGE('',*,*,#1740,.F.);
#2492=ORIENTED_EDGE('',*,*,#1486,.F.);
#2493=ORIENTED_EDGE('',*,*,#1741,.F.);
#2494=ORIENTED_EDGE('',*,*,#1735,.F.);
#2495=ORIENTED_EDGE('',*,*,#1738,.F.);
#2496=ORIENTED_EDGE('',*,*,#1742,.F.);
#2497=ORIENTED_EDGE('',*,*,#1743,.F.);
#2498=ORIENTED_EDGE('',*,*,#1744,.F.);
#2499=ORIENTED_EDGE('',*,*,#1739,.F.);
#2500=ORIENTED_EDGE('',*,*,#1406,.F.);
#2501=ORIENTED_EDGE('',*,*,#1730,.F.);
#2502=ORIENTED_EDGE('',*,*,#1745,.F.);
#2503=ORIENTED_EDGE('',*,*,#1732,.F.);
#2504=ORIENTED_EDGE('',*,*,#1746,.F.);
#2505=ORIENTED_EDGE('',*,*,#1493,.F.);
#2506=ORIENTED_EDGE('',*,*,#1747,.F.);
#2507=ORIENTED_EDGE('',*,*,#1746,.T.);
#2508=ORIENTED_EDGE('',*,*,#1731,.F.);
#2509=ORIENTED_EDGE('',*,*,#1733,.T.);
#2510=ORIENTED_EDGE('',*,*,#1745,.T.);
#2511=ORIENTED_EDGE('',*,*,#1747,.T.);
#2512=ORIENTED_EDGE('',*,*,#1492,.T.);
#2513=ORIENTED_EDGE('',*,*,#1748,.F.);
#2514=ORIENTED_EDGE('',*,*,#1376,.F.);
#2515=ORIENTED_EDGE('',*,*,#1393,.F.);
#2516=ORIENTED_EDGE('',*,*,#1749,.T.);
#2517=ORIENTED_EDGE('',*,*,#1742,.T.);
#2518=ORIENTED_EDGE('',*,*,#1729,.T.);
#2519=ORIENTED_EDGE('',*,*,#1495,.T.);
#2520=ORIENTED_EDGE('',*,*,#1710,.T.);
#2521=ORIENTED_EDGE('',*,*,#1503,.T.);
#2522=ORIENTED_EDGE('',*,*,#1750,.F.);
#2523=ORIENTED_EDGE('',*,*,#1372,.F.);
#2524=ORIENTED_EDGE('',*,*,#1396,.F.);
#2525=ORIENTED_EDGE('',*,*,#1728,.T.);
#2526=ORIENTED_EDGE('',*,*,#1716,.T.);
#2527=ORIENTED_EDGE('',*,*,#1723,.T.);
#2528=ORIENTED_EDGE('',*,*,#1506,.T.);
#2529=ORIENTED_EDGE('',*,*,#1724,.T.);
#2530=ORIENTED_EDGE('',*,*,#1719,.T.);
#2531=ORIENTED_EDGE('',*,*,#1502,.F.);
#2532=ORIENTED_EDGE('',*,*,#1727,.F.);
#2533=ORIENTED_EDGE('',*,*,#1373,.T.);
#2534=ORIENTED_EDGE('',*,*,#1750,.T.);
#2535=ORIENTED_EDGE('',*,*,#1743,.T.);
#2536=ORIENTED_EDGE('',*,*,#1749,.F.);
#2537=ORIENTED_EDGE('',*,*,#1392,.F.);
#2538=ORIENTED_EDGE('',*,*,#1751,.T.);
#2539=ORIENTED_EDGE('',*,*,#1748,.T.);
#2540=ORIENTED_EDGE('',*,*,#1491,.F.);
#2541=ORIENTED_EDGE('',*,*,#1752,.F.);
#2542=ORIENTED_EDGE('',*,*,#1377,.F.);
#2543=ORIENTED_EDGE('',*,*,#1744,.T.);
#2544=ORIENTED_EDGE('',*,*,#1751,.F.);
#2545=ORIENTED_EDGE('',*,*,#1391,.F.);
#2546=ORIENTED_EDGE('',*,*,#1378,.T.);
#2547=ORIENTED_EDGE('',*,*,#1752,.T.);
#2548=ORIENTED_EDGE('',*,*,#1490,.T.);
#2549=ORIENTED_EDGE('',*,*,#1736,.T.);
#2550=ORIENTED_EDGE('',*,*,#1741,.T.);
#2551=ORIENTED_EDGE('',*,*,#1737,.T.);
#2552=ORIENTED_EDGE('',*,*,#1487,.T.);
#2553=ORIENTED_EDGE('',*,*,#1740,.T.);
#2554=ORIENTED_EDGE('',*,*,#1698,.F.);
#2555=ORIENTED_EDGE('',*,*,#1700,.F.);
#2556=ORIENTED_EDGE('',*,*,#1383,.F.);
#2557=ORIENTED_EDGE('',*,*,#1701,.T.);
#2558=ORIENTED_EDGE('',*,*,#1699,.T.);
#2559=ORIENTED_EDGE('',*,*,#1696,.F.);
#2560=ORIENTED_EDGE('',*,*,#1702,.F.);
#2561=ORIENTED_EDGE('',*,*,#1420,.F.);
#2562=ORIENTED_EDGE('',*,*,#1692,.F.);
#2563=ORIENTED_EDGE('',*,*,#1706,.F.);
#2564=ORIENTED_EDGE('',*,*,#1417,.T.);
#2565=ORIENTED_EDGE('',*,*,#1703,.T.);
#2566=ORIENTED_EDGE('',*,*,#1364,.T.);
#2567=ORIENTED_EDGE('',*,*,#1452,.F.);
#2568=ORIENTED_EDGE('',*,*,#1628,.F.);
#2569=ORIENTED_EDGE('',*,*,#1552,.F.);
#2570=ORIENTED_EDGE('',*,*,#1563,.F.);
#2571=ORIENTED_EDGE('',*,*,#1560,.F.);
#2572=ORIENTED_EDGE('',*,*,#1526,.T.);
#2573=ORIENTED_EDGE('',*,*,#1581,.F.);
#2574=ORIENTED_EDGE('',*,*,#1592,.F.);
#2575=ORIENTED_EDGE('',*,*,#1598,.F.);
#2576=ORIENTED_EDGE('',*,*,#1604,.F.);
#2577=ORIENTED_EDGE('',*,*,#1605,.T.);
#2578=ORIENTED_EDGE('',*,*,#1600,.F.);
#2579=ORIENTED_EDGE('',*,*,#1588,.F.);
#2580=ORIENTED_EDGE('',*,*,#1595,.F.);
#2581=ORIENTED_EDGE('',*,*,#1516,.T.);
#2582=ORIENTED_EDGE('',*,*,#1566,.F.);
#2583=ORIENTED_EDGE('',*,*,#1577,.F.);
#2584=ORIENTED_EDGE('',*,*,#1574,.F.);
#2585=ORIENTED_EDGE('',*,*,#1618,.F.);
#2586=ORIENTED_EDGE('',*,*,#1435,.F.);
#2587=ORIENTED_EDGE('',*,*,#1606,.T.);
#2588=ORIENTED_EDGE('',*,*,#1609,.T.);
#2589=ORIENTED_EDGE('',*,*,#1612,.T.);
#2590=ORIENTED_EDGE('',*,*,#1615,.T.);
#2591=CYLINDRICAL_SURFACE('',#2837,3.);
#2592=CYLINDRICAL_SURFACE('',#2843,3.);
#2593=CYLINDRICAL_SURFACE('',#2849,5.);
#2594=CYLINDRICAL_SURFACE('',#2850,5.);
#2595=CYLINDRICAL_SURFACE('',#2851,5.);
#2596=CYLINDRICAL_SURFACE('',#2852,2.5);
#2597=CYLINDRICAL_SURFACE('',#2864,11.5);
#2598=CYLINDRICAL_SURFACE('',#2866,23.3037014227354);
#2599=CYLINDRICAL_SURFACE('',#2875,11.5);
#2600=CYLINDRICAL_SURFACE('',#2880,2.3);
#2601=CYLINDRICAL_SURFACE('',#2883,2.29999999999999);
#2602=CYLINDRICAL_SURFACE('',#2886,2.3);
#2603=CYLINDRICAL_SURFACE('',#2889,2.30000000000002);
#2604=CYLINDRICAL_SURFACE('',#2892,3.5);
#2605=CYLINDRICAL_SURFACE('',#2894,12.);
#2606=CYLINDRICAL_SURFACE('',#2896,0.5);
#2607=CYLINDRICAL_SURFACE('',#2898,3.5);
#2608=CYLINDRICAL_SURFACE('',#2901,12.);
#2609=CYLINDRICAL_SURFACE('',#2902,0.5);
#2610=CYLINDRICAL_SURFACE('',#2914,0.5);
#2611=CYLINDRICAL_SURFACE('',#2919,1.);
#2612=CYLINDRICAL_SURFACE('',#2934,0.5);
#2613=CYLINDRICAL_SURFACE('',#2939,0.5);
#2614=CYLINDRICAL_SURFACE('',#2944,0.5);
#2615=CYLINDRICAL_SURFACE('',#2946,0.5);
#2616=CYLINDRICAL_SURFACE('',#2951,0.5);
#2617=CYLINDRICAL_SURFACE('',#2956,0.5);
#2618=CYLINDRICAL_SURFACE('',#2961,0.5);
#2619=CYLINDRICAL_SURFACE('',#2966,0.5);
#2620=CYLINDRICAL_SURFACE('',#2969,0.5);
#2621=CYLINDRICAL_SURFACE('',#2974,0.5);
#2622=CYLINDRICAL_SURFACE('',#2980,0.5);
#2623=CYLINDRICAL_SURFACE('',#2983,0.5);
#2624=CYLINDRICAL_SURFACE('',#2988,0.5);
#2625=CYLINDRICAL_SURFACE('',#2994,0.5);
#2626=CYLINDRICAL_SURFACE('',#2995,0.5);
#2627=CYLINDRICAL_SURFACE('',#2996,2.5);
#2628=CYLINDRICAL_SURFACE('',#3004,5.);
#2629=CYLINDRICAL_SURFACE('',#3005,2.5);
#2630=CYLINDRICAL_SURFACE('',#3006,4.99999999999999);
#2631=CYLINDRICAL_SURFACE('',#3007,3.5);
#2632=CYLINDRICAL_SURFACE('',#3009,3.49999999999999);
#2633=CYLINDRICAL_SURFACE('',#3014,2.29999999999999);
#2634=CYLINDRICAL_SURFACE('',#3018,2.3);
#2635=CYLINDRICAL_SURFACE('',#3022,2.3);
#2636=CYLINDRICAL_SURFACE('',#3026,2.30000000000002);
#2637=CYLINDRICAL_SURFACE('',#3040,0.5);
#2638=CYLINDRICAL_SURFACE('',#3045,0.5);
#2639=CYLINDRICAL_SURFACE('',#3046,0.5);
#2640=CYLINDRICAL_SURFACE('',#3051,0.5);
#2641=CYLINDRICAL_SURFACE('',#3056,0.5);
#2642=CYLINDRICAL_SURFACE('',#3061,0.5);
#2643=CYLINDRICAL_SURFACE('',#3066,0.5);
#2644=CYLINDRICAL_SURFACE('',#3067,0.5);
#2645=CYLINDRICAL_SURFACE('',#3071,0.5);
#2646=CYLINDRICAL_SURFACE('',#3076,0.5);
#2647=CYLINDRICAL_SURFACE('',#3081,0.5);
#2648=CYLINDRICAL_SURFACE('',#3086,0.5);
#2649=CYLINDRICAL_SURFACE('',#3091,1.);
#2650=CYLINDRICAL_SURFACE('',#3093,1.);
#2651=CYLINDRICAL_SURFACE('',#3095,1.);
#2652=CYLINDRICAL_SURFACE('',#3097,1.);
#2653=CYLINDRICAL_SURFACE('',#3098,0.5);
#2654=CYLINDRICAL_SURFACE('',#3099,0.5);
#2655=CYLINDRICAL_SURFACE('',#3100,1.);
#2656=CYLINDRICAL_SURFACE('',#3106,2.5);
#2657=CYLINDRICAL_SURFACE('',#3107,2.5);
#2658=CYLINDRICAL_SURFACE('',#3108,2.5);
#2659=CYLINDRICAL_SURFACE('',#3109,2.5);
#2660=CYLINDRICAL_SURFACE('',#3126,2.5);
#2661=CYLINDRICAL_SURFACE('',#3143,2.5);
#2662=CYLINDRICAL_SURFACE('',#3144,2.5);
#2663=CYLINDRICAL_SURFACE('',#3148,2.5);
#2664=ADVANCED_FACE('',(#282),#2591,.F.);
#2665=ADVANCED_FACE('',(#283,#79),#226,.T.);
#2666=ADVANCED_FACE('',(#284),#2592,.F.);
#2667=ADVANCED_FACE('',(#285,#80),#227,.T.);
#2668=ADVANCED_FACE('',(#286),#2593,.F.);
#2669=ADVANCED_FACE('',(#287),#2594,.F.);
#2670=ADVANCED_FACE('',(#288),#2595,.T.);
#2671=ADVANCED_FACE('',(#289),#2596,.F.);
#2672=ADVANCED_FACE('',(#290,#81),#228,.F.);
#2673=ADVANCED_FACE('',(#291,#82,#83),#229,.T.);
#2674=ADVANCED_FACE('',(#292),#2597,.F.);
#2675=ADVANCED_FACE('',(#293,#84),#2598,.T.);
#2676=ADVANCED_FACE('',(#294),#2599,.F.);
#2677=ADVANCED_FACE('',(#295,#85,#86),#230,.T.);
#2678=ADVANCED_FACE('',(#296),#2600,.F.);
#2679=ADVANCED_FACE('',(#297),#231,.T.);
#2680=ADVANCED_FACE('',(#298),#2601,.F.);
#2681=ADVANCED_FACE('',(#299),#232,.T.);
#2682=ADVANCED_FACE('',(#300),#2602,.F.);
#2683=ADVANCED_FACE('',(#301),#233,.T.);
#2684=ADVANCED_FACE('',(#302),#2603,.F.);
#2685=ADVANCED_FACE('',(#303),#234,.T.);
#2686=ADVANCED_FACE('',(#304),#2604,.T.);
#2687=ADVANCED_FACE('',(#305),#2605,.F.);
#2688=ADVANCED_FACE('',(#306),#73,.T.);
#2689=ADVANCED_FACE('',(#307),#2606,.F.);
#2690=ADVANCED_FACE('',(#308),#2607,.T.);
#2691=ADVANCED_FACE('',(#309),#74,.T.);
#2692=ADVANCED_FACE('',(#310),#2608,.F.);
#2693=ADVANCED_FACE('',(#311),#2609,.F.);
#2694=ADVANCED_FACE('',(#312),#61,.F.);
#2695=ADVANCED_FACE('',(#313),#75,.T.);
#2696=ADVANCED_FACE('',(#314),#235,.F.);
#2697=ADVANCED_FACE('',(#315),#2610,.F.);
#2698=ADVANCED_FACE('',(#316),#62,.F.);
#2699=ADVANCED_FACE('',(#317),#76,.T.);
#2700=ADVANCED_FACE('',(#318),#2611,.T.);
#2701=ADVANCED_FACE('',(#319),#236,.F.);
#2702=ADVANCED_FACE('',(#320),#2612,.F.);
#2703=ADVANCED_FACE('',(#321),#237,.T.);
#2704=ADVANCED_FACE('',(#322),#2613,.F.);
#2705=ADVANCED_FACE('',(#323),#238,.T.);
#2706=ADVANCED_FACE('',(#324),#2614,.F.);
#2707=ADVANCED_FACE('',(#325),#2615,.F.);
#2708=ADVANCED_FACE('',(#326),#19,.F.);
#2709=ADVANCED_FACE('',(#327),#2616,.F.);
#2710=ADVANCED_FACE('',(#328),#20,.F.);
#2711=ADVANCED_FACE('',(#329),#239,.F.);
#2712=ADVANCED_FACE('',(#330),#2617,.F.);
#2713=ADVANCED_FACE('',(#331),#21,.F.);
#2714=ADVANCED_FACE('',(#332),#2618,.F.);
#2715=ADVANCED_FACE('',(#333),#22,.F.);
#2716=ADVANCED_FACE('',(#334),#240,.F.);
#2717=ADVANCED_FACE('',(#335),#2619,.F.);
#2718=ADVANCED_FACE('',(#336),#2620,.F.);
#2719=ADVANCED_FACE('',(#337),#23,.F.);
#2720=ADVANCED_FACE('',(#338),#2621,.F.);
#2721=ADVANCED_FACE('',(#339),#24,.F.);
#2722=ADVANCED_FACE('',(#340),#241,.T.);
#2723=ADVANCED_FACE('',(#341),#2622,.F.);
#2724=ADVANCED_FACE('',(#342),#2623,.F.);
#2725=ADVANCED_FACE('',(#343),#25,.F.);
#2726=ADVANCED_FACE('',(#344),#2624,.F.);
#2727=ADVANCED_FACE('',(#345),#26,.F.);
#2728=ADVANCED_FACE('',(#346),#242,.T.);
#2729=ADVANCED_FACE('',(#347),#2625,.F.);
#2730=ADVANCED_FACE('',(#348),#2626,.F.);
#2731=ADVANCED_FACE('',(#349),#2627,.T.);
#2732=ADVANCED_FACE('',(#350),#243,.F.);
#2733=ADVANCED_FACE('',(#351),#2628,.F.);
#2734=ADVANCED_FACE('',(#352),#2629,.T.);
#2735=ADVANCED_FACE('',(#353),#2630,.F.);
#2736=ADVANCED_FACE('',(#354),#2631,.F.);
#2737=ADVANCED_FACE('',(#355),#2632,.F.);
#2738=ADVANCED_FACE('',(#356),#244,.T.);
#2739=ADVANCED_FACE('',(#357),#245,.T.);
#2740=ADVANCED_FACE('',(#358),#246,.T.);
#2741=ADVANCED_FACE('',(#359),#2633,.F.);
#2742=ADVANCED_FACE('',(#360),#247,.T.);
#2743=ADVANCED_FACE('',(#361),#2634,.F.);
#2744=ADVANCED_FACE('',(#362),#248,.T.);
#2745=ADVANCED_FACE('',(#363),#2635,.F.);
#2746=ADVANCED_FACE('',(#364),#249,.T.);
#2747=ADVANCED_FACE('',(#365),#2636,.F.);
#2748=ADVANCED_FACE('',(#366),#250,.T.);
#2749=ADVANCED_FACE('',(#367),#251,.T.);
#2750=ADVANCED_FACE('',(#368),#252,.F.);
#2751=ADVANCED_FACE('',(#369),#253,.T.);
#2752=ADVANCED_FACE('',(#370),#254,.T.);
#2753=ADVANCED_FACE('',(#371),#2637,.F.);
#2754=ADVANCED_FACE('',(#372),#63,.F.);
#2755=ADVANCED_FACE('',(#373),#2638,.F.);
#2756=ADVANCED_FACE('',(#374),#2639,.F.);
#2757=ADVANCED_FACE('',(#375),#64,.F.);
#2758=ADVANCED_FACE('',(#376),#2640,.F.);
#2759=ADVANCED_FACE('',(#377),#65,.F.);
#2760=ADVANCED_FACE('',(#378),#2641,.F.);
#2761=ADVANCED_FACE('',(#379),#66,.F.);
#2762=ADVANCED_FACE('',(#380),#2642,.F.);
#2763=ADVANCED_FACE('',(#381),#67,.F.);
#2764=ADVANCED_FACE('',(#382),#2643,.F.);
#2765=ADVANCED_FACE('',(#383),#2644,.F.);
#2766=ADVANCED_FACE('',(#384),#68,.F.);
#2767=ADVANCED_FACE('',(#385),#2645,.F.);
#2768=ADVANCED_FACE('',(#386),#77,.T.);
#2769=ADVANCED_FACE('',(#387),#69,.F.);
#2770=ADVANCED_FACE('',(#388),#2646,.F.);
#2771=ADVANCED_FACE('',(#389),#70,.F.);
#2772=ADVANCED_FACE('',(#390),#2647,.F.);
#2773=ADVANCED_FACE('',(#391),#71,.F.);
#2774=ADVANCED_FACE('',(#392),#2648,.F.);
#2775=ADVANCED_FACE('',(#393),#72,.F.);
#2776=ADVANCED_FACE('',(#394),#78,.T.);
#2777=ADVANCED_FACE('',(#395),#2649,.T.);
#2778=ADVANCED_FACE('',(#396),#255,.F.);
#2779=ADVANCED_FACE('',(#397),#2650,.T.);
#2780=ADVANCED_FACE('',(#398),#256,.F.);
#2781=ADVANCED_FACE('',(#399),#2651,.T.);
#2782=ADVANCED_FACE('',(#400),#257,.F.);
#2783=ADVANCED_FACE('',(#401),#2652,.T.);
#2784=ADVANCED_FACE('',(#402),#2653,.T.);
#2785=ADVANCED_FACE('',(#403),#2654,.T.);
#2786=ADVANCED_FACE('',(#404),#2655,.T.);
#2787=ADVANCED_FACE('',(#405,#87,#88),#258,.F.);
#2788=ADVANCED_FACE('',(#406),#2656,.F.);
#2789=ADVANCED_FACE('',(#407),#2657,.F.);
#2790=ADVANCED_FACE('',(#408),#2658,.F.);
#2791=ADVANCED_FACE('',(#409),#2659,.F.);
#2792=ADVANCED_FACE('',(#410),#259,.F.);
#2793=ADVANCED_FACE('',(#411),#15,.F.);
#2794=ADVANCED_FACE('',(#412),#16,.F.);
#2795=ADVANCED_FACE('',(#413),#260,.F.);
#2796=ADVANCED_FACE('',(#414),#261,.F.);
#2797=ADVANCED_FACE('',(#415),#262,.F.);
#2798=ADVANCED_FACE('',(#416),#263,.F.);
#2799=ADVANCED_FACE('',(#417),#264,.F.);
#2800=ADVANCED_FACE('',(#418),#265,.F.);
#2801=ADVANCED_FACE('',(#419),#266,.F.);
#2802=ADVANCED_FACE('',(#420),#2660,.F.);
#2803=ADVANCED_FACE('',(#421),#267,.F.);
#2804=ADVANCED_FACE('',(#422),#268,.F.);
#2805=ADVANCED_FACE('',(#423),#269,.F.);
#2806=ADVANCED_FACE('',(#424),#17,.F.);
#2807=ADVANCED_FACE('',(#425),#270,.F.);
#2808=ADVANCED_FACE('',(#426),#271,.F.);
#2809=ADVANCED_FACE('',(#427),#272,.F.);
#2810=ADVANCED_FACE('',(#428),#273,.F.);
#2811=ADVANCED_FACE('',(#429),#274,.F.);
#2812=ADVANCED_FACE('',(#430),#18,.F.);
#2813=ADVANCED_FACE('',(#431),#2661,.F.);
#2814=ADVANCED_FACE('',(#432),#2662,.F.);
#2815=ADVANCED_FACE('',(#433),#275,.F.);
#2816=ADVANCED_FACE('',(#434),#276,.F.);
#2817=ADVANCED_FACE('',(#435),#277,.F.);
#2818=ADVANCED_FACE('',(#436),#2663,.F.);
#2819=ADVANCED_FACE('',(#437),#278,.F.);
#2820=ADVANCED_FACE('',(#438),#279,.F.);
#2821=ADVANCED_FACE('',(#439),#280,.F.);
#2822=ADVANCED_FACE('',(#440,#89,#90,#91,#92),#281,.F.);
#2823=CLOSED_SHELL('',(#2664,#2665,#2666,#2667,#2668,#2669,#2670,#2671,
#2672,#2673,#2674,#2675,#2676,#2677,#2678,#2679,#2680,#2681,#2682,#2683,
#2684,#2685,#2686,#2687,#2688,#2689,#2690,#2691,#2692,#2693,#2694,#2695,
#2696,#2697,#2698,#2699,#2700,#2701,#2702,#2703,#2704,#2705,#2706,#2707,
#2708,#2709,#2710,#2711,#2712,#2713,#2714,#2715,#2716,#2717,#2718,#2719,
#2720,#2721,#2722,#2723,#2724,#2725,#2726,#2727,#2728,#2729,#2730,#2731,
#2732,#2733,#2734,#2735,#2736,#2737,#2738,#2739,#2740,#2741,#2742,#2743,
#2744,#2745,#2746,#2747,#2748,#2749,#2750,#2751,#2752,#2753,#2754,#2755,
#2756,#2757,#2758,#2759,#2760,#2761,#2762,#2763,#2764,#2765,#2766,#2767,
#2768,#2769,#2770,#2771,#2772,#2773,#2774,#2775,#2776,#2777,#2778,#2779,
#2780,#2781,#2782,#2783,#2784,#2785,#2786,#2787,#2788,#2789,#2790,#2791,
#2792,#2793,#2794,#2795,#2796,#2797,#2798,#2799,#2800,#2801,#2802,#2803,
#2804,#2805,#2806,#2807,#2808,#2809,#2810,#2811,#2812,#2813,#2814,#2815,
#2816,#2817,#2818,#2819,#2820,#2821,#2822));
#2824=DERIVED_UNIT_ELEMENT(#2826,1.);
#2825=DERIVED_UNIT_ELEMENT(#5645,-3.);
#2826=(
MASS_UNIT()
NAMED_UNIT(*)
SI_UNIT(.KILO.,.GRAM.)
);
#2827=DERIVED_UNIT((#2824,#2825));
#2828=MEASURE_REPRESENTATION_ITEM('density measure',
POSITIVE_RATIO_MEASURE(7850.),#2827);
#2829=PROPERTY_DEFINITION_REPRESENTATION(#2834,#2831);
#2830=PROPERTY_DEFINITION_REPRESENTATION(#2835,#2832);
#2831=REPRESENTATION('material name',(#2833),#5642);
#2832=REPRESENTATION('density',(#2828),#5642);
#2833=DESCRIPTIVE_REPRESENTATION_ITEM('Steel','Steel');
#2834=PROPERTY_DEFINITION('material property','material name',#5652);
#2835=PROPERTY_DEFINITION('material property','density of part',#5652);
#2836=AXIS2_PLACEMENT_3D('',#3993,#3153,#3154);
#2837=AXIS2_PLACEMENT_3D('',#3994,#3155,#3156);
#2838=AXIS2_PLACEMENT_3D('',#4021,#3159,#3160);
#2839=AXIS2_PLACEMENT_3D('',#4023,#3161,#3162);
#2840=AXIS2_PLACEMENT_3D('',#4025,#3163,#3164);
#2841=AXIS2_PLACEMENT_3D('',#4026,#3165,#3166);
#2842=AXIS2_PLACEMENT_3D('',#4028,#3167,#3168);
#2843=AXIS2_PLACEMENT_3D('',#4029,#3169,#3170);
#2844=AXIS2_PLACEMENT_3D('',#4056,#3173,#3174);
#2845=AXIS2_PLACEMENT_3D('',#4058,#3175,#3176);
#2846=AXIS2_PLACEMENT_3D('',#4060,#3177,#3178);
#2847=AXIS2_PLACEMENT_3D('',#4061,#3179,#3180);
#2848=AXIS2_PLACEMENT_3D('',#4063,#3181,#3182);
#2849=AXIS2_PLACEMENT_3D('',#4064,#3183,#3184);
#2850=AXIS2_PLACEMENT_3D('',#4067,#3187,#3188);
#2851=AXIS2_PLACEMENT_3D('',#4070,#3191,#3192);
#2852=AXIS2_PLACEMENT_3D('',#4071,#3193,#3194);
#2853=AXIS2_PLACEMENT_3D('',#4073,#3196,#3197);
#2854=AXIS2_PLACEMENT_3D('',#4076,#3198,#3199);
#2855=AXIS2_PLACEMENT_3D('',#4078,#3200,#3201);
#2856=AXIS2_PLACEMENT_3D('',#4082,#3203,#3204);
#2857=AXIS2_PLACEMENT_3D('',#4084,#3205,#3206);
#2858=AXIS2_PLACEMENT_3D('',#4086,#3207,#3208);
#2859=AXIS2_PLACEMENT_3D('',#4090,#3210,#3211);
#2860=AXIS2_PLACEMENT_3D('',#4092,#3212,#3213);
#2861=AXIS2_PLACEMENT_3D('',#4094,#3215,#3216);
#2862=AXIS2_PLACEMENT_3D('',#4103,#3221,#3222);
#2863=AXIS2_PLACEMENT_3D('',#4105,#3223,#3224);
#2864=AXIS2_PLACEMENT_3D('',#4106,#3225,#3226);
#2865=AXIS2_PLACEMENT_3D('',#4161,#3232,#3233);
#2866=AXIS2_PLACEMENT_3D('',#4162,#3234,#3235);
#2867=AXIS2_PLACEMENT_3D('',#4209,#3241,#3242);
#2868=AXIS2_PLACEMENT_3D('',#4266,#3245,#3246);
#2869=AXIS2_PLACEMENT_3D('',#4268,#3247,#3248);
#2870=AXIS2_PLACEMENT_3D('',#4285,#3250,#3251);
#2871=AXIS2_PLACEMENT_3D('',#4289,#3253,#3254);
#2872=AXIS2_PLACEMENT_3D('',#4293,#3256,#3257);
#2873=AXIS2_PLACEMENT_3D('',#4297,#3259,#3260);
#2874=AXIS2_PLACEMENT_3D('',#4314,#3262,#3263);
#2875=AXIS2_PLACEMENT_3D('',#4342,#3265,#3266);
#2876=AXIS2_PLACEMENT_3D('',#4345,#3268,#3269);
#2877=AXIS2_PLACEMENT_3D('',#4408,#3272,#3273);
#2878=AXIS2_PLACEMENT_3D('',#4415,#3277,#3278);
#2879=AXIS2_PLACEMENT_3D('',#4417,#3279,#3280);
#2880=AXIS2_PLACEMENT_3D('',#4418,#3281,#3282);
#2881=AXIS2_PLACEMENT_3D('',#4421,#3284,#3285);
#2882=AXIS2_PLACEMENT_3D('',#4422,#3286,#3287);
#2883=AXIS2_PLACEMENT_3D('',#4423,#3288,#3289);
#2884=AXIS2_PLACEMENT_3D('',#4426,#3291,#3292);
#2885=AXIS2_PLACEMENT_3D('',#4427,#3293,#3294);
#2886=AXIS2_PLACEMENT_3D('',#4428,#3295,#3296);
#2887=AXIS2_PLACEMENT_3D('',#4431,#3298,#3299);
#2888=AXIS2_PLACEMENT_3D('',#4432,#3300,#3301);
#2889=AXIS2_PLACEMENT_3D('',#4433,#3302,#3303);
#2890=AXIS2_PLACEMENT_3D('',#4436,#3305,#3306);
#2891=AXIS2_PLACEMENT_3D('',#4437,#3307,#3308);
#2892=AXIS2_PLACEMENT_3D('',#4438,#3309,#3310);
#2893=AXIS2_PLACEMENT_3D('',#4442,#3312,#3313);
#2894=AXIS2_PLACEMENT_3D('',#4462,#3315,#3316);
#2895=AXIS2_PLACEMENT_3D('',#4464,#3317,#3318);
#2896=AXIS2_PLACEMENT_3D('',#4587,#3319,#3320);
#2897=AXIS2_PLACEMENT_3D('',#4591,#3322,#3323);
#2898=AXIS2_PLACEMENT_3D('',#4593,#3325,#3326);
#2899=AXIS2_PLACEMENT_3D('',#4613,#3328,#3329);
#2900=AXIS2_PLACEMENT_3D('',#4681,#3331,#3332);
#2901=AXIS2_PLACEMENT_3D('',#4823,#3333,#3334);
#2902=AXIS2_PLACEMENT_3D('',#4824,#3335,#3336);
#2903=AXIS2_PLACEMENT_3D('',#4827,#3337,#3338);
#2904=AXIS2_PLACEMENT_3D('',#4830,#3341,#3342);
#2905=AXIS2_PLACEMENT_3D('',#4833,#3343,#3344);
#2906=AXIS2_PLACEMENT_3D('',#4834,#3345,#3346);
#2907=AXIS2_PLACEMENT_3D('',#4835,#3347,#3348);
#2908=AXIS2_PLACEMENT_3D('',#4885,#3349,#3350);
#2909=AXIS2_PLACEMENT_3D('',#4889,#3352,#3353);
#2910=AXIS2_PLACEMENT_3D('',#4893,#3355,#3356);
#2911=AXIS2_PLACEMENT_3D('',#4897,#3358,#3359);
#2912=AXIS2_PLACEMENT_3D('',#4901,#3361,#3362);
#2913=AXIS2_PLACEMENT_3D('',#4905,#3364,#3365);
#2914=AXIS2_PLACEMENT_3D('',#4907,#3367,#3368);
#2915=AXIS2_PLACEMENT_3D('',#4909,#3369,#3370);
#2916=AXIS2_PLACEMENT_3D('',#4911,#3372,#3373);
#2917=AXIS2_PLACEMENT_3D('',#4913,#3374,#3375);
#2918=AXIS2_PLACEMENT_3D('',#4914,#3376,#3377);
#2919=AXIS2_PLACEMENT_3D('',#4972,#3378,#3379);
#2920=AXIS2_PLACEMENT_3D('',#4976,#3381,#3382);
#2921=AXIS2_PLACEMENT_3D('',#4978,#3384,#3385);
#2922=AXIS2_PLACEMENT_3D('',#4982,#3387,#3388);
#2923=AXIS2_PLACEMENT_3D('',#4986,#3390,#3391);
#2924=AXIS2_PLACEMENT_3D('',#4988,#3392,#3393);
#2925=AXIS2_PLACEMENT_3D('',#4992,#3395,#3396);
#2926=AXIS2_PLACEMENT_3D('',#4994,#3397,#3398);
#2927=AXIS2_PLACEMENT_3D('',#4998,#3400,#3401);
#2928=AXIS2_PLACEMENT_3D('',#5003,#3404,#3405);
#2929=AXIS2_PLACEMENT_3D('',#5007,#3407,#3408);
#2930=AXIS2_PLACEMENT_3D('',#5009,#3409,#3410);
#2931=AXIS2_PLACEMENT_3D('',#5013,#3412,#3413);
#2932=AXIS2_PLACEMENT_3D('',#5015,#3414,#3415);
#2933=AXIS2_PLACEMENT_3D('',#5019,#3417,#3418);
#2934=AXIS2_PLACEMENT_3D('',#5022,#3421,#3422);
#2935=AXIS2_PLACEMENT_3D('',#5025,#3423,#3424);
#2936=AXIS2_PLACEMENT_3D('',#5036,#3427,#3428);
#2937=AXIS2_PLACEMENT_3D('',#5046,#3433,#3434);
#2938=AXIS2_PLACEMENT_3D('',#5047,#3435,#3436);
#2939=AXIS2_PLACEMENT_3D('',#5048,#3437,#3438);
#2940=AXIS2_PLACEMENT_3D('',#5060,#3440,#3441);
#2941=AXIS2_PLACEMENT_3D('',#5062,#3443,#3444);
#2942=AXIS2_PLACEMENT_3D('',#5066,#3446,#3447);
#2943=AXIS2_PLACEMENT_3D('',#5068,#3448,#3449);
#2944=AXIS2_PLACEMENT_3D('',#5074,#3453,#3454);
#2945=AXIS2_PLACEMENT_3D('',#5076,#3455,#3456);
#2946=AXIS2_PLACEMENT_3D('',#5078,#3458,#3459);
#2947=AXIS2_PLACEMENT_3D('',#5081,#3460,#3461);
#2948=AXIS2_PLACEMENT_3D('',#5084,#3463,#3464);
#2949=AXIS2_PLACEMENT_3D('',#5086,#3466,#3467);
#2950=AXIS2_PLACEMENT_3D('',#5087,#3468,#3469);
#2951=AXIS2_PLACEMENT_3D('',#5088,#3470,#3471);
#2952=AXIS2_PLACEMENT_3D('',#5091,#3473,#3474);
#2953=AXIS2_PLACEMENT_3D('',#5093,#3476,#3477);
#2954=AXIS2_PLACEMENT_3D('',#5094,#3478,#3479);
#2955=AXIS2_PLACEMENT_3D('',#5095,#3480,#3481);
#2956=AXIS2_PLACEMENT_3D('',#5097,#3483,#3484);
#2957=AXIS2_PLACEMENT_3D('',#5100,#3485,#3486);
#2958=AXIS2_PLACEMENT_3D('',#5103,#3488,#3489);
#2959=AXIS2_PLACEMENT_3D('',#5105,#3491,#3492);
#2960=AXIS2_PLACEMENT_3D('',#5106,#3493,#3494);
#2961=AXIS2_PLACEMENT_3D('',#5107,#3495,#3496);
#2962=AXIS2_PLACEMENT_3D('',#5108,#3497,#3498);
#2963=AXIS2_PLACEMENT_3D('',#5110,#3500,#3501);
#2964=AXIS2_PLACEMENT_3D('',#5111,#3502,#3503);
#2965=AXIS2_PLACEMENT_3D('',#5112,#3504,#3505);
#2966=AXIS2_PLACEMENT_3D('',#5114,#3507,#3508);
#2967=AXIS2_PLACEMENT_3D('',#5117,#3509,#3510);
#2968=AXIS2_PLACEMENT_3D('',#5121,#3512,#3513);
#2969=AXIS2_PLACEMENT_3D('',#5123,#3515,#3516);
#2970=AXIS2_PLACEMENT_3D('',#5126,#3517,#3518);
#2971=AXIS2_PLACEMENT_3D('',#5129,#3520,#3521);
#2972=AXIS2_PLACEMENT_3D('',#5131,#3523,#3524);
#2973=AXIS2_PLACEMENT_3D('',#5132,#3525,#3526);
#2974=AXIS2_PLACEMENT_3D('',#5133,#3527,#3528);
#2975=AXIS2_PLACEMENT_3D('',#5134,#3529,#3530);
#2976=AXIS2_PLACEMENT_3D('',#5136,#3531,#3532);
#2977=AXIS2_PLACEMENT_3D('',#5138,#3534,#3535);
#2978=AXIS2_PLACEMENT_3D('',#5139,#3536,#3537);
#2979=AXIS2_PLACEMENT_3D('',#5140,#3538,#3539);
#2980=AXIS2_PLACEMENT_3D('',#5142,#3541,#3542);
#2981=AXIS2_PLACEMENT_3D('',#5144,#3543,#3544);
#2982=AXIS2_PLACEMENT_3D('',#5147,#3546,#3547);
#2983=AXIS2_PLACEMENT_3D('',#5148,#3548,#3549);
#2984=AXIS2_PLACEMENT_3D('',#5151,#3550,#3551);
#2985=AXIS2_PLACEMENT_3D('',#5154,#3553,#3554);
#2986=AXIS2_PLACEMENT_3D('',#5156,#3556,#3557);
#2987=AXIS2_PLACEMENT_3D('',#5157,#3558,#3559);
#2988=AXIS2_PLACEMENT_3D('',#5158,#3560,#3561);
#2989=AXIS2_PLACEMENT_3D('',#5160,#3562,#3563);
#2990=AXIS2_PLACEMENT_3D('',#5164,#3565,#3566);
#2991=AXIS2_PLACEMENT_3D('',#5166,#3568,#3569);
#2992=AXIS2_PLACEMENT_3D('',#5167,#3570,#3571);
#2993=AXIS2_PLACEMENT_3D('',#5168,#3572,#3573);
#2994=AXIS2_PLACEMENT_3D('',#5170,#3575,#3576);
#2995=AXIS2_PLACEMENT_3D('',#5172,#3578,#3579);
#2996=AXIS2_PLACEMENT_3D('',#5174,#3581,#3582);
#2997=AXIS2_PLACEMENT_3D('',#5177,#3583,#3584);
#2998=AXIS2_PLACEMENT_3D('',#5180,#3587,#3588);
#2999=AXIS2_PLACEMENT_3D('',#5182,#3589,#3590);
#3000=AXIS2_PLACEMENT_3D('',#5187,#3593,#3594);
#3001=AXIS2_PLACEMENT_3D('',#5189,#3595,#3596);
#3002=AXIS2_PLACEMENT_3D('',#5193,#3598,#3599);
#3003=AXIS2_PLACEMENT_3D('',#5197,#3601,#3602);
#3004=AXIS2_PLACEMENT_3D('',#5199,#3604,#3605);
#3005=AXIS2_PLACEMENT_3D('',#5201,#3607,#3608);
#3006=AXIS2_PLACEMENT_3D('',#5204,#3611,#3612);
#3007=AXIS2_PLACEMENT_3D('',#5206,#3614,#3615);
#3008=AXIS2_PLACEMENT_3D('',#5209,#3616,#3617);
#3009=AXIS2_PLACEMENT_3D('',#5212,#3620,#3621);
#3010=AXIS2_PLACEMENT_3D('',#5216,#3623,#3624);
#3011=AXIS2_PLACEMENT_3D('',#5218,#3626,#3627);
#3012=AXIS2_PLACEMENT_3D('',#5220,#3629,#3630);
#3013=AXIS2_PLACEMENT_3D('',#5224,#3633,#3634);
#3014=AXIS2_PLACEMENT_3D('',#5225,#3635,#3636);
#3015=AXIS2_PLACEMENT_3D('',#5227,#3637,#3638);
#3016=AXIS2_PLACEMENT_3D('',#5230,#3640,#3641);
#3017=AXIS2_PLACEMENT_3D('',#5231,#3642,#3643);
#3018=AXIS2_PLACEMENT_3D('',#5232,#3644,#3645);
#3019=AXIS2_PLACEMENT_3D('',#5234,#3646,#3647);
#3020=AXIS2_PLACEMENT_3D('',#5237,#3649,#3650);
#3021=AXIS2_PLACEMENT_3D('',#5238,#3651,#3652);
#3022=AXIS2_PLACEMENT_3D('',#5239,#3653,#3654);
#3023=AXIS2_PLACEMENT_3D('',#5241,#3655,#3656);
#3024=AXIS2_PLACEMENT_3D('',#5244,#3658,#3659);
#3025=AXIS2_PLACEMENT_3D('',#5245,#3660,#3661);
#3026=AXIS2_PLACEMENT_3D('',#5246,#3662,#3663);
#3027=AXIS2_PLACEMENT_3D('',#5248,#3664,#3665);
#3028=AXIS2_PLACEMENT_3D('',#5251,#3667,#3668);
#3029=AXIS2_PLACEMENT_3D('',#5252,#3669,#3670);
#3030=AXIS2_PLACEMENT_3D('',#5253,#3671,#3672);
#3031=AXIS2_PLACEMENT_3D('',#5254,#3673,#3674);
#3032=AXIS2_PLACEMENT_3D('',#5259,#3677,#3678);
#3033=AXIS2_PLACEMENT_3D('',#5263,#3680,#3681);
#3034=AXIS2_PLACEMENT_3D('',#5267,#3683,#3684);
#3035=AXIS2_PLACEMENT_3D('',#5271,#3686,#3687);
#3036=AXIS2_PLACEMENT_3D('',#5277,#3691,#3692);
#3037=AXIS2_PLACEMENT_3D('',#5282,#3695,#3696);
#3038=AXIS2_PLACEMENT_3D('',#5284,#3698,#3699);
#3039=AXIS2_PLACEMENT_3D('',#5291,#3704,#3705);
#3040=AXIS2_PLACEMENT_3D('',#5300,#3711,#3712);
#3041=AXIS2_PLACEMENT_3D('',#5301,#3713,#3714);
#3042=AXIS2_PLACEMENT_3D('',#5302,#3715,#3716);
#3043=AXIS2_PLACEMENT_3D('',#5304,#3717,#3718);
#3044=AXIS2_PLACEMENT_3D('',#5305,#3719,#3720);
#3045=AXIS2_PLACEMENT_3D('',#5306,#3721,#3722);
#3046=AXIS2_PLACEMENT_3D('',#5308,#3724,#3725);
#3047=AXIS2_PLACEMENT_3D('',#5309,#3726,#3727);
#3048=AXIS2_PLACEMENT_3D('',#5310,#3728,#3729);
#3049=AXIS2_PLACEMENT_3D('',#5312,#3730,#3731);
#3050=AXIS2_PLACEMENT_3D('',#5313,#3732,#3733);
#3051=AXIS2_PLACEMENT_3D('',#5314,#3734,#3735);
#3052=AXIS2_PLACEMENT_3D('',#5316,#3736,#3737);
#3053=AXIS2_PLACEMENT_3D('',#5318,#3739,#3740);
#3054=AXIS2_PLACEMENT_3D('',#5320,#3741,#3742);
#3055=AXIS2_PLACEMENT_3D('',#5321,#3743,#3744);
#3056=AXIS2_PLACEMENT_3D('',#5322,#3745,#3746);
#3057=AXIS2_PLACEMENT_3D('',#5324,#3747,#3748);
#3058=AXIS2_PLACEMENT_3D('',#5326,#3750,#3751);
#3059=AXIS2_PLACEMENT_3D('',#5328,#3752,#3753);
#3060=AXIS2_PLACEMENT_3D('',#5329,#3754,#3755);
#3061=AXIS2_PLACEMENT_3D('',#5330,#3756,#3757);
#3062=AXIS2_PLACEMENT_3D('',#5332,#3758,#3759);
#3063=AXIS2_PLACEMENT_3D('',#5334,#3761,#3762);
#3064=AXIS2_PLACEMENT_3D('',#5335,#3763,#3764);
#3065=AXIS2_PLACEMENT_3D('',#5336,#3765,#3766);
#3066=AXIS2_PLACEMENT_3D('',#5337,#3767,#3768);
#3067=AXIS2_PLACEMENT_3D('',#5338,#3769,#3770);
#3068=AXIS2_PLACEMENT_3D('',#5339,#3771,#3772);
#3069=AXIS2_PLACEMENT_3D('',#5340,#3773,#3774);
#3070=AXIS2_PLACEMENT_3D('',#5341,#3775,#3776);
#3071=AXIS2_PLACEMENT_3D('',#5342,#3777,#3778);
#3072=AXIS2_PLACEMENT_3D('',#5376,#3779,#3780);
#3073=AXIS2_PLACEMENT_3D('',#5393,#3781,#3782);
#3074=AXIS2_PLACEMENT_3D('',#5395,#3783,#3784);
#3075=AXIS2_PLACEMENT_3D('',#5396,#3785,#3786);
#3076=AXIS2_PLACEMENT_3D('',#5397,#3787,#3788);
#3077=AXIS2_PLACEMENT_3D('',#5399,#3789,#3790);
#3078=AXIS2_PLACEMENT_3D('',#5401,#3792,#3793);
#3079=AXIS2_PLACEMENT_3D('',#5403,#3794,#3795);
#3080=AXIS2_PLACEMENT_3D('',#5404,#3796,#3797);
#3081=AXIS2_PLACEMENT_3D('',#5405,#3798,#3799);
#3082=AXIS2_PLACEMENT_3D('',#5407,#3800,#3801);
#3083=AXIS2_PLACEMENT_3D('',#5409,#3803,#3804);
#3084=AXIS2_PLACEMENT_3D('',#5411,#3805,#3806);
#3085=AXIS2_PLACEMENT_3D('',#5412,#3807,#3808);
#3086=AXIS2_PLACEMENT_3D('',#5413,#3809,#3810);
#3087=AXIS2_PLACEMENT_3D('',#5415,#3811,#3812);
#3088=AXIS2_PLACEMENT_3D('',#5417,#3814,#3815);
#3089=AXIS2_PLACEMENT_3D('',#5419,#3816,#3817);
#3090=AXIS2_PLACEMENT_3D('',#5420,#3818,#3819);
#3091=AXIS2_PLACEMENT_3D('',#5477,#3820,#3821);
#3092=AXIS2_PLACEMENT_3D('',#5479,#3823,#3824);
#3093=AXIS2_PLACEMENT_3D('',#5481,#3826,#3827);
#3094=AXIS2_PLACEMENT_3D('',#5483,#3829,#3830);
#3095=AXIS2_PLACEMENT_3D('',#5485,#3832,#3833);
#3096=AXIS2_PLACEMENT_3D('',#5487,#3835,#3836);
#3097=AXIS2_PLACEMENT_3D('',#5489,#3838,#3839);
#3098=AXIS2_PLACEMENT_3D('',#5490,#3840,#3841);
#3099=AXIS2_PLACEMENT_3D('',#5491,#3842,#3843);
#3100=AXIS2_PLACEMENT_3D('',#5492,#3844,#3845);
#3101=AXIS2_PLACEMENT_3D('',#5494,#3847,#3848);
#3102=AXIS2_PLACEMENT_3D('',#5497,#3849,#3850);
#3103=AXIS2_PLACEMENT_3D('',#5501,#3852,#3853);
#3104=AXIS2_PLACEMENT_3D('',#5505,#3855,#3856);
#3105=AXIS2_PLACEMENT_3D('',#5509,#3858,#3859);
#3106=AXIS2_PLACEMENT_3D('',#5511,#3861,#3862);
#3107=AXIS2_PLACEMENT_3D('',#5514,#3865,#3866);
#3108=AXIS2_PLACEMENT_3D('',#5517,#3869,#3870);
#3109=AXIS2_PLACEMENT_3D('',#5520,#3873,#3874);
#3110=AXIS2_PLACEMENT_3D('',#5523,#3877,#3878);
#3111=AXIS2_PLACEMENT_3D('',#5533,#3880,#3881);
#3112=AXIS2_PLACEMENT_3D('',#5534,#3882,#3883);
#3113=AXIS2_PLACEMENT_3D('',#5542,#3884,#3885);
#3114=AXIS2_PLACEMENT_3D('',#5544,#3886,#3887);
#3115=AXIS2_PLACEMENT_3D('',#5546,#3889,#3890);
#3116=AXIS2_PLACEMENT_3D('',#5550,#3893,#3894);
#3117=AXIS2_PLACEMENT_3D('',#5554,#3896,#3897);
#3118=AXIS2_PLACEMENT_3D('',#5557,#3899,#3900);
#3119=AXIS2_PLACEMENT_3D('',#5558,#3901,#3902);
#3120=AXIS2_PLACEMENT_3D('',#5560,#3903,#3904);
#3121=AXIS2_PLACEMENT_3D('',#5562,#3906,#3907);
#3122=AXIS2_PLACEMENT_3D('',#5564,#3908,#3909);
#3123=AXIS2_PLACEMENT_3D('',#5566,#3911,#3912);
#3124=AXIS2_PLACEMENT_3D('',#5568,#3914,#3915);
#3125=AXIS2_PLACEMENT_3D('',#5570,#3917,#3918);
#3126=AXIS2_PLACEMENT_3D('',#5572,#3920,#3921);
#3127=AXIS2_PLACEMENT_3D('',#5575,#3924,#3925);
#3128=AXIS2_PLACEMENT_3D('',#5577,#3927,#3928);
#3129=AXIS2_PLACEMENT_3D('',#5581,#3931,#3932);
#3130=AXIS2_PLACEMENT_3D('',#5596,#3937,#3938);
#3131=AXIS2_PLACEMENT_3D('',#5597,#3939,#3940);
#3132=AXIS2_PLACEMENT_3D('',#5598,#3941,#3942);
#3133=AXIS2_PLACEMENT_3D('',#5602,#3945,#3946);
#3134=AXIS2_PLACEMENT_3D('',#5606,#3949,#3950);
#3135=AXIS2_PLACEMENT_3D('',#5607,#3951,#3952);
#3136=AXIS2_PLACEMENT_3D('',#5608,#3953,#3954);
#3137=AXIS2_PLACEMENT_3D('',#5610,#3955,#3956);
#3138=AXIS2_PLACEMENT_3D('',#5613,#3958,#3959);
#3139=AXIS2_PLACEMENT_3D('',#5614,#3960,#3961);
#3140=AXIS2_PLACEMENT_3D('',#5616,#3962,#3963);
#3141=AXIS2_PLACEMENT_3D('',#5617,#3964,#3965);
#3142=AXIS2_PLACEMENT_3D('',#5624,#3966,#3967);
#3143=AXIS2_PLACEMENT_3D('',#5625,#3968,#3969);
#3144=AXIS2_PLACEMENT_3D('',#5628,#3972,#3973);
#3145=AXIS2_PLACEMENT_3D('',#5630,#3975,#3976);
#3146=AXIS2_PLACEMENT_3D('',#5631,#3977,#3978);
#3147=AXIS2_PLACEMENT_3D('',#5633,#3980,#3981);
#3148=AXIS2_PLACEMENT_3D('',#5635,#3983,#3984);
#3149=AXIS2_PLACEMENT_3D('',#5636,#3985,#3986);
#3150=AXIS2_PLACEMENT_3D('',#5637,#3987,#3988);
#3151=AXIS2_PLACEMENT_3D('',#5638,#3989,#3990);
#3152=AXIS2_PLACEMENT_3D('',#5639,#3991,#3992);
#3153=DIRECTION('axis',(0.,0.,1.));
#3154=DIRECTION('refdir',(1.,0.,0.));
#3155=DIRECTION('center_axis',(-0.766044443118974,-0.642787609686544,0.));
#3156=DIRECTION('ref_axis',(-0.45451947767204,0.541675220419703,-0.707106781186549));
#3157=DIRECTION('',(-0.766044443118974,-0.642787609686544,0.));
#3158=DIRECTION('',(0.766044443118974,0.642787609686544,0.));
#3159=DIRECTION('center_axis',(0.642787609686544,-0.766044443118974,0.));
#3160=DIRECTION('ref_axis',(0.766044443118974,0.642787609686544,0.));
#3161=DIRECTION('center_axis',(0.642787609686544,-0.766044443118974,0.));
#3162=DIRECTION('ref_axis',(-0.541675220419698,-0.454519477672047,-0.707106781186548));
#3163=DIRECTION('center_axis',(-0.642787609686544,0.766044443118974,0.));
#3164=DIRECTION('ref_axis',(0.541675220419698,0.454519477672047,0.707106781186548));
#3165=DIRECTION('center_axis',(0.642787609686544,-0.766044443118974,0.));
#3166=DIRECTION('ref_axis',(0.541675220419698,0.454519477672048,-0.707106781186548));
#3167=DIRECTION('center_axis',(-0.642787609686544,0.766044443118974,0.));
#3168=DIRECTION('ref_axis',(-0.766044443118974,-0.642787609686544,0.));
#3169=DIRECTION('center_axis',(0.766044443118974,0.642787609686544,0.));
#3170=DIRECTION('ref_axis',(0.45451947767204,-0.541675220419702,-0.707106781186549));
#3171=DIRECTION('',(0.766044443118974,0.642787609686544,0.));
#3172=DIRECTION('',(-0.766044443118974,-0.642787609686544,0.));
#3173=DIRECTION('center_axis',(-0.642787609686544,0.766044443118974,0.));
#3174=DIRECTION('ref_axis',(-0.766044443118974,-0.642787609686544,0.));
#3175=DIRECTION('center_axis',(-0.642787609686544,0.766044443118974,0.));
#3176=DIRECTION('ref_axis',(0.541675220419698,0.454519477672048,-0.707106781186548));
#3177=DIRECTION('center_axis',(0.642787609686544,-0.766044443118974,0.));
#3178=DIRECTION('ref_axis',(-0.541675220419698,-0.454519477672048,0.707106781186548));
#3179=DIRECTION('center_axis',(-0.642787609686544,0.766044443118974,0.));
#3180=DIRECTION('ref_axis',(-0.541675220419698,-0.454519477672047,-0.707106781186548));
#3181=DIRECTION('center_axis',(0.642787609686544,-0.766044443118974,0.));
#3182=DIRECTION('ref_axis',(-0.766044443118974,-0.642787609686544,0.));
#3183=DIRECTION('center_axis',(0.642787609686545,-0.766044443118973,0.));
#3184=DIRECTION('ref_axis',(-0.541675220419698,-0.454519477672047,-0.707106781186548));
#3185=DIRECTION('',(-0.642787609686545,0.766044443118973,0.));
#3186=DIRECTION('',(-0.642787609686545,0.766044443118973,0.));
#3187=DIRECTION('center_axis',(-0.642787609686546,0.766044443118973,0.));
#3188=DIRECTION('ref_axis',(0.541675220419698,0.454519477672048,-0.707106781186548));
#3189=DIRECTION('',(0.642787609686546,-0.766044443118973,0.));
#3190=DIRECTION('',(0.642787609686546,-0.766044443118973,0.));
#3191=DIRECTION('center_axis',(0.642787609686546,-0.766044443118973,0.));
#3192=DIRECTION('ref_axis',(-0.541675220419698,-0.454519477672048,0.707106781186548));
#3193=DIRECTION('center_axis',(0.642787609686544,-0.766044443118974,0.));
#3194=DIRECTION('ref_axis',(-0.766044443118974,-0.642787609686544,0.));
#3195=DIRECTION('',(0.642787609686544,-0.766044443118974,0.));
#3196=DIRECTION('center_axis',(0.,0.,-1.));
#3197=DIRECTION('ref_axis',(-1.,0.,0.));
#3198=DIRECTION('center_axis',(0.,0.,-1.));
#3199=DIRECTION('ref_axis',(0.849212228239821,-0.528051693878506,0.));
#3200=DIRECTION('center_axis',(0.,0.,1.));
#3201=DIRECTION('ref_axis',(-0.988790085389988,0.149312313740228,0.));
#3202=DIRECTION('',(0.642787609686546,-0.766044443118972,0.));
#3203=DIRECTION('center_axis',(0.,0.,1.));
#3204=DIRECTION('ref_axis',(-0.352132363286509,-0.935950211670609,0.));
#3205=DIRECTION('center_axis',(0.,0.,-1.));
#3206=DIRECTION('ref_axis',(0.652624592957349,0.757681424259071,0.));
#3207=DIRECTION('center_axis',(0.,0.,1.));
#3208=DIRECTION('ref_axis',(0.982821490211615,0.184558712550288,0.));
#3209=DIRECTION('',(-0.642787609686631,0.766044443118901,0.));
#3210=DIRECTION('center_axis',(0.,0.,1.));
#3211=DIRECTION('ref_axis',(0.0247218691021297,0.999694367888555,0.));
#3212=DIRECTION('center_axis',(0.,0.,-1.));
#3213=DIRECTION('ref_axis',(0.372539441568733,-0.928016360025866,0.));
#3214=DIRECTION('',(-0.766044443118978,-0.642787609686539,0.));
#3215=DIRECTION('center_axis',(-0.766044443118901,-0.642787609686631,0.));
#3216=DIRECTION('ref_axis',(0.,0.,1.));
#3217=DIRECTION('',(0.,0.,1.));
#3218=DIRECTION('',(0.642787609686631,-0.766044443118901,0.));
#3219=DIRECTION('',(0.,0.,1.));
#3220=DIRECTION('',(0.,0.,1.));
#3221=DIRECTION('center_axis',(0.766044443118901,0.642787609686631,0.));
#3222=DIRECTION('ref_axis',(0.642787609686633,-0.7660444431189,0.));
#3223=DIRECTION('center_axis',(0.766044443118901,0.642787609686631,0.));
#3224=DIRECTION('ref_axis',(0.642787609686629,-0.766044443118903,0.));
#3225=DIRECTION('center_axis',(0.,0.,1.));
#3226=DIRECTION('ref_axis',(0.982821490211615,0.184558712550288,0.));
#3227=DIRECTION('',(0.,0.,-1.));
#3228=DIRECTION('',(0.,0.,-1.));
#3229=DIRECTION('',(0.,0.,-1.));
#3230=DIRECTION('',(0.,0.,-1.));
#3231=DIRECTION('',(0.,0.,-1.));
#3232=DIRECTION('center_axis',(0.,0.,-1.));
#3233=DIRECTION('ref_axis',(0.982821490211615,0.184558712550288,0.));
#3234=DIRECTION('center_axis',(0.,0.,-1.));
#3235=DIRECTION('ref_axis',(0.652624592957349,0.757681424259071,0.));
#3236=DIRECTION('',(0.,0.,1.));
#3237=DIRECTION('',(0.,0.,-1.));
#3238=DIRECTION('',(0.,0.,1.));
#3239=DIRECTION('',(0.,0.,-1.));
#3240=DIRECTION('',(0.,0.,1.));
#3241=DIRECTION('center_axis',(0.,0.,-1.));
#3242=DIRECTION('ref_axis',(0.652624592957349,0.757681424259071,0.));
#3243=DIRECTION('',(0.,0.,1.));
#3244=DIRECTION('',(0.,0.,1.));
#3245=DIRECTION('center_axis',(0.,0.,-1.));
#3246=DIRECTION('ref_axis',(0.652624592957349,0.757681424259071,0.));
#3247=DIRECTION('center_axis',(0.,0.,-1.));
#3248=DIRECTION('ref_axis',(0.652624592957349,0.757681424259071,0.));
#3249=DIRECTION('',(0.,0.,-1.));
#3250=DIRECTION('center_axis',(0.,0.,1.));
#3251=DIRECTION('ref_axis',(0.652624592957349,0.757681424259071,0.));
#3252=DIRECTION('',(0.,0.,-1.));
#3253=DIRECTION('center_axis',(0.,0.,-1.));
#3254=DIRECTION('ref_axis',(0.652624592957349,0.757681424259071,0.));
#3255=DIRECTION('',(0.,0.,-1.));
#3256=DIRECTION('center_axis',(0.,0.,1.));
#3257=DIRECTION('ref_axis',(0.652624592957349,0.757681424259071,0.));
#3258=DIRECTION('',(0.,0.,-1.));
#3259=DIRECTION('center_axis',(0.,0.,-1.));
#3260=DIRECTION('ref_axis',(0.652624592957349,0.757681424259071,0.));
#3261=DIRECTION('',(0.,0.,-1.));
#3262=DIRECTION('center_axis',(0.,0.,-1.));
#3263=DIRECTION('ref_axis',(0.652624592957349,0.757681424259071,0.));
#3264=DIRECTION('',(0.,0.,1.));
#3265=DIRECTION('center_axis',(0.,0.,-1.));
#3266=DIRECTION('ref_axis',(-0.352132363286509,-0.935950211670609,0.));
#3267=DIRECTION('',(0.,0.,1.));
#3268=DIRECTION('center_axis',(0.,0.,-1.));
#3269=DIRECTION('ref_axis',(-0.352132363286509,-0.935950211670609,0.));
#3270=DIRECTION('',(0.,0.,1.));
#3271=DIRECTION('',(0.,0.,1.));
#3272=DIRECTION('center_axis',(0.766044443118972,0.642787609686546,0.));
#3273=DIRECTION('ref_axis',(0.,0.,-1.));
#3274=DIRECTION('',(0.,0.,1.));
#3275=DIRECTION('',(0.,0.,1.));
#3276=DIRECTION('',(-0.642787609686546,0.766044443118972,0.));
#3277=DIRECTION('center_axis',(-0.766044443118972,-0.642787609686546,0.));
#3278=DIRECTION('ref_axis',(-0.642787609686546,0.766044443118973,0.));
#3279=DIRECTION('center_axis',(-0.766044443118972,-0.642787609686546,0.));
#3280=DIRECTION('ref_axis',(-0.642787609686546,0.766044443118973,0.));
#3281=DIRECTION('center_axis',(-0.766044443118973,-0.642787609686546,0.));
#3282=DIRECTION('ref_axis',(-0.642787609686546,0.766044443118973,0.));
#3283=DIRECTION('',(-0.766044443118973,-0.642787609686546,0.));
#3284=DIRECTION('center_axis',(-0.766044443118972,-0.642787609686546,0.));
#3285=DIRECTION('ref_axis',(-0.642787609686546,0.766044443118972,0.));
#3286=DIRECTION('center_axis',(0.766044443118972,0.642787609686546,0.));
#3287=DIRECTION('ref_axis',(-0.642787609686546,0.766044443118972,0.));
#3288=DIRECTION('center_axis',(-0.766044443118973,-0.642787609686546,0.));
#3289=DIRECTION('ref_axis',(-0.642787609686546,0.766044443118973,0.));
#3290=DIRECTION('',(-0.766044443118973,-0.642787609686546,0.));
#3291=DIRECTION('center_axis',(-0.766044443118972,-0.642787609686546,0.));
#3292=DIRECTION('ref_axis',(-0.642787609686546,0.766044443118972,0.));
#3293=DIRECTION('center_axis',(0.766044443118972,0.642787609686546,0.));
#3294=DIRECTION('ref_axis',(-0.642787609686546,0.766044443118972,0.));
#3295=DIRECTION('center_axis',(0.7660444431189,0.642787609686633,0.));
#3296=DIRECTION('ref_axis',(0.642787609686633,-0.7660444431189,0.));
#3297=DIRECTION('',(0.7660444431189,0.642787609686633,0.));
#3298=DIRECTION('center_axis',(0.766044443118901,0.642787609686631,0.));
#3299=DIRECTION('ref_axis',(0.642787609686631,-0.766044443118901,0.));
#3300=DIRECTION('center_axis',(-0.766044443118901,-0.642787609686631,0.));
#3301=DIRECTION('ref_axis',(0.642787609686631,-0.766044443118901,0.));
#3302=DIRECTION('center_axis',(0.766044443118903,0.642787609686629,0.));
#3303=DIRECTION('ref_axis',(0.642787609686629,-0.766044443118903,0.));
#3304=DIRECTION('',(0.766044443118903,0.642787609686629,0.));
#3305=DIRECTION('center_axis',(0.766044443118901,0.642787609686631,0.));
#3306=DIRECTION('ref_axis',(0.642787609686631,-0.766044443118901,0.));
#3307=DIRECTION('center_axis',(-0.766044443118901,-0.642787609686631,0.));
#3308=DIRECTION('ref_axis',(0.642787609686631,-0.766044443118901,0.));
#3309=DIRECTION('center_axis',(0.,0.,-1.));
#3310=DIRECTION('ref_axis',(0.849212228239821,-0.528051693878506,0.));
#3311=DIRECTION('',(0.,0.,-1.));
#3312=DIRECTION('center_axis',(0.,0.,1.));
#3313=DIRECTION('ref_axis',(0.849212228239821,-0.528051693878506,0.));
#3314=DIRECTION('',(0.,0.,1.));
#3315=DIRECTION('center_axis',(0.,0.,-1.));
#3316=DIRECTION('ref_axis',(-0.988790085389988,0.149312313740228,0.));
#3317=DIRECTION('center_axis',(0.,0.,-1.));
#3318=DIRECTION('ref_axis',(-0.988790085389988,0.149312313740228,0.));
#3319=DIRECTION('center_axis',(-0.642787609686541,0.766044443118977,0.));
#3320=DIRECTION('ref_axis',(0.541675220419675,0.454519477672027,0.707106781186579));
#3321=DIRECTION('',(-0.642787609686541,0.766044443118976,0.));
#3322=DIRECTION('center_axis',(-0.642787609686539,0.766044443118979,0.));
#3323=DIRECTION('ref_axis',(0.,0.,1.));
#3324=DIRECTION('',(0.642787609686541,-0.766044443118977,0.));
#3325=DIRECTION('center_axis',(0.,0.,1.));
#3326=DIRECTION('ref_axis',(0.372539441568733,-0.928016360025866,0.));
#3327=DIRECTION('',(0.,0.,-1.));
#3328=DIRECTION('center_axis',(0.,0.,1.));
#3329=DIRECTION('ref_axis',(0.372539441568733,-0.928016360025866,0.));
#3330=DIRECTION('',(0.,0.,1.));
#3331=DIRECTION('center_axis',(0.,0.,-1.));
#3332=DIRECTION('ref_axis',(0.0247218691021297,0.999694367888555,0.));
#3333=DIRECTION('center_axis',(0.,0.,1.));
#3334=DIRECTION('ref_axis',(0.0247218691021297,0.999694367888555,0.));
#3335=DIRECTION('center_axis',(0.642787609686539,-0.766044443118978,0.));
#3336=DIRECTION('ref_axis',(0.541675220419714,0.454519477672059,-0.707106781186529));
#3337=DIRECTION('center_axis',(0.642787609686546,-0.766044443118972,0.));
#3338=DIRECTION('ref_axis',(0.,0.,-1.));
#3339=DIRECTION('',(-0.642787609686539,0.766044443118978,0.));
#3340=DIRECTION('',(0.642787609686539,-0.766044443118978,0.));
#3341=DIRECTION('center_axis',(0.,0.,1.));
#3342=DIRECTION('ref_axis',(1.,0.,0.));
#3343=DIRECTION('center_axis',(0.861374117935718,-0.507971090664089,0.));
#3344=DIRECTION('ref_axis',(0.,0.,-1.));
#3345=DIRECTION('center_axis',(0.,0.,-1.));
#3346=DIRECTION('ref_axis',(-0.573576436351045,-0.819152044288992,0.));
#3347=DIRECTION('center_axis',(0.,0.,1.));
#3348=DIRECTION('ref_axis',(-0.573576436351045,-0.819152044288992,0.));
#3349=DIRECTION('center_axis',(0.,0.,-1.));
#3350=DIRECTION('ref_axis',(0.766044443118978,0.64278760968654,0.));
#3351=DIRECTION('',(-0.642787609686539,0.766044443118978,0.));
#3352=DIRECTION('center_axis',(0.,0.,1.));
#3353=DIRECTION('ref_axis',(0.906307787036655,0.422618261740688,0.));
#3354=DIRECTION('',(-0.766044443118978,-0.64278760968654,0.));
#3355=DIRECTION('center_axis',(0.,0.,1.));
#3356=DIRECTION('ref_axis',(-0.573576436351043,-0.819152044288994,0.));
#3357=DIRECTION('',(0.642787609686539,-0.766044443118978,0.));
#3358=DIRECTION('center_axis',(0.,0.,1.));
#3359=DIRECTION('ref_axis',(-0.996194698091746,0.0871557427476487,0.));
#3360=DIRECTION('',(-0.766044443118977,-0.64278760968654,0.));
#3361=DIRECTION('center_axis',(0.,0.,1.));
#3362=DIRECTION('ref_axis',(0.087155742747651,0.996194698091746,0.));
#3363=DIRECTION('',(-0.642787609686539,0.766044443118978,0.));
#3364=DIRECTION('center_axis',(0.,0.,1.));
#3365=DIRECTION('ref_axis',(0.906307787036655,0.422618261740688,0.));
#3366=DIRECTION('',(-0.766044443118978,-0.64278760968654,0.));
#3367=DIRECTION('center_axis',(-0.642787609686539,0.766044443118978,0.));
#3368=DIRECTION('ref_axis',(-0.541675220419716,-0.454519477672051,-0.707106781186532));
#3369=DIRECTION('center_axis',(0.642787609686531,-0.766044443118985,0.));
#3370=DIRECTION('ref_axis',(-0.766044443118985,-0.642787609686531,0.));
#3371=DIRECTION('',(0.642787609686539,-0.766044443118978,0.));
#3372=DIRECTION('center_axis',(0.,0.,1.));
#3373=DIRECTION('ref_axis',(1.,0.,0.));
#3374=DIRECTION('center_axis',(0.350677822523042,-0.936496163788458,0.));
#3375=DIRECTION('ref_axis',(-0.936496163788458,-0.350677822523042,0.));
#3376=DIRECTION('center_axis',(0.,0.,-1.));
#3377=DIRECTION('ref_axis',(0.906307787036655,0.422618261740688,0.));
#3378=DIRECTION('center_axis',(0.,0.,1.));
#3379=DIRECTION('ref_axis',(0.996194698091745,-0.0871557427476644,0.));
#3380=DIRECTION('',(0.,0.,1.));
#3381=DIRECTION('center_axis',(0.,0.,1.));
#3382=DIRECTION('ref_axis',(0.996194698091746,-0.087155742747652,0.));
#3383=DIRECTION('',(0.,0.,-1.));
#3384=DIRECTION('center_axis',(-0.766044443118978,-0.642787609686539,0.));
#3385=DIRECTION('ref_axis',(0.,0.,1.));
#3386=DIRECTION('',(0.642787609686539,-0.766044443118978,0.));
#3387=DIRECTION('center_axis',(0.766044443118986,0.64278760968653,0.));
#3388=DIRECTION('ref_axis',(-0.64278760968653,0.766044443118986,0.));
#3389=DIRECTION('',(0.642787609686539,-0.766044443118978,0.));
#3390=DIRECTION('center_axis',(0.766044443118978,0.642787609686539,0.));
#3391=DIRECTION('ref_axis',(-0.642787609686552,0.766044443118968,0.));
#3392=DIRECTION('center_axis',(0.766044443118986,0.64278760968653,0.));
#3393=DIRECTION('ref_axis',(-0.64278760968653,0.766044443118986,0.));
#3394=DIRECTION('',(0.,0.,1.));
#3395=DIRECTION('center_axis',(0.766044443118986,0.64278760968653,0.));
#3396=DIRECTION('ref_axis',(0.64278760968653,-0.766044443118986,0.));
#3397=DIRECTION('center_axis',(0.766044443118978,0.642787609686539,0.));
#3398=DIRECTION('ref_axis',(0.642787609686552,-0.766044443118968,0.));
#3399=DIRECTION('',(-0.642787609686539,0.766044443118978,0.));
#3400=DIRECTION('center_axis',(0.766044443118986,0.64278760968653,0.));
#3401=DIRECTION('ref_axis',(0.64278760968653,-0.766044443118986,0.));
#3402=DIRECTION('',(-0.642787609686539,0.766044443118978,0.));
#3403=DIRECTION('',(0.642787609686539,-0.766044443118978,0.));
#3404=DIRECTION('center_axis',(0.766044443118986,0.64278760968653,0.));
#3405=DIRECTION('ref_axis',(-0.64278760968653,0.766044443118986,0.));
#3406=DIRECTION('',(0.642787609686539,-0.766044443118978,0.));
#3407=DIRECTION('center_axis',(0.766044443118978,0.642787609686539,0.));
#3408=DIRECTION('ref_axis',(-0.642787609686552,0.766044443118967,0.));
#3409=DIRECTION('center_axis',(0.766044443118986,0.64278760968653,0.));
#3410=DIRECTION('ref_axis',(-0.64278760968653,0.766044443118986,0.));
#3411=DIRECTION('',(0.,0.,1.));
#3412=DIRECTION('center_axis',(0.766044443118987,0.642787609686529,0.));
#3413=DIRECTION('ref_axis',(0.642787609686529,-0.766044443118987,0.));
#3414=DIRECTION('center_axis',(0.766044443118978,0.642787609686539,0.));
#3415=DIRECTION('ref_axis',(0.642787609686552,-0.766044443118967,0.));
#3416=DIRECTION('',(-0.642787609686539,0.766044443118978,0.));
#3417=DIRECTION('center_axis',(0.766044443118987,0.642787609686529,0.));
#3418=DIRECTION('ref_axis',(0.642787609686529,-0.766044443118987,0.));
#3419=DIRECTION('',(-0.642787609686539,0.766044443118978,0.));
#3420=DIRECTION('',(-0.642787609686539,0.766044443118978,0.));
#3421=DIRECTION('center_axis',(0.766044443118977,0.64278760968654,0.));
#3422=DIRECTION('ref_axis',(-0.454519477672067,0.541675220419675,-0.707106781186554));
#3423=DIRECTION('center_axis',(-0.996194698091747,0.0871557427476438,0.));
#3424=DIRECTION('ref_axis',(0.0871557427476439,0.996194698091747,1.47196168001606E-16));
#3425=DIRECTION('',(0.766044443118977,0.64278760968654,0.));
#3426=DIRECTION('',(-0.766044443118977,-0.64278760968654,0.));
#3427=DIRECTION('center_axis',(0.,0.,1.));
#3428=DIRECTION('ref_axis',(-0.766044443118978,-0.642787609686539,0.));
#3429=DIRECTION('',(0.642787609686541,-0.766044443118977,0.));
#3430=DIRECTION('',(0.766044443118978,0.64278760968654,0.));
#3431=DIRECTION('',(-0.642787609686964,0.766044443118621,0.));
#3432=DIRECTION('',(-0.766044443118978,-0.642787609686539,0.));
#3433=DIRECTION('center_axis',(0.,0.,-1.));
#3434=DIRECTION('ref_axis',(0.917512205861475,-0.39770762136928,0.));
#3435=DIRECTION('center_axis',(0.,0.,1.));
#3436=DIRECTION('ref_axis',(-0.95920637313304,-0.28270679818667,0.));
#3437=DIRECTION('center_axis',(0.766044443118977,0.64278760968654,0.));
#3438=DIRECTION('ref_axis',(-0.454519477672019,0.541675220419738,-0.707106781186536));
#3439=DIRECTION('',(0.766044443118977,0.64278760968654,0.));
#3440=DIRECTION('center_axis',(0.0871557427476438,0.996194698091747,0.));
#3441=DIRECTION('ref_axis',(-0.996194698091747,0.0871557427476438,1.47196168001602E-16));
#3442=DIRECTION('',(-0.766044443118977,-0.64278760968654,0.));
#3443=DIRECTION('center_axis',(0.,0.,1.));
#3444=DIRECTION('ref_axis',(-0.766044443118978,-0.642787609686539,0.));
#3445=DIRECTION('',(-0.642787609686541,0.766044443118977,0.));
#3446=DIRECTION('center_axis',(0.,0.,1.));
#3447=DIRECTION('ref_axis',(0.444976285383916,0.895542352681285,0.));
#3448=DIRECTION('center_axis',(0.,0.,-1.));
#3449=DIRECTION('ref_axis',(0.232341226421506,-0.972634337510737,0.));
#3450=DIRECTION('',(-0.766044443118978,-0.642787609686539,0.));
#3451=DIRECTION('',(0.642787609686539,-0.766044443118978,0.));
#3452=DIRECTION('',(0.766044443118978,0.64278760968654,0.));
#3453=DIRECTION('center_axis',(-0.642787609686541,0.766044443118977,0.));
#3454=DIRECTION('ref_axis',(-0.541675220419714,-0.454519477672059,-0.707106781186529));
#3455=DIRECTION('center_axis',(-0.642787609686539,0.766044443118979,6.80384142909467E-15));
#3456=DIRECTION('ref_axis',(0.,8.88178419700113E-15,-1.));
#3457=DIRECTION('',(0.642787609686541,-0.766044443118977,0.));
#3458=DIRECTION('center_axis',(0.,0.,-1.));
#3459=DIRECTION('ref_axis',(-0.996194698091745,0.0871557427476625,0.));
#3460=DIRECTION('center_axis',(0.,0.,1.));
#3461=DIRECTION('ref_axis',(-0.642787609686545,0.766044443118974,0.));
#3462=DIRECTION('',(0.,0.,-1.));
#3463=DIRECTION('center_axis',(0.,0.,-1.));
#3464=DIRECTION('ref_axis',(-0.766044443118968,-0.642787609686551,0.));
#3465=DIRECTION('',(0.,0.,1.));
#3466=DIRECTION('center_axis',(0.575153277108546,-0.0503193915367892,-0.816496580927726));
#3467=DIRECTION('ref_axis',(-0.81338956493022,0.071162365961687,-0.577350269189651));
#3468=DIRECTION('center_axis',(0.766044443118978,0.64278760968654,0.));
#3469=DIRECTION('ref_axis',(-0.454519477672051,0.541675220419742,-0.707106781186511));
#3470=DIRECTION('center_axis',(0.642787609686541,-0.766044443118977,0.));
#3471=DIRECTION('ref_axis',(-0.541675220419676,-0.454519477672024,0.70710678118658));
#3472=DIRECTION('',(-0.642787609686541,0.766044443118977,0.));
#3473=DIRECTION('center_axis',(-0.642787609686541,0.766044443118977,-3.40192071454733E-15));
#3474=DIRECTION('ref_axis',(-0.766044443118977,-0.642787609686541,0.));
#3475=DIRECTION('',(0.642787609686541,-0.766044443118977,0.));
#3476=DIRECTION('center_axis',(-0.575153277108546,0.0503193915367821,-0.816496580927727));
#3477=DIRECTION('ref_axis',(-0.81338956493022,0.0711623659616764,0.577350269189652));
#3478=DIRECTION('center_axis',(0.766044443118978,0.64278760968654,0.));
#3479=DIRECTION('ref_axis',(-0.454519477672037,0.54167522041969,0.707106781186561));
#3480=DIRECTION('center_axis',(-0.766044443118977,-0.642787609686541,0.));
#3481=DIRECTION('ref_axis',(0.,0.,1.));
#3482=DIRECTION('',(0.,0.,-1.));
#3483=DIRECTION('center_axis',(0.,0.,1.));
#3484=DIRECTION('ref_axis',(0.0871557427476457,0.996194698091747,0.));
#3485=DIRECTION('center_axis',(0.,0.,-1.));
#3486=DIRECTION('ref_axis',(-0.642787609686542,0.766044443118975,0.));
#3487=DIRECTION('',(0.,0.,1.));
#3488=DIRECTION('center_axis',(0.,0.,1.));
#3489=DIRECTION('ref_axis',(0.766044443118981,0.642787609686536,0.));
#3490=DIRECTION('',(0.,0.,-1.));
#3491=DIRECTION('center_axis',(-0.997464745076607,0.0580298463426121,0.0411900383917319));
#3492=DIRECTION('ref_axis',(0.0711623659616398,0.81338956493023,0.577350269189643));
#3493=DIRECTION('center_axis',(-0.766044443118978,-0.64278760968654,0.));
#3494=DIRECTION('ref_axis',(-0.454519477672043,0.541675220419674,0.707106781186569));
#3495=DIRECTION('center_axis',(0.642787609686541,-0.766044443118977,0.));
#3496=DIRECTION('ref_axis',(0.541675220419677,0.454519477672022,-0.707106781186581));
#3497=DIRECTION('center_axis',(-0.642787609686539,0.766044443118979,6.80384142909467E-15));
#3498=DIRECTION('ref_axis',(0.766044443118979,0.642787609686538,0.));
#3499=DIRECTION('',(-0.642787609686541,0.766044443118977,0.));
#3500=DIRECTION('center_axis',(-0.997464745076609,0.0580298463425767,-0.041190038391732));
#3501=DIRECTION('ref_axis',(0.0711623659616396,0.813389564930231,-0.577350269189642));
#3502=DIRECTION('center_axis',(-0.766044443118978,-0.64278760968654,0.));
#3503=DIRECTION('ref_axis',(-0.454519477672018,0.541675220419674,-0.707106781186586));
#3504=DIRECTION('center_axis',(0.766044443118977,0.642787609686541,0.));
#3505=DIRECTION('ref_axis',(0.,0.,-1.));
#3506=DIRECTION('',(0.,0.,1.));
#3507=DIRECTION('center_axis',(-0.642787609686539,0.766044443118978,0.));
#3508=DIRECTION('ref_axis',(0.541675220419676,0.454519477672025,0.707106781186579));
#3509=DIRECTION('center_axis',(-0.64278760968653,0.766044443118986,7.65432160773158E-15));
#3510=DIRECTION('ref_axis',(0.,-9.99200722162627E-15,1.));
#3511=DIRECTION('',(0.642787609686539,-0.766044443118978,0.));
#3512=DIRECTION('center_axis',(0.64278760968654,-0.766044443118978,0.));
#3513=DIRECTION('ref_axis',(0.541675220419676,0.454519477672025,0.707106781186579));
#3514=DIRECTION('',(-0.642787609686539,0.766044443118978,0.));
#3515=DIRECTION('center_axis',(0.,0.,1.));
#3516=DIRECTION('ref_axis',(0.0871557427476471,0.996194698091747,0.));
#3517=DIRECTION('center_axis',(0.,0.,-1.));
#3518=DIRECTION('ref_axis',(-0.642787609686563,0.766044443118958,0.));
#3519=DIRECTION('',(0.,0.,1.));
#3520=DIRECTION('center_axis',(0.,0.,1.));
#3521=DIRECTION('ref_axis',(0.766044443118974,0.642787609686544,0.));
#3522=DIRECTION('',(0.,0.,-1.));
#3523=DIRECTION('center_axis',(-0.997464745076606,0.0580298463426271,0.0411900383917319));
#3524=DIRECTION('ref_axis',(0.0711623659616959,0.813389564930229,0.577350269189638));
#3525=DIRECTION('center_axis',(-0.766044443118978,-0.64278760968654,0.));
#3526=DIRECTION('ref_axis',(-0.454519477672037,0.54167522041969,0.707106781186561));
#3527=DIRECTION('center_axis',(0.642787609686539,-0.766044443118978,0.));
#3528=DIRECTION('ref_axis',(0.541675220419714,0.454519477672056,-0.70710678118653));
#3529=DIRECTION('center_axis',(-0.642787609686546,0.766044443118972,-8.50480178636827E-15));
#3530=DIRECTION('ref_axis',(0.766044443118972,0.642787609686546,0.));
#3531=DIRECTION('center_axis',(0.64278760968654,-0.766044443118978,0.));
#3532=DIRECTION('ref_axis',(0.541675220419714,0.454519477672056,-0.70710678118653));
#3533=DIRECTION('',(-0.642787609686539,0.766044443118978,0.));
#3534=DIRECTION('center_axis',(-0.997464745076607,0.0580298463426103,-0.0411900383917319));
#3535=DIRECTION('ref_axis',(0.0711623659616397,0.81338956493023,-0.577350269189642));
#3536=DIRECTION('center_axis',(-0.766044443118978,-0.64278760968654,0.));
#3537=DIRECTION('ref_axis',(-0.454519477672058,0.541675220419724,-0.707106781186522));
#3538=DIRECTION('center_axis',(-0.766044443118978,-0.642787609686539,0.));
#3539=DIRECTION('ref_axis',(0.,0.,-1.));
#3540=DIRECTION('',(0.,0.,1.));
#3541=DIRECTION('center_axis',(-0.642787609686965,0.766044443118621,0.));
#3542=DIRECTION('ref_axis',(-0.541675220419424,-0.454519477672325,-0.707106781186579));
#3543=DIRECTION('center_axis',(-0.642787609686968,0.766044443118619,-3.40192071454574E-15));
#3544=DIRECTION('ref_axis',(0.,-4.44089209850056E-15,-1.));
#3545=DIRECTION('',(0.642787609686964,-0.766044443118621,0.));
#3546=DIRECTION('center_axis',(0.64278760968654,-0.766044443118978,0.));
#3547=DIRECTION('ref_axis',(-0.541675220419424,-0.454519477672325,-0.707106781186579));
#3548=DIRECTION('center_axis',(0.,0.,-1.));
#3549=DIRECTION('ref_axis',(-0.996194698091768,0.0871557427474053,0.));
#3550=DIRECTION('center_axis',(0.,0.,1.));
#3551=DIRECTION('ref_axis',(-0.642787609686556,0.766044443118964,0.));
#3552=DIRECTION('',(0.,0.,-1.));
#3553=DIRECTION('center_axis',(0.,0.,-1.));
#3554=DIRECTION('ref_axis',(-0.766044443118619,-0.642787609686967,0.));
#3555=DIRECTION('',(0.,0.,1.));
#3556=DIRECTION('center_axis',(0.57515327710868,-0.0503193915366451,-0.816496580927641));
#3557=DIRECTION('ref_axis',(-0.81338956493016,0.0711623659614618,-0.577350269189763));
#3558=DIRECTION('center_axis',(0.766044443118978,0.64278760968654,0.));
#3559=DIRECTION('ref_axis',(-0.454519477672017,0.541675220419675,-0.707106781186585));
#3560=DIRECTION('center_axis',(0.642787609686965,-0.766044443118621,0.));
#3561=DIRECTION('ref_axis',(-0.54167522041939,-0.454519477672333,0.7071067811866));
#3562=DIRECTION('center_axis',(-0.642787609686957,0.766044443118628,0.));
#3563=DIRECTION('ref_axis',(-0.766044443118628,-0.642787609686957,0.));
#3564=DIRECTION('',(0.642787609686964,-0.766044443118621,0.));
#3565=DIRECTION('center_axis',(0.64278760968654,-0.766044443118978,0.));
#3566=DIRECTION('ref_axis',(-0.54167522041939,-0.454519477672333,0.7071067811866));
#3567=DIRECTION('',(-0.642787609686964,0.766044443118621,0.));
#3568=DIRECTION('center_axis',(-0.57515327710868,0.0503193915366238,-0.816496580927642));
#3569=DIRECTION('ref_axis',(-0.813389564930181,0.071162365961432,0.577350269189738));
#3570=DIRECTION('center_axis',(0.766044443118978,0.64278760968654,0.));
#3571=DIRECTION('ref_axis',(-0.454519477672014,0.541675220419683,0.707106781186581));
#3572=DIRECTION('center_axis',(0.766044443118621,0.642787609686965,0.));
#3573=DIRECTION('ref_axis',(0.,0.,-1.));
#3574=DIRECTION('',(0.,0.,-1.));
#3575=DIRECTION('center_axis',(0.766044443118978,0.64278760968654,0.));
#3576=DIRECTION('ref_axis',(-0.454519477671986,0.541675220419704,-0.707106781186584));
#3577=DIRECTION('',(-0.766044443118978,-0.64278760968654,0.));
#3578=DIRECTION('center_axis',(0.766044443118978,0.64278760968654,0.));
#3579=DIRECTION('ref_axis',(-0.454519477672019,0.541675220419738,-0.707106781186536));
#3580=DIRECTION('',(-0.766044443118978,-0.64278760968654,0.));
#3581=DIRECTION('center_axis',(2.68364225436796E-46,2.25184322585192E-46,
1.));
#3582=DIRECTION('ref_axis',(0.232341226421506,-0.972634337510737,0.));
#3583=DIRECTION('center_axis',(0.,0.,1.));
#3584=DIRECTION('ref_axis',(0.232341226421506,-0.972634337510737,0.));
#3585=DIRECTION('',(2.68364225436796E-46,2.25184322585192E-46,1.));
#3586=DIRECTION('',(-2.68364225436796E-46,-2.25184322585192E-46,-1.));
#3587=DIRECTION('center_axis',(0.,0.,1.));
#3588=DIRECTION('ref_axis',(-1.,0.,0.));
#3589=DIRECTION('center_axis',(0.,0.,-1.));
#3590=DIRECTION('ref_axis',(0.444976285383916,0.895542352681285,0.));
#3591=DIRECTION('',(0.766044443118977,0.64278760968654,0.));
#3592=DIRECTION('',(0.766044443118977,0.64278760968654,0.));
#3593=DIRECTION('center_axis',(0.,0.,-1.));
#3594=DIRECTION('ref_axis',(-0.95920637313304,-0.28270679818667,0.));
#3595=DIRECTION('center_axis',(0.,0.,1.));
#3596=DIRECTION('ref_axis',(0.917512205861475,-0.39770762136928,0.));
#3597=DIRECTION('',(-0.766044443118977,-0.642787609686541,0.));
#3598=DIRECTION('center_axis',(0.,0.,-1.));
#3599=DIRECTION('ref_axis',(-0.850014170719759,-0.52675982152742,0.));
#3600=DIRECTION('',(0.766044443118979,0.642787609686538,0.));
#3601=DIRECTION('center_axis',(0.,0.,-1.));
#3602=DIRECTION('ref_axis',(0.666360567952112,0.745629662418642,0.));
#3603=DIRECTION('',(-0.766044443118976,-0.642787609686542,0.));
#3604=DIRECTION('center_axis',(2.68364225436796E-46,2.25184322585192E-46,
1.));
#3605=DIRECTION('ref_axis',(0.444976285383916,0.895542352681285,0.));
#3606=DIRECTION('',(-2.68364225436796E-46,-2.25184322585192E-46,-1.));
#3607=DIRECTION('center_axis',(9.44222676309941E-32,7.92296899440898E-32,
-1.));
#3608=DIRECTION('ref_axis',(0.917512205861475,-0.39770762136928,0.));
#3609=DIRECTION('',(-9.44222676309941E-32,-7.92296899440898E-32,1.));
#3610=DIRECTION('',(9.44222676309942E-32,7.92296899440897E-32,-1.));
#3611=DIRECTION('center_axis',(9.44222676309941E-32,7.92296899440898E-32,
-1.));
#3612=DIRECTION('ref_axis',(-0.95920637313304,-0.28270679818667,0.));
#3613=DIRECTION('',(-9.44222676309941E-32,-7.92296899440898E-32,1.));
#3614=DIRECTION('center_axis',(0.,0.,1.));
#3615=DIRECTION('ref_axis',(0.666360567952112,0.745629662418642,0.));
#3616=DIRECTION('center_axis',(0.,0.,1.));
#3617=DIRECTION('ref_axis',(0.666360567952112,0.745629662418642,0.));
#3618=DIRECTION('',(0.,0.,-1.));
#3619=DIRECTION('',(0.,0.,-1.));
#3620=DIRECTION('center_axis',(0.,0.,-1.));
#3621=DIRECTION('ref_axis',(-0.850014170719759,-0.52675982152742,0.));
#3622=DIRECTION('',(0.,0.,1.));
#3623=DIRECTION('center_axis',(0.,0.,1.));
#3624=DIRECTION('ref_axis',(-0.850014170719759,-0.52675982152742,0.));
#3625=DIRECTION('',(0.,0.,1.));
#3626=DIRECTION('center_axis',(0.642787609686545,-0.766044443118974,0.));
#3627=DIRECTION('ref_axis',(0.,0.,-1.));
#3628=DIRECTION('',(-0.766044443118979,-0.642787609686538,0.));
#3629=DIRECTION('center_axis',(0.,0.,1.));
#3630=DIRECTION('ref_axis',(0.642787609686539,-0.766044443118978,0.));
#3631=DIRECTION('',(-0.766044443118976,-0.642787609686542,0.));
#3632=DIRECTION('',(0.766044443118978,0.64278760968654,0.));
#3633=DIRECTION('center_axis',(0.64278760968654,-0.766044443118977,0.));
#3634=DIRECTION('ref_axis',(0.,0.,-1.));
#3635=DIRECTION('center_axis',(-0.64278760968654,0.766044443118977,0.));
#3636=DIRECTION('ref_axis',(0.766044443118977,0.64278760968654,0.));
#3637=DIRECTION('center_axis',(-0.64278760968654,0.766044443118978,0.));
#3638=DIRECTION('ref_axis',(0.766044443118977,0.64278760968654,0.));
#3639=DIRECTION('',(-0.64278760968654,0.766044443118977,0.));
#3640=DIRECTION('center_axis',(-0.64278760968654,0.766044443118978,0.));
#3641=DIRECTION('ref_axis',(0.766044443118978,0.64278760968654,0.));
#3642=DIRECTION('center_axis',(0.64278760968654,-0.766044443118978,0.));
#3643=DIRECTION('ref_axis',(0.766044443118978,0.64278760968654,0.));
#3644=DIRECTION('center_axis',(-0.64278760968654,0.766044443118977,0.));
#3645=DIRECTION('ref_axis',(0.766044443118977,0.64278760968654,0.));
#3646=DIRECTION('center_axis',(-0.64278760968654,0.766044443118978,0.));
#3647=DIRECTION('ref_axis',(0.766044443118977,0.64278760968654,0.));
#3648=DIRECTION('',(-0.64278760968654,0.766044443118977,0.));
#3649=DIRECTION('center_axis',(-0.64278760968654,0.766044443118978,0.));
#3650=DIRECTION('ref_axis',(0.766044443118978,0.642787609686539,0.));
#3651=DIRECTION('center_axis',(0.64278760968654,-0.766044443118978,0.));
#3652=DIRECTION('ref_axis',(0.766044443118978,0.64278760968654,0.));
#3653=DIRECTION('center_axis',(-0.64278760968654,0.766044443118977,0.));
#3654=DIRECTION('ref_axis',(0.766044443118977,0.64278760968654,0.));
#3655=DIRECTION('center_axis',(-0.64278760968654,0.766044443118978,0.));
#3656=DIRECTION('ref_axis',(0.766044443118977,0.64278760968654,0.));
#3657=DIRECTION('',(-0.64278760968654,0.766044443118977,0.));
#3658=DIRECTION('center_axis',(-0.64278760968654,0.766044443118978,0.));
#3659=DIRECTION('ref_axis',(0.766044443118978,0.642787609686539,0.));
#3660=DIRECTION('center_axis',(0.64278760968654,-0.766044443118978,0.));
#3661=DIRECTION('ref_axis',(0.766044443118978,0.64278760968654,0.));
#3662=DIRECTION('center_axis',(-0.64278760968654,0.766044443118977,0.));
#3663=DIRECTION('ref_axis',(0.766044443118977,0.64278760968654,0.));
#3664=DIRECTION('center_axis',(-0.64278760968654,0.766044443118978,0.));
#3665=DIRECTION('ref_axis',(0.766044443118977,0.64278760968654,0.));
#3666=DIRECTION('',(-0.64278760968654,0.766044443118977,0.));
#3667=DIRECTION('center_axis',(-0.64278760968654,0.766044443118978,0.));
#3668=DIRECTION('ref_axis',(0.766044443118978,0.64278760968654,0.));
#3669=DIRECTION('center_axis',(0.64278760968654,-0.766044443118978,0.));
#3670=DIRECTION('ref_axis',(0.766044443118978,0.64278760968654,0.));
#3671=DIRECTION('center_axis',(0.64278760968654,-0.766044443118977,0.));
#3672=DIRECTION('ref_axis',(0.,0.,-1.));
#3673=DIRECTION('center_axis',(0.,0.,1.));
#3674=DIRECTION('ref_axis',(-0.766044443118978,-0.64278760968654,0.));
#3675=DIRECTION('',(-0.766044443118978,-0.642787609686539,0.));
#3676=DIRECTION('',(-0.766044443118978,-0.64278760968654,0.));
#3677=DIRECTION('center_axis',(0.,0.,-1.));
#3678=DIRECTION('ref_axis',(0.996194698091746,-0.0871557427476494,0.));
#3679=DIRECTION('',(0.642787609686539,-0.766044443118978,0.));
#3680=DIRECTION('center_axis',(0.,0.,-1.));
#3681=DIRECTION('ref_axis',(0.087155742747651,0.996194698091746,0.));
#3682=DIRECTION('',(0.766044443118977,0.64278760968654,0.));
#3683=DIRECTION('center_axis',(0.,0.,-1.));
#3684=DIRECTION('ref_axis',(-0.996194698091747,0.0871557427476462,0.));
#3685=DIRECTION('',(-0.642787609686539,0.766044443118978,0.));
#3686=DIRECTION('center_axis',(0.,0.,-1.));
#3687=DIRECTION('ref_axis',(-0.0871557427476333,-0.996194698091748,0.));
#3688=DIRECTION('',(-0.766044443118978,-0.64278760968654,0.));
#3689=DIRECTION('',(-0.766044443118978,-0.642787609686539,0.));
#3690=DIRECTION('',(-0.766044443118978,-0.64278760968654,0.));
#3691=DIRECTION('center_axis',(0.,0.,-1.));
#3692=DIRECTION('ref_axis',(0.996194698091746,-0.087155742747652,0.));
#3693=DIRECTION('',(0.642787609686539,-0.766044443118978,0.));
#3694=DIRECTION('',(-0.642787609686539,0.766044443118978,0.));
#3695=DIRECTION('center_axis',(0.,0.,-1.));
#3696=DIRECTION('ref_axis',(-0.087155742747651,-0.996194698091746,0.));
#3697=DIRECTION('',(-0.766044443118978,-0.64278760968654,0.));
#3698=DIRECTION('center_axis',(0.64278760968654,-0.766044443118978,0.));
#3699=DIRECTION('ref_axis',(0.,0.,-1.));
#3700=DIRECTION('',(0.766044443118978,0.64278760968654,0.));
#3701=DIRECTION('',(0.,0.,1.));
#3702=DIRECTION('',(0.766044443118978,0.64278760968654,0.));
#3703=DIRECTION('',(0.766044443118978,0.64278760968654,0.));
#3704=DIRECTION('center_axis',(0.64278760968654,-0.766044443118978,0.));
#3705=DIRECTION('ref_axis',(0.,0.,-1.));
#3706=DIRECTION('',(0.766044443118978,0.64278760968654,0.));
#3707=DIRECTION('',(0.,0.,1.));
#3708=DIRECTION('',(0.766044443118978,0.64278760968654,0.));
#3709=DIRECTION('',(0.,0.,-1.));
#3710=DIRECTION('',(0.766044443118978,0.64278760968654,0.));
#3711=DIRECTION('center_axis',(-0.766044443118978,-0.64278760968654,0.));
#3712=DIRECTION('ref_axis',(-0.454519477672066,0.541675220419677,0.707106781186552));
#3713=DIRECTION('center_axis',(-0.766044443118987,-0.642787609686528,0.));
#3714=DIRECTION('ref_axis',(0.,0.,1.));
#3715=DIRECTION('center_axis',(0.,0.,-1.));
#3716=DIRECTION('ref_axis',(-1.,0.,0.));
#3717=DIRECTION('center_axis',(-0.642787609686549,0.76604444311897,0.));
#3718=DIRECTION('ref_axis',(0.,0.,1.));
#3719=DIRECTION('center_axis',(0.,0.,1.));
#3720=DIRECTION('ref_axis',(-0.087155742747651,-0.996194698091746,0.));
#3721=DIRECTION('center_axis',(-0.642787609686539,0.766044443118978,0.));
#3722=DIRECTION('ref_axis',(0.541675220419677,0.454519477672022,0.707106781186581));
#3723=DIRECTION('',(0.642787609686539,-0.766044443118978,0.));
#3724=DIRECTION('center_axis',(-0.766044443118978,-0.64278760968654,0.));
#3725=DIRECTION('ref_axis',(-0.454519477672066,0.541675220419677,0.707106781186552));
#3726=DIRECTION('center_axis',(-0.766044443118983,-0.642787609686534,0.));
#3727=DIRECTION('ref_axis',(0.,0.,1.));
#3728=DIRECTION('center_axis',(0.,0.,-1.));
#3729=DIRECTION('ref_axis',(-1.,0.,0.));
#3730=DIRECTION('center_axis',(-0.642787609686548,0.766044443118971,0.));
#3731=DIRECTION('ref_axis',(0.,0.,1.));
#3732=DIRECTION('center_axis',(0.,0.,1.));
#3733=DIRECTION('ref_axis',(-0.0871557427476333,-0.996194698091748,0.));
#3734=DIRECTION('center_axis',(-0.642787609686539,0.766044443118978,0.));
#3735=DIRECTION('ref_axis',(0.541675220419675,0.454519477672026,0.707106781186579));
#3736=DIRECTION('center_axis',(-0.642787609686562,0.766044443118959,0.));
#3737=DIRECTION('ref_axis',(0.,0.,1.));
#3738=DIRECTION('',(0.642787609686539,-0.766044443118978,0.));
#3739=DIRECTION('center_axis',(0.,0.,-1.));
#3740=DIRECTION('ref_axis',(-1.,0.,0.));
#3741=DIRECTION('center_axis',(0.766044443118998,0.642787609686515,0.));
#3742=DIRECTION('ref_axis',(0.,0.,1.));
#3743=DIRECTION('center_axis',(0.,0.,1.));
#3744=DIRECTION('ref_axis',(-0.996194698091747,0.0871557427476462,0.));
#3745=DIRECTION('center_axis',(-0.766044443118977,-0.64278760968654,0.));
#3746=DIRECTION('ref_axis',(0.454519477672062,-0.541675220419719,0.707106781186523));
#3747=DIRECTION('center_axis',(0.76604444311897,0.642787609686549,0.));
#3748=DIRECTION('ref_axis',(0.,0.,1.));
#3749=DIRECTION('',(-0.766044443118977,-0.64278760968654,0.));
#3750=DIRECTION('center_axis',(0.,0.,-1.));
#3751=DIRECTION('ref_axis',(-1.,0.,0.));
#3752=DIRECTION('center_axis',(0.642787609686549,-0.76604444311897,0.));
#3753=DIRECTION('ref_axis',(0.,0.,1.));
#3754=DIRECTION('center_axis',(0.,0.,1.));
#3755=DIRECTION('ref_axis',(0.0871557427476509,0.996194698091746,0.));
#3756=DIRECTION('center_axis',(0.642787609686539,-0.766044443118978,0.));
#3757=DIRECTION('ref_axis',(-0.541675220419677,-0.454519477672022,0.707106781186581));
#3758=DIRECTION('center_axis',(0.642787609686548,-0.766044443118971,0.));
#3759=DIRECTION('ref_axis',(0.,0.,1.));
#3760=DIRECTION('',(-0.642787609686539,0.766044443118978,0.));
#3761=DIRECTION('center_axis',(0.,0.,-1.));
#3762=DIRECTION('ref_axis',(0.996194698091746,-0.0871557427476585,0.));
#3763=DIRECTION('center_axis',(-0.766044443118981,-0.642787609686536,0.));
#3764=DIRECTION('ref_axis',(0.,0.,1.));
#3765=DIRECTION('center_axis',(0.,0.,1.));
#3766=DIRECTION('ref_axis',(0.996194698091746,-0.0871557427476494,0.));
#3767=DIRECTION('center_axis',(-0.766044443118978,-0.64278760968654,0.));
#3768=DIRECTION('ref_axis',(-0.454519477672066,0.541675220419677,0.707106781186552));
#3769=DIRECTION('center_axis',(0.642787609686539,-0.766044443118978,0.));
#3770=DIRECTION('ref_axis',(-0.541675220419677,-0.454519477672022,0.707106781186581));
#3771=DIRECTION('center_axis',(0.642787609686539,-0.766044443118979,0.));
#3772=DIRECTION('ref_axis',(0.,0.,1.));
#3773=DIRECTION('center_axis',(0.,0.,-1.));
#3774=DIRECTION('ref_axis',(0.996194698091745,-0.087155742747662,0.));
#3775=DIRECTION('center_axis',(-0.766044443118998,-0.642787609686516,0.));
#3776=DIRECTION('ref_axis',(0.,0.,1.));
#3777=DIRECTION('center_axis',(-0.766044443118978,-0.64278760968654,0.));
#3778=DIRECTION('ref_axis',(-0.454519477672066,0.541675220419677,0.707106781186552));
#3779=DIRECTION('center_axis',(-0.861374117935017,0.507971090665277,-2.38673582563858E-12));
#3780=DIRECTION('ref_axis',(0.507971090665277,0.861374117935017,0.));
#3781=DIRECTION('center_axis',(0.,0.,1.));
#3782=DIRECTION('ref_axis',(1.,0.,0.));
#3783=DIRECTION('center_axis',(-0.642787609686513,0.766044443119,0.));
#3784=DIRECTION('ref_axis',(0.766044443119,0.642787609686513,0.));
#3785=DIRECTION('center_axis',(0.,0.,-1.));
#3786=DIRECTION('ref_axis',(-0.573576436351043,-0.819152044288994,0.));
#3787=DIRECTION('center_axis',(0.642787609686539,-0.766044443118978,0.));
#3788=DIRECTION('ref_axis',(0.541675220419713,0.45451947767206,-0.707106781186528));
#3789=DIRECTION('center_axis',(-0.64278760968657,0.766044443118952,0.));
#3790=DIRECTION('ref_axis',(0.766044443118952,0.64278760968657,0.));
#3791=DIRECTION('',(-0.642787609686539,0.766044443118978,0.));
#3792=DIRECTION('center_axis',(0.,0.,1.));
#3793=DIRECTION('ref_axis',(-0.996194698091746,0.0871557427476532,0.));
#3794=DIRECTION('center_axis',(0.766044443118998,0.642787609686515,0.));
#3795=DIRECTION('ref_axis',(0.642787609686515,-0.766044443118998,0.));
#3796=DIRECTION('center_axis',(0.,0.,-1.));
#3797=DIRECTION('ref_axis',(-0.996194698091746,0.0871557427476487,0.));
#3798=DIRECTION('center_axis',(0.766044443118977,0.64278760968654,0.));
#3799=DIRECTION('ref_axis',(0.454519477672021,-0.541675220419735,-0.707106781186537));
#3800=DIRECTION('center_axis',(0.766044443118977,0.64278760968654,0.));
#3801=DIRECTION('ref_axis',(0.64278760968654,-0.766044443118977,0.));
#3802=DIRECTION('',(0.766044443118977,0.64278760968654,0.));
#3803=DIRECTION('center_axis',(0.,0.,1.));
#3804=DIRECTION('ref_axis',(1.,0.,0.));
#3805=DIRECTION('center_axis',(0.642787609686549,-0.76604444311897,0.));
#3806=DIRECTION('ref_axis',(-0.76604444311897,-0.642787609686549,0.));
#3807=DIRECTION('center_axis',(0.,0.,-1.));
#3808=DIRECTION('ref_axis',(0.0871557427476509,0.996194698091746,0.));
#3809=DIRECTION('center_axis',(-0.642787609686539,0.766044443118978,0.));
#3810=DIRECTION('ref_axis',(-0.541675220419715,-0.454519477672054,-0.707106781186531));
#3811=DIRECTION('center_axis',(0.642787609686539,-0.766044443118979,0.));
#3812=DIRECTION('ref_axis',(-0.766044443118979,-0.642787609686538,0.));
#3813=DIRECTION('',(0.642787609686539,-0.766044443118978,0.));
#3814=DIRECTION('center_axis',(0.,0.,1.));
#3815=DIRECTION('ref_axis',(1.,0.,0.));
#3816=DIRECTION('center_axis',(0.350677822523056,-0.936496163788453,3.10110253769665E-15));
#3817=DIRECTION('ref_axis',(-0.936496163788453,-0.350677822523056,0.));
#3818=DIRECTION('center_axis',(0.,0.,-1.));
#3819=DIRECTION('ref_axis',(0.906307787036655,0.422618261740688,0.));
#3820=DIRECTION('center_axis',(0.,0.,1.));
#3821=DIRECTION('ref_axis',(0.996194698091745,-0.0871557427476659,0.));
#3822=DIRECTION('',(0.,0.,1.));
#3823=DIRECTION('center_axis',(-0.766044443118978,-0.642787609686539,0.));
#3824=DIRECTION('ref_axis',(0.,0.,1.));
#3825=DIRECTION('',(0.,0.,-1.));
#3826=DIRECTION('center_axis',(0.,0.,1.));
#3827=DIRECTION('ref_axis',(0.0871557427476457,0.996194698091747,0.));
#3828=DIRECTION('',(0.,0.,1.));
#3829=DIRECTION('center_axis',(0.64278760968654,-0.766044443118977,0.));
#3830=DIRECTION('ref_axis',(0.,0.,-1.));
#3831=DIRECTION('',(0.,0.,-1.));
#3832=DIRECTION('center_axis',(0.,0.,-1.));
#3833=DIRECTION('ref_axis',(-0.996194698091745,0.0871557427476597,0.));
#3834=DIRECTION('',(0.,0.,1.));
#3835=DIRECTION('center_axis',(0.766044443118978,0.642787609686539,0.));
#3836=DIRECTION('ref_axis',(0.,0.,-1.));
#3837=DIRECTION('',(0.,0.,-1.));
#3838=DIRECTION('center_axis',(0.,0.,-1.));
#3839=DIRECTION('ref_axis',(-0.0871557427476461,-0.996194698091747,0.));
#3840=DIRECTION('center_axis',(0.766044443118978,0.64278760968654,0.));
#3841=DIRECTION('ref_axis',(0.454519477672022,-0.541675220419729,0.70710678118654));
#3842=DIRECTION('center_axis',(0.766044443118978,0.64278760968654,0.));
#3843=DIRECTION('ref_axis',(0.454519477672022,-0.541675220419729,0.70710678118654));
#3844=DIRECTION('center_axis',(0.,0.,-1.));
#3845=DIRECTION('ref_axis',(-0.0871557427476468,-0.996194698091747,0.));
#3846=DIRECTION('',(0.,0.,-1.));
#3847=DIRECTION('center_axis',(0.766044443118978,0.642787609686539,0.));
#3848=DIRECTION('ref_axis',(0.,0.,-1.));
#3849=DIRECTION('center_axis',(0.766044443118978,0.642787609686539,0.));
#3850=DIRECTION('ref_axis',(-0.642787609686539,0.766044443118978,0.));
#3851=DIRECTION('',(0.,0.,-1.));
#3852=DIRECTION('center_axis',(0.766044443118978,0.642787609686539,0.));
#3853=DIRECTION('ref_axis',(0.642787609686539,-0.766044443118978,0.));
#3854=DIRECTION('',(0.,0.,1.));
#3855=DIRECTION('center_axis',(0.766044443118978,0.642787609686539,0.));
#3856=DIRECTION('ref_axis',(-0.642787609686539,0.766044443118978,0.));
#3857=DIRECTION('',(0.,0.,-1.));
#3858=DIRECTION('center_axis',(0.766044443118978,0.642787609686539,0.));
#3859=DIRECTION('ref_axis',(0.642787609686539,-0.766044443118978,0.));
#3860=DIRECTION('',(0.,0.,1.));
#3861=DIRECTION('center_axis',(0.,-1.,0.));
#3862=DIRECTION('ref_axis',(1.,0.,0.));
#3863=DIRECTION('',(0.,-1.,0.));
#3864=DIRECTION('',(0.,-1.,0.));
#3865=DIRECTION('center_axis',(0.,-1.,0.));
#3866=DIRECTION('ref_axis',(-1.,0.,0.));
#3867=DIRECTION('',(0.,-1.,0.));
#3868=DIRECTION('',(0.,1.,0.));
#3869=DIRECTION('center_axis',(0.,-1.,0.));
#3870=DIRECTION('ref_axis',(1.,0.,0.));
#3871=DIRECTION('',(0.,-1.,0.));
#3872=DIRECTION('',(0.,-1.,0.));
#3873=DIRECTION('center_axis',(0.,-1.,0.));
#3874=DIRECTION('ref_axis',(-1.,0.,0.));
#3875=DIRECTION('',(0.,-1.,0.));
#3876=DIRECTION('',(0.,-1.,0.));
#3877=DIRECTION('center_axis',(-1.,0.,0.));
#3878=DIRECTION('ref_axis',(0.,0.,-1.));
#3879=DIRECTION('',(-0.766044443118968,-0.642787609686552,0.));
#3880=DIRECTION('center_axis',(0.766044443118974,0.642787609686544,0.));
#3881=DIRECTION('ref_axis',(-0.642787609686544,0.766044443118974,0.));
#3882=DIRECTION('center_axis',(-0.296366948934176,0.955074149780763,0.));
#3883=DIRECTION('ref_axis',(-0.955074149780763,-0.296366948934176,0.));
#3884=DIRECTION('center_axis',(-0.296366948934176,0.955074149780763,0.));
#3885=DIRECTION('ref_axis',(0.955074149780763,0.296366948934176,0.));
#3886=DIRECTION('center_axis',(0.766044443118974,0.642787609686544,0.));
#3887=DIRECTION('ref_axis',(0.642787609686544,-0.766044443118974,0.));
#3888=DIRECTION('',(-0.766044443118968,-0.642787609686552,0.));
#3889=DIRECTION('center_axis',(0.,0.,-1.));
#3890=DIRECTION('ref_axis',(0.64278760968653,-0.766044443118986,0.));
#3891=DIRECTION('',(0.64278760968653,-0.766044443118986,0.));
#3892=DIRECTION('',(-1.,-2.22044604925031E-16,0.));
#3893=DIRECTION('center_axis',(-0.766044443118974,-0.642787609686544,0.));
#3894=DIRECTION('ref_axis',(0.,0.,1.));
#3895=DIRECTION('',(-0.642787609686529,0.766044443118987,0.));
#3896=DIRECTION('center_axis',(0.766044443118974,0.642787609686544,0.));
#3897=DIRECTION('ref_axis',(0.642787609686544,-0.766044443118974,0.));
#3898=DIRECTION('',(0.,0.,1.));
#3899=DIRECTION('center_axis',(0.766044443118974,0.642787609686544,0.));
#3900=DIRECTION('ref_axis',(-0.642787609686544,0.766044443118974,0.));
#3901=DIRECTION('center_axis',(-0.766044443118974,-0.642787609686544,0.));
#3902=DIRECTION('ref_axis',(0.,0.,1.));
#3903=DIRECTION('center_axis',(0.766044443118974,0.642787609686544,0.));
#3904=DIRECTION('ref_axis',(0.642787609686544,-0.766044443118974,0.));
#3905=DIRECTION('',(-0.642787609686529,0.766044443118987,0.));
#3906=DIRECTION('center_axis',(-0.766044443118974,-0.642787609686544,0.));
#3907=DIRECTION('ref_axis',(0.,0.,1.));
#3908=DIRECTION('center_axis',(0.766044443118974,0.642787609686544,0.));
#3909=DIRECTION('ref_axis',(-0.642787609686544,0.766044443118974,0.));
#3910=DIRECTION('',(0.64278760968653,-0.766044443118986,0.));
#3911=DIRECTION('center_axis',(0.,0.,1.));
#3912=DIRECTION('ref_axis',(-0.642787609686529,0.766044443118987,0.));
#3913=DIRECTION('',(1.,2.22044604925031E-16,0.));
#3914=DIRECTION('center_axis',(0.,0.,1.));
#3915=DIRECTION('ref_axis',(-0.642787609686529,0.766044443118987,0.));
#3916=DIRECTION('',(-1.,-2.22044604925031E-16,0.));
#3917=DIRECTION('center_axis',(0.,0.,-1.));
#3918=DIRECTION('ref_axis',(0.64278760968653,-0.766044443118986,0.));
#3919=DIRECTION('',(1.,2.22044604925031E-16,0.));
#3920=DIRECTION('center_axis',(1.,2.22044604925031E-16,0.));
#3921=DIRECTION('ref_axis',(-2.22044604925031E-16,1.,0.));
#3922=DIRECTION('',(1.,2.22044604925031E-16,0.));
#3923=DIRECTION('',(1.,2.22044604925031E-16,0.));
#3924=DIRECTION('center_axis',(-2.22044604925031E-16,1.,0.));
#3925=DIRECTION('ref_axis',(0.,0.,1.));
#3926=DIRECTION('',(1.,2.22044604925031E-16,0.));
#3927=DIRECTION('center_axis',(0.,0.,1.));
#3928=DIRECTION('ref_axis',(-0.64278760968653,0.766044443118986,0.));
#3929=DIRECTION('',(1.,1.66533453693773E-16,0.));
#3930=DIRECTION('',(-0.64278760968653,0.766044443118986,0.));
#3931=DIRECTION('center_axis',(0.,0.,1.));
#3932=DIRECTION('ref_axis',(-0.64278760968653,0.766044443118986,0.));
#3933=DIRECTION('',(-0.766044443118968,-0.642787609686551,0.));
#3934=DIRECTION('',(-0.64278760968653,0.766044443118986,0.));
#3935=DIRECTION('',(-1.,-1.66533453693773E-16,0.));
#3936=DIRECTION('',(-0.766044443118968,-0.642787609686551,0.));
#3937=DIRECTION('center_axis',(0.766044443118974,0.642787609686544,0.));
#3938=DIRECTION('ref_axis',(-0.642787609686544,0.766044443118974,0.));
#3939=DIRECTION('center_axis',(-0.296366948934176,0.955074149780763,0.));
#3940=DIRECTION('ref_axis',(-0.955074149780763,-0.296366948934176,0.));
#3941=DIRECTION('center_axis',(0.,0.,-1.));
#3942=DIRECTION('ref_axis',(0.64278760968653,-0.766044443118986,0.));
#3943=DIRECTION('',(1.,1.66533453693773E-16,0.));
#3944=DIRECTION('',(0.64278760968653,-0.766044443118986,0.));
#3945=DIRECTION('center_axis',(0.,0.,-1.));
#3946=DIRECTION('ref_axis',(0.64278760968653,-0.766044443118986,0.));
#3947=DIRECTION('',(0.64278760968653,-0.766044443118986,0.));
#3948=DIRECTION('',(-1.,-1.66533453693773E-16,0.));
#3949=DIRECTION('center_axis',(-0.766044443118974,-0.642787609686544,0.));
#3950=DIRECTION('ref_axis',(0.,0.,1.));
#3951=DIRECTION('center_axis',(0.766044443118974,0.642787609686544,0.));
#3952=DIRECTION('ref_axis',(-0.642787609686544,0.766044443118974,0.));
#3953=DIRECTION('center_axis',(-0.766044443118974,-0.642787609686544,0.));
#3954=DIRECTION('ref_axis',(0.,0.,1.));
#3955=DIRECTION('center_axis',(0.766044443118974,0.642787609686544,0.));
#3956=DIRECTION('ref_axis',(0.642787609686544,-0.766044443118974,0.));
#3957=DIRECTION('',(0.,0.,1.));
#3958=DIRECTION('center_axis',(0.766044443118974,0.642787609686544,0.));
#3959=DIRECTION('ref_axis',(-0.642787609686544,0.766044443118974,0.));
#3960=DIRECTION('center_axis',(-0.766044443118974,-0.642787609686544,0.));
#3961=DIRECTION('ref_axis',(0.,0.,1.));
#3962=DIRECTION('center_axis',(0.766044443118974,0.642787609686544,0.));
#3963=DIRECTION('ref_axis',(0.642787609686544,-0.766044443118974,0.));
#3964=DIRECTION('center_axis',(0.766044443118974,0.642787609686544,0.));
#3965=DIRECTION('ref_axis',(0.642787609686544,-0.766044443118974,0.));
#3966=DIRECTION('center_axis',(-0.296366948934176,0.955074149780763,0.));
#3967=DIRECTION('ref_axis',(0.955074149780763,0.296366948934176,0.));
#3968=DIRECTION('center_axis',(1.,1.66533453693773E-16,0.));
#3969=DIRECTION('ref_axis',(1.66533453693773E-16,-1.,0.));
#3970=DIRECTION('',(1.,1.66533453693773E-16,0.));
#3971=DIRECTION('',(1.,1.66533453693773E-16,0.));
#3972=DIRECTION('center_axis',(1.,2.22044604925031E-16,0.));
#3973=DIRECTION('ref_axis',(2.22044604925031E-16,-1.,0.));
#3974=DIRECTION('',(1.,2.22044604925031E-16,0.));
#3975=DIRECTION('center_axis',(2.22044604925031E-16,-1.,0.));
#3976=DIRECTION('ref_axis',(0.,0.,-1.));
#3977=DIRECTION('center_axis',(-1.66533453693773E-16,1.,0.));
#3978=DIRECTION('ref_axis',(0.,0.,1.));
#3979=DIRECTION('',(1.,1.66533453693773E-16,0.));
#3980=DIRECTION('center_axis',(1.66533453693773E-16,-1.,0.));
#3981=DIRECTION('ref_axis',(0.,0.,-1.));
#3982=DIRECTION('',(-1.,-1.66533453693773E-16,0.));
#3983=DIRECTION('center_axis',(1.,1.66533453693773E-16,0.));
#3984=DIRECTION('ref_axis',(-1.66533453693773E-16,1.,0.));
#3985=DIRECTION('center_axis',(-1.,0.,0.));
#3986=DIRECTION('ref_axis',(0.,0.,-1.));
#3987=DIRECTION('center_axis',(1.,0.,0.));
#3988=DIRECTION('ref_axis',(0.,0.,1.));
#3989=DIRECTION('center_axis',(1.,0.,0.));
#3990=DIRECTION('ref_axis',(0.,0.,1.));
#3991=DIRECTION('center_axis',(-0.64278760968654,0.766044443118978,0.));
#3992=DIRECTION('ref_axis',(0.,0.,1.));
#3993=CARTESIAN_POINT('',(0.,0.,0.));
#3994=CARTESIAN_POINT('Origin',(-161.971262805788,-6.60490356319846,328.5));
#3995=CARTESIAN_POINT('',(-149.773506136362,3.63022955930737,325.5));
#3996=CARTESIAN_POINT('',(-155.212325611715,2.98274001149601,328.5));
#3997=CARTESIAN_POINT('Ctrl Pts',(-149.773506136362,3.63022955930737,325.5));
#3998=CARTESIAN_POINT('Ctrl Pts',(-150.354883529772,3.60750144591238,325.5));
#3999=CARTESIAN_POINT('Ctrl Pts',(-150.988285409934,3.5830252719251,325.566742455462));
#4000=CARTESIAN_POINT('Ctrl Pts',(-152.211800931414,3.52158531882627,325.86256533426));
#4001=CARTESIAN_POINT('Ctrl Pts',(-152.801802732765,3.48415478823466,326.092011076844));
#4002=CARTESIAN_POINT('Ctrl Pts',(-153.714532030822,3.3960446624584,326.6112058884));
#4003=CARTESIAN_POINT('Ctrl Pts',(-154.127742653448,3.34364922070652,326.917055130045));
#4004=CARTESIAN_POINT('Ctrl Pts',(-154.80483333286,3.19799396829115,327.644786612434));
#4005=CARTESIAN_POINT('Ctrl Pts',(-155.067716528777,3.10408143965437,328.067464998477));
#4006=CARTESIAN_POINT('Ctrl Pts',(-155.212325611715,2.98274001149598,328.5));
#4007=CARTESIAN_POINT('',(-163.512301181508,-3.98176642789828,328.5));
#4008=CARTESIAN_POINT('',(-163.899625634848,-4.30677023384154,328.5));
#4009=CARTESIAN_POINT('',(-165.094394998742,-9.22552263442349,325.5));
#4010=CARTESIAN_POINT('Ctrl Pts',(-163.512301181508,-3.98176642789828,328.5));
#4011=CARTESIAN_POINT('Ctrl Pts',(-163.656910264447,-4.10310785605668,328.067464998477));
#4012=CARTESIAN_POINT('Ctrl Pts',(-163.795045238663,-4.34568952607379,327.644786612434));
#4013=CARTESIAN_POINT('Ctrl Pts',(-164.056063223104,-4.98720090750219,326.917055130045));
#4014=CARTESIAN_POINT('Ctrl Pts',(-164.179415931975,-5.38503555931219,326.6112058884));
#4015=CARTESIAN_POINT('Ctrl Pts',(-164.42468124627,-6.26859828566567,326.092011076844));
#4016=CARTESIAN_POINT('Ctrl Pts',(-164.56399586062,-6.84313689050063,325.86256533426));
#4017=CARTESIAN_POINT('Ctrl Pts',(-164.836963643429,-8.03739552609365,325.566742455462));
#4018=CARTESIAN_POINT('Ctrl Pts',(-164.971057051557,-8.65692436544009,325.5));
#4019=CARTESIAN_POINT('Ctrl Pts',(-165.094394998742,-9.2255226344235,325.5));
#4020=CARTESIAN_POINT('',(-161.971262805788,-6.60490356319846,325.5));
#4021=CARTESIAN_POINT('Origin',(-165.490668941563,-5.6418140856935,325.5));
#4022=CARTESIAN_POINT('',(-155.532091181017,2.71442484023158,330.5));
#4023=CARTESIAN_POINT('Origin',(-151.701868965422,5.92836288866431,330.5));
#4024=CARTESIAN_POINT('',(-163.192535612207,-3.71345125663387,330.5));
#4025=CARTESIAN_POINT('Origin',(-159.362313396612,-0.499513208201121,330.5));
#4026=CARTESIAN_POINT('Origin',(-167.022757827801,-6.92738930506659,330.5));
#4027=CARTESIAN_POINT('',(-157.524041375777,1.04298016648467,332.000004917383));
#4028=CARTESIAN_POINT('Origin',(-159.439152483575,-0.563988857731684,332.000004917383));
#4029=CARTESIAN_POINT('Origin',(-166.510531237381,10.4727145993542,328.5));
#4030=CARTESIAN_POINT('',(-175.378996753726,3.03118845548004,325.5));
#4031=CARTESIAN_POINT('',(-169.940177278374,3.67867800329142,328.5));
#4032=CARTESIAN_POINT('Ctrl Pts',(-175.378996753726,3.03118845548004,325.5));
#4033=CARTESIAN_POINT('Ctrl Pts',(-174.797619360316,3.05391656887504,325.5));
#4034=CARTESIAN_POINT('Ctrl Pts',(-174.164217480155,3.07839274286245,325.566742455462));
#4035=CARTESIAN_POINT('Ctrl Pts',(-172.940701958675,3.13983269596121,325.86256533426));
#4036=CARTESIAN_POINT('Ctrl Pts',(-172.350700157324,3.17726322655276,326.092011076844));
#4037=CARTESIAN_POINT('Ctrl Pts',(-171.437970859266,3.26537335232902,326.6112058884));
#4038=CARTESIAN_POINT('Ctrl Pts',(-171.024760236641,3.3177687940809,326.917055130045));
#4039=CARTESIAN_POINT('Ctrl Pts',(-170.347669557228,3.46342404649628,327.644786612434));
#4040=CARTESIAN_POINT('Ctrl Pts',(-170.084786361312,3.55733657513303,328.067464998477));
#4041=CARTESIAN_POINT('Ctrl Pts',(-169.940177278374,3.67867800329143,328.5));
#4042=CARTESIAN_POINT('',(-161.64020170858,10.6431844426857,328.5));
#4043=CARTESIAN_POINT('',(-164.582168408321,8.17458126999728,328.5));
#4044=CARTESIAN_POINT('',(-160.058107891347,15.8869406492109,325.5));
#4045=CARTESIAN_POINT('Ctrl Pts',(-161.64020170858,10.6431844426857,328.5));
#4046=CARTESIAN_POINT('Ctrl Pts',(-161.509756031474,10.7526413622345,328.109828649767));
#4047=CARTESIAN_POINT('Ctrl Pts',(-161.382911249051,10.9630044432097,327.722044772111));
#4048=CARTESIAN_POINT('Ctrl Pts',(-161.143246290242,11.5199460781814,327.042935391676));
#4049=CARTESIAN_POINT('Ctrl Pts',(-161.029883664657,11.8653591183117,326.750846303215));
#4050=CARTESIAN_POINT('Ctrl Pts',(-160.780597106524,12.7194155384169,326.187031808342));
#4051=CARTESIAN_POINT('Ctrl Pts',(-160.630014791474,13.3292150949602,325.920935287385));
#4052=CARTESIAN_POINT('Ctrl Pts',(-160.335500174706,14.6063904227167,325.57752054065));
#4053=CARTESIAN_POINT('Ctrl Pts',(-160.191147933454,15.2736149098585,325.5));
#4054=CARTESIAN_POINT('Ctrl Pts',(-160.058107891347,15.8869406492109,325.5));
#4055=CARTESIAN_POINT('',(-166.510531237381,10.4727145993542,325.5));
#4056=CARTESIAN_POINT('Origin',(-160.427878391644,11.6604444907944,325.5));
#4057=CARTESIAN_POINT('',(-169.620411709072,3.94699317455586,330.5));
#4058=CARTESIAN_POINT('Origin',(-173.450633924667,0.733055126123103,330.5));
#4059=CARTESIAN_POINT('',(-161.959967277882,10.3748692714213,330.5));
#4060=CARTESIAN_POINT('Origin',(-165.790189493477,7.16093122298856,330.5));
#4061=CARTESIAN_POINT('Origin',(-158.129745062287,13.588807319854,330.5));
#4062=CARTESIAN_POINT('',(-163.951917472642,8.70342459767442,332.000004917383));
#4063=CARTESIAN_POINT('Origin',(-165.86702858044,7.09645557345805,332.000004917383));
#4064=CARTESIAN_POINT('Origin',(-152.054134259404,6.34817631831384,330.5));
#4065=CARTESIAN_POINT('',(-157.139060205233,4.62953594802901,330.5));
#4066=CARTESIAN_POINT('',(-152.054134259404,6.34817631831384,325.5));
#4067=CARTESIAN_POINT('Origin',(-170.588961170216,-2.6773536598222,330.5));
#4068=CARTESIAN_POINT('',(-168.013442684856,2.0318820667584,330.5));
#4069=CARTESIAN_POINT('',(-170.588961170216,-2.6773536598222,325.5));
#4070=CARTESIAN_POINT('Origin',(-164.183220469261,5.24582011519113,330.5));
#4071=CARTESIAN_POINT('Origin',(-165.86702858044,7.09645557345805,332.000004917383));
#4072=CARTESIAN_POINT('',(-163.951917472642,8.70342459767441,332.000004917383));
#4073=CARTESIAN_POINT('Origin',(-163.013112916097,-2.1320995226905,325.5));
#4074=CARTESIAN_POINT('',(-139.490694294891,8.5689008578001,325.5));
#4075=CARTESIAN_POINT('',(-140.640666557876,6.71951656610016,325.5));
#4076=CARTESIAN_POINT('Origin',(-142.890423191779,9.40067211701695,325.5));
#4077=CARTESIAN_POINT('',(-135.627898664918,14.8419501242561,325.5));
#4078=CARTESIAN_POINT('Origin',(-127.834480934129,5.71711368334233,325.5));
#4079=CARTESIAN_POINT('',(-141.412987152097,21.7363501123271,325.5));
#4080=CARTESIAN_POINT('',(-138.552582288992,18.3274523404476,325.5));
#4081=CARTESIAN_POINT('',(-151.215308147979,20.9305974984624,325.5));
#4082=CARTESIAN_POINT('Origin',(-147.165785970184,31.6940249326744,325.5));
#4083=CARTESIAN_POINT('',(-182.324674163029,-5.1814079130918,325.5));
#4084=CARTESIAN_POINT('Origin',(-159.421295603289,-0.880506780855459,325.5));
#4085=CARTESIAN_POINT('',(-184.78565747705,-14.6576415605151,325.5));
#4086=CARTESIAN_POINT('Origin',(-193.627121300462,-7.30383310742012,325.5));
#4087=CARTESIAN_POINT('',(-179.000568989871,-21.552041548586,325.5));
#4088=CARTESIAN_POINT('',(-181.925252613944,-18.0665393323955,325.5));
#4089=CARTESIAN_POINT('',(-172.188162538596,-18.8673824260199,325.5));
#4090=CARTESIAN_POINT('Origin',(-171.404446555915,-30.841762963588,325.5));
#4091=CARTESIAN_POINT('',(-170.166989732964,-18.0560103201589,325.5));
#4092=CARTESIAN_POINT('Origin',(-172.416746366878,-15.3748547692292,325.5));
#4093=CARTESIAN_POINT('',(-156.765824069433,-6.81109715452186,325.5));
#4094=CARTESIAN_POINT('Origin',(-181.89311323346,-18.1048415545503,241.));
#4095=CARTESIAN_POINT('',(-184.78565747705,-14.6576415605151,243.5));
#4096=CARTESIAN_POINT('',(-184.78565747705,-14.6576415605151,243.5));
#4097=CARTESIAN_POINT('',(-179.000568989871,-21.5520415485859,243.5));
#4098=CARTESIAN_POINT('',(-181.925252613944,-18.0665393323955,243.5));
#4099=CARTESIAN_POINT('',(-179.000568977916,-21.5520415385548,309.416889224922));
#4100=CARTESIAN_POINT('',(-179.000568989871,-21.552041548586,243.5));
#4101=CARTESIAN_POINT('',(-179.000568989871,-21.552041548586,243.5));
#4102=CARTESIAN_POINT('',(-183.524094346473,-16.1611139536646,314.922291874354));
#4103=CARTESIAN_POINT('Origin',(-182.045682844194,-17.923016172838,314.922291874354));
#4104=CARTESIAN_POINT('',(-183.319366423972,-16.405099190809,259.862433311033));
#4105=CARTESIAN_POINT('Origin',(-181.840954921693,-18.1670014099825,259.862433311033));
#4106=CARTESIAN_POINT('Origin',(-193.627121300462,-7.30383310742012,243.5));
#4107=CARTESIAN_POINT('',(-182.324674163028,-5.1814079130979,305.493409546999));
#4108=CARTESIAN_POINT('',(-182.324674163029,-5.18140791309181,243.5));
#4109=CARTESIAN_POINT('',(-182.128794528699,-7.50000000000003,303.));
#4110=CARTESIAN_POINT('Ctrl Pts',(-182.324674163028,-5.18140791309793,305.493409546999));
#4111=CARTESIAN_POINT('Ctrl Pts',(-182.276578182046,-5.43753108955877,305.474775315413));
#4112=CARTESIAN_POINT('Ctrl Pts',(-182.236333895634,-5.70294622558965,305.414205825128));
#4113=CARTESIAN_POINT('Ctrl Pts',(-182.170346326321,-6.26039145688461,305.184645605457));
#4114=CARTESIAN_POINT('Ctrl Pts',(-182.150098029916,-6.5435301874321,304.991852417043));
#4115=CARTESIAN_POINT('Ctrl Pts',(-182.12927603069,-6.9892322895228,304.546451449));
#4116=CARTESIAN_POINT('Ctrl Pts',(-182.127059863597,-7.18180007232115,304.265294567914));
#4117=CARTESIAN_POINT('Ctrl Pts',(-182.127185521486,-7.43718299895785,303.649123199252));
#4118=CARTESIAN_POINT('Ctrl Pts',(-182.128794528699,-7.50000000000003,303.314109549868));
#4119=CARTESIAN_POINT('Ctrl Pts',(-182.128794528699,-7.50000000000003,303.));
#4120=CARTESIAN_POINT('',(-182.128794528699,-7.50000000000004,296.));
#4121=CARTESIAN_POINT('',(-182.128794528699,-7.50000000000003,243.5));
#4122=CARTESIAN_POINT('',(-182.324674163028,-5.1814079130979,293.506590453001));
#4123=CARTESIAN_POINT('Ctrl Pts',(-182.128794528699,-7.50000000000003,296.));
#4124=CARTESIAN_POINT('Ctrl Pts',(-182.128794528699,-7.50000000000003,295.685890450132));
#4125=CARTESIAN_POINT('Ctrl Pts',(-182.127185521486,-7.43718299895784,295.350876800748));
#4126=CARTESIAN_POINT('Ctrl Pts',(-182.127059863597,-7.18180007232113,294.734705432086));
#4127=CARTESIAN_POINT('Ctrl Pts',(-182.12927603069,-6.9892322895228,294.453548551));
#4128=CARTESIAN_POINT('Ctrl Pts',(-182.150098029916,-6.5435301874321,294.008147582957));
#4129=CARTESIAN_POINT('Ctrl Pts',(-182.170346326321,-6.26039145688462,293.815354394543));
#4130=CARTESIAN_POINT('Ctrl Pts',(-182.236333895634,-5.70294622558966,293.585794174872));
#4131=CARTESIAN_POINT('Ctrl Pts',(-182.276578182046,-5.43753108955877,293.525224684587));
#4132=CARTESIAN_POINT('Ctrl Pts',(-182.324674163028,-5.18140791309791,293.506590453001));
#4133=CARTESIAN_POINT('',(-182.324674163028,-5.1814079130979,282.493409546999));
#4134=CARTESIAN_POINT('',(-182.324674163029,-5.18140791309181,243.5));
#4135=CARTESIAN_POINT('',(-182.128794528699,-7.50000000000003,280.));
#4136=CARTESIAN_POINT('Ctrl Pts',(-182.324674163028,-5.18140791309792,282.493409546999));
#4137=CARTESIAN_POINT('Ctrl Pts',(-182.276578182046,-5.43753108955876,282.474775315413));
#4138=CARTESIAN_POINT('Ctrl Pts',(-182.236333895634,-5.70294622558963,282.414205825128));
#4139=CARTESIAN_POINT('Ctrl Pts',(-182.170346326321,-6.26039145688461,282.184645605457));
#4140=CARTESIAN_POINT('Ctrl Pts',(-182.150098029916,-6.5435301874321,281.991852417043));
#4141=CARTESIAN_POINT('Ctrl Pts',(-182.12927603069,-6.9892322895228,281.546451449));
#4142=CARTESIAN_POINT('Ctrl Pts',(-182.127059863597,-7.18180007232113,281.265294567914));
#4143=CARTESIAN_POINT('Ctrl Pts',(-182.127185521486,-7.43718299895784,280.649123199252));
#4144=CARTESIAN_POINT('Ctrl Pts',(-182.128794528699,-7.50000000000004,280.314109549868));
#4145=CARTESIAN_POINT('Ctrl Pts',(-182.128794528699,-7.50000000000004,280.));
#4146=CARTESIAN_POINT('',(-182.128794528699,-7.50000000000003,273.));
#4147=CARTESIAN_POINT('',(-182.128794528699,-7.50000000000003,243.5));
#4148=CARTESIAN_POINT('',(-182.324674163028,-5.1814079130979,270.506590453002));
#4149=CARTESIAN_POINT('Ctrl Pts',(-182.128794528699,-7.50000000000003,273.));
#4150=CARTESIAN_POINT('Ctrl Pts',(-182.128794528699,-7.50000000000003,272.685890450132));
#4151=CARTESIAN_POINT('Ctrl Pts',(-182.127185521486,-7.43718299895782,272.350876800748));
#4152=CARTESIAN_POINT('Ctrl Pts',(-182.127059863597,-7.18180007232112,271.734705432086));
#4153=CARTESIAN_POINT('Ctrl Pts',(-182.12927603069,-6.9892322895228,271.453548551));
#4154=CARTESIAN_POINT('Ctrl Pts',(-182.150098029916,-6.5435301874321,271.008147582957));
#4155=CARTESIAN_POINT('Ctrl Pts',(-182.170346326321,-6.26039145688462,270.815354394543));
#4156=CARTESIAN_POINT('Ctrl Pts',(-182.236333895634,-5.70294622558964,270.585794174872));
#4157=CARTESIAN_POINT('Ctrl Pts',(-182.276578182046,-5.43753108955879,270.525224684587));
#4158=CARTESIAN_POINT('Ctrl Pts',(-182.324674163028,-5.18140791309792,270.506590453001));
#4159=CARTESIAN_POINT('',(-182.324674163029,-5.18140791309181,243.5));
#4160=CARTESIAN_POINT('',(-182.324674163029,-5.18140791309181,243.5));
#4161=CARTESIAN_POINT('Origin',(-193.627121300462,-7.30383310742012,243.5));
#4162=CARTESIAN_POINT('Origin',(-159.421295603289,-0.880506780855459,325.5));
#4163=CARTESIAN_POINT('',(-151.215308145116,20.9305974973853,305.184725639382));
#4164=CARTESIAN_POINT('',(-151.215308147979,20.9305974984624,243.5));
#4165=CARTESIAN_POINT('',(-152.5,21.3716429393825,303.));
#4166=CARTESIAN_POINT('Ctrl Pts',(-151.215308144505,20.9305974971556,305.184725638129));
#4167=CARTESIAN_POINT('Ctrl Pts',(-151.428950491768,21.0109761153106,305.065881752148));
#4168=CARTESIAN_POINT('Ctrl Pts',(-151.624721214407,21.0809704198541,304.914743483297));
#4169=CARTESIAN_POINT('Ctrl Pts',(-152.001678878442,21.211619335034,304.528174809502));
#4170=CARTESIAN_POINT('Ctrl Pts',(-152.188636373557,21.2727832575456,304.252126777341));
#4171=CARTESIAN_POINT('Ctrl Pts',(-152.437844961018,21.3525999719578,303.644098541767));
#4172=CARTESIAN_POINT('Ctrl Pts',(-152.5,21.3716429393825,303.312130254916));
#4173=CARTESIAN_POINT('Ctrl Pts',(-152.5,21.3716429393825,303.));
#4174=CARTESIAN_POINT('',(-152.5,21.3716429393825,296.));
#4175=CARTESIAN_POINT('',(-152.5,21.3716429393825,325.5));
#4176=CARTESIAN_POINT('',(-151.215308145116,20.9305974973853,293.815274360618));
#4177=CARTESIAN_POINT('Ctrl Pts',(-152.5,21.3716429393825,296.));
#4178=CARTESIAN_POINT('Ctrl Pts',(-152.5,21.3716429393825,295.687869745084));
#4179=CARTESIAN_POINT('Ctrl Pts',(-152.437844961018,21.3525999719578,295.355901458233));
#4180=CARTESIAN_POINT('Ctrl Pts',(-152.188636373557,21.2727832575456,294.747873222659));
#4181=CARTESIAN_POINT('Ctrl Pts',(-152.001678878442,21.211619335034,294.471825190498));
#4182=CARTESIAN_POINT('Ctrl Pts',(-151.624721214407,21.0809704198541,294.085256516703));
#4183=CARTESIAN_POINT('Ctrl Pts',(-151.428950491768,21.0109761153106,293.934118247852));
#4184=CARTESIAN_POINT('Ctrl Pts',(-151.215308144505,20.9305974971556,293.815274361871));
#4185=CARTESIAN_POINT('',(-151.215308145116,20.9305974973853,282.184725639382));
#4186=CARTESIAN_POINT('',(-151.215308147979,20.9305974984624,243.5));
#4187=CARTESIAN_POINT('',(-152.5,21.3716429393825,280.));
#4188=CARTESIAN_POINT('Ctrl Pts',(-151.215308144505,20.9305974971556,282.184725638129));
#4189=CARTESIAN_POINT('Ctrl Pts',(-151.428950491768,21.0109761153106,282.065881752148));
#4190=CARTESIAN_POINT('Ctrl Pts',(-151.624721214407,21.0809704198541,281.914743483297));
#4191=CARTESIAN_POINT('Ctrl Pts',(-152.001678878442,21.211619335034,281.528174809502));
#4192=CARTESIAN_POINT('Ctrl Pts',(-152.188636373557,21.2727832575456,281.252126777341));
#4193=CARTESIAN_POINT('Ctrl Pts',(-152.437844961018,21.3525999719578,280.644098541767));
#4194=CARTESIAN_POINT('Ctrl Pts',(-152.5,21.3716429393825,280.312130254916));
#4195=CARTESIAN_POINT('Ctrl Pts',(-152.5,21.3716429393825,280.));
#4196=CARTESIAN_POINT('',(-152.5,21.3716429393825,273.));
#4197=CARTESIAN_POINT('',(-152.5,21.3716429393825,325.5));
#4198=CARTESIAN_POINT('',(-151.215308145116,20.9305974973853,270.815274360618));
#4199=CARTESIAN_POINT('Ctrl Pts',(-152.5,21.3716429393825,273.));
#4200=CARTESIAN_POINT('Ctrl Pts',(-152.5,21.3716429393825,272.687869745084));
#4201=CARTESIAN_POINT('Ctrl Pts',(-152.437844961018,21.3525999719578,272.355901458233));
#4202=CARTESIAN_POINT('Ctrl Pts',(-152.188636373557,21.2727832575457,271.747873222659));
#4203=CARTESIAN_POINT('Ctrl Pts',(-152.001678878442,21.211619335034,271.471825190498));
#4204=CARTESIAN_POINT('Ctrl Pts',(-151.624721214407,21.0809704198541,271.085256516703));
#4205=CARTESIAN_POINT('Ctrl Pts',(-151.428950491768,21.0109761153106,270.934118247852));
#4206=CARTESIAN_POINT('Ctrl Pts',(-151.215308144505,20.9305974971556,270.815274361871));
#4207=CARTESIAN_POINT('',(-151.215308147979,20.9305974984624,243.5));
#4208=CARTESIAN_POINT('',(-151.215308147979,20.9305974984624,243.5));
#4209=CARTESIAN_POINT('Origin',(-159.421295603289,-0.880506780855459,243.5));
#4210=CARTESIAN_POINT('',(-182.668655490235,-2.50000000000003,273.));
#4211=CARTESIAN_POINT('Ctrl Pts',(-182.324674163028,-5.18140791309793,270.506590453001));
#4212=CARTESIAN_POINT('Ctrl Pts',(-182.336123194477,-5.12043894558308,270.502154658178));
#4213=CARTESIAN_POINT('Ctrl Pts',(-182.347246256335,-5.05985904405661,270.5));
#4214=CARTESIAN_POINT('Ctrl Pts',(-182.414046526182,-4.68792546680336,270.5));
#4215=CARTESIAN_POINT('Ctrl Pts',(-182.466864055568,-4.35344828368375,270.562067959894));
#4216=CARTESIAN_POINT('Ctrl Pts',(-182.551465185436,-3.73616836055006,270.817278900775));
#4217=CARTESIAN_POINT('Ctrl Pts',(-182.583612193659,-3.45344104390199,271.010483702115));
#4218=CARTESIAN_POINT('Ctrl Pts',(-182.628640074217,-3.00911894821456,271.455887899935));
#4219=CARTESIAN_POINT('Ctrl Pts',(-182.64473097767,-2.81721737818325,271.736558013079));
#4220=CARTESIAN_POINT('Ctrl Pts',(-182.664556319817,-2.5626571086361,272.351782958104));
#4221=CARTESIAN_POINT('Ctrl Pts',(-182.668655490235,-2.50000000000004,272.686326640819));
#4222=CARTESIAN_POINT('Ctrl Pts',(-182.668655490235,-2.50000000000004,273.));
#4223=CARTESIAN_POINT('',(-182.668655490235,-2.50000000000003,280.));
#4224=CARTESIAN_POINT('',(-182.668655490235,-2.50000000000003,325.5));
#4225=CARTESIAN_POINT('Ctrl Pts',(-182.668655490235,-2.50000000000003,280.));
#4226=CARTESIAN_POINT('Ctrl Pts',(-182.668655490235,-2.50000000000004,280.313673359181));
#4227=CARTESIAN_POINT('Ctrl Pts',(-182.664556319817,-2.56265710863608,280.648217041896));
#4228=CARTESIAN_POINT('Ctrl Pts',(-182.64473097767,-2.81721737818322,281.263441986921));
#4229=CARTESIAN_POINT('Ctrl Pts',(-182.628640074217,-3.00911894821455,281.544112100065));
#4230=CARTESIAN_POINT('Ctrl Pts',(-182.583612193659,-3.45344104390199,281.989516297885));
#4231=CARTESIAN_POINT('Ctrl Pts',(-182.551465185436,-3.73616836055006,282.182721099225));
#4232=CARTESIAN_POINT('Ctrl Pts',(-182.466864055568,-4.35344828368374,282.437932040106));
#4233=CARTESIAN_POINT('Ctrl Pts',(-182.414046526182,-4.68792546680336,282.5));
#4234=CARTESIAN_POINT('Ctrl Pts',(-182.347246256335,-5.05985904405661,282.5));
#4235=CARTESIAN_POINT('Ctrl Pts',(-182.336123194477,-5.12043894558307,282.497845341822));
#4236=CARTESIAN_POINT('Ctrl Pts',(-182.324674163028,-5.18140791309792,282.493409546999));
#4237=CARTESIAN_POINT('',(-182.668655490235,-2.50000000000003,296.));
#4238=CARTESIAN_POINT('Ctrl Pts',(-182.324674163028,-5.18140791309792,293.506590453001));
#4239=CARTESIAN_POINT('Ctrl Pts',(-182.336123194477,-5.12043894558307,293.502154658178));
#4240=CARTESIAN_POINT('Ctrl Pts',(-182.347246256335,-5.05985904405661,293.5));
#4241=CARTESIAN_POINT('Ctrl Pts',(-182.414046526182,-4.68792546680337,293.5));
#4242=CARTESIAN_POINT('Ctrl Pts',(-182.466864055568,-4.35344828368375,293.562067959894));
#4243=CARTESIAN_POINT('Ctrl Pts',(-182.551465185436,-3.73616836055007,293.817278900775));
#4244=CARTESIAN_POINT('Ctrl Pts',(-182.583612193659,-3.45344104390199,294.010483702115));
#4245=CARTESIAN_POINT('Ctrl Pts',(-182.628640074218,-3.00911894821455,294.455887899935));
#4246=CARTESIAN_POINT('Ctrl Pts',(-182.64473097767,-2.81721737818325,294.736558013079));
#4247=CARTESIAN_POINT('Ctrl Pts',(-182.664556319817,-2.56265710863609,295.351782958104));
#4248=CARTESIAN_POINT('Ctrl Pts',(-182.668655490235,-2.50000000000003,295.686326640819));
#4249=CARTESIAN_POINT('Ctrl Pts',(-182.668655490235,-2.50000000000003,296.));
#4250=CARTESIAN_POINT('',(-182.668655490235,-2.50000000000003,303.));
#4251=CARTESIAN_POINT('',(-182.668655490235,-2.50000000000003,325.5));
#4252=CARTESIAN_POINT('Ctrl Pts',(-182.668655490235,-2.50000000000003,303.));
#4253=CARTESIAN_POINT('Ctrl Pts',(-182.668655490235,-2.50000000000003,303.313673359181));
#4254=CARTESIAN_POINT('Ctrl Pts',(-182.664556319817,-2.56265710863608,303.648217041896));
#4255=CARTESIAN_POINT('Ctrl Pts',(-182.64473097767,-2.8172173781832,304.263441986921));
#4256=CARTESIAN_POINT('Ctrl Pts',(-182.628640074217,-3.00911894821455,304.544112100065));
#4257=CARTESIAN_POINT('Ctrl Pts',(-182.583612193659,-3.45344104390199,304.989516297885));
#4258=CARTESIAN_POINT('Ctrl Pts',(-182.551465185436,-3.73616836055007,305.182721099225));
#4259=CARTESIAN_POINT('Ctrl Pts',(-182.466864055568,-4.35344828368377,305.437932040106));
#4260=CARTESIAN_POINT('Ctrl Pts',(-182.414046526182,-4.68792546680336,305.5));
#4261=CARTESIAN_POINT('Ctrl Pts',(-182.347246256335,-5.05985904405661,305.5));
#4262=CARTESIAN_POINT('Ctrl Pts',(-182.336123194477,-5.12043894558307,305.497845341822));
#4263=CARTESIAN_POINT('Ctrl Pts',(-182.324674163028,-5.18140791309792,305.493409546999));
#4264=CARTESIAN_POINT('',(-167.858121990307,20.8423489364606,309.5));
#4265=CARTESIAN_POINT('',(-156.643860936335,22.2570893922736,309.500004991889));
#4266=CARTESIAN_POINT('Origin',(-159.421295603289,-0.880506780855459,309.500004991889));
#4267=CARTESIAN_POINT('',(-182.68964423509,0.402634656781977,309.5));
#4268=CARTESIAN_POINT('Origin',(-159.421295603289,-0.880506780855459,309.5));
#4269=CARTESIAN_POINT('',(-182.718740704087,-0.340551435188863,309.));
#4270=CARTESIAN_POINT('Ctrl Pts',(-182.718740704087,-0.34055143518906,309.));
#4271=CARTESIAN_POINT('Ctrl Pts',(-182.718740704087,-0.34055143518906,309.031143905755));
#4272=CARTESIAN_POINT('Ctrl Pts',(-182.718638157597,-0.336070461867362,
309.062630335183));
#4273=CARTESIAN_POINT('Ctrl Pts',(-182.718219639136,-0.318452671597571,
309.1239634204));
#4274=CARTESIAN_POINT('Ctrl Pts',(-182.717903267043,-0.305314861503924,
309.153809788175));
#4275=CARTESIAN_POINT('Ctrl Pts',(-182.716641369607,-0.255636205436958,
309.238051138318));
#4276=CARTESIAN_POINT('Ctrl Pts',(-182.715353804077,-0.208367918584348,
309.287103554975));
#4277=CARTESIAN_POINT('Ctrl Pts',(-182.711503093024,-0.0840172747641545,
309.38382907929));
#4278=CARTESIAN_POINT('Ctrl Pts',(-182.708236979762,0.00856863825994736,
309.428524695426));
#4279=CARTESIAN_POINT('Ctrl Pts',(-182.699940602099,0.204288496448879,309.486708061666));
#4280=CARTESIAN_POINT('Ctrl Pts',(-182.694891583619,0.307479803707598,309.5));
#4281=CARTESIAN_POINT('Ctrl Pts',(-182.68964423509,0.402634656781977,309.5));
#4282=CARTESIAN_POINT('',(-182.718740704087,-0.340551435188863,305.498830078075));
#4283=CARTESIAN_POINT('',(-182.718740704087,-0.340551435188863,325.5));
#4284=CARTESIAN_POINT('',(-182.718942875894,-0.349346201282885,305.498830078075));
#4285=CARTESIAN_POINT('Origin',(-159.421295603289,-0.880506780855459,305.498830078075));
#4286=CARTESIAN_POINT('',(-182.718942875894,-0.34934620128291,293.501169921925));
#4287=CARTESIAN_POINT('',(-182.718942875894,-0.349346201283081,325.5));
#4288=CARTESIAN_POINT('',(-182.718740704087,-0.340551435188849,293.501169921925));
#4289=CARTESIAN_POINT('Origin',(-159.421295603289,-0.880506780855459,293.501169921925));
#4290=CARTESIAN_POINT('',(-182.718740704087,-0.340551435188849,282.498830078075));
#4291=CARTESIAN_POINT('',(-182.718740704087,-0.340551435188849,325.5));
#4292=CARTESIAN_POINT('',(-182.718942875894,-0.349346201282879,282.498830078075));
#4293=CARTESIAN_POINT('Origin',(-159.421295603289,-0.880506780855459,282.498830078075));
#4294=CARTESIAN_POINT('',(-182.718942875894,-0.349346201282883,270.501169921925));
#4295=CARTESIAN_POINT('',(-182.718942875894,-0.349346201283078,325.5));
#4296=CARTESIAN_POINT('',(-182.718740704087,-0.340551435188861,270.501169921925));
#4297=CARTESIAN_POINT('Origin',(-159.421295603289,-0.880506780855459,270.501169921925));
#4298=CARTESIAN_POINT('',(-182.718740704087,-0.340551435188861,264.5));
#4299=CARTESIAN_POINT('',(-182.718740704087,-0.340551435188861,325.5));
#4300=CARTESIAN_POINT('',(-182.68964423509,0.402634656781964,264.));
#4301=CARTESIAN_POINT('Ctrl Pts',(-182.68964423509,0.402634656781964,264.));
#4302=CARTESIAN_POINT('Ctrl Pts',(-182.694891583619,0.307479803707592,264.));
#4303=CARTESIAN_POINT('Ctrl Pts',(-182.699940602099,0.204288496448895,264.013291938334));
#4304=CARTESIAN_POINT('Ctrl Pts',(-182.708236979762,0.00856863825998892,
264.071475304574));
#4305=CARTESIAN_POINT('Ctrl Pts',(-182.711503093024,-0.0840172747641233,
264.11617092071));
#4306=CARTESIAN_POINT('Ctrl Pts',(-182.715353804077,-0.208367918584317,
264.212896445025));
#4307=CARTESIAN_POINT('Ctrl Pts',(-182.716641369607,-0.25563620543702,264.261948861682));
#4308=CARTESIAN_POINT('Ctrl Pts',(-182.717903267043,-0.30531486150398,264.346190211825));
#4309=CARTESIAN_POINT('Ctrl Pts',(-182.718219639136,-0.318452671597508,
264.3760365796));
#4310=CARTESIAN_POINT('Ctrl Pts',(-182.718638157597,-0.336070461867317,
264.437369664817));
#4311=CARTESIAN_POINT('Ctrl Pts',(-182.718740704087,-0.340551435189065,
264.468856094245));
#4312=CARTESIAN_POINT('Ctrl Pts',(-182.718740704087,-0.340551435189065,
264.5));
#4313=CARTESIAN_POINT('',(-156.643860936335,22.2570893922736,264.));
#4314=CARTESIAN_POINT('Origin',(-159.421295603289,-0.880506780855459,264.));
#4315=CARTESIAN_POINT('',(-155.906894942462,22.1566694348872,264.5));
#4316=CARTESIAN_POINT('Ctrl Pts',(-155.906894942463,22.1566694348872,264.5));
#4317=CARTESIAN_POINT('Ctrl Pts',(-155.906894942463,22.1566694348872,264.464730969603));
#4318=CARTESIAN_POINT('Ctrl Pts',(-155.91255860104,22.1575354465685,264.429479693821));
#4319=CARTESIAN_POINT('Ctrl Pts',(-155.934285866731,22.1608338838111,264.361504375676));
#4320=CARTESIAN_POINT('Ctrl Pts',(-155.950354296373,22.1632662898454,264.328781873905));
#4321=CARTESIAN_POINT('Ctrl Pts',(-156.010496558509,22.1722716537481,264.237397555533));
#4322=CARTESIAN_POINT('Ctrl Pts',(-156.067034228867,22.1806049200778,264.185604841651));
#4323=CARTESIAN_POINT('Ctrl Pts',(-156.196974389774,22.1991709008848,264.097998885875));
#4324=CARTESIAN_POINT('Ctrl Pts',(-156.283003410635,22.211090679661,264.060202343987));
#4325=CARTESIAN_POINT('Ctrl Pts',(-156.463114371634,22.2348542366181,264.011177942021));
#4326=CARTESIAN_POINT('Ctrl Pts',(-156.557211220449,22.246687969283,264.));
#4327=CARTESIAN_POINT('Ctrl Pts',(-156.643860936335,22.2570893922736,264.));
#4328=CARTESIAN_POINT('',(-155.906894942462,22.1566694348872,309.));
#4329=CARTESIAN_POINT('',(-155.906894942462,22.1566694348872,325.5));
#4330=CARTESIAN_POINT('Ctrl Pts',(-156.643860936335,22.2570893922736,309.5));
#4331=CARTESIAN_POINT('Ctrl Pts',(-156.549238001093,22.2457308648509,309.5));
#4332=CARTESIAN_POINT('Ctrl Pts',(-156.446734879668,22.2327812346802,309.486708001214));
#4333=CARTESIAN_POINT('Ctrl Pts',(-156.252542240319,22.2069594402389,309.428524145499));
#4334=CARTESIAN_POINT('Ctrl Pts',(-156.160792963319,22.194095781132,309.383828144531));
#4335=CARTESIAN_POINT('Ctrl Pts',(-156.037660217705,22.1762911261496,309.287101968564));
#4336=CARTESIAN_POINT('Ctrl Pts',(-155.990886024559,22.1693497863604,309.238050064194));
#4337=CARTESIAN_POINT('Ctrl Pts',(-155.941742294903,22.161964509497,309.153809324792));
#4338=CARTESIAN_POINT('Ctrl Pts',(-155.928748914128,22.159994341762,309.123963132433));
#4339=CARTESIAN_POINT('Ctrl Pts',(-155.91132576184,22.1573466936768,309.062630286077));
#4340=CARTESIAN_POINT('Ctrl Pts',(-155.906894942463,22.1566694348872,309.031143920194));
#4341=CARTESIAN_POINT('Ctrl Pts',(-155.906894942463,22.1566694348872,309.));
#4342=CARTESIAN_POINT('Origin',(-147.165785970184,31.6940249326744,243.5));
#4343=CARTESIAN_POINT('',(-141.412987152097,21.7363501123271,243.5));
#4344=CARTESIAN_POINT('',(-141.412987152097,21.7363501123271,325.5));
#4345=CARTESIAN_POINT('Origin',(-147.165785970184,31.6940249326744,243.5));
#4346=CARTESIAN_POINT('',(-147.5,20.1988824375909,273.));
#4347=CARTESIAN_POINT('Ctrl Pts',(-151.215308144503,20.9305974971549,270.81527436187));
#4348=CARTESIAN_POINT('Ctrl Pts',(-151.137279324175,20.9012407295222,270.771868883765));
#4349=CARTESIAN_POINT('Ctrl Pts',(-151.056602778602,20.8718618462452,270.732481380544));
#4350=CARTESIAN_POINT('Ctrl Pts',(-150.663250246701,20.7338159511553,270.566089314019));
#4351=CARTESIAN_POINT('Ctrl Pts',(-150.323109517771,20.6309123956448,270.5));
#4352=CARTESIAN_POINT('Ctrl Pts',(-149.69121073222,20.4702222506729,270.5));
#4353=CARTESIAN_POINT('Ctrl Pts',(-149.357806650461,20.4005259269213,270.560904739638));
#4354=CARTESIAN_POINT('Ctrl Pts',(-148.739923864762,20.2979657763778,270.815095821858));
#4355=CARTESIAN_POINT('Ctrl Pts',(-148.455625593951,20.2643609584758,271.008521194203));
#4356=CARTESIAN_POINT('Ctrl Pts',(-148.009710247109,20.2228796813201,271.455072118797));
#4357=CARTESIAN_POINT('Ctrl Pts',(-147.817565255687,20.2118014922882,271.735901071191));
#4358=CARTESIAN_POINT('Ctrl Pts',(-147.562712309008,20.2001691489305,272.351466026045));
#4359=CARTESIAN_POINT('Ctrl Pts',(-147.5,20.1988824375909,272.686186164788));
#4360=CARTESIAN_POINT('Ctrl Pts',(-147.5,20.1988824375909,273.));
#4361=CARTESIAN_POINT('',(-147.5,20.1988824375909,280.));
#4362=CARTESIAN_POINT('',(-147.5,20.1988824375909,243.5));
#4363=CARTESIAN_POINT('Ctrl Pts',(-147.5,20.1988824375909,280.));
#4364=CARTESIAN_POINT('Ctrl Pts',(-147.5,20.1988824375909,280.313813835212));
#4365=CARTESIAN_POINT('Ctrl Pts',(-147.562712309008,20.2001691489305,280.648533973955));
#4366=CARTESIAN_POINT('Ctrl Pts',(-147.817565255687,20.2118014922882,281.264098928809));
#4367=CARTESIAN_POINT('Ctrl Pts',(-148.009710247109,20.2228796813201,281.544927881203));
#4368=CARTESIAN_POINT('Ctrl Pts',(-148.455625593951,20.2643609584758,281.991478805797));
#4369=CARTESIAN_POINT('Ctrl Pts',(-148.739923864762,20.2979657763778,282.184904178142));
#4370=CARTESIAN_POINT('Ctrl Pts',(-149.357806650461,20.4005259269213,282.439095260362));
#4371=CARTESIAN_POINT('Ctrl Pts',(-149.69121073222,20.4702222506729,282.5));
#4372=CARTESIAN_POINT('Ctrl Pts',(-150.323109517771,20.6309123956448,282.5));
#4373=CARTESIAN_POINT('Ctrl Pts',(-150.663250246701,20.7338159511553,282.433910685981));
#4374=CARTESIAN_POINT('Ctrl Pts',(-151.056602778602,20.8718618462451,282.267518619456));
#4375=CARTESIAN_POINT('Ctrl Pts',(-151.137279324175,20.9012407295222,282.228131116235));
#4376=CARTESIAN_POINT('Ctrl Pts',(-151.215308144503,20.9305974971549,282.18472563813));
#4377=CARTESIAN_POINT('',(-147.5,20.1988824375909,296.));
#4378=CARTESIAN_POINT('Ctrl Pts',(-151.215308144503,20.9305974971549,293.81527436187));
#4379=CARTESIAN_POINT('Ctrl Pts',(-151.137279324175,20.9012407295222,293.771868883765));
#4380=CARTESIAN_POINT('Ctrl Pts',(-151.056602778602,20.8718618462451,293.732481380544));
#4381=CARTESIAN_POINT('Ctrl Pts',(-150.663250246701,20.7338159511553,293.566089314019));
#4382=CARTESIAN_POINT('Ctrl Pts',(-150.323109517771,20.6309123956448,293.5));
#4383=CARTESIAN_POINT('Ctrl Pts',(-149.69121073222,20.4702222506729,293.5));
#4384=CARTESIAN_POINT('Ctrl Pts',(-149.357806650461,20.4005259269213,293.560904739638));
#4385=CARTESIAN_POINT('Ctrl Pts',(-148.739923864762,20.2979657763778,293.815095821858));
#4386=CARTESIAN_POINT('Ctrl Pts',(-148.455625593951,20.2643609584758,294.008521194203));
#4387=CARTESIAN_POINT('Ctrl Pts',(-148.009710247109,20.2228796813201,294.455072118797));
#4388=CARTESIAN_POINT('Ctrl Pts',(-147.817565255687,20.2118014922882,294.735901071191));
#4389=CARTESIAN_POINT('Ctrl Pts',(-147.562712309008,20.2001691489305,295.351466026045));
#4390=CARTESIAN_POINT('Ctrl Pts',(-147.5,20.1988824375909,295.686186164788));
#4391=CARTESIAN_POINT('Ctrl Pts',(-147.5,20.1988824375909,296.));
#4392=CARTESIAN_POINT('',(-147.5,20.1988824375909,303.));
#4393=CARTESIAN_POINT('',(-147.5,20.1988824375909,243.5));
#4394=CARTESIAN_POINT('Ctrl Pts',(-147.5,20.1988824375909,303.));
#4395=CARTESIAN_POINT('Ctrl Pts',(-147.5,20.1988824375909,303.313813835212));
#4396=CARTESIAN_POINT('Ctrl Pts',(-147.562712309008,20.2001691489305,303.648533973955));
#4397=CARTESIAN_POINT('Ctrl Pts',(-147.817565255687,20.2118014922882,304.264098928809));
#4398=CARTESIAN_POINT('Ctrl Pts',(-148.009710247109,20.2228796813201,304.544927881203));
#4399=CARTESIAN_POINT('Ctrl Pts',(-148.455625593951,20.2643609584758,304.991478805797));
#4400=CARTESIAN_POINT('Ctrl Pts',(-148.739923864762,20.2979657763778,305.184904178142));
#4401=CARTESIAN_POINT('Ctrl Pts',(-149.357806650461,20.4005259269213,305.439095260362));
#4402=CARTESIAN_POINT('Ctrl Pts',(-149.69121073222,20.4702222506729,305.5));
#4403=CARTESIAN_POINT('Ctrl Pts',(-150.323109517771,20.6309123956448,305.5));
#4404=CARTESIAN_POINT('Ctrl Pts',(-150.663250246701,20.7338159511553,305.433910685981));
#4405=CARTESIAN_POINT('Ctrl Pts',(-151.056602778602,20.8718618462451,305.267518619456));
#4406=CARTESIAN_POINT('Ctrl Pts',(-151.137279324175,20.9012407295222,305.228131116235));
#4407=CARTESIAN_POINT('Ctrl Pts',(-151.215308144503,20.9305974971549,305.18472563813));
#4408=CARTESIAN_POINT('Origin',(-138.520442908507,18.2891501182915,241.));
#4409=CARTESIAN_POINT('',(-135.627898665519,14.8419501237517,309.442842946785));
#4410=CARTESIAN_POINT('',(-135.627898664918,14.8419501242561,243.5));
#4411=CARTESIAN_POINT('',(-135.627898664918,14.8419501242561,243.5));
#4412=CARTESIAN_POINT('',(-135.627898664918,14.8419501242561,243.5));
#4413=CARTESIAN_POINT('',(-138.552582288992,18.3274523404476,243.5));
#4414=CARTESIAN_POINT('',(-137.194214455698,16.7086125950551,320.018245687945));
#4415=CARTESIAN_POINT('Origin',(-138.672625957977,18.4705148142287,320.018245687945));
#4416=CARTESIAN_POINT('',(-137.130406090664,16.6325687467891,255.008081456577));
#4417=CARTESIAN_POINT('Origin',(-138.608817592943,18.3944709659627,255.008081456577));
#4418=CARTESIAN_POINT('Origin',(-138.672625957977,18.4705148142287,320.018245687945));
#4419=CARTESIAN_POINT('',(-141.177645559916,13.366117024685,320.018245687945));
#4420=CARTESIAN_POINT('',(-137.194214455698,16.7086125950551,320.018245687945));
#4421=CARTESIAN_POINT('Origin',(-142.656057062195,15.1280192438587,320.018245687945));
#4422=CARTESIAN_POINT('Origin',(-142.656057062195,15.1280192438587,320.018245687945));
#4423=CARTESIAN_POINT('Origin',(-138.608817592943,18.3944709659627,255.008081456577));
#4424=CARTESIAN_POINT('',(-141.113837194883,13.290073176419,255.008081456577));
#4425=CARTESIAN_POINT('',(-137.130406090664,16.6325687467891,255.008081456577));
#4426=CARTESIAN_POINT('Origin',(-142.592248697162,15.0519753955927,255.008081456577));
#4427=CARTESIAN_POINT('Origin',(-142.592248697162,15.0519753955927,255.008081456577));
#4428=CARTESIAN_POINT('Origin',(-182.045682844194,-17.923016172838,314.922291874354));
#4429=CARTESIAN_POINT('',(-179.540663242255,-12.8186183832941,314.922291874354));
#4430=CARTESIAN_POINT('',(-183.524094346473,-16.1611139536646,314.922291874354));
#4431=CARTESIAN_POINT('Origin',(-178.062251739976,-14.5805206024675,314.922291874354));
#4432=CARTESIAN_POINT('Origin',(-178.062251739976,-14.5805206024675,314.922291874354));
#4433=CARTESIAN_POINT('Origin',(-181.840954921693,-18.1670014099825,259.862433311033));
#4434=CARTESIAN_POINT('',(-179.335935319754,-13.0626036204386,259.862433311033));
#4435=CARTESIAN_POINT('',(-183.319366423972,-16.405099190809,259.862433311033));
#4436=CARTESIAN_POINT('Origin',(-177.857523817475,-14.8245058396121,259.862433311033));
#4437=CARTESIAN_POINT('Origin',(-177.857523817475,-14.8245058396121,259.862433311033));
#4438=CARTESIAN_POINT('Origin',(-142.890423191779,9.40067211701695,328.));
#4439=CARTESIAN_POINT('',(-140.640666557877,6.71951656610057,309.5));
#4440=CARTESIAN_POINT('',(-140.640666557877,6.71951656610053,328.));
#4441=CARTESIAN_POINT('',(-140.132189360417,7.24610809347861,309.5));
#4442=CARTESIAN_POINT('Origin',(-142.890423191779,9.40067211701695,309.5));
#4443=CARTESIAN_POINT('',(-139.92357773816,7.54383931518479,309.355907289616));
#4444=CARTESIAN_POINT('Ctrl Pts',(-140.132189360417,7.24610809347861,309.5));
#4445=CARTESIAN_POINT('Ctrl Pts',(-140.092074188954,7.29746280926843,309.5));
#4446=CARTESIAN_POINT('Ctrl Pts',(-140.050874952405,7.35345685481296,309.48710893046));
#4447=CARTESIAN_POINT('Ctrl Pts',(-139.979037505442,7.45705229843015,309.436141670185));
#4448=CARTESIAN_POINT('Ctrl Pts',(-139.947969237422,7.50486660379762,309.399062975131));
#4449=CARTESIAN_POINT('Ctrl Pts',(-139.923577738123,7.54383931514196,309.355907289598));
#4450=CARTESIAN_POINT('',(-139.490694294891,8.5689008578001,309.5));
#4451=CARTESIAN_POINT('Ctrl Pts',(-139.923577738121,7.54383931514475,309.35590728968));
#4452=CARTESIAN_POINT('Ctrl Pts',(-139.882915185201,7.60880989846459,309.371830907716));
#4453=CARTESIAN_POINT('Ctrl Pts',(-139.844653357601,7.67469093289351,309.387135758303));
#4454=CARTESIAN_POINT('Ctrl Pts',(-139.711609843871,7.92176931896482,309.440168417423));
#4455=CARTESIAN_POINT('Ctrl Pts',(-139.629678225187,8.11203785291099,309.472638166792));
#4456=CARTESIAN_POINT('Ctrl Pts',(-139.538603204019,8.38950603614395,309.495584283396));
#4457=CARTESIAN_POINT('Ctrl Pts',(-139.515089974228,8.47098269970204,309.49951385453));
#4458=CARTESIAN_POINT('Ctrl Pts',(-139.493253439328,8.55849256488396,309.499985880502));
#4459=CARTESIAN_POINT('Ctrl Pts',(-139.491967854219,8.56369539247397,309.5));
#4460=CARTESIAN_POINT('Ctrl Pts',(-139.490694294891,8.5689008578001,309.5));
#4461=CARTESIAN_POINT('',(-139.490694294891,8.5689008578001,328.));
#4462=CARTESIAN_POINT('Origin',(-127.834480934129,5.71711368334233,328.));
#4463=CARTESIAN_POINT('',(-135.652513081751,14.8208696850564,309.5));
#4464=CARTESIAN_POINT('Origin',(-127.834480934129,5.71711368334233,309.5));
#4465=CARTESIAN_POINT('Ctrl Pts',(-135.627898664917,14.841950124257,309.44284294884));
#4466=CARTESIAN_POINT('Ctrl Pts',(-135.627898664917,14.841950124257,309.451887825645));
#4467=CARTESIAN_POINT('Ctrl Pts',(-135.628686260232,14.8412784727012,309.463450122642));
#4468=CARTESIAN_POINT('Ctrl Pts',(-135.63423029654,14.83653899375,309.481332329863));
#4469=CARTESIAN_POINT('Ctrl Pts',(-135.637044288862,14.8341318742646,309.486719604741));
#4470=CARTESIAN_POINT('Ctrl Pts',(-135.641851832595,14.8300147208109,309.493176612003));
#4471=CARTESIAN_POINT('Ctrl Pts',(-135.643894703203,14.8282642772765,309.495333767267));
#4472=CARTESIAN_POINT('Ctrl Pts',(-135.647127666337,14.8254918493046,309.497776196221));
#4473=CARTESIAN_POINT('Ctrl Pts',(-135.648195246815,14.824576046334,309.498454076318));
#4474=CARTESIAN_POINT('Ctrl Pts',(-135.649807803425,14.8231922248863,309.499240861844));
#4475=CARTESIAN_POINT('Ctrl Pts',(-135.650350347611,14.822726557762,309.499468722627));
#4476=CARTESIAN_POINT('Ctrl Pts',(-135.651157403855,14.8220337319241,309.499735973741));
#4477=CARTESIAN_POINT('Ctrl Pts',(-135.651430642775,14.8217991462685,309.499814661862));
#4478=CARTESIAN_POINT('Ctrl Pts',(-135.651834507983,14.8214523816032,309.499907395033));
#4479=CARTESIAN_POINT('Ctrl Pts',(-135.651971596434,14.8213346701321,309.499934900759));
#4480=CARTESIAN_POINT('Ctrl Pts',(-135.652173627164,14.8211611878949,309.499967389842));
#4481=CARTESIAN_POINT('Ctrl Pts',(-135.652242286126,14.8211022296391,309.499977060121));
#4482=CARTESIAN_POINT('Ctrl Pts',(-135.65234332693,14.8210154627559,309.499988494885));
#4483=CARTESIAN_POINT('Ctrl Pts',(-135.652377685184,14.8209859579193,309.499991904237));
#4484=CARTESIAN_POINT('Ctrl Pts',(-135.65242821364,14.8209425665807,309.499995937796));
#4485=CARTESIAN_POINT('Ctrl Pts',(-135.652445399173,14.8209278084108,309.499997141296));
#4486=CARTESIAN_POINT('Ctrl Pts',(-135.652470661992,14.8209061137064,309.499998565342));
#4487=CARTESIAN_POINT('Ctrl Pts',(-135.652479258215,14.8208987315907,309.499998990575));
#4488=CARTESIAN_POINT('Ctrl Pts',(-135.65249188678,14.8208878866195,309.499999493448));
#4489=CARTESIAN_POINT('Ctrl Pts',(-135.652496187747,14.8208841930943,309.499999643801));
#4490=CARTESIAN_POINT('Ctrl Pts',(-135.652504633542,14.8208769401195,309.499999881369));
#4491=CARTESIAN_POINT('Ctrl Pts',(-135.652509055142,14.8208731429884,309.499999976177));
#4492=CARTESIAN_POINT('Ctrl Pts',(-135.652513081745,14.8208696850619,309.499999999636));
#4493=CARTESIAN_POINT('Ctrl Pts',(-139.830868517264,6.01153677212577,309.5));
#4494=CARTESIAN_POINT('Ctrl Pts',(-139.814859103574,6.66384679437886,309.5));
#4495=CARTESIAN_POINT('Ctrl Pts',(-139.678669313339,8.15249528133281,309.5));
#4496=CARTESIAN_POINT('Ctrl Pts',(-139.020912582695,10.2254702136487,309.5));
#4497=CARTESIAN_POINT('Ctrl Pts',(-138.287744311475,11.6282134992742,309.5));
#4498=CARTESIAN_POINT('Ctrl Pts',(-137.724386839365,12.5520215912476,309.5));
#4499=CARTESIAN_POINT('Ctrl Pts',(-137.041485518417,13.4507183788079,309.5));
#4500=CARTESIAN_POINT('Ctrl Pts',(-136.349095816235,14.1812919283345,309.5));
#4501=CARTESIAN_POINT('Ctrl Pts',(-135.985751039044,14.5257857847855,309.5));
#4502=CARTESIAN_POINT('Ctrl Pts',(-135.7988838455,14.6935124910541,309.5));
#4503=CARTESIAN_POINT('Ctrl Pts',(-135.699554288902,14.7804408397244,309.5));
#4504=CARTESIAN_POINT('Ctrl Pts',(-135.652513081751,14.8208696850564,309.5));
#4505=CARTESIAN_POINT('Ctrl Pts',(-135.652510471231,14.8208718753564,309.500002094701));
#4506=CARTESIAN_POINT('Ctrl Pts',(-140.62116226332,7.03643057293217,309.259112069383));
#4507=CARTESIAN_POINT('Ctrl Pts',(-140.492999071775,7.62804903615996,309.152957294052));
#4508=CARTESIAN_POINT('Ctrl Pts',(-140.064035588991,8.98463336011352,309.00830042501));
#4509=CARTESIAN_POINT('Ctrl Pts',(-139.102151938365,10.802451870156,309.043154001422));
#4510=CARTESIAN_POINT('Ctrl Pts',(-138.25810230493,12.0168982299501,309.135457581124));
#4511=CARTESIAN_POINT('Ctrl Pts',(-137.646012913222,12.8169983853947,309.21102115759));
#4512=CARTESIAN_POINT('Ctrl Pts',(-136.956760488201,13.599361307714,309.306803711823));
#4513=CARTESIAN_POINT('Ctrl Pts',(-136.294157537367,14.2483845825627,309.399227580251));
#4514=CARTESIAN_POINT('Ctrl Pts',(-135.953403497095,14.5589540992149,309.446741901763));
#4515=CARTESIAN_POINT('Ctrl Pts',(-135.779689225797,14.711500322073,309.471343106257));
#4516=CARTESIAN_POINT('Ctrl Pts',(-135.687701768842,14.7909092133056,309.485923445118));
#4517=CARTESIAN_POINT('Ctrl Pts',(-135.64425337933,14.8279628693477,309.494724773967));
#4518=CARTESIAN_POINT('Ctrl Pts',(-135.64425337933,14.8279628693477,309.5));
#4519=CARTESIAN_POINT('Ctrl Pts',(-141.723474204609,8.81165890146736,307.920530783859));
#4520=CARTESIAN_POINT('Ctrl Pts',(-141.320331616309,9.28637798059325,307.813179992452));
#4521=CARTESIAN_POINT('Ctrl Pts',(-140.364582043261,10.3543656823551,307.767276458361));
#4522=CARTESIAN_POINT('Ctrl Pts',(-139.034873192404,11.7184929321704,308.10423094111));
#4523=CARTESIAN_POINT('Ctrl Pts',(-138.091312707442,12.6308145295612,308.440339891062));
#4524=CARTESIAN_POINT('Ctrl Pts',(-137.449924602215,13.2366183963218,308.687437776705));
#4525=CARTESIAN_POINT('Ctrl Pts',(-136.787269955732,13.8397757595308,308.965219726662));
#4526=CARTESIAN_POINT('Ctrl Pts',(-136.192684541999,14.3601311041132,309.222711330711));
#4527=CARTESIAN_POINT('Ctrl Pts',(-135.895294725629,14.615312151439,309.353530170716));
#4528=CARTESIAN_POINT('Ctrl Pts',(-135.745640194159,14.7424459570342,309.421209561336));
#4529=CARTESIAN_POINT('Ctrl Pts',(-135.666836703803,14.8090803932138,309.461301735472));
#4530=CARTESIAN_POINT('Ctrl Pts',(-135.629758356029,14.8403287300718,309.485492783695));
#4531=CARTESIAN_POINT('Ctrl Pts',(-135.629758356029,14.8403287300719,309.5));
#4532=CARTESIAN_POINT('Ctrl Pts',(-141.791982843224,9.66966936369341,305.66889828859));
#4533=CARTESIAN_POINT('Ctrl Pts',(-141.183827324615,10.1790740127363,305.772527132694));
#4534=CARTESIAN_POINT('Ctrl Pts',(-139.967269123352,11.1998812697733,306.197035024344));
#4535=CARTESIAN_POINT('Ctrl Pts',(-138.611787446386,12.3375217266401,307.045754051307));
#4536=CARTESIAN_POINT('Ctrl Pts',(-137.733853393852,13.0744243151159,307.695702747745));
#4537=CARTESIAN_POINT('Ctrl Pts',(-137.155169089205,13.5600461814881,308.145983208312));
#4538=CARTESIAN_POINT('Ctrl Pts',(-136.581498324667,14.041670952999,308.619690490427));
#4539=CARTESIAN_POINT('Ctrl Pts',(-136.081631865406,14.461174959203,309.045524129075));
#4540=CARTESIAN_POINT('Ctrl Pts',(-135.83449864666,14.6685832074926,309.260208072274));
#4541=CARTESIAN_POINT('Ctrl Pts',(-135.710756609512,14.7724207715616,309.371050436299));
#4542=CARTESIAN_POINT('Ctrl Pts',(-135.645739019653,14.8269789304212,309.436673631405));
#4543=CARTESIAN_POINT('Ctrl Pts',(-135.615192921911,14.8526115085266,309.476260534881));
#4544=CARTESIAN_POINT('Ctrl Pts',(-135.615192921911,14.8526115085266,309.5));
#4545=CARTESIAN_POINT('Ctrl Pts',(-141.628324788002,9.80699477746951,304.704963939328));
#4546=CARTESIAN_POINT('Ctrl Pts',(-140.961805096178,10.3662712050516,304.897802988488));
#4547=CARTESIAN_POINT('Ctrl Pts',(-139.689462930667,11.4338930468629,305.523356474786));
#4548=CARTESIAN_POINT('Ctrl Pts',(-138.374999156272,12.5368591151536,306.591443111188));
#4549=CARTESIAN_POINT('Ctrl Pts',(-137.550479200487,13.2287135059511,307.376104999299));
#4550=CARTESIAN_POINT('Ctrl Pts',(-137.012895460482,13.6797998239159,307.913500790404));
#4551=CARTESIAN_POINT('Ctrl Pts',(-136.48717493428,14.1209317235545,308.471474184846));
#4552=CARTESIAN_POINT('Ctrl Pts',(-136.032393002586,14.5025390747054,308.969531139471));
#4553=CARTESIAN_POINT('Ctrl Pts',(-135.807969464161,14.6908527830254,309.220202489297));
#4554=CARTESIAN_POINT('Ctrl Pts',(-135.695658880101,14.7850925526875,309.349549851522));
#4555=CARTESIAN_POINT('Ctrl Pts',(-135.636656296195,14.8346015990811,309.426117150331));
#4556=CARTESIAN_POINT('Ctrl Pts',(-135.608937735341,14.8578602332704,309.472303856818));
#4557=CARTESIAN_POINT('Ctrl Pts',(-135.608937735341,14.8578602332704,309.5));
#4558=CARTESIAN_POINT('',(-140.236602445116,8.14840467571322,308.999999999993));
#4559=CARTESIAN_POINT('Ctrl Pts',(-140.236602445114,8.14840467571056,308.999999999988));
#4560=CARTESIAN_POINT('Ctrl Pts',(-140.144613008454,8.03877593409488,309.105638657711));
#4561=CARTESIAN_POINT('Ctrl Pts',(-140.061591081308,7.88834175684064,309.204973951215));
#4562=CARTESIAN_POINT('Ctrl Pts',(-139.964389451742,7.65525035007283,309.312538091296));
#4563=CARTESIAN_POINT('Ctrl Pts',(-139.943075067635,7.59927229066137,309.335486153944));
#4564=CARTESIAN_POINT('Ctrl Pts',(-139.923577738207,7.54383931521363,309.355907289616));
#4565=CARTESIAN_POINT('',(-141.628324787996,9.80699477747455,304.704963939293));
#4566=CARTESIAN_POINT('Ctrl Pts',(-140.236602445114,8.14840467571058,308.999999999988));
#4567=CARTESIAN_POINT('Ctrl Pts',(-140.411858865303,8.3572671440958,308.798739358998));
#4568=CARTESIAN_POINT('Ctrl Pts',(-140.574418617777,8.55099831311825,308.570427887374));
#4569=CARTESIAN_POINT('Ctrl Pts',(-140.991691477104,9.04828474231319,307.860789935354));
#4570=CARTESIAN_POINT('Ctrl Pts',(-141.208926199857,9.30717500359023,307.330383310766));
#4571=CARTESIAN_POINT('Ctrl Pts',(-141.537236414666,9.69843988157467,306.10629707953));
#4572=CARTESIAN_POINT('Ctrl Pts',(-141.628324787868,9.80699477758175,305.40895091678));
#4573=CARTESIAN_POINT('Ctrl Pts',(-141.628324787868,9.80699477758175,304.704963939367));
#4574=CARTESIAN_POINT('Ctrl Pts',(-141.628324788002,9.80699477746951,304.704963939328));
#4575=CARTESIAN_POINT('Ctrl Pts',(-140.961805096178,10.3662712050516,304.897802988488));
#4576=CARTESIAN_POINT('Ctrl Pts',(-139.689462930667,11.4338930468629,305.523356474786));
#4577=CARTESIAN_POINT('Ctrl Pts',(-138.374999156272,12.5368591151536,306.591443111188));
#4578=CARTESIAN_POINT('Ctrl Pts',(-137.550479200487,13.2287135059511,307.376104999299));
#4579=CARTESIAN_POINT('Ctrl Pts',(-137.012895460482,13.6797998239159,307.913500790404));
#4580=CARTESIAN_POINT('Ctrl Pts',(-136.48717493428,14.1209317235545,308.471474184846));
#4581=CARTESIAN_POINT('Ctrl Pts',(-136.032393002586,14.5025390747054,308.969531139471));
#4582=CARTESIAN_POINT('Ctrl Pts',(-135.807969464161,14.6908527830254,309.220202489297));
#4583=CARTESIAN_POINT('Ctrl Pts',(-135.695658880101,14.7850925526875,309.349549851522));
#4584=CARTESIAN_POINT('Ctrl Pts',(-135.648097322757,14.8250014379128,309.411270198868));
#4585=CARTESIAN_POINT('Ctrl Pts',(-135.630705173602,14.8395951838546,309.437668734829));
#4586=CARTESIAN_POINT('Ctrl Pts',(-135.62769193779,14.8421235889129,309.442635515322));
#4587=CARTESIAN_POINT('Origin',(-150.101592946666,19.1271806334131,309.));
#4588=CARTESIAN_POINT('',(-142.975528423958,10.6346676374171,309.5));
#4589=CARTESIAN_POINT('',(-150.101592946666,19.1271806334131,309.5));
#4590=CARTESIAN_POINT('',(-142.592506202398,10.9560614422604,309.));
#4591=CARTESIAN_POINT('Origin',(-142.975528423958,10.6346676374171,309.));
#4592=CARTESIAN_POINT('',(-149.718570725107,19.4485744382564,309.));
#4593=CARTESIAN_POINT('Origin',(-172.416746366878,-15.3748547692292,285.049753527386));
#4594=CARTESIAN_POINT('',(-172.188162538596,-18.8673824260199,309.5));
#4595=CARTESIAN_POINT('',(-172.188162538596,-18.8673824260199,285.049753527386));
#4596=CARTESIAN_POINT('',(-171.103448549911,-18.6191187598701,309.355882987657));
#4597=CARTESIAN_POINT('Ctrl Pts',(-172.188162538596,-18.8673824260199,309.5));
#4598=CARTESIAN_POINT('Ctrl Pts',(-172.166713705492,-18.8659786128322,309.5));
#4599=CARTESIAN_POINT('Ctrl Pts',(-172.145271888846,-18.8643768143164,309.499772823618));
#4600=CARTESIAN_POINT('Ctrl Pts',(-171.912472889826,-18.844825965569,309.494968844134));
#4601=CARTESIAN_POINT('Ctrl Pts',(-171.703586162978,-18.8078421459087,309.469893996376));
#4602=CARTESIAN_POINT('Ctrl Pts',(-171.367595826542,-18.7167740430357,309.412616278134));
#4603=CARTESIAN_POINT('Ctrl Pts',(-171.234690017248,-18.6722461054104,309.385300826401));
#4604=CARTESIAN_POINT('Ctrl Pts',(-171.103448549655,-18.619118760226,309.355882988155));
#4605=CARTESIAN_POINT('',(-170.773983109124,-18.4653771973913,309.5));
#4606=CARTESIAN_POINT('Ctrl Pts',(-171.103448549631,-18.6191187602163,309.355882987519));
#4607=CARTESIAN_POINT('Ctrl Pts',(-171.06082689637,-18.6018652554612,309.399048861719));
#4608=CARTESIAN_POINT('Ctrl Pts',(-171.008333836455,-18.5795700826157,309.436136833086));
#4609=CARTESIAN_POINT('Ctrl Pts',(-170.893824423854,-18.5268118409292,309.487108870098));
#4610=CARTESIAN_POINT('Ctrl Pts',(-170.83152517747,-18.4959636104821,309.5));
#4611=CARTESIAN_POINT('Ctrl Pts',(-170.773983109124,-18.4653771973913,309.5));
#4612=CARTESIAN_POINT('',(-170.166989732975,-18.0560103201455,309.5));
#4613=CARTESIAN_POINT('Origin',(-172.416746366878,-15.3748547692292,309.5));
#4614=CARTESIAN_POINT('',(-170.166989732975,-18.0560103201456,285.049753527386));
#4615=CARTESIAN_POINT('Ctrl Pts',(-178.964031345354,-21.5222846279984,309.500002106793));
#4616=CARTESIAN_POINT('Ctrl Pts',(-178.964028740838,-21.5222824421537,309.5));
#4617=CARTESIAN_POINT('Ctrl Pts',(-178.852897241548,-21.4324752992585,309.5));
#4618=CARTESIAN_POINT('Ctrl Pts',(-178.641482193303,-21.2682399767513,309.5));
#4619=CARTESIAN_POINT('Ctrl Pts',(-178.23710791917,-20.9701100540712,309.5));
#4620=CARTESIAN_POINT('Ctrl Pts',(-177.414865348904,-20.4292426090697,309.5));
#4621=CARTESIAN_POINT('Ctrl Pts',(-176.399606707206,-19.9067840875337,309.5));
#4622=CARTESIAN_POINT('Ctrl Pts',(-175.393396799326,-19.5155614751158,309.5));
#4623=CARTESIAN_POINT('Ctrl Pts',(-174.392104802797,-19.1999175787656,309.5));
#4624=CARTESIAN_POINT('Ctrl Pts',(-173.17036800522,-18.9442858929124,309.5));
#4625=CARTESIAN_POINT('Ctrl Pts',(-171.370129324448,-18.7885400391015,309.5));
#4626=CARTESIAN_POINT('Ctrl Pts',(-170.252365735225,-18.8795613756006,309.5));
#4627=CARTESIAN_POINT('Ctrl Pts',(-169.610388682894,-18.9766310069577,309.5));
#4628=CARTESIAN_POINT('Ctrl Pts',(-178.976324036884,-21.5322558844211,309.5));
#4629=CARTESIAN_POINT('Ctrl Pts',(-178.976324036884,-21.5322558844211,309.489462936167));
#4630=CARTESIAN_POINT('Ctrl Pts',(-178.874508502039,-21.4489743517334,309.473327597981));
#4631=CARTESIAN_POINT('Ctrl Pts',(-178.681734204981,-21.2953819633097,309.44492251291));
#4632=CARTESIAN_POINT('Ctrl Pts',(-178.315015896691,-21.0133040860583,309.397269583487));
#4633=CARTESIAN_POINT('Ctrl Pts',(-177.576792039714,-20.4865887706825,309.306049719213));
#4634=CARTESIAN_POINT('Ctrl Pts',(-176.676038683505,-19.9372542975654,309.209540174006));
#4635=CARTESIAN_POINT('Ctrl Pts',(-175.783210093772,-19.4759089745859,309.134197975949));
#4636=CARTESIAN_POINT('Ctrl Pts',(-174.891564112162,-19.0651216434937,309.073649592323));
#4637=CARTESIAN_POINT('Ctrl Pts',(-173.792574008643,-18.6483538287739,309.030651636781));
#4638=CARTESIAN_POINT('Ctrl Pts',(-172.14183833602,-18.1840934864631,309.046840241826));
#4639=CARTESIAN_POINT('Ctrl Pts',(-171.084378448077,-18.0436682263947,309.153502057385));
#4640=CARTESIAN_POINT('Ctrl Pts',(-170.482495028283,-18.0203419839643,309.25914308173));
#4641=CARTESIAN_POINT('Ctrl Pts',(-178.997757908408,-21.5498116035589,309.5));
#4642=CARTESIAN_POINT('Ctrl Pts',(-178.997757908408,-21.5498116035589,309.471021618431));
#4643=CARTESIAN_POINT('Ctrl Pts',(-178.91194732439,-21.4782961552125,309.42671052868));
#4644=CARTESIAN_POINT('Ctrl Pts',(-178.750644234465,-21.3448256401669,309.348536990689));
#4645=CARTESIAN_POINT('Ctrl Pts',(-178.446494573686,-21.0954816476861,309.217302692983));
#4646=CARTESIAN_POINT('Ctrl Pts',(-177.844287370148,-20.6115281601659,308.963200829288));
#4647=CARTESIAN_POINT('Ctrl Pts',(-177.126564998138,-20.0569915686216,308.683062626099));
#4648=CARTESIAN_POINT('Ctrl Pts',(-176.419974191058,-19.5320022060017,308.436556251871));
#4649=CARTESIAN_POINT('Ctrl Pts',(-175.713950743506,-19.0200420951461,308.21412845256));
#4650=CARTESIAN_POINT('Ctrl Pts',(-174.836764764184,-18.4067985754787,307.989773267056));
#4651=CARTESIAN_POINT('Ctrl Pts',(-173.486231929702,-17.5058261120887,307.779467058786));
#4652=CARTESIAN_POINT('Ctrl Pts',(-172.57423542942,-16.9394800242506,307.813724639533));
#4653=CARTESIAN_POINT('Ctrl Pts',(-172.039379325829,-16.6264599864777,307.920558705542));
#4654=CARTESIAN_POINT('Ctrl Pts',(-179.019045019014,-21.5675447778254,309.5));
#4655=CARTESIAN_POINT('Ctrl Pts',(-179.019045019014,-21.5675447778255,309.452579208637));
#4656=CARTESIAN_POINT('Ctrl Pts',(-178.948668483292,-21.5084987535366,309.380059760392));
#4657=CARTESIAN_POINT('Ctrl Pts',(-178.816721293443,-21.397786624184,309.252018868561));
#4658=CARTESIAN_POINT('Ctrl Pts',(-178.568613647075,-21.1896420784635,309.036579883373));
#4659=CARTESIAN_POINT('Ctrl Pts',(-178.079732299127,-20.7794956589866,308.616290839126));
#4660=CARTESIAN_POINT('Ctrl Pts',(-177.498697059315,-20.2922170654906,308.138251192565));
#4661=CARTESIAN_POINT('Ctrl Pts',(-176.920991703852,-19.8075337410702,307.688605721293));
#4662=CARTESIAN_POINT('Ctrl Pts',(-176.337097957393,-19.317708838265,307.257251776766));
#4663=CARTESIAN_POINT('Ctrl Pts',(-175.593831276456,-18.6942552513995,306.758514945008));
#4664=CARTESIAN_POINT('Ctrl Pts',(-174.388385178651,-17.6825156823593,306.089413333488));
#4665=CARTESIAN_POINT('Ctrl Pts',(-173.476792333291,-16.9179367029728,305.772012204176));
#4666=CARTESIAN_POINT('Ctrl Pts',(-172.872487109371,-16.409970302834,305.668890232724));
#4667=CARTESIAN_POINT('Ctrl Pts',(-179.028140878886,-21.5751771104898,309.5));
#4668=CARTESIAN_POINT('Ctrl Pts',(-179.028140878887,-21.5751771104898,309.444675318727));
#4669=CARTESIAN_POINT('Ctrl Pts',(-178.964282178042,-21.5215932981639,309.360058529501));
#4670=CARTESIAN_POINT('Ctrl Pts',(-178.844523862347,-21.4211041396334,309.21064043154));
#4671=CARTESIAN_POINT('Ctrl Pts',(-178.619234499206,-21.2320639181136,308.959064171812));
#4672=CARTESIAN_POINT('Ctrl Pts',(-178.174480747243,-20.8588712088768,308.467466354179));
#4673=CARTESIAN_POINT('Ctrl Pts',(-177.642199790436,-20.4122344543377,307.904301489939));
#4674=CARTESIAN_POINT('Ctrl Pts',(-177.105445656025,-19.9618442581205,307.367534917532));
#4675=CARTESIAN_POINT('Ctrl Pts',(-176.556990435359,-19.5016356847419,306.846538806069));
#4676=CARTESIAN_POINT('Ctrl Pts',(-175.845321071218,-18.9044741837717,306.230054964287));
#4677=CARTESIAN_POINT('Ctrl Pts',(-174.652620705205,-17.9036797465449,305.364930792428));
#4678=CARTESIAN_POINT('Ctrl Pts',(-173.69942540977,-17.1038539257051,304.89683479829));
#4679=CARTESIAN_POINT('Ctrl Pts',(-173.036146955748,-16.547297219568,304.704935474444));
#4680=CARTESIAN_POINT('',(-178.964028740838,-21.5222824421537,309.5));
#4681=CARTESIAN_POINT('Origin',(-171.404446555915,-30.841762963588,309.5));
#4682=CARTESIAN_POINT('Ctrl Pts',(-178.964025080098,-21.5222794727114,309.499999999963));
#4683=CARTESIAN_POINT('Ctrl Pts',(-178.964029416266,-21.5222829900316,309.499999999941));
#4684=CARTESIAN_POINT('Ctrl Pts',(-178.964033752585,-21.5222865074788,309.49999996339));
#4685=CARTESIAN_POINT('Ctrl Pts',(-178.964041220964,-21.522292565535,309.499999819036));
#4686=CARTESIAN_POINT('Ctrl Pts',(-178.96404442586,-21.5222951652237,309.499999741871));
#4687=CARTESIAN_POINT('Ctrl Pts',(-178.964053819011,-21.5223027845965,309.499999484247));
#4688=CARTESIAN_POINT('Ctrl Pts',(-178.964060217131,-21.5223079745219,309.499999266107));
#4689=CARTESIAN_POINT('Ctrl Pts',(-178.964079021757,-21.5223232281933,309.499998535286));
#4690=CARTESIAN_POINT('Ctrl Pts',(-178.964091814442,-21.5223336052265,309.499997917574));
#4691=CARTESIAN_POINT('Ctrl Pts',(-178.964129428508,-21.5223641167271,309.499995847279));
#4692=CARTESIAN_POINT('Ctrl Pts',(-178.96415501338,-21.522384870647,309.499994097441));
#4693=CARTESIAN_POINT('Ctrl Pts',(-178.964230225863,-21.5224458819694,309.499988233628));
#4694=CARTESIAN_POINT('Ctrl Pts',(-178.964281370631,-21.5224873705821,309.499983276653));
#4695=CARTESIAN_POINT('Ctrl Pts',(-178.964431778184,-21.5226093831531,309.499966650323));
#4696=CARTESIAN_POINT('Ctrl Pts',(-178.964533980772,-21.5226922939783,309.499952588877));
#4697=CARTESIAN_POINT('Ctrl Pts',(-178.964834701954,-21.5229362591201,309.499905347319));
#4698=CARTESIAN_POINT('Ctrl Pts',(-178.965038749565,-21.5231018072039,309.49986535074));
#4699=CARTESIAN_POINT('Ctrl Pts',(-178.965639849166,-21.5235895240555,309.499730505048));
#4700=CARTESIAN_POINT('Ctrl Pts',(-178.966046492431,-21.5239195080943,309.49961608121));
#4701=CARTESIAN_POINT('Ctrl Pts',(-178.96724747361,-21.5248942110347,309.49922745778));
#4702=CARTESIAN_POINT('Ctrl Pts',(-178.968054685662,-21.525549512194,309.498896111468));
#4703=CARTESIAN_POINT('Ctrl Pts',(-178.970453475137,-21.5274973650054,309.497751994118));
#4704=CARTESIAN_POINT('Ctrl Pts',(-178.972040974019,-21.5287871513296,309.496766238184));
#4705=CARTESIAN_POINT('Ctrl Pts',(-178.976496713431,-21.5324090181421,309.49347326043));
#4706=CARTESIAN_POINT('Ctrl Pts',(-178.979574632367,-21.534913362496,309.490480841235));
#4707=CARTESIAN_POINT('Ctrl Pts',(-178.987017767875,-21.5409755346444,309.480688037522));
#4708=CARTESIAN_POINT('Ctrl Pts',(-178.991190079622,-21.5443794687463,309.472854266411));
#4709=CARTESIAN_POINT('Ctrl Pts',(-178.999405380762,-21.5510879474876,309.446850653749));
#4710=CARTESIAN_POINT('Ctrl Pts',(-179.000568989849,-21.552041548568,309.430037826137));
#4711=CARTESIAN_POINT('Ctrl Pts',(-179.000568989849,-21.552041548568,309.416889265742));
#4712=CARTESIAN_POINT('',(-173.036146955748,-16.5472972195681,304.704935474444));
#4713=CARTESIAN_POINT('Ctrl Pts',(-179.000568166473,-21.5520424913574,309.416889231913));
#4714=CARTESIAN_POINT('Ctrl Pts',(-178.994825713614,-21.5472239934449,309.407076286829));
#4715=CARTESIAN_POINT('Ctrl Pts',(-178.988473293144,-21.541893633161,309.397621489043));
#4716=CARTESIAN_POINT('Ctrl Pts',(-178.981885830738,-21.5363660213999,309.388406059703));
#4717=CARTESIAN_POINT('Ctrl Pts',(-178.976009413801,-21.5314350556683,309.380185336497));
#4718=CARTESIAN_POINT('Ctrl Pts',(-178.96994470619,-21.5263460742564,309.372155231036));
#4719=CARTESIAN_POINT('Ctrl Pts',(-178.963936606586,-21.5213045857954,309.364233390135));
#4720=CARTESIAN_POINT('Ctrl Pts',(-178.950185678623,-21.5097659713873,309.346102421817));
#4721=CARTESIAN_POINT('Ctrl Pts',(-178.936721855966,-21.4984682504367,309.328540736572));
#4722=CARTESIAN_POINT('Ctrl Pts',(-178.923225495828,-21.4871433162209,309.311328691343));
#4723=CARTESIAN_POINT('Ctrl Pts',(-178.908384873982,-21.4746903982176,309.292402295496));
#4724=CARTESIAN_POINT('Ctrl Pts',(-178.893507544246,-21.4622067656416,309.273900412717));
#4725=CARTESIAN_POINT('Ctrl Pts',(-178.878197130321,-21.4493598441526,309.255492937307));
#4726=CARTESIAN_POINT('Ctrl Pts',(-178.876499890888,-21.4479356957363,309.253452372416));
#4727=CARTESIAN_POINT('Ctrl Pts',(-178.874797329911,-21.4465070834791,309.25141291415));
#4728=CARTESIAN_POINT('Ctrl Pts',(-178.873088902556,-21.4450735503454,309.249374069704));
#4729=CARTESIAN_POINT('Ctrl Pts',(-178.869671288767,-21.4422058471378,309.245295474925));
#4730=CARTESIAN_POINT('Ctrl Pts',(-178.866230194961,-21.4393184482164,309.241219340332));
#4731=CARTESIAN_POINT('Ctrl Pts',(-178.862764216027,-21.4364101759388,309.23714414408));
#4732=CARTESIAN_POINT('Ctrl Pts',(-178.814935405846,-21.3962774442074,309.180908433558));
#4733=CARTESIAN_POINT('Ctrl Pts',(-178.765454313707,-21.3547586625379,309.125933483947));
#4734=CARTESIAN_POINT('Ctrl Pts',(-178.715859197355,-21.3131445382938,309.071513453387));
#4735=CARTESIAN_POINT('Ctrl Pts',(-178.704562685037,-21.3036658939894,309.059117947725));
#4736=CARTESIAN_POINT('Ctrl Pts',(-178.69326014787,-21.2941822099094,309.046751390914));
#4737=CARTESIAN_POINT('Ctrl Pts',(-178.681969562386,-21.2847085669397,309.034405709249));
#4738=CARTESIAN_POINT('Ctrl Pts',(-178.62203600039,-21.2344198401875,308.968871403825));
#4739=CARTESIAN_POINT('Ctrl Pts',(-178.562440759539,-21.1844153618908,308.903921745658));
#4740=CARTESIAN_POINT('Ctrl Pts',(-178.502916103458,-21.1344701739816,308.839212078278));
#4741=CARTESIAN_POINT('Ctrl Pts',(-178.441941172295,-21.0833081077865,308.772925806775));
#4742=CARTESIAN_POINT('Ctrl Pts',(-178.381040366003,-21.0322082920629,308.706891558554));
#4743=CARTESIAN_POINT('Ctrl Pts',(-178.319903594466,-20.9809101307769,308.640784471539));
#4744=CARTESIAN_POINT('Ctrl Pts',(-178.311743690284,-20.9740633825717,308.631961181034));
#4745=CARTESIAN_POINT('Ctrl Pts',(-178.303579549929,-20.9672130736923,308.623136655706));
#4746=CARTESIAN_POINT('Ctrl Pts',(-178.295410405931,-20.9603585593266,308.614310180288));
#4747=CARTESIAN_POINT('Ctrl Pts',(-178.234486361691,-20.9092387924886,308.548483873523));
#4748=CARTESIAN_POINT('Ctrl Pts',(-178.173286309243,-20.8578870122663,308.482546051164));
#4749=CARTESIAN_POINT('Ctrl Pts',(-178.111887258963,-20.8063674898395,308.416579764164));
#4750=CARTESIAN_POINT('Ctrl Pts',(-178.050625340484,-20.7549630337674,308.350760809666));
#4751=CARTESIAN_POINT('Ctrl Pts',(-177.989165239218,-20.7033915188421,308.284913405141));
#4752=CARTESIAN_POINT('Ctrl Pts',(-177.927556204295,-20.6516943591628,308.219158283627));
#4753=CARTESIAN_POINT('Ctrl Pts',(-177.865862492837,-20.5999261460043,308.153312787125));
#4754=CARTESIAN_POINT('Ctrl Pts',(-177.80401930829,-20.5480318486712,308.087559703486));
#4755=CARTESIAN_POINT('Ctrl Pts',(-177.742050249497,-20.4960317061838,308.022060456339));
#4756=CARTESIAN_POINT('Ctrl Pts',(-177.679757324487,-20.4437597975971,307.956218893305));
#4757=CARTESIAN_POINT('Ctrl Pts',(-177.617337019024,-20.3913808016332,307.89063368451));
#4758=CARTESIAN_POINT('Ctrl Pts',(-177.554789561799,-20.3388953970465,307.825511429306));
#4759=CARTESIAN_POINT('Ctrl Pts',(-177.538560721809,-20.3252773017529,307.80861452084));
#4760=CARTESIAN_POINT('Ctrl Pts',(-177.522323206944,-20.3116519456872,307.791749007482));
#4761=CARTESIAN_POINT('Ctrl Pts',(-177.506076788952,-20.2980191434211,307.774918981308));
#4762=CARTESIAN_POINT('Ctrl Pts',(-177.442830949295,-20.2449478740102,307.709401207643));
#4763=CARTESIAN_POINT('Ctrl Pts',(-177.379451625253,-20.1917649985905,307.644417662809));
#4764=CARTESIAN_POINT('Ctrl Pts',(-177.315708323158,-20.1382772603961,307.580089895782));
#4765=CARTESIAN_POINT('Ctrl Pts',(-177.272007574702,-20.1016074595615,307.535988453383));
#4766=CARTESIAN_POINT('Ctrl Pts',(-177.228135347738,-20.0647940125262,307.492196168236));
#4767=CARTESIAN_POINT('Ctrl Pts',(-177.184012628324,-20.0277706545021,307.448764935302));
#4768=CARTESIAN_POINT('Ctrl Pts',(-177.157284626081,-20.0053431974137,307.422455811417));
#4769=CARTESIAN_POINT('Ctrl Pts',(-177.13050474238,-19.9828722066189,307.396222339796));
#4770=CARTESIAN_POINT('Ctrl Pts',(-177.103664651012,-19.9603506958934,307.370062966293));
#4771=CARTESIAN_POINT('Ctrl Pts',(-176.968084227393,-19.8465852126515,307.237921130691));
#4772=CARTESIAN_POINT('Ctrl Pts',(-176.830967447678,-19.7315305809517,307.107670094761));
#4773=CARTESIAN_POINT('Ctrl Pts',(-176.692052111069,-19.6149667824766,306.979682351351));
#4774=CARTESIAN_POINT('Ctrl Pts',(-176.414531806322,-19.382099615576,306.723992818271));
#4775=CARTESIAN_POINT('Ctrl Pts',(-176.129830467208,-19.1432068417627,306.477337425731));
#4776=CARTESIAN_POINT('Ctrl Pts',(-175.838299423092,-18.8985831737354,306.245786069987));
#4777=CARTESIAN_POINT('Ctrl Pts',(-175.591957800638,-18.6918779446053,306.05012685013));
#4778=CARTESIAN_POINT('Ctrl Pts',(-175.34074043906,-18.4810814343518,305.86525374275));
#4779=CARTESIAN_POINT('Ctrl Pts',(-175.08489519066,-18.2664016974061,305.694216868686));
#4780=CARTESIAN_POINT('Ctrl Pts',(-175.038113103727,-18.2271468502691,305.662942252639));
#4781=CARTESIAN_POINT('Ctrl Pts',(-174.991176325094,-18.18776220219,305.632130126013));
#4782=CARTESIAN_POINT('Ctrl Pts',(-174.944086425663,-18.1482490714816,305.6017989483));
#4783=CARTESIAN_POINT('Ctrl Pts',(-174.716805370913,-17.9575375572882,305.455404452969));
#4784=CARTESIAN_POINT('Ctrl Pts',(-174.485956597644,-17.7638323881979,305.320217337097));
#4785=CARTESIAN_POINT('Ctrl Pts',(-174.251534344448,-17.5671286855787,305.198309723313));
#4786=CARTESIAN_POINT('Ctrl Pts',(-174.018073422612,-17.371231636062,305.076902034816));
#4787=CARTESIAN_POINT('Ctrl Pts',(-173.781068330812,-17.1723606441722,304.968665977102));
#4788=CARTESIAN_POINT('Ctrl Pts',(-173.540521584988,-16.9705178718914,304.875598009767));
#4789=CARTESIAN_POINT('Ctrl Pts',(-173.428596945537,-16.8766019079244,304.832294166048));
#4790=CARTESIAN_POINT('Ctrl Pts',(-173.315611892475,-16.7817961600791,304.792161392397));
#4791=CARTESIAN_POINT('Ctrl Pts',(-173.201771392052,-16.6862726282032,304.75553933663));
#4792=CARTESIAN_POINT('Ctrl Pts',(-173.14675460893,-16.640108060965,304.737840646865));
#4793=CARTESIAN_POINT('Ctrl Pts',(-173.09153827138,-16.5937760520846,304.720961256605));
#4794=CARTESIAN_POINT('Ctrl Pts',(-173.036146955748,-16.5472972195681,304.704935474444));
#4795=CARTESIAN_POINT('',(-171.644416270857,-18.2058972632127,308.99999999999));
#4796=CARTESIAN_POINT('Ctrl Pts',(-173.036146955749,-16.5472972195687,304.704935474444));
#4797=CARTESIAN_POINT('Ctrl Pts',(-173.036146955749,-16.5472972195687,305.360479020607));
#4798=CARTESIAN_POINT('Ctrl Pts',(-172.957165685451,-16.6414234321945,306.010606827163));
#4799=CARTESIAN_POINT('Ctrl Pts',(-172.653833939039,-17.0029201307289,307.232503007246));
#4800=CARTESIAN_POINT('Ctrl Pts',(-172.431661011012,-17.2676955158813,307.796846343699));
#4801=CARTESIAN_POINT('Ctrl Pts',(-171.997872501919,-17.7846645300198,308.548351709186));
#4802=CARTESIAN_POINT('Ctrl Pts',(-171.82812338664,-17.9869636479936,308.789032752925));
#4803=CARTESIAN_POINT('Ctrl Pts',(-171.644416270854,-18.2058972632164,308.999999999983));
#4804=CARTESIAN_POINT('Ctrl Pts',(-171.105519491499,-18.6194759520439,309.355027217678));
#4805=CARTESIAN_POINT('Ctrl Pts',(-171.144037339315,-18.5978586538208,309.33956025366));
#4806=CARTESIAN_POINT('Ctrl Pts',(-171.182549581431,-18.5752535629192,309.322706347804));
#4807=CARTESIAN_POINT('Ctrl Pts',(-171.22064037781,-18.5517423697489,309.304426363077));
#4808=CARTESIAN_POINT('Ctrl Pts',(-171.258090306204,-18.5286267464393,309.286453934454));
#4809=CARTESIAN_POINT('Ctrl Pts',(-171.295132560811,-18.5046352535201,309.267103205313));
#4810=CARTESIAN_POINT('Ctrl Pts',(-171.331390718289,-18.4797988494611,309.246343006035));
#4811=CARTESIAN_POINT('Ctrl Pts',(-171.341798732335,-18.472669484367,309.240383727883));
#4812=CARTESIAN_POINT('Ctrl Pts',(-171.35214227203,-18.4654702018792,309.234308338044));
#4813=CARTESIAN_POINT('Ctrl Pts',(-171.362412776043,-18.4582010148564,309.228116155225));
#4814=CARTESIAN_POINT('Ctrl Pts',(-171.406001933998,-18.4273497790292,309.201835844671));
#4815=CARTESIAN_POINT('Ctrl Pts',(-171.446664288736,-18.3963875240395,309.174424369023));
#4816=CARTESIAN_POINT('Ctrl Pts',(-171.484151994478,-18.3653626681447,309.146158183895));
#4817=CARTESIAN_POINT('Ctrl Pts',(-171.523445758547,-18.3328431169024,309.116530208867));
#4818=CARTESIAN_POINT('Ctrl Pts',(-171.559252081957,-18.300253653841,309.085962671655));
#4819=CARTESIAN_POINT('Ctrl Pts',(-171.591317323643,-18.2676270885086,309.054815322564));
#4820=CARTESIAN_POINT('Ctrl Pts',(-171.610863943096,-18.2477382923211,309.035828240365));
#4821=CARTESIAN_POINT('Ctrl Pts',(-171.629020964514,-18.2278353407279,309.016626525873));
#4822=CARTESIAN_POINT('Ctrl Pts',(-171.645735089068,-18.2079246360277,308.997300106662));
#4823=CARTESIAN_POINT('Origin',(-171.404446555915,-30.841762963588,285.049753527386));
#4824=CARTESIAN_POINT('Origin',(-152.399574192635,17.1989454174701,264.5));
#4825=CARTESIAN_POINT('',(-146.237691084456,9.85549908615135,264.));
#4826=CARTESIAN_POINT('',(-145.854668862896,10.1768928909946,264.5));
#4827=CARTESIAN_POINT('Origin',(-146.237691084456,9.85549908615135,264.5));
#4828=CARTESIAN_POINT('',(-152.016551971076,17.5203392223134,264.5));
#4829=CARTESIAN_POINT('',(-152.399574192635,17.1989454174701,264.));
#4830=CARTESIAN_POINT('Origin',(-145.088624419777,10.8196805006812,264.5));
#4831=CARTESIAN_POINT('',(-145.850581055773,9.52761932377759,264.));
#4832=CARTESIAN_POINT('',(-145.596595510441,9.95830638274545,264.5));
#4833=CARTESIAN_POINT('Origin',(-145.850581055773,9.52761932377759,264.5));
#4834=CARTESIAN_POINT('Origin',(-145.088624419777,10.8196805006812,264.5));
#4835=CARTESIAN_POINT('Origin',(-145.088624419777,10.8196805006812,264.));
#4836=CARTESIAN_POINT('Ctrl Pts',(-144.445836810091,10.0536360575622,263.5));
#4837=CARTESIAN_POINT('Ctrl Pts',(-144.447231055783,10.0524661465163,263.500743035764));
#4838=CARTESIAN_POINT('Ctrl Pts',(-144.448625338617,10.0512973164084,263.50148583099));
#4839=CARTESIAN_POINT('Ctrl Pts',(-144.618420249496,9.90953816328231,263.591781399601));
#4840=CARTESIAN_POINT('Ctrl Pts',(-144.897513034736,9.72513145072525,263.727885714054));
#4841=CARTESIAN_POINT('Ctrl Pts',(-145.387580499659,9.52010484938972,263.920596443218));
#4842=CARTESIAN_POINT('Ctrl Pts',(-145.692535766736,9.48605191283451,264.));
#4843=CARTESIAN_POINT('Ctrl Pts',(-145.850581055774,9.5276193237782,264.));
#4844=CARTESIAN_POINT('Ctrl Pts',(-144.44583681009,10.0536360575624,263.5));
#4845=CARTESIAN_POINT('Ctrl Pts',(-144.447085664661,10.0525898846011,263.501008766419));
#4846=CARTESIAN_POINT('Ctrl Pts',(-144.448306706779,10.051565698229,263.50196111853));
#4847=CARTESIAN_POINT('Ctrl Pts',(-144.599763347596,9.92507835327409,263.623733741817));
#4848=CARTESIAN_POINT('Ctrl Pts',(-144.86676520826,9.78596042095822,263.801712288366));
#4849=CARTESIAN_POINT('Ctrl Pts',(-145.348435632126,9.6927678801343,264.007892095782));
#4850=CARTESIAN_POINT('Ctrl Pts',(-145.615421763453,9.72494434837353,264.028679690977));
#4851=CARTESIAN_POINT('Ctrl Pts',(-145.717594535218,9.75312654051962,264.));
#4852=CARTESIAN_POINT('Ctrl Pts',(-144.44583681009,10.0536360575626,263.500000000001));
#4853=CARTESIAN_POINT('Ctrl Pts',(-144.446933583057,10.052716920352,263.501252752657));
#4854=CARTESIAN_POINT('Ctrl Pts',(-144.44799351411,10.051828934868,263.502460760854));
#4855=CARTESIAN_POINT('Ctrl Pts',(-144.581010556558,9.94092882834349,263.653909180281));
#4856=CARTESIAN_POINT('Ctrl Pts',(-144.821592788771,9.82971949119673,263.87882283216));
#4857=CARTESIAN_POINT('Ctrl Pts',(-145.257549406379,9.80182545061545,264.173842970336));
#4858=CARTESIAN_POINT('Ctrl Pts',(-145.497383908669,9.8959643972087,264.257222023896));
#4859=CARTESIAN_POINT('Ctrl Pts',(-145.596595510442,9.95830638274545,264.238200612201));
#4860=CARTESIAN_POINT('Ctrl Pts',(-144.44583681009,10.0536360575628,263.500000000001));
#4861=CARTESIAN_POINT('Ctrl Pts',(-144.44676630722,10.0528561168635,263.501486071531));
#4862=CARTESIAN_POINT('Ctrl Pts',(-144.447696194177,10.0520773318667,263.502971661982));
#4863=CARTESIAN_POINT('Ctrl Pts',(-144.561127741751,9.95785122075695,263.683562799208));
#4864=CARTESIAN_POINT('Ctrl Pts',(-144.763530822395,9.85438812457528,263.955771428108));
#4865=CARTESIAN_POINT('Ctrl Pts',(-145.157927917724,9.79836810432659,264.341192886436));
#4866=CARTESIAN_POINT('Ctrl Pts',(-145.43405301069,9.86245152809127,264.5));
#4867=CARTESIAN_POINT('Ctrl Pts',(-145.596595510441,9.95830638274525,264.5));
#4868=CARTESIAN_POINT('',(-144.445836810091,10.0536360575622,263.5));
#4869=CARTESIAN_POINT('Ctrl Pts',(-145.850581055774,9.5276193237782,264.));
#4870=CARTESIAN_POINT('Ctrl Pts',(-145.692535766736,9.48605191283451,264.));
#4871=CARTESIAN_POINT('Ctrl Pts',(-145.387580499659,9.52010484938972,263.920596443218));
#4872=CARTESIAN_POINT('Ctrl Pts',(-144.897513034736,9.72513145072525,263.727885714054));
#4873=CARTESIAN_POINT('Ctrl Pts',(-144.618420249496,9.90953816328231,263.591781399601));
#4874=CARTESIAN_POINT('Ctrl Pts',(-144.448625338617,10.0512973164084,263.50148583099));
#4875=CARTESIAN_POINT('Ctrl Pts',(-144.447231055783,10.0524661465163,263.500743035764));
#4876=CARTESIAN_POINT('Ctrl Pts',(-144.445836810091,10.0536360575622,263.5));
#4877=CARTESIAN_POINT('Ctrl Pts',(-144.44583681009,10.0536360575628,263.500000000001));
#4878=CARTESIAN_POINT('Ctrl Pts',(-144.44676630722,10.0528561168635,263.501486071531));
#4879=CARTESIAN_POINT('Ctrl Pts',(-144.447696194177,10.0520773318667,263.502971661982));
#4880=CARTESIAN_POINT('Ctrl Pts',(-144.561127741751,9.95785122075695,263.683562799208));
#4881=CARTESIAN_POINT('Ctrl Pts',(-144.763530822395,9.85438812457528,263.955771428108));
#4882=CARTESIAN_POINT('Ctrl Pts',(-145.157927917724,9.79836810432659,264.341192886436));
#4883=CARTESIAN_POINT('Ctrl Pts',(-145.43405301069,9.86245152809127,264.5));
#4884=CARTESIAN_POINT('Ctrl Pts',(-145.596595510441,9.95830638274525,264.5));
#4885=CARTESIAN_POINT('Origin',(-185.215903187479,3.48206332538657,264.));
#4886=CARTESIAN_POINT('',(-172.283202367385,-11.9992798251783,264.));
#4887=CARTESIAN_POINT('',(-178.445085475565,-4.65583349385957,264.));
#4888=CARTESIAN_POINT('',(-172.027524786381,-12.4374445059236,264.));
#4889=CARTESIAN_POINT('Origin',(-173.432269032064,-12.9634612397081,264.));
#4890=CARTESIAN_POINT('',(-165.001692350633,-6.54207110037321,264.));
#4891=CARTESIAN_POINT('',(-177.328718339059,-16.8856740607748,264.));
#4892=CARTESIAN_POINT('',(-165.388802379314,-6.21419133799949,264.));
#4893=CARTESIAN_POINT('Origin',(-164.239735714636,-5.25000992346968,264.));
#4894=CARTESIAN_POINT('',(-168.392148255219,-2.63494310058724,264.));
#4895=CARTESIAN_POINT('',(-171.550685487494,1.12925499331928,264.));
#4896=CARTESIAN_POINT('',(-168.20726300507,-0.521695021378936,264.));
#4897=CARTESIAN_POINT('Origin',(-167.24308159054,-1.6707616860574,264.));
#4898=CARTESIAN_POINT('',(-158.248685027639,7.83454408653346,264.));
#4899=CARTESIAN_POINT('',(-170.280032217695,-2.26095490320843,264.));
#4900=CARTESIAN_POINT('',(-156.135436948431,7.64965883638479,264.));
#4901=CARTESIAN_POINT('Origin',(-157.28450361311,6.68547742185498,264.));
#4902=CARTESIAN_POINT('',(-153.132091072527,4.07041059897251,264.));
#4903=CARTESIAN_POINT('',(-159.293974180706,11.4138569302913,264.));
#4904=CARTESIAN_POINT('',(-152.876413491522,3.63224591822729,264.));
#4905=CARTESIAN_POINT('Origin',(-154.281157737205,3.1062291844427,264.));
#4906=CARTESIAN_POINT('',(-177.328718339059,-16.8856740607748,264.));
#4907=CARTESIAN_POINT('Origin',(-178.445085475565,-4.65583349385957,264.5));
#4908=CARTESIAN_POINT('',(-172.666224588945,-12.3206736300216,264.5));
#4909=CARTESIAN_POINT('Origin',(-172.283202367385,-11.9992798251783,264.5));
#4910=CARTESIAN_POINT('',(-178.828107697124,-4.97722729870283,264.5));
#4911=CARTESIAN_POINT('Origin',(-173.432269032064,-12.9634612397081,264.5));
#4912=CARTESIAN_POINT('',(-172.495772868275,-12.6127834171851,264.5));
#4913=CARTESIAN_POINT('Origin',(-172.027524786381,-12.4374445059236,264.5));
#4914=CARTESIAN_POINT('Origin',(-173.432269032064,-12.9634612397081,264.5));
#4915=CARTESIAN_POINT('Ctrl Pts',(-172.027524786381,-12.4374445059234,264.));
#4916=CARTESIAN_POINT('Ctrl Pts',(-172.014033153291,-12.6003068485246,264.));
#4917=CARTESIAN_POINT('Ctrl Pts',(-172.100592260939,-12.8936734425692,263.92083972807));
#4918=CARTESIAN_POINT('Ctrl Pts',(-172.387448221381,-13.3425419777238,263.727630080663));
#4919=CARTESIAN_POINT('Ctrl Pts',(-172.617604842557,-13.5845208829053,263.59178770432));
#4920=CARTESIAN_POINT('Ctrl Pts',(-172.786694038822,-13.7271659481065,263.501485763501));
#4921=CARTESIAN_POINT('Ctrl Pts',(-172.788087204419,-13.7283357950525,263.500743020992));
#4922=CARTESIAN_POINT('Ctrl Pts',(-172.789481422377,-13.7295056828271,263.5));
#4923=CARTESIAN_POINT('Ctrl Pts',(-172.150111847559,-12.4833481255491,264.));
#4924=CARTESIAN_POINT('Ctrl Pts',(-172.138468357838,-12.6201953964594,264.011907294364));
#4925=CARTESIAN_POINT('Ctrl Pts',(-172.189112245676,-12.8988290831956,263.963857136626));
#4926=CARTESIAN_POINT('Ctrl Pts',(-172.419868330615,-13.3533581409902,263.764205313383));
#4927=CARTESIAN_POINT('Ctrl Pts',(-172.627206645815,-13.5926065362756,263.607060562747));
#4928=CARTESIAN_POINT('Ctrl Pts',(-172.786849580711,-13.7272945941543,263.501733519881));
#4929=CARTESIAN_POINT('Ctrl Pts',(-172.788164660973,-13.7284007888184,263.500866857823));
#4930=CARTESIAN_POINT('Ctrl Pts',(-172.789481422377,-13.7295056828271,263.5));
#4931=CARTESIAN_POINT('Ctrl Pts',(-172.394130290629,-12.5747226122582,264.108534964239));
#4932=CARTESIAN_POINT('Ctrl Pts',(-172.367443956978,-12.6830849574248,264.130318599916));
#4933=CARTESIAN_POINT('Ctrl Pts',(-172.342103297493,-12.9384342394964,264.088018719617));
#4934=CARTESIAN_POINT('Ctrl Pts',(-172.478280936357,-13.3832574889593,263.837937209301));
#4935=CARTESIAN_POINT('Ctrl Pts',(-172.64653271162,-13.6087512357021,263.637412071734));
#4936=CARTESIAN_POINT('Ctrl Pts',(-172.787159276375,-13.7275528694783,263.502230138209));
#4937=CARTESIAN_POINT('Ctrl Pts',(-172.78831957408,-13.72853077635,263.501114531486));
#4938=CARTESIAN_POINT('Ctrl Pts',(-172.789481422377,-13.7295056828272,263.5));
#4939=CARTESIAN_POINT('Ctrl Pts',(-172.495772868275,-12.612783417185,264.3691003061));
#4940=CARTESIAN_POINT('Ctrl Pts',(-172.44101346426,-12.7583309473083,264.376585990963));
#4941=CARTESIAN_POINT('Ctrl Pts',(-172.40786315051,-13.0229787176985,264.257263801111));
#4942=CARTESIAN_POINT('Ctrl Pts',(-172.520196895131,-13.4266063772944,263.916287291569));
#4943=CARTESIAN_POINT('Ctrl Pts',(-172.665546234325,-13.6246030165382,263.668214544761));
#4944=CARTESIAN_POINT('Ctrl Pts',(-172.787469311907,-13.7278144484041,263.502724246025));
#4945=CARTESIAN_POINT('Ctrl Pts',(-172.788474487188,-13.7286607638817,263.501362205149));
#4946=CARTESIAN_POINT('Ctrl Pts',(-172.789481422377,-13.7295056828272,263.5));
#4947=CARTESIAN_POINT('Ctrl Pts',(-172.495772868275,-12.6127834171851,264.5));
#4948=CARTESIAN_POINT('Ctrl Pts',(-172.429599468462,-12.7895015644114,264.5));
#4949=CARTESIAN_POINT('Ctrl Pts',(-172.414845066913,-13.0714343231675,264.341679456142));
#4950=CARTESIAN_POINT('Ctrl Pts',(-172.537747284592,-13.4521186014224,263.955260161328));
#4951=CARTESIAN_POINT('Ctrl Pts',(-172.67514757919,-13.6325505635952,263.683575408646));
#4952=CARTESIAN_POINT('Ctrl Pts',(-172.787623443145,-13.7279455301948,263.502971527003));
#4953=CARTESIAN_POINT('Ctrl Pts',(-172.788551943742,-13.7287257576475,263.50148604198));
#4954=CARTESIAN_POINT('Ctrl Pts',(-172.789481422377,-13.7295056828272,263.5));
#4955=CARTESIAN_POINT('',(-172.789481422377,-13.7295056828271,263.5));
#4956=CARTESIAN_POINT('Ctrl Pts',(-172.495772868275,-12.6127834171851,264.5));
#4957=CARTESIAN_POINT('Ctrl Pts',(-172.429599468462,-12.7895015644114,264.5));
#4958=CARTESIAN_POINT('Ctrl Pts',(-172.414845066913,-13.0714343231675,264.341679456142));
#4959=CARTESIAN_POINT('Ctrl Pts',(-172.537747284592,-13.4521186014224,263.955260161328));
#4960=CARTESIAN_POINT('Ctrl Pts',(-172.67514757919,-13.6325505635952,263.683575408646));
#4961=CARTESIAN_POINT('Ctrl Pts',(-172.787623443145,-13.7279455301948,263.502971527003));
#4962=CARTESIAN_POINT('Ctrl Pts',(-172.788551943742,-13.7287257576475,263.50148604198));
#4963=CARTESIAN_POINT('Ctrl Pts',(-172.789481422377,-13.7295056828272,263.5));
#4964=CARTESIAN_POINT('Ctrl Pts',(-172.789481422377,-13.7295056828271,263.5));
#4965=CARTESIAN_POINT('Ctrl Pts',(-172.788087204419,-13.7283357950525,263.500743020992));
#4966=CARTESIAN_POINT('Ctrl Pts',(-172.786694038822,-13.7271659481065,263.501485763501));
#4967=CARTESIAN_POINT('Ctrl Pts',(-172.617604842557,-13.5845208829053,263.59178770432));
#4968=CARTESIAN_POINT('Ctrl Pts',(-172.387448221381,-13.3425419777238,263.727630080663));
#4969=CARTESIAN_POINT('Ctrl Pts',(-172.100592260939,-12.8936734425692,263.92083972807));
#4970=CARTESIAN_POINT('Ctrl Pts',(-172.014033153291,-12.6003068485246,264.));
#4971=CARTESIAN_POINT('Ctrl Pts',(-172.027524786381,-12.4374445059234,264.));
#4972=CARTESIAN_POINT('Origin',(-173.432269032064,-12.9634612397081,246.));
#4973=CARTESIAN_POINT('',(-172.666224588945,-12.3206736300216,309.));
#4974=CARTESIAN_POINT('',(-172.666224588945,-12.3206736300216,246.));
#4975=CARTESIAN_POINT('',(-172.789481422377,-13.7295056828271,309.));
#4976=CARTESIAN_POINT('Origin',(-173.432269032064,-12.9634612397081,309.));
#4977=CARTESIAN_POINT('',(-172.789481422377,-13.7295056828271,246.));
#4978=CARTESIAN_POINT('Origin',(-172.023436979258,-13.0867180731405,253.5));
#4979=CARTESIAN_POINT('',(-178.873168262777,-4.92352620770143,270.501169921925));
#4980=CARTESIAN_POINT('',(-177.563157523863,-6.48473621213946,270.501169921925));
#4981=CARTESIAN_POINT('',(-178.744830000952,-5.07647379229864,270.501169921925));
#4982=CARTESIAN_POINT('Origin',(-178.808999131865,-5.00000000000003,273.));
#4983=CARTESIAN_POINT('',(-178.579651337949,-5.2733260573532,270.501169921925));
#4984=CARTESIAN_POINT('',(-177.563157523863,-6.48473621213946,270.501169921925));
#4985=CARTESIAN_POINT('',(-178.66224066945,-5.1748999248259,270.506125501094));
#4986=CARTESIAN_POINT('Origin',(-178.515482207036,-5.34979984965189,273.));
#4987=CARTESIAN_POINT('',(-176.711250053922,-7.50000000000003,273.));
#4988=CARTESIAN_POINT('Origin',(-178.808999131865,-5.00000000000003,273.));
#4989=CARTESIAN_POINT('',(-176.711250053922,-7.50000000000003,280.));
#4990=CARTESIAN_POINT('',(-176.711250053922,-7.50000000000003,266.75));
#4991=CARTESIAN_POINT('',(-178.66224066945,-5.1748999248259,282.493874498906));
#4992=CARTESIAN_POINT('Origin',(-178.808999131865,-5.00000000000003,280.));
#4993=CARTESIAN_POINT('',(-178.579651337949,-5.2733260573532,282.498830078075));
#4994=CARTESIAN_POINT('Origin',(-178.515482207036,-5.34979984965189,280.));
#4995=CARTESIAN_POINT('',(-178.744830000952,-5.07647379229865,282.498830078075));
#4996=CARTESIAN_POINT('',(-175.301544158603,-9.18002206524686,282.498830078075));
#4997=CARTESIAN_POINT('',(-178.873168262777,-4.92352620770141,282.498830078075));
#4998=CARTESIAN_POINT('Origin',(-178.808999131865,-5.00000000000003,280.));
#4999=CARTESIAN_POINT('',(-175.301544158603,-9.18002206524686,282.498830078075));
#5000=CARTESIAN_POINT('',(-178.873168262777,-4.92352620770143,293.501169921925));
#5001=CARTESIAN_POINT('',(-177.563157523863,-6.48473621213945,293.501169921925));
#5002=CARTESIAN_POINT('',(-178.744830000952,-5.07647379229864,293.501169921925));
#5003=CARTESIAN_POINT('Origin',(-178.808999131865,-5.00000000000003,296.));
#5004=CARTESIAN_POINT('',(-178.579651337949,-5.2733260573532,293.501169921925));
#5005=CARTESIAN_POINT('',(-177.563157523863,-6.48473621213945,293.501169921925));
#5006=CARTESIAN_POINT('',(-178.66224066945,-5.1748999248259,293.506125501094));
#5007=CARTESIAN_POINT('Origin',(-178.515482207036,-5.3497998496519,296.));
#5008=CARTESIAN_POINT('',(-176.711250053922,-7.50000000000003,296.));
#5009=CARTESIAN_POINT('Origin',(-178.808999131865,-5.00000000000003,296.));
#5010=CARTESIAN_POINT('',(-176.711250053922,-7.50000000000003,303.));
#5011=CARTESIAN_POINT('',(-176.711250053922,-7.50000000000003,278.25));
#5012=CARTESIAN_POINT('',(-178.66224066945,-5.1748999248259,305.493874498906));
#5013=CARTESIAN_POINT('Origin',(-178.808999131865,-5.00000000000003,303.));
#5014=CARTESIAN_POINT('',(-178.579651337949,-5.2733260573532,305.498830078075));
#5015=CARTESIAN_POINT('Origin',(-178.515482207036,-5.3497998496519,303.));
#5016=CARTESIAN_POINT('',(-178.744830000952,-5.07647379229864,305.498830078075));
#5017=CARTESIAN_POINT('',(-175.301544158603,-9.18002206524686,305.498830078075));
#5018=CARTESIAN_POINT('',(-178.873168262777,-4.92352620770143,305.498830078075));
#5019=CARTESIAN_POINT('Origin',(-178.808999131865,-5.00000000000003,303.));
#5020=CARTESIAN_POINT('',(-175.301544158603,-9.18002206524686,305.498830078075));
#5021=CARTESIAN_POINT('',(-178.828107697124,-4.97722729870283,309.));
#5022=CARTESIAN_POINT('Origin',(-161.054024637746,-7.14580644647754,257.091));
#5023=CARTESIAN_POINT('',(-141.628324787866,9.80699477757958,257.091));
#5024=CARTESIAN_POINT('',(-141.689953204584,9.10257875117899,256.591));
#5025=CARTESIAN_POINT('Origin',(-141.689953204584,9.102578751179,257.091));
#5026=CARTESIAN_POINT('',(-139.466029493639,10.9686723167995,256.591));
#5027=CARTESIAN_POINT('',(-161.054024637746,-7.14580644647754,256.591));
#5028=CARTESIAN_POINT('',(-138.117868141574,12.7526176547509,257.091));
#5029=CARTESIAN_POINT('Ctrl Pts',(-139.466029493639,10.9686723167995,256.591));
#5030=CARTESIAN_POINT('Ctrl Pts',(-139.315643792391,11.3039517332882,256.591));
#5031=CARTESIAN_POINT('Ctrl Pts',(-139.118262055556,11.6403021303349,256.664421327892));
#5032=CARTESIAN_POINT('Ctrl Pts',(-138.65356839307,12.2522302819244,256.858392977459));
#5033=CARTESIAN_POINT('Ctrl Pts',(-138.386260271415,12.5274099175905,256.98020611017));
#5034=CARTESIAN_POINT('Ctrl Pts',(-138.117868141574,12.7526176547508,257.091));
#5035=CARTESIAN_POINT('',(-161.375418442589,-6.76278422491804,257.091));
#5036=CARTESIAN_POINT('Origin',(-142.913900007242,11.3390836638199,256.591));
#5037=CARTESIAN_POINT('',(-142.975528423958,10.6346676374171,256.591));
#5038=CARTESIAN_POINT('',(-143.2969222288,11.0176898589755,256.591));
#5039=CARTESIAN_POINT('',(-156.565004858526,-0.768257026721919,256.591));
#5040=CARTESIAN_POINT('',(-162.339599857119,-5.61371756023943,256.591));
#5041=CARTESIAN_POINT('',(-153.672460614935,-4.21545702075561,256.591));
#5042=CARTESIAN_POINT('',(-156.886398663367,-0.385234805166279,256.591));
#5043=CARTESIAN_POINT('',(-140.785771971229,6.59775866727503,256.591));
#5044=CARTESIAN_POINT('',(-139.699961958809,7.50886144822507,256.591));
#5045=CARTESIAN_POINT('',(-139.896470694677,8.64937832976697,256.591));
#5046=CARTESIAN_POINT('Origin',(-142.392740995445,8.51286977507247,256.591));
#5047=CARTESIAN_POINT('Origin',(-134.903930093142,8.92239543915597,256.591));
#5048=CARTESIAN_POINT('Origin',(-169.576193074264,-14.2967548383903,257.09101344788));
#5049=CARTESIAN_POINT('',(-176.546603602042,-19.492920096737,257.09101344788));
#5050=CARTESIAN_POINT('',(-174.555654640291,-18.4750192019046,256.59101344788));
#5051=CARTESIAN_POINT('Ctrl Pts',(-176.546603602042,-19.492920096737,257.09101344788));
#5052=CARTESIAN_POINT('Ctrl Pts',(-176.278211472201,-19.2677123595767,256.98021955805));
#5053=CARTESIAN_POINT('Ctrl Pts',(-175.960794865325,-19.052249691192,256.85840642534));
#5054=CARTESIAN_POINT('Ctrl Pts',(-175.277470069689,-18.7008759779873,256.664434775773));
#5055=CARTESIAN_POINT('Ctrl Pts',(-174.911954612043,-18.5648995467541,256.59101344788));
#5056=CARTESIAN_POINT('Ctrl Pts',(-174.555654640291,-18.4750192019046,256.59101344788));
#5057=CARTESIAN_POINT('',(-172.331730929346,-16.608925636285,256.59101344788));
#5058=CARTESIAN_POINT('',(-169.576193074264,-14.2967548383903,256.59101344788));
#5059=CARTESIAN_POINT('',(-173.036146955747,-16.5472972195709,257.09101344788));
#5060=CARTESIAN_POINT('Origin',(-172.331730929346,-16.608925636285,257.09101344788));
#5061=CARTESIAN_POINT('',(-169.897586879107,-13.9137326168308,257.09101344788));
#5062=CARTESIAN_POINT('Origin',(-159.958236880277,-2.96281312000549,256.59101344788));
#5063=CARTESIAN_POINT('',(-173.61730614872,-15.0768367500468,256.59101344788));
#5064=CARTESIAN_POINT('',(-173.938699953563,-14.6938145284872,256.59101344788));
#5065=CARTESIAN_POINT('',(-172.196850610193,-18.4538585442287,256.59101344788));
#5066=CARTESIAN_POINT('Origin',(-173.332665553609,-23.3231423123319,256.59101344788));
#5067=CARTESIAN_POINT('',(-170.021974114269,-17.9343277679745,256.59101344788));
#5068=CARTESIAN_POINT('Origin',(-171.628943138485,-16.0192166601771,256.59101344788));
#5069=CARTESIAN_POINT('',(-157.127321053404,-7.11442914044367,256.59101344788));
#5070=CARTESIAN_POINT('',(-156.744298831844,-6.79303533560039,256.59101344788));
#5071=CARTESIAN_POINT('',(-160.019865296993,-3.66722914640839,256.59101344788));
#5072=CARTESIAN_POINT('',(-160.341259101837,-3.28420692484879,256.59101344788));
#5073=CARTESIAN_POINT('',(-170.861768293637,-12.7646659521522,256.59101344788));
#5074=CARTESIAN_POINT('Origin',(-173.938699953563,-14.6938145284872,257.09101344788));
#5075=CARTESIAN_POINT('',(-174.000328370279,-15.3982305548901,257.09101344788));
#5076=CARTESIAN_POINT('Origin',(-173.61730614872,-15.0768367500468,257.09101344788));
#5077=CARTESIAN_POINT('',(-174.321722175122,-15.0152083333305,257.09101344788));
#5078=CARTESIAN_POINT('Origin',(-173.61730614872,-15.0768367500468,242.549753527386));
#5079=CARTESIAN_POINT('',(-173.938699953563,-14.6938145284873,309.));
#5080=CARTESIAN_POINT('',(-174.000328370279,-15.3982305548901,309.));
#5081=CARTESIAN_POINT('Origin',(-173.61730614872,-15.0768367500468,309.));
#5082=CARTESIAN_POINT('',(-174.000328370279,-15.3982305548901,242.549753527386));
#5083=CARTESIAN_POINT('',(-173.938699953563,-14.6938145284873,257.09101344788));
#5084=CARTESIAN_POINT('Origin',(-173.61730614872,-15.0768367500468,257.09101344788));
#5085=CARTESIAN_POINT('',(-173.938699953563,-14.6938145284873,242.549753527386));
#5086=CARTESIAN_POINT('Origin',(-173.61730614872,-15.0768367500468,257.09101344788));
#5087=CARTESIAN_POINT('Origin',(-173.61730614872,-15.0768367500468,257.09101344788));
#5088=CARTESIAN_POINT('Origin',(-180.743370671429,-6.5843237540496,309.));
#5089=CARTESIAN_POINT('',(-181.126392892989,-6.90571755889286,309.));
#5090=CARTESIAN_POINT('',(-173.61730614872,-15.0768367500468,309.5));
#5091=CARTESIAN_POINT('Origin',(-173.61730614872,-15.0768367500468,309.));
#5092=CARTESIAN_POINT('',(-180.743370671429,-6.5843237540496,309.5));
#5093=CARTESIAN_POINT('Origin',(-173.61730614872,-15.0768367500468,309.));
#5094=CARTESIAN_POINT('Origin',(-173.61730614872,-15.0768367500468,309.));
#5095=CARTESIAN_POINT('Origin',(-174.321722175122,-15.0152083333305,246.599507054773));
#5096=CARTESIAN_POINT('',(-173.036146955747,-16.5472972195709,265.54963029108));
#5097=CARTESIAN_POINT('Origin',(-142.975528423958,10.6346676374171,285.5));
#5098=CARTESIAN_POINT('',(-143.296922228801,11.0176898589766,257.091));
#5099=CARTESIAN_POINT('',(-142.592506202398,10.9560614422604,257.091));
#5100=CARTESIAN_POINT('Origin',(-142.975528423958,10.6346676374171,257.091));
#5101=CARTESIAN_POINT('',(-142.592506202398,10.9560614422604,285.5));
#5102=CARTESIAN_POINT('',(-143.296922228801,11.0176898589766,309.));
#5103=CARTESIAN_POINT('Origin',(-142.975528423958,10.6346676374171,309.));
#5104=CARTESIAN_POINT('',(-143.296922228801,11.0176898589766,285.5));
#5105=CARTESIAN_POINT('Origin',(-142.975528423958,10.6346676374171,309.));
#5106=CARTESIAN_POINT('Origin',(-142.975528423958,10.6346676374171,309.));
#5107=CARTESIAN_POINT('Origin',(-143.2969222288,11.0176898589755,257.091));
#5108=CARTESIAN_POINT('Origin',(-142.975528423958,10.6346676374171,257.091));
#5109=CARTESIAN_POINT('',(-142.913900007241,11.3390836638187,257.091));
#5110=CARTESIAN_POINT('Origin',(-142.975528423958,10.6346676374171,257.091));
#5111=CARTESIAN_POINT('Origin',(-142.975528423958,10.6346676374171,257.091));
#5112=CARTESIAN_POINT('Origin',(-142.91390000724,11.3390836638175,332.5));
#5113=CARTESIAN_POINT('',(-141.628324787866,9.80699477757958,308.5));
#5114=CARTESIAN_POINT('Origin',(-167.145929819703,4.82528384958886,309.));
#5115=CARTESIAN_POINT('',(-160.019865296993,-3.6672291464084,309.5));
#5116=CARTESIAN_POINT('',(-159.636843075434,-3.34583534156512,309.));
#5117=CARTESIAN_POINT('Origin',(-160.019865296993,-3.66722914640839,309.));
#5118=CARTESIAN_POINT('',(-156.744298831844,-6.79303533560044,309.));
#5119=CARTESIAN_POINT('',(-166.762907598143,5.14667765443213,309.));
#5120=CARTESIAN_POINT('',(-157.127321053404,-7.11442914044367,309.5));
#5121=CARTESIAN_POINT('Origin',(-157.127321053404,-7.11442914044372,309.));
#5122=CARTESIAN_POINT('',(-167.145929819703,4.82528384958886,309.5));
#5123=CARTESIAN_POINT('Origin',(-160.019865296993,-3.66722914640837,288.500002235174));
#5124=CARTESIAN_POINT('',(-160.341259101837,-3.2842069248489,257.09101344788));
#5125=CARTESIAN_POINT('',(-159.636843075434,-3.3458353415651,257.09101344788));
#5126=CARTESIAN_POINT('Origin',(-160.019865296993,-3.66722914640837,257.09101344788));
#5127=CARTESIAN_POINT('',(-159.636843075434,-3.3458353415651,288.500002235174));
#5128=CARTESIAN_POINT('',(-160.341259101837,-3.2842069248489,309.));
#5129=CARTESIAN_POINT('Origin',(-160.019865296993,-3.66722914640837,309.));
#5130=CARTESIAN_POINT('',(-160.341259101837,-3.28420692484889,288.500002235174));
#5131=CARTESIAN_POINT('Origin',(-160.019865296993,-3.6672291464084,309.));
#5132=CARTESIAN_POINT('Origin',(-160.019865296993,-3.66722914640841,309.));
#5133=CARTESIAN_POINT('Origin',(-160.341259101837,-3.28420692484879,257.09101344788));
#5134=CARTESIAN_POINT('Origin',(-160.019865296993,-3.66722914640838,257.09101344788));
#5135=CARTESIAN_POINT('',(-156.744298831844,-6.79303533560044,257.09101344788));
#5136=CARTESIAN_POINT('Origin',(-157.127321053404,-7.11442914044372,257.09101344788));
#5137=CARTESIAN_POINT('',(-159.958236880277,-2.96281312000552,257.09101344788));
#5138=CARTESIAN_POINT('Origin',(-160.019865296993,-3.66722914640839,257.09101344788));
#5139=CARTESIAN_POINT('Origin',(-160.019865296993,-3.6672291464084,257.09101344788));
#5140=CARTESIAN_POINT('Origin',(-159.958236880277,-2.96281312000556,338.500004470348));
#5141=CARTESIAN_POINT('',(-156.744298831844,-6.79303533560044,313.500004470348));
#5142=CARTESIAN_POINT('Origin',(-156.886398663367,-0.385234805166279,257.091));
#5143=CARTESIAN_POINT('',(-156.948027080086,-1.0896508315654,257.091));
#5144=CARTESIAN_POINT('Origin',(-156.565004858526,-0.768257026721917,257.091));
#5145=CARTESIAN_POINT('',(-154.055482836497,-4.5368508256007,257.091));
#5146=CARTESIAN_POINT('',(-157.269420884926,-0.706628610009762,257.091));
#5147=CARTESIAN_POINT('Origin',(-153.672460614936,-4.21545702075467,257.091));
#5148=CARTESIAN_POINT('Origin',(-156.565004858526,-0.768257026721915,238.500002235174));
#5149=CARTESIAN_POINT('',(-156.88639866337,-0.385234805162414,309.));
#5150=CARTESIAN_POINT('',(-156.948027080086,-1.0896508315654,309.));
#5151=CARTESIAN_POINT('Origin',(-156.565004858526,-0.768257026721915,309.));
#5152=CARTESIAN_POINT('',(-156.948027080086,-1.0896508315654,238.500002235174));
#5153=CARTESIAN_POINT('',(-156.88639866337,-0.385234805162418,257.091));
#5154=CARTESIAN_POINT('Origin',(-156.565004858526,-0.768257026721915,257.091));
#5155=CARTESIAN_POINT('',(-156.88639866337,-0.385234805162408,238.500002235174));
#5156=CARTESIAN_POINT('Origin',(-156.565004858526,-0.768257026721919,257.091));
#5157=CARTESIAN_POINT('Origin',(-156.565004858526,-0.768257026721919,257.091));
#5158=CARTESIAN_POINT('Origin',(-163.691069381239,7.72425596926899,309.));
#5159=CARTESIAN_POINT('',(-156.565004858526,-0.76825702672192,309.5));
#5160=CARTESIAN_POINT('Origin',(-156.565004858526,-0.76825702672192,309.));
#5161=CARTESIAN_POINT('',(-153.672460614935,-4.2154570207556,309.5));
#5162=CARTESIAN_POINT('',(-163.691069381239,7.72425596926899,309.5));
#5163=CARTESIAN_POINT('',(-154.055482836497,-4.5368508256007,309.));
#5164=CARTESIAN_POINT('Origin',(-153.672460614936,-4.21545702075468,309.));
#5165=CARTESIAN_POINT('',(-164.074091602798,7.40286216442552,309.));
#5166=CARTESIAN_POINT('Origin',(-156.565004858526,-0.76825702672191,309.));
#5167=CARTESIAN_POINT('Origin',(-156.565004858526,-0.768257026721901,309.));
#5168=CARTESIAN_POINT('Origin',(-157.26942088493,-0.706628610005786,238.500004470348));
#5169=CARTESIAN_POINT('',(-154.055482836497,-4.5368508256007,263.500004470348));
#5170=CARTESIAN_POINT('Origin',(-162.339599857119,-5.61371756023943,257.091));
#5171=CARTESIAN_POINT('',(-162.660993661963,-5.23069533867992,257.091));
#5172=CARTESIAN_POINT('Origin',(-170.861768293637,-12.7646659521522,257.09101344788));
#5173=CARTESIAN_POINT('',(-171.18316209848,-12.3816437305927,257.09101344788));
#5174=CARTESIAN_POINT('Origin',(-171.628943138485,-16.0192166601771,284.5));
#5175=CARTESIAN_POINT('',(-172.196850610193,-18.4538585442287,243.5));
#5176=CARTESIAN_POINT('',(-170.021974114269,-17.9343277679746,243.5));
#5177=CARTESIAN_POINT('Origin',(-171.628943138485,-16.0192166601771,243.5));
#5178=CARTESIAN_POINT('',(-170.021974114269,-17.9343277679746,284.5));
#5179=CARTESIAN_POINT('',(-172.196850610193,-18.4538585442287,284.5));
#5180=CARTESIAN_POINT('Origin',(-163.468861986951,4.81561974996517,243.5));
#5181=CARTESIAN_POINT('',(-176.546603602042,-19.492920096737,243.5));
#5182=CARTESIAN_POINT('Origin',(-173.332665553609,-23.3231423123319,243.5));
#5183=CARTESIAN_POINT('',(-170.589401004425,-14.4942335942279,243.5));
#5184=CARTESIAN_POINT('',(-138.117868141574,12.7526176547509,243.5));
#5185=CARTESIAN_POINT('',(-170.589401004425,-14.4942335942279,243.5));
#5186=CARTESIAN_POINT('',(-139.896470694677,8.64937832976697,243.5));
#5187=CARTESIAN_POINT('Origin',(-134.903930093142,8.92239543915597,243.5));
#5188=CARTESIAN_POINT('',(-140.785771971227,6.59775866727262,243.5));
#5189=CARTESIAN_POINT('Origin',(-142.392740995445,8.51286977507247,243.5));
#5190=CARTESIAN_POINT('',(-144.706750597321,3.30766694826288,243.5));
#5191=CARTESIAN_POINT('',(-147.337124835896,1.10052089481589,243.5));
#5192=CARTESIAN_POINT('',(-145.432043560937,-1.21714797799973,243.5));
#5193=CARTESIAN_POINT('Origin',(-142.45699396342,0.626511397348881,243.5));
#5194=CARTESIAN_POINT('',(-161.51897686644,-14.7156877814169,243.5));
#5195=CARTESIAN_POINT('',(-155.117143455292,-9.3439117272644,243.5));
#5196=CARTESIAN_POINT('',(-166.100995488176,-14.6442360489656,243.5));
#5197=CARTESIAN_POINT('Origin',(-163.851238854273,-17.3253915998821,243.5));
#5198=CARTESIAN_POINT('',(-163.041035919839,-12.0766251037569,243.5));
#5199=CARTESIAN_POINT('Origin',(-173.332665553609,-23.3231423123319,284.5));
#5200=CARTESIAN_POINT('',(-176.546603602042,-19.492920096737,284.5));
#5201=CARTESIAN_POINT('Origin',(-142.392740995445,8.51286977507247,245.0455));
#5202=CARTESIAN_POINT('',(-139.896470694677,8.64937832976697,245.0455));
#5203=CARTESIAN_POINT('',(-140.785771971229,6.59775866727502,245.0455));
#5204=CARTESIAN_POINT('Origin',(-134.903930093142,8.92239543915597,245.0455));
#5205=CARTESIAN_POINT('',(-138.117868141574,12.7526176547509,245.0455));
#5206=CARTESIAN_POINT('Origin',(-163.851238854273,-17.3253915998821,267.29775336197));
#5207=CARTESIAN_POINT('',(-166.100995488176,-14.6442360489657,246.59101344788));
#5208=CARTESIAN_POINT('',(-161.51897686644,-14.7156877814169,246.59101344788));
#5209=CARTESIAN_POINT('Origin',(-163.851238854273,-17.3253915998821,246.59101344788));
#5210=CARTESIAN_POINT('',(-166.100995488176,-14.6442360489657,267.29775336197));
#5211=CARTESIAN_POINT('',(-161.51897686644,-14.7156877814169,267.29775336197));
#5212=CARTESIAN_POINT('Origin',(-142.45699396342,0.626511397348881,267.29775));
#5213=CARTESIAN_POINT('',(-144.706750597323,3.3076669482653,246.59101344788));
#5214=CARTESIAN_POINT('',(-144.706750597323,3.3076669482653,267.29775));
#5215=CARTESIAN_POINT('',(-145.432043560937,-1.21714797799973,246.591));
#5216=CARTESIAN_POINT('Origin',(-142.45699396342,0.626511397348881,246.59101344788));
#5217=CARTESIAN_POINT('',(-145.432043560939,-1.21714797799709,267.29775));
#5218=CARTESIAN_POINT('Origin',(-137.00555468663,5.85351572855491,289.55));
#5219=CARTESIAN_POINT('',(-145.910745344708,-1.61882646820136,246.59101344788));
#5220=CARTESIAN_POINT('Origin',(-159.958236880277,-2.96281312000554,246.59101344788));
#5221=CARTESIAN_POINT('',(-147.360406389997,1.08098535135723,246.591));
#5222=CARTESIAN_POINT('',(-160.335170155556,-9.80613413893156,246.59101344788));
#5223=CARTESIAN_POINT('',(-156.074009944115,-6.23059617712471,246.59101344788));
#5224=CARTESIAN_POINT('Origin',(-181.122512097311,-23.3325632274179,238.5));
#5225=CARTESIAN_POINT('Origin',(-166.999794271057,-15.3984177761841,249.99101344788));
#5226=CARTESIAN_POINT('',(-168.761696490231,-16.8768292784631,249.99101344788));
#5227=CARTESIAN_POINT('Origin',(-166.999794271057,-15.3984177761841,249.99101344788));
#5228=CARTESIAN_POINT('',(-172.104192060601,-12.8933981742445,249.99101344788));
#5229=CARTESIAN_POINT('',(-168.761696490231,-16.8768292784632,249.99101344788));
#5230=CARTESIAN_POINT('Origin',(-170.342289841427,-11.4149866719654,249.99101344788));
#5231=CARTESIAN_POINT('Origin',(-170.342289841427,-11.4149866719654,249.99101344788));
#5232=CARTESIAN_POINT('Origin',(-143.538133962483,4.28825273554722,249.916474633096));
#5233=CARTESIAN_POINT('',(-145.300036181657,2.80984123326817,249.916474633096));
#5234=CARTESIAN_POINT('Origin',(-143.538133962483,4.28825273554721,249.916474633096));
#5235=CARTESIAN_POINT('',(-148.642531752027,6.79327233748686,249.916474633096));
#5236=CARTESIAN_POINT('',(-145.300036181657,2.80984123326817,249.916474633096));
#5237=CARTESIAN_POINT('Origin',(-146.880629532853,8.27168383976589,249.916474633096));
#5238=CARTESIAN_POINT('Origin',(-146.880629532853,8.27168383976589,249.916474633096));
#5239=CARTESIAN_POINT('Origin',(-143.309378751222,4.48020114894581,317.272821539311));
#5240=CARTESIAN_POINT('',(-145.071280970396,3.00178964666677,317.272821539311));
#5241=CARTESIAN_POINT('Origin',(-143.309378751222,4.48020114894581,317.272821539311));
#5242=CARTESIAN_POINT('',(-148.413776540766,6.98522075088546,317.272821539311));
#5243=CARTESIAN_POINT('',(-145.071280970396,3.00178964666676,317.272821539311));
#5244=CARTESIAN_POINT('Origin',(-146.651874321592,8.46363225316448,317.272821539311));
#5245=CARTESIAN_POINT('Origin',(-146.651874321592,8.46363225316448,317.272821539311));
#5246=CARTESIAN_POINT('Origin',(-167.305506633855,-15.6549409070537,317.173051752603));
#5247=CARTESIAN_POINT('',(-169.067408853028,-17.1333524093328,317.173051752603));
#5248=CARTESIAN_POINT('Origin',(-167.305506633855,-15.6549409070538,317.173051752603));
#5249=CARTESIAN_POINT('',(-172.409904423398,-13.1499213051141,317.173051752603));
#5250=CARTESIAN_POINT('',(-169.067408853028,-17.1333524093328,317.173051752603));
#5251=CARTESIAN_POINT('Origin',(-170.648002204225,-11.6715098028351,317.173051752603));
#5252=CARTESIAN_POINT('Origin',(-170.648002204225,-11.6715098028351,317.173051752603));
#5253=CARTESIAN_POINT('Origin',(-181.122512097311,-23.3325632274179,238.5));
#5254=CARTESIAN_POINT('Origin',(-161.468525450791,23.4084792256693,309.5));
#5255=CARTESIAN_POINT('',(-154.058767134523,-4.53960667886303,309.5));
#5256=CARTESIAN_POINT('',(-153.316976322675,1.95716251976424,309.5));
#5257=CARTESIAN_POINT('',(-164.812241861028,-7.68851055375242,309.5));
#5258=CARTESIAN_POINT('',(-153.132091072527,4.07041059897252,309.5));
#5259=CARTESIAN_POINT('Origin',(-154.281157737205,3.1062291844427,309.5));
#5260=CARTESIAN_POINT('',(-156.135436948431,7.64965883638479,309.5));
#5261=CARTESIAN_POINT('',(-159.293974180706,11.4138569302913,309.5));
#5262=CARTESIAN_POINT('',(-158.248685027639,7.83454408653345,309.5));
#5263=CARTESIAN_POINT('Origin',(-157.28450361311,6.68547742185498,309.5));
#5264=CARTESIAN_POINT('',(-168.20726300507,-0.521695021378936,309.5));
#5265=CARTESIAN_POINT('',(-158.406343349351,7.70225304693295,309.5));
#5266=CARTESIAN_POINT('',(-168.392148255219,-2.63494310058723,309.5));
#5267=CARTESIAN_POINT('Origin',(-167.24308159054,-1.6707616860574,309.5));
#5268=CARTESIAN_POINT('',(-165.388802379314,-6.21419133799949,309.5));
#5269=CARTESIAN_POINT('',(-171.550685487494,1.12925499331929,309.5));
#5270=CARTESIAN_POINT('',(-163.275554300106,-6.39907658814816,309.5));
#5271=CARTESIAN_POINT('Origin',(-164.239735714636,-5.25000992346968,309.5));
#5272=CARTESIAN_POINT('',(-164.812241861028,-7.68851055375242,309.5));
#5273=CARTESIAN_POINT('',(-156.744298831844,-6.79303533560039,309.5));
#5274=CARTESIAN_POINT('',(-172.468087617534,-14.1125279043866,309.5));
#5275=CARTESIAN_POINT('',(-164.812241861028,-7.68851055375242,309.5));
#5276=CARTESIAN_POINT('',(-172.283202367385,-11.9992798251783,309.5));
#5277=CARTESIAN_POINT('Origin',(-173.432269032064,-12.9634612397081,309.5));
#5278=CARTESIAN_POINT('',(-178.445085475565,-4.65583349385956,309.5));
#5279=CARTESIAN_POINT('',(-146.237691084456,9.85549908615135,309.5));
#5280=CARTESIAN_POINT('',(-152.399574192635,17.1989454174701,309.5));
#5281=CARTESIAN_POINT('',(-144.124443005247,9.67061383600269,309.5));
#5282=CARTESIAN_POINT('Origin',(-145.088624419777,10.8196805006812,309.5));
#5283=CARTESIAN_POINT('',(-164.812241861028,-7.68851055375242,309.5));
#5284=CARTESIAN_POINT('Origin',(-182.408087316684,-21.8004743411797,238.5));
#5285=CARTESIAN_POINT('',(-163.596948104949,-6.01605436658866,309.));
#5286=CARTESIAN_POINT('',(-165.133635665871,-7.30548833219291,309.));
#5287=CARTESIAN_POINT('',(-163.596948104949,-6.01605436658866,263.5));
#5288=CARTESIAN_POINT('',(-163.596948104949,-6.01605436658866,281.));
#5289=CARTESIAN_POINT('',(-177.007324534215,-17.2686962823343,263.5));
#5290=CARTESIAN_POINT('',(-165.133635665871,-7.30548833219291,309.));
#5291=CARTESIAN_POINT('Origin',(-182.408087316684,-21.8004743411797,238.5));
#5292=CARTESIAN_POINT('',(-144.445836810091,10.0536360575622,309.));
#5293=CARTESIAN_POINT('',(-165.133635665871,-7.30548833219291,309.));
#5294=CARTESIAN_POINT('',(-144.445836810091,10.0536360575622,281.000002495944));
#5295=CARTESIAN_POINT('',(-153.638370127518,2.34018474132372,263.5));
#5296=CARTESIAN_POINT('',(-177.007324534215,-17.2686962823343,263.5));
#5297=CARTESIAN_POINT('',(-153.638370127518,2.34018474132372,309.));
#5298=CARTESIAN_POINT('',(-153.638370127518,2.34018474132372,246.000002495944));
#5299=CARTESIAN_POINT('',(-165.133635665871,-7.30548833219291,309.));
#5300=CARTESIAN_POINT('Origin',(-164.812241861028,-7.68851055375242,309.));
#5301=CARTESIAN_POINT('Origin',(-144.124443005247,9.67061383600269,309.));
#5302=CARTESIAN_POINT('Origin',(-145.088624419777,10.8196805006812,309.));
#5303=CARTESIAN_POINT('',(-145.854668862896,10.1768928909946,309.));
#5304=CARTESIAN_POINT('Origin',(-146.237691084456,9.85549908615135,309.));
#5305=CARTESIAN_POINT('Origin',(-145.088624419777,10.8196805006812,309.));
#5306=CARTESIAN_POINT('Origin',(-152.399574192635,17.1989454174701,309.));
#5307=CARTESIAN_POINT('',(-152.016551971076,17.5203392223134,309.));
#5308=CARTESIAN_POINT('Origin',(-164.812241861028,-7.68851055375242,309.));
#5309=CARTESIAN_POINT('Origin',(-163.275554300106,-6.39907658814816,309.));
#5310=CARTESIAN_POINT('Origin',(-164.239735714636,-5.25000992346968,309.));
#5311=CARTESIAN_POINT('',(-165.005780157755,-5.89279753315622,309.));
#5312=CARTESIAN_POINT('Origin',(-165.388802379314,-6.21419133799949,309.));
#5313=CARTESIAN_POINT('Origin',(-164.239735714636,-5.25000992346968,309.));
#5314=CARTESIAN_POINT('Origin',(-171.550685487494,1.12925499331929,309.));
#5315=CARTESIAN_POINT('',(-168.009126033659,-2.31354929574394,309.));
#5316=CARTESIAN_POINT('Origin',(-168.392148255219,-2.63494310058723,309.));
#5317=CARTESIAN_POINT('',(-171.167663265934,1.45064879816256,309.));
#5318=CARTESIAN_POINT('Origin',(-167.24308159054,-1.6707616860574,309.));
#5319=CARTESIAN_POINT('',(-167.885869200227,-0.904717242938413,309.));
#5320=CARTESIAN_POINT('Origin',(-168.20726300507,-0.521695021378936,309.));
#5321=CARTESIAN_POINT('Origin',(-167.24308159054,-1.6707616860574,309.));
#5322=CARTESIAN_POINT('Origin',(-158.406343349351,7.70225304693295,309.));
#5323=CARTESIAN_POINT('',(-157.927291222796,7.45152186497396,309.));
#5324=CARTESIAN_POINT('Origin',(-158.248685027639,7.83454408653345,309.));
#5325=CARTESIAN_POINT('',(-158.084949544508,7.31923082537346,309.));
#5326=CARTESIAN_POINT('Origin',(-157.28450361311,6.68547742185498,309.));
#5327=CARTESIAN_POINT('',(-156.518459169991,7.32826503154152,309.));
#5328=CARTESIAN_POINT('Origin',(-156.135436948431,7.64965883638479,309.));
#5329=CARTESIAN_POINT('Origin',(-157.28450361311,6.68547742185498,309.));
#5330=CARTESIAN_POINT('Origin',(-159.293974180706,11.4138569302913,309.));
#5331=CARTESIAN_POINT('',(-153.515113294086,3.74901679412924,309.));
#5332=CARTESIAN_POINT('Origin',(-153.132091072527,4.07041059897252,309.));
#5333=CARTESIAN_POINT('',(-159.676996402266,11.092463125448,309.));
#5334=CARTESIAN_POINT('Origin',(-154.281157737205,3.1062291844427,309.));
#5335=CARTESIAN_POINT('Origin',(-153.316976322675,1.95716251976424,309.));
#5336=CARTESIAN_POINT('Origin',(-154.281157737205,3.1062291844427,309.));
#5337=CARTESIAN_POINT('Origin',(-164.812241861028,-7.68851055375242,309.));
#5338=CARTESIAN_POINT('Origin',(-178.445085475565,-4.65583349385956,309.));
#5339=CARTESIAN_POINT('Origin',(-172.283202367385,-11.9992798251783,309.));
#5340=CARTESIAN_POINT('Origin',(-173.432269032064,-12.9634612397081,309.));
#5341=CARTESIAN_POINT('Origin',(-172.468087617534,-14.1125279043866,309.));
#5342=CARTESIAN_POINT('Origin',(-164.812241861028,-7.68851055375242,309.));
#5343=CARTESIAN_POINT('Ctrl Pts',(-163.596948104949,-6.01605436658868,263.5));
#5344=CARTESIAN_POINT('Ctrl Pts',(-163.598342442231,-6.01722435448727,263.500743084572));
#5345=CARTESIAN_POINT('Ctrl Pts',(-163.599736816545,-6.01839326137131,263.501485928544));
#5346=CARTESIAN_POINT('Ctrl Pts',(-163.769531830913,-6.16015242492822,263.591781534891));
#5347=CARTESIAN_POINT('Ctrl Pts',(-164.048624510594,-6.34455896331226,263.727885776084));
#5348=CARTESIAN_POINT('Ctrl Pts',(-164.538692030901,-6.54958553194155,263.920596510576));
#5349=CARTESIAN_POINT('Ctrl Pts',(-164.843647098359,-6.58363850164761,264.));
#5350=CARTESIAN_POINT('Ctrl Pts',(-165.001692350633,-6.54207110037273,264.));
#5351=CARTESIAN_POINT('Ctrl Pts',(-163.596948104949,-6.01605436658859,263.5));
#5352=CARTESIAN_POINT('Ctrl Pts',(-163.598197041084,-6.01710060836507,263.501008831705));
#5353=CARTESIAN_POINT('Ctrl Pts',(-163.599418164243,-6.01812486174295,263.501961248241));
#5354=CARTESIAN_POINT('Ctrl Pts',(-163.750874920393,-6.14461221417142,263.623733903521));
#5355=CARTESIAN_POINT('Ctrl Pts',(-164.017876682357,-6.28372996265119,263.801712363256));
#5356=CARTESIAN_POINT('Ctrl Pts',(-164.499547157776,-6.37692247439428,264.007892152273));
#5357=CARTESIAN_POINT('Ctrl Pts',(-164.766533080169,-6.34474606675398,264.028679678324));
#5358=CARTESIAN_POINT('Ctrl Pts',(-164.868705830077,-6.31656388363127,264.));
#5359=CARTESIAN_POINT('Ctrl Pts',(-163.596948104949,-6.0160543665885,263.5));
#5360=CARTESIAN_POINT('Ctrl Pts',(-163.598044949145,-6.01697356385298,263.501252834556));
#5361=CARTESIAN_POINT('Ctrl Pts',(-163.599104951358,-6.01786160829988,263.502460922713));
#5362=CARTESIAN_POINT('Ctrl Pts',(-163.732122088769,-6.12876168344424,263.653909426065));
#5363=CARTESIAN_POINT('Ctrl Pts',(-163.972704275053,-6.23997085905291,263.878822931474));
#5364=CARTESIAN_POINT('Ctrl Pts',(-164.408660937282,-6.26786483886,264.173843080947));
#5365=CARTESIAN_POINT('Ctrl Pts',(-164.648495223062,-6.17372600910985,264.257222015787));
#5366=CARTESIAN_POINT('Ctrl Pts',(-164.747706805301,-6.11138404140494,264.238200612201));
#5367=CARTESIAN_POINT('Ctrl Pts',(-163.596948104949,-6.01605436658841,263.500000000001));
#5368=CARTESIAN_POINT('Ctrl Pts',(-163.597877663141,-6.01683435852437,263.501486169149));
#5369=CARTESIAN_POINT('Ctrl Pts',(-163.598807611078,-6.01761319470974,263.502971857088));
#5370=CARTESIAN_POINT('Ctrl Pts',(-163.712239252731,-6.1118392828832,263.683563069783));
#5371=CARTESIAN_POINT('Ctrl Pts',(-163.914642291097,-6.21530222946104,263.955771552168));
#5372=CARTESIAN_POINT('Ctrl Pts',(-164.30903944934,-6.27132219692943,264.341193021152));
#5373=CARTESIAN_POINT('Ctrl Pts',(-164.585164343358,-6.20723887376324,264.500000000001));
#5374=CARTESIAN_POINT('Ctrl Pts',(-164.747706805301,-6.11138404140478,264.5));
#5375=CARTESIAN_POINT('',(-164.747706805301,-6.11138404140472,264.5));
#5376=CARTESIAN_POINT('Origin',(-165.001692350634,-6.54207110037224,264.5));
#5377=CARTESIAN_POINT('Ctrl Pts',(-165.001692350633,-6.54207110037273,264.));
#5378=CARTESIAN_POINT('Ctrl Pts',(-164.843647098359,-6.58363850164761,264.));
#5379=CARTESIAN_POINT('Ctrl Pts',(-164.538692030901,-6.54958553194155,263.920596510576));
#5380=CARTESIAN_POINT('Ctrl Pts',(-164.048624510594,-6.34455896331226,263.727885776084));
#5381=CARTESIAN_POINT('Ctrl Pts',(-163.769531830913,-6.16015242492822,263.591781534891));
#5382=CARTESIAN_POINT('Ctrl Pts',(-163.599736816545,-6.01839326137131,263.501485928544));
#5383=CARTESIAN_POINT('Ctrl Pts',(-163.598342442231,-6.01722435448727,263.500743084572));
#5384=CARTESIAN_POINT('Ctrl Pts',(-163.596948104949,-6.01605436658868,263.5));
#5385=CARTESIAN_POINT('Ctrl Pts',(-163.596948104949,-6.01605436658841,263.500000000001));
#5386=CARTESIAN_POINT('Ctrl Pts',(-163.597877663141,-6.01683435852437,263.501486169149));
#5387=CARTESIAN_POINT('Ctrl Pts',(-163.598807611078,-6.01761319470974,263.502971857088));
#5388=CARTESIAN_POINT('Ctrl Pts',(-163.712239252731,-6.1118392828832,263.683563069783));
#5389=CARTESIAN_POINT('Ctrl Pts',(-163.914642291097,-6.21530222946104,263.955771552168));
#5390=CARTESIAN_POINT('Ctrl Pts',(-164.30903944934,-6.27132219692943,264.341193021152));
#5391=CARTESIAN_POINT('Ctrl Pts',(-164.585164343358,-6.20723887376324,264.500000000001));
#5392=CARTESIAN_POINT('Ctrl Pts',(-164.747706805301,-6.11138404140478,264.5));
#5393=CARTESIAN_POINT('Origin',(-164.239735714636,-5.25000992346968,264.5));
#5394=CARTESIAN_POINT('',(-165.005780157755,-5.89279753315622,264.5));
#5395=CARTESIAN_POINT('Origin',(-165.388802379314,-6.21419133799949,264.5));
#5396=CARTESIAN_POINT('Origin',(-164.239735714636,-5.25000992346968,264.5));
#5397=CARTESIAN_POINT('Origin',(-171.550685487494,1.12925499331928,264.5));
#5398=CARTESIAN_POINT('',(-168.009126033659,-2.31354929574394,264.5));
#5399=CARTESIAN_POINT('Origin',(-168.392148255219,-2.63494310058724,264.5));
#5400=CARTESIAN_POINT('',(-171.167663265934,1.45064879816256,264.5));
#5401=CARTESIAN_POINT('Origin',(-167.24308159054,-1.6707616860574,264.5));
#5402=CARTESIAN_POINT('',(-167.885869200227,-0.904717242938413,264.5));
#5403=CARTESIAN_POINT('Origin',(-168.20726300507,-0.521695021378936,264.5));
#5404=CARTESIAN_POINT('Origin',(-167.24308159054,-1.6707616860574,264.5));
#5405=CARTESIAN_POINT('Origin',(-170.280032217695,-2.26095490320843,264.5));
#5406=CARTESIAN_POINT('',(-157.927291222796,7.45152186497396,264.5));
#5407=CARTESIAN_POINT('Origin',(-158.248685027639,7.83454408653346,264.5));
#5408=CARTESIAN_POINT('',(-169.958638412852,-2.64397712476792,264.5));
#5409=CARTESIAN_POINT('Origin',(-157.28450361311,6.68547742185498,264.5));
#5410=CARTESIAN_POINT('',(-156.518459169991,7.32826503154152,264.5));
#5411=CARTESIAN_POINT('Origin',(-156.135436948431,7.64965883638479,264.5));
#5412=CARTESIAN_POINT('Origin',(-157.28450361311,6.68547742185498,264.5));
#5413=CARTESIAN_POINT('Origin',(-159.293974180706,11.4138569302913,264.5));
#5414=CARTESIAN_POINT('',(-153.515113294086,3.74901679412924,264.5));
#5415=CARTESIAN_POINT('Origin',(-153.132091072527,4.07041059897251,264.5));
#5416=CARTESIAN_POINT('',(-159.676996402266,11.092463125448,264.5));
#5417=CARTESIAN_POINT('Origin',(-154.281157737205,3.1062291844427,264.5));
#5418=CARTESIAN_POINT('',(-153.344661573417,3.45690700696575,264.5));
#5419=CARTESIAN_POINT('Origin',(-152.876413491522,3.63224591822728,264.5));
#5420=CARTESIAN_POINT('Origin',(-154.281157737205,3.1062291844427,264.5));
#5421=CARTESIAN_POINT('Ctrl Pts',(-152.876413491523,3.63224591822776,264.));
#5422=CARTESIAN_POINT('Ctrl Pts',(-152.862921861586,3.46938361369369,264.));
#5423=CARTESIAN_POINT('Ctrl Pts',(-152.949480847709,3.17601681602335,263.920839703276));
#5424=CARTESIAN_POINT('Ctrl Pts',(-153.236336796885,2.72714836597127,263.727630085915));
#5425=CARTESIAN_POINT('Ctrl Pts',(-153.466493308359,2.48516972059691,263.591787822845));
#5426=CARTESIAN_POINT('Ctrl Pts',(-153.635582560143,2.3425246308085,263.501485861622));
#5427=CARTESIAN_POINT('Ctrl Pts',(-153.636975817522,2.34135470632759,263.500743070037));
#5428=CARTESIAN_POINT('Ctrl Pts',(-153.638370127518,2.3401847413237,263.5));
#5429=CARTESIAN_POINT('Ctrl Pts',(-152.999000552701,3.58634229860216,264.));
#5430=CARTESIAN_POINT('Ctrl Pts',(-152.987357065702,3.44949505967872,264.011907291581));
#5431=CARTESIAN_POINT('Ctrl Pts',(-153.038000842983,3.17086138533124,263.963857258223));
#5432=CARTESIAN_POINT('Ctrl Pts',(-153.268756917631,2.71633235460002,263.764205421612));
#5433=CARTESIAN_POINT('Ctrl Pts',(-153.476095130367,2.47708410236578,263.607060730828));
#5434=CARTESIAN_POINT('Ctrl Pts',(-153.635738112324,2.34239597607238,263.501733634194));
#5435=CARTESIAN_POINT('Ctrl Pts',(-153.637053279188,2.34128970827169,263.500866915044));
#5436=CARTESIAN_POINT('Ctrl Pts',(-153.638370127519,2.34018474132362,263.5));
#5437=CARTESIAN_POINT('Ctrl Pts',(-153.243020223954,3.49496735199085,264.108533652772));
#5438=CARTESIAN_POINT('Ctrl Pts',(-153.216333896541,3.3866050321541,264.130317283358));
#5439=CARTESIAN_POINT('Ctrl Pts',(-153.190992462217,3.13125630066425,264.088018418162));
#5440=CARTESIAN_POINT('Ctrl Pts',(-153.327169994872,2.68643301832789,263.837936959289));
#5441=CARTESIAN_POINT('Ctrl Pts',(-153.495421302193,2.4609394105517,263.637412234209));
#5442=CARTESIAN_POINT('Ctrl Pts',(-153.636047828052,2.34213768360541,263.502230285568));
#5443=CARTESIAN_POINT('Ctrl Pts',(-153.637208202522,2.3411597121599,263.501114605056));
#5444=CARTESIAN_POINT('Ctrl Pts',(-153.638370127519,2.34018474132347,263.5));
#5445=CARTESIAN_POINT('Ctrl Pts',(-153.344661573416,3.456907006966,264.3691003061));
#5446=CARTESIAN_POINT('Ctrl Pts',(-153.289902182202,3.31135951086457,264.376585989214));
#5447=CARTESIAN_POINT('Ctrl Pts',(-153.256751702731,3.04671171360808,264.257263896035));
#5448=CARTESIAN_POINT('Ctrl Pts',(-153.369085467149,2.64308408084607,263.916287403712));
#5449=CARTESIAN_POINT('Ctrl Pts',(-153.514434765113,2.44508757586948,263.668214789947));
#5450=CARTESIAN_POINT('Ctrl Pts',(-153.636357884505,2.34187608756175,263.502724425778));
#5451=CARTESIAN_POINT('Ctrl Pts',(-153.637363125855,2.3410297160481,263.501362295069));
#5452=CARTESIAN_POINT('Ctrl Pts',(-153.638370127519,2.34018474132331,263.500000000001));
#5453=CARTESIAN_POINT('Ctrl Pts',(-153.344661573416,3.45690700696585,264.5));
#5454=CARTESIAN_POINT('Ctrl Pts',(-153.278488189072,3.28018890104716,264.5));
#5455=CARTESIAN_POINT('Ctrl Pts',(-153.263733606187,2.9982558869844,264.341679406553));
#5456=CARTESIAN_POINT('Ctrl Pts',(-153.38663584119,2.61757169505976,263.955260171829));
#5457=CARTESIAN_POINT('Ctrl Pts',(-153.524036117723,2.43713997171919,263.683575645691));
#5458=CARTESIAN_POINT('Ctrl Pts',(-153.636512025911,2.34174499733535,263.502971723244));
#5459=CARTESIAN_POINT('Ctrl Pts',(-153.637440587522,2.3409647179922,263.501486140075));
#5460=CARTESIAN_POINT('Ctrl Pts',(-153.638370127519,2.34018474132324,263.500000000001));
#5461=CARTESIAN_POINT('Ctrl Pts',(-153.344661573416,3.45690700696585,264.5));
#5462=CARTESIAN_POINT('Ctrl Pts',(-153.278488189072,3.28018890104716,264.5));
#5463=CARTESIAN_POINT('Ctrl Pts',(-153.263733606187,2.9982558869844,264.341679406553));
#5464=CARTESIAN_POINT('Ctrl Pts',(-153.38663584119,2.61757169505976,263.955260171829));
#5465=CARTESIAN_POINT('Ctrl Pts',(-153.524036117723,2.43713997171919,263.683575645691));
#5466=CARTESIAN_POINT('Ctrl Pts',(-153.636512025911,2.34174499733535,263.502971723244));
#5467=CARTESIAN_POINT('Ctrl Pts',(-153.637440587522,2.3409647179922,263.501486140075));
#5468=CARTESIAN_POINT('Ctrl Pts',(-153.638370127519,2.34018474132324,263.500000000001));
#5469=CARTESIAN_POINT('Ctrl Pts',(-153.638370127518,2.3401847413237,263.5));
#5470=CARTESIAN_POINT('Ctrl Pts',(-153.636975817522,2.34135470632759,263.500743070037));
#5471=CARTESIAN_POINT('Ctrl Pts',(-153.635582560143,2.3425246308085,263.501485861622));
#5472=CARTESIAN_POINT('Ctrl Pts',(-153.466493308359,2.48516972059691,263.591787822845));
#5473=CARTESIAN_POINT('Ctrl Pts',(-153.236336796885,2.72714836597127,263.727630085915));
#5474=CARTESIAN_POINT('Ctrl Pts',(-152.949480847709,3.17601681602335,263.920839703276));
#5475=CARTESIAN_POINT('Ctrl Pts',(-152.862921861586,3.46938361369369,264.));
#5476=CARTESIAN_POINT('Ctrl Pts',(-152.876413491523,3.63224591822776,264.));
#5477=CARTESIAN_POINT('Origin',(-154.281157737205,3.1062291844427,246.000002495944));
#5478=CARTESIAN_POINT('',(-153.515113294086,3.74901679412924,246.000002495944));
#5479=CARTESIAN_POINT('Origin',(-152.872325684399,2.98297235101032,253.500004991889));
#5480=CARTESIAN_POINT('',(-156.518459169991,7.32826503154152,270.375002495944));
#5481=CARTESIAN_POINT('Origin',(-157.28450361311,6.68547742185498,270.375002495944));
#5482=CARTESIAN_POINT('',(-157.927291222796,7.45152186497396,270.375002495944));
#5483=CARTESIAN_POINT('Origin',(-164.02179397868,2.33762685030278,287.25));
#5484=CARTESIAN_POINT('',(-167.885869200227,-0.904717242938413,305.375));
#5485=CARTESIAN_POINT('Origin',(-167.24308159054,-1.6707616860574,305.375));
#5486=CARTESIAN_POINT('',(-168.009126033659,-2.31354929574394,305.375));
#5487=CARTESIAN_POINT('Origin',(-164.362992548068,-6.65884197627513,323.5));
#5488=CARTESIAN_POINT('',(-165.005780157755,-5.89279753315622,281.));
#5489=CARTESIAN_POINT('Origin',(-164.239735714636,-5.25000992346968,281.));
#5490=CARTESIAN_POINT('Origin',(-177.328718339059,-16.8856740607748,263.5));
#5491=CARTESIAN_POINT('Origin',(-177.328718339059,-16.8856740607748,263.5));
#5492=CARTESIAN_POINT('Origin',(-145.088624419777,10.8196805006812,281.000002495944));
#5493=CARTESIAN_POINT('',(-145.854668862896,10.1768928909946,281.000002495944));
#5494=CARTESIAN_POINT('Origin',(-145.21188125321,9.41084844787571,323.500004991889));
#5495=CARTESIAN_POINT('',(-152.5,18.0964901476162,280.));
#5496=CARTESIAN_POINT('',(-147.5,12.1377221846452,280.));
#5497=CARTESIAN_POINT('Origin',(-150.,15.1171061661307,280.));
#5498=CARTESIAN_POINT('',(-147.5,12.1377221846452,273.));
#5499=CARTESIAN_POINT('',(-147.5,12.1377221846452,298.250002495944));
#5500=CARTESIAN_POINT('',(-152.5,18.0964901476162,273.));
#5501=CARTESIAN_POINT('Origin',(-150.,15.1171061661307,273.));
#5502=CARTESIAN_POINT('',(-152.5,18.0964901476163,301.750002495944));
#5503=CARTESIAN_POINT('',(-152.5,18.0964901476162,303.));
#5504=CARTESIAN_POINT('',(-147.5,12.1377221846452,303.));
#5505=CARTESIAN_POINT('Origin',(-150.,15.1171061661307,303.));
#5506=CARTESIAN_POINT('',(-147.5,12.1377221846452,296.));
#5507=CARTESIAN_POINT('',(-147.5,12.1377221846452,309.750002495944));
#5508=CARTESIAN_POINT('',(-152.5,18.0964901476162,296.));
#5509=CARTESIAN_POINT('Origin',(-150.,15.1171061661307,296.));
#5510=CARTESIAN_POINT('',(-152.5,18.0964901476163,313.250002495944));
#5511=CARTESIAN_POINT('Origin',(-150.,22.42319464188,296.));
#5512=CARTESIAN_POINT('',(-147.5,22.42319464188,296.));
#5513=CARTESIAN_POINT('',(-152.5,22.42319464188,296.));
#5514=CARTESIAN_POINT('Origin',(-150.,22.42319464188,303.));
#5515=CARTESIAN_POINT('',(-152.5,22.42319464188,303.));
#5516=CARTESIAN_POINT('',(-147.5,22.42319464188,303.));
#5517=CARTESIAN_POINT('Origin',(-150.,22.42319464188,273.));
#5518=CARTESIAN_POINT('',(-147.5,22.42319464188,273.));
#5519=CARTESIAN_POINT('',(-152.5,22.42319464188,273.));
#5520=CARTESIAN_POINT('Origin',(-150.,22.42319464188,280.));
#5521=CARTESIAN_POINT('',(-152.5,22.42319464188,280.));
#5522=CARTESIAN_POINT('',(-147.5,22.42319464188,280.));
#5523=CARTESIAN_POINT('Origin',(-152.5,22.42319464188,280.));
#5524=CARTESIAN_POINT('Ctrl Pts',(-178.663806989745,-5.17303325698797,293.506257115956));
#5525=CARTESIAN_POINT('Ctrl Pts',(-178.621772039147,-5.22312856037748,293.502706158019));
#5526=CARTESIAN_POINT('Ctrl Pts',(-178.579651337949,-5.27332605735319,293.501169921925));
#5527=CARTESIAN_POINT('Ctrl Pts',(-178.668256205949,-5.17676659266385,293.506257115956));
#5528=CARTESIAN_POINT('Ctrl Pts',(-178.626221255351,-5.22686189605336,293.502706158019));
#5529=CARTESIAN_POINT('Ctrl Pts',(-178.584100554153,-5.27705939302908,293.501169921925));
#5530=CARTESIAN_POINT('',(-178.584100554153,-5.27705939302903,293.501169921925));
#5531=CARTESIAN_POINT('',(-178.162776110437,-4.92352620770143,293.501169921925));
#5532=CARTESIAN_POINT('',(-178.668256205949,-5.17676659266383,293.506257115956));
#5533=CARTESIAN_POINT('Origin',(-178.51993142324,-5.35353318532764,296.));
#5534=CARTESIAN_POINT('Origin',(-178.098606979525,-5.00000000000003,296.));
#5535=CARTESIAN_POINT('Ctrl Pts',(-178.579651337949,-5.27332605735318,305.498830078075));
#5536=CARTESIAN_POINT('Ctrl Pts',(-178.621772039147,-5.22312856037747,305.497293841981));
#5537=CARTESIAN_POINT('Ctrl Pts',(-178.663806989745,-5.17303325698796,305.493742884044));
#5538=CARTESIAN_POINT('Ctrl Pts',(-178.584100554153,-5.27705939302907,305.498830078075));
#5539=CARTESIAN_POINT('Ctrl Pts',(-178.626221255351,-5.22686189605335,305.497293841981));
#5540=CARTESIAN_POINT('Ctrl Pts',(-178.668256205949,-5.17676659266385,305.493742884044));
#5541=CARTESIAN_POINT('',(-178.668256205949,-5.17676659266383,305.493742884044));
#5542=CARTESIAN_POINT('Origin',(-178.098606979525,-5.00000000000003,303.));
#5543=CARTESIAN_POINT('',(-178.584100554153,-5.27705939302903,305.498830078075));
#5544=CARTESIAN_POINT('Origin',(-178.51993142324,-5.35353318532764,303.));
#5545=CARTESIAN_POINT('',(-178.162776110437,-4.92352620770143,305.498830078075));
#5546=CARTESIAN_POINT('Origin',(-182.686002840957,0.46704549851344,293.501169921925));
#5547=CARTESIAN_POINT('',(-178.88075011957,-4.92352620770143,293.501169921925));
#5548=CARTESIAN_POINT('',(-178.455762292327,-5.43000697762659,293.501169921925));
#5549=CARTESIAN_POINT('',(-182.724997026025,-4.92352620770143,293.501169921925));
#5550=CARTESIAN_POINT('Origin',(-185.637227631195,3.12853014005899,308.5));
#5551=CARTESIAN_POINT('',(-178.88075011957,-4.92352620770143,305.498830078075));
#5552=CARTESIAN_POINT('',(-178.455762292327,-5.43000697762659,305.498830078075));
#5553=CARTESIAN_POINT('',(-180.914330066601,-2.50000000000003,303.));
#5554=CARTESIAN_POINT('Origin',(-178.816580988658,-5.00000000000003,303.));
#5555=CARTESIAN_POINT('',(-180.914330066601,-2.50000000000003,296.));
#5556=CARTESIAN_POINT('',(-180.914330066601,-2.50000000000003,302.25));
#5557=CARTESIAN_POINT('Origin',(-178.816580988658,-5.00000000000003,296.));
#5558=CARTESIAN_POINT('Origin',(-185.637227631195,3.12853014005899,308.5));
#5559=CARTESIAN_POINT('',(-178.752411857745,-5.07647379229864,305.498830078075));
#5560=CARTESIAN_POINT('Origin',(-178.816580988658,-5.00000000000003,303.));
#5561=CARTESIAN_POINT('',(-178.455762292327,-5.43000697762659,305.498830078075));
#5562=CARTESIAN_POINT('Origin',(-185.637227631195,3.12853014005899,308.5));
#5563=CARTESIAN_POINT('',(-178.752411857745,-5.07647379229864,293.501169921925));
#5564=CARTESIAN_POINT('Origin',(-178.816580988658,-5.00000000000003,296.));
#5565=CARTESIAN_POINT('',(-178.455762292327,-5.43000697762659,293.501169921925));
#5566=CARTESIAN_POINT('Origin',(-178.162776110437,-4.92352620770143,305.498830078075));
#5567=CARTESIAN_POINT('',(-182.724997026025,-4.92352620770143,305.498830078075));
#5568=CARTESIAN_POINT('Origin',(-178.162776110437,-4.92352620770143,305.498830078075));
#5569=CARTESIAN_POINT('',(-182.724997026025,-5.07647379229864,305.498830078075));
#5570=CARTESIAN_POINT('Origin',(-182.686002840957,0.46704549851344,293.501169921925));
#5571=CARTESIAN_POINT('',(-182.724997026025,-5.07647379229864,293.501169921925));
#5572=CARTESIAN_POINT('Origin',(-182.724997026025,-5.00000000000003,296.));
#5573=CARTESIAN_POINT('',(-182.724997026025,-2.50000000000003,296.));
#5574=CARTESIAN_POINT('',(-182.724997026025,-7.50000000000003,296.));
#5575=CARTESIAN_POINT('Origin',(-182.724997026025,-2.50000000000003,296.));
#5576=CARTESIAN_POINT('',(-182.724997026025,-2.50000000000003,303.));
#5577=CARTESIAN_POINT('Origin',(-178.162776110437,-4.92352620770143,282.498830078075));
#5578=CARTESIAN_POINT('',(-178.88075011957,-4.92352620770143,282.498830078075));
#5579=CARTESIAN_POINT('',(-182.724997026025,-4.92352620770143,282.498830078075));
#5580=CARTESIAN_POINT('',(-178.455762292327,-5.4300069776266,282.498830078075));
#5581=CARTESIAN_POINT('Origin',(-178.162776110437,-4.92352620770143,282.498830078075));
#5582=CARTESIAN_POINT('',(-178.584100554153,-5.27705939302903,282.498830078075));
#5583=CARTESIAN_POINT('',(-178.162776110437,-4.92352620770143,282.498830078075));
#5584=CARTESIAN_POINT('',(-178.752411857745,-5.07647379229864,282.498830078075));
#5585=CARTESIAN_POINT('',(-178.455762292327,-5.4300069776266,282.498830078075));
#5586=CARTESIAN_POINT('',(-182.724997026025,-5.07647379229864,282.498830078075));
#5587=CARTESIAN_POINT('Ctrl Pts',(-178.663806989745,-5.17303325698796,270.506257115956));
#5588=CARTESIAN_POINT('Ctrl Pts',(-178.621772039147,-5.22312856037748,270.502706158019));
#5589=CARTESIAN_POINT('Ctrl Pts',(-178.579651337949,-5.2733260573532,270.501169921925));
#5590=CARTESIAN_POINT('Ctrl Pts',(-178.668256205949,-5.17676659266385,270.506257115956));
#5591=CARTESIAN_POINT('Ctrl Pts',(-178.626221255351,-5.22686189605337,270.502706158019));
#5592=CARTESIAN_POINT('Ctrl Pts',(-178.584100554153,-5.27705939302909,270.501169921925));
#5593=CARTESIAN_POINT('',(-178.584100554153,-5.27705939302903,270.501169921925));
#5594=CARTESIAN_POINT('',(-178.162776110437,-4.92352620770143,270.501169921925));
#5595=CARTESIAN_POINT('',(-178.668256205949,-5.17676659266384,270.506257115956));
#5596=CARTESIAN_POINT('Origin',(-178.51993142324,-5.35353318532765,273.));
#5597=CARTESIAN_POINT('Origin',(-178.098606979525,-5.00000000000003,273.));
#5598=CARTESIAN_POINT('Origin',(-182.686002840957,0.467045498513413,270.501169921925));
#5599=CARTESIAN_POINT('',(-178.752411857745,-5.07647379229864,270.501169921925));
#5600=CARTESIAN_POINT('',(-182.724997026025,-5.07647379229864,270.501169921925));
#5601=CARTESIAN_POINT('',(-178.455762292327,-5.4300069776266,270.501169921925));
#5602=CARTESIAN_POINT('Origin',(-182.686002840957,0.467045498513413,270.501169921925));
#5603=CARTESIAN_POINT('',(-178.88075011957,-4.92352620770143,270.501169921925));
#5604=CARTESIAN_POINT('',(-178.455762292327,-5.4300069776266,270.501169921925));
#5605=CARTESIAN_POINT('',(-182.724997026025,-4.92352620770143,270.501169921925));
#5606=CARTESIAN_POINT('Origin',(-185.637227631195,3.12853014005898,308.5));
#5607=CARTESIAN_POINT('Origin',(-178.816580988658,-5.00000000000003,273.));
#5608=CARTESIAN_POINT('Origin',(-185.637227631195,3.12853014005898,308.5));
#5609=CARTESIAN_POINT('',(-180.914330066601,-2.50000000000003,280.));
#5610=CARTESIAN_POINT('Origin',(-178.816580988658,-5.00000000000003,280.));
#5611=CARTESIAN_POINT('',(-180.914330066601,-2.50000000000003,273.));
#5612=CARTESIAN_POINT('',(-180.914330066601,-2.50000000000003,290.75));
#5613=CARTESIAN_POINT('Origin',(-178.816580988658,-5.00000000000003,273.));
#5614=CARTESIAN_POINT('Origin',(-185.637227631195,3.12853014005898,308.5));
#5615=CARTESIAN_POINT('',(-178.668256205949,-5.17676659266384,282.493742884044));
#5616=CARTESIAN_POINT('Origin',(-178.816580988658,-5.00000000000003,280.));
#5617=CARTESIAN_POINT('Origin',(-178.51993142324,-5.35353318532765,280.));
#5618=CARTESIAN_POINT('Ctrl Pts',(-178.579651337949,-5.27332605735318,282.498830078075));
#5619=CARTESIAN_POINT('Ctrl Pts',(-178.621772039147,-5.22312856037746,282.497293841981));
#5620=CARTESIAN_POINT('Ctrl Pts',(-178.663806989745,-5.17303325698795,282.493742884044));
#5621=CARTESIAN_POINT('Ctrl Pts',(-178.584100554153,-5.27705939302905,282.498830078075));
#5622=CARTESIAN_POINT('Ctrl Pts',(-178.626221255351,-5.22686189605333,282.497293841981));
#5623=CARTESIAN_POINT('Ctrl Pts',(-178.668256205949,-5.17676659266382,282.493742884044));
#5624=CARTESIAN_POINT('Origin',(-178.098606979525,-5.00000000000003,280.));
#5625=CARTESIAN_POINT('Origin',(-182.724997026025,-5.00000000000003,280.));
#5626=CARTESIAN_POINT('',(-182.724997026025,-7.50000000000003,280.));
#5627=CARTESIAN_POINT('',(-182.724997026025,-2.50000000000003,280.));
#5628=CARTESIAN_POINT('Origin',(-182.724997026025,-5.00000000000003,303.));
#5629=CARTESIAN_POINT('',(-182.724997026025,-7.50000000000003,303.));
#5630=CARTESIAN_POINT('Origin',(-182.724997026025,-7.50000000000003,303.));
#5631=CARTESIAN_POINT('Origin',(-182.724997026025,-2.50000000000003,273.));
#5632=CARTESIAN_POINT('',(-182.724997026025,-2.50000000000003,273.));
#5633=CARTESIAN_POINT('Origin',(-182.724997026025,-7.50000000000003,280.));
#5634=CARTESIAN_POINT('',(-182.724997026025,-7.50000000000003,273.));
#5635=CARTESIAN_POINT('Origin',(-182.724997026025,-5.00000000000003,273.));
#5636=CARTESIAN_POINT('Origin',(-152.5,22.42319464188,303.));
#5637=CARTESIAN_POINT('Origin',(-147.5,22.42319464188,296.));
#5638=CARTESIAN_POINT('Origin',(-147.5,22.42319464188,273.));
#5639=CARTESIAN_POINT('Origin',(-155.403721056386,-5.66815701864901,288.500004470348));
#5640=UNCERTAINTY_MEASURE_WITH_UNIT(LENGTH_MEASURE(0.01),#5644,
'DISTANCE_ACCURACY_VALUE',
'Maximum model space distance between geometric entities at asserted c
onnectivities');
#5641=UNCERTAINTY_MEASURE_WITH_UNIT(LENGTH_MEASURE(0.01),#5644,
'DISTANCE_ACCURACY_VALUE',
'Maximum model space distance between geometric entities at asserted c
onnectivities');
#5642=(
GEOMETRIC_REPRESENTATION_CONTEXT(3)
GLOBAL_UNCERTAINTY_ASSIGNED_CONTEXT((#5640))
GLOBAL_UNIT_ASSIGNED_CONTEXT((#5644,#5646,#5647))
REPRESENTATION_CONTEXT('','3D')
);
#5643=(
GEOMETRIC_REPRESENTATION_CONTEXT(3)
GLOBAL_UNCERTAINTY_ASSIGNED_CONTEXT((#5641))
GLOBAL_UNIT_ASSIGNED_CONTEXT((#5644,#5646,#5647))
REPRESENTATION_CONTEXT('','3D')
);
#5644=(
LENGTH_UNIT()
NAMED_UNIT(*)
SI_UNIT(.MILLI.,.METRE.)
);
#5645=(
LENGTH_UNIT()
NAMED_UNIT(*)
SI_UNIT($,.METRE.)
);
#5646=(
NAMED_UNIT(*)
PLANE_ANGLE_UNIT()
SI_UNIT($,.RADIAN.)
);
#5647=(
NAMED_UNIT(*)
SI_UNIT($,.STERADIAN.)
SOLID_ANGLE_UNIT()
);
#5648=SHAPE_DEFINITION_REPRESENTATION(#5649,#5650);
#5649=PRODUCT_DEFINITION_SHAPE('',$,#5652);
#5650=SHAPE_REPRESENTATION('',(#2836),#5642);
#5651=PRODUCT_DEFINITION_CONTEXT('part definition',#5656,'design');
#5652=PRODUCT_DEFINITION('2026-06-29-16-52-42-069','ROCKET_v1',#5653,#5651);
#5653=PRODUCT_DEFINITION_FORMATION('',$,#5658);
#5654=PRODUCT_RELATED_PRODUCT_CATEGORY('ROCKET_v1','ROCKET_v1',(#5658));
#5655=APPLICATION_PROTOCOL_DEFINITION('international standard',
'automotive_design',2009,#5656);
#5656=APPLICATION_CONTEXT(
'Core Data for Automotive Mechanical Design Process');
#5657=PRODUCT_CONTEXT('part definition',#5656,'mechanical');
#5658=PRODUCT('2026-06-29-16-52-42-069','ROCKET_v1',$,(#5657));
#5659=PRESENTATION_STYLE_ASSIGNMENT((#5660));
#5660=SURFACE_STYLE_USAGE(.BOTH.,#5661);
#5661=SURFACE_SIDE_STYLE('',(#5662));
#5662=SURFACE_STYLE_FILL_AREA(#5663);
#5663=FILL_AREA_STYLE('Steel - Satin',(#5664));
#5664=FILL_AREA_STYLE_COLOUR('Steel - Satin',#5665);
#5665=COLOUR_RGB('Steel - Satin',0.627450980392157,0.627450980392157,0.627450980392157);
ENDSEC;
END-ISO-10303-21;
