ISO-10303-21;
HEADER;
/* Generated by software containing ST-Developer
 * from STEP Tools, Inc. (www.steptools.com) 
 */

FILE_DESCRIPTION(
/* description */ (''),
/* implementation_level */ '2;1');

FILE_NAME(
/* name */ 'engine_stage.step',
/* time_stamp */ '2026-08-06T17:42:36+02:00',
/* author */ (''),
/* organization */ (''),
/* preprocessor_version */ 'ST-DEVELOPER v20.1',
/* originating_system */ 'Autodesk Translation Framework v15.8.0.0',
/* authorisation */ '');

FILE_SCHEMA (('AUTOMOTIVE_DESIGN { 1 0 10303 214 3 1 1 }'));
ENDSEC;

DATA;
#10=MECHANICAL_DESIGN_GEOMETRIC_PRESENTATION_REPRESENTATION('',(#13,#14,
#15),#2443);
#11=SHAPE_REPRESENTATION_RELATIONSHIP('SRR','None',#2450,#12);
#12=ADVANCED_BREP_SHAPE_REPRESENTATION('',(#16,#17,#18),#2442);
#13=STYLED_ITEM('',(#2459),#16);
#14=STYLED_ITEM('',(#2459),#17);
#15=STYLED_ITEM('',(#2459),#18);
#16=MANIFOLD_SOLID_BREP('engine_stage',#1395);
#17=MANIFOLD_SOLID_BREP('rod_clip1',#1396);
#18=MANIFOLD_SOLID_BREP('rod_clip2',#1397);
#19=ELLIPSE('',#1547,40.9204663618416,29.9862514242704);
#20=CONICAL_SURFACE('',#1485,27.487432716959,8.57357680638143E-7);
#21=CONICAL_SURFACE('',#1553,5.76038617882474,2.13850567852791E-6);
#22=CONICAL_SURFACE('',#1561,5.76041315105619,3.54943414011244E-6);
#23=B_SPLINE_CURVE_WITH_KNOTS('',3,(#2174,#2175,#2176,#2177,#2178,#2179,
#2180,#2181,#2182,#2183,#2184,#2185,#2186,#2187,#2188,#2189,#2190,#2191),
 .UNSPECIFIED.,.F.,.F.,(4,2,2,2,2,2,2,2,4),(0.376874428194977,0.471092957994523,
0.565311487794069,0.659530172092011,0.753748856389954,0.847967540687897,
0.94218622498584,1.03640475478539,1.13062328458493),.UNSPECIFIED.);
#24=B_SPLINE_CURVE_WITH_KNOTS('',3,(#2195,#2196,#2197,#2198,#2199,#2200,
#2201,#2202,#2203,#2204,#2205,#2206,#2207,#2208,#2209,#2210,#2211,#2212,
#2213),.UNSPECIFIED.,.F.,.F.,(4,2,2,2,3,2,2,2,4),(1.13062328458493,1.22484181438448,
1.31906034418402,1.41327902848197,1.50749771277991,1.60171639707785,1.69593508137579,
1.79015361117534,1.88437214097489),.UNSPECIFIED.);
#25=FACE_BOUND('',#151,.T.);
#26=FACE_BOUND('',#155,.T.);
#27=FACE_BOUND('',#158,.T.);
#28=FACE_BOUND('',#162,.T.);
#29=FACE_BOUND('',#165,.T.);
#30=FACE_BOUND('',#168,.T.);
#31=FACE_BOUND('',#172,.T.);
#32=FACE_BOUND('',#175,.T.);
#33=FACE_BOUND('',#180,.T.);
#34=FACE_BOUND('',#184,.T.);
#35=FACE_BOUND('',#186,.T.);
#36=FACE_BOUND('',#190,.T.);
#37=FACE_BOUND('',#223,.T.);
#38=FACE_BOUND('',#224,.T.);
#39=FACE_BOUND('',#225,.T.);
#40=FACE_BOUND('',#227,.T.);
#41=FACE_BOUND('',#230,.T.);
#42=FACE_BOUND('',#233,.T.);
#43=FACE_BOUND('',#236,.T.);
#44=FACE_BOUND('',#239,.T.);
#45=TOROIDAL_SURFACE('',#1430,3.29999999999999,1.3);
#46=TOROIDAL_SURFACE('',#1439,3.29999999999999,1.3);
#47=TOROIDAL_SURFACE('',#1448,3.29999999999999,1.3);
#48=TOROIDAL_SURFACE('',#1452,3.29999999999999,1.3);
#49=TOROIDAL_SURFACE('',#1461,3.29999999999999,1.3);
#50=TOROIDAL_SURFACE('',#1465,3.29999999999999,1.3);
#51=TOROIDAL_SURFACE('',#1469,3.29999999999999,1.3);
#52=TOROIDAL_SURFACE('',#1478,3.29999999999999,1.3);
#53=CYLINDRICAL_SURFACE('',#1417,12.143201783523);
#54=CYLINDRICAL_SURFACE('',#1435,1.99999999999999);
#55=CYLINDRICAL_SURFACE('',#1444,1.99999999999999);
#56=CYLINDRICAL_SURFACE('',#1457,1.99999999999999);
#57=CYLINDRICAL_SURFACE('',#1474,1.99999999999999);
#58=CYLINDRICAL_SURFACE('',#1482,2.5);
#59=CYLINDRICAL_SURFACE('',#1496,27.4875013055862);
#60=CYLINDRICAL_SURFACE('',#1503,9.14500043436419);
#61=CYLINDRICAL_SURFACE('',#1504,27.5);
#62=CYLINDRICAL_SURFACE('',#1509,12.143);
#63=CYLINDRICAL_SURFACE('',#1549,29.9862514242704);
#64=CYLINDRICAL_SURFACE('',#1558,3.26193311040676);
#65=CYLINDRICAL_SURFACE('',#1566,3.26196611103019);
#66=FACE_OUTER_BOUND('',#143,.T.);
#67=FACE_OUTER_BOUND('',#144,.T.);
#68=FACE_OUTER_BOUND('',#145,.T.);
#69=FACE_OUTER_BOUND('',#146,.T.);
#70=FACE_OUTER_BOUND('',#147,.T.);
#71=FACE_OUTER_BOUND('',#148,.T.);
#72=FACE_OUTER_BOUND('',#149,.T.);
#73=FACE_OUTER_BOUND('',#150,.T.);
#74=FACE_OUTER_BOUND('',#152,.T.);
#75=FACE_OUTER_BOUND('',#153,.T.);
#76=FACE_OUTER_BOUND('',#154,.T.);
#77=FACE_OUTER_BOUND('',#156,.T.);
#78=FACE_OUTER_BOUND('',#157,.T.);
#79=FACE_OUTER_BOUND('',#159,.T.);
#80=FACE_OUTER_BOUND('',#160,.T.);
#81=FACE_OUTER_BOUND('',#161,.T.);
#82=FACE_OUTER_BOUND('',#163,.T.);
#83=FACE_OUTER_BOUND('',#164,.T.);
#84=FACE_OUTER_BOUND('',#166,.T.);
#85=FACE_OUTER_BOUND('',#167,.T.);
#86=FACE_OUTER_BOUND('',#169,.T.);
#87=FACE_OUTER_BOUND('',#170,.T.);
#88=FACE_OUTER_BOUND('',#171,.T.);
#89=FACE_OUTER_BOUND('',#173,.T.);
#90=FACE_OUTER_BOUND('',#174,.T.);
#91=FACE_OUTER_BOUND('',#176,.T.);
#92=FACE_OUTER_BOUND('',#177,.T.);
#93=FACE_OUTER_BOUND('',#178,.T.);
#94=FACE_OUTER_BOUND('',#179,.T.);
#95=FACE_OUTER_BOUND('',#181,.T.);
#96=FACE_OUTER_BOUND('',#182,.T.);
#97=FACE_OUTER_BOUND('',#183,.T.);
#98=FACE_OUTER_BOUND('',#185,.T.);
#99=FACE_OUTER_BOUND('',#187,.T.);
#100=FACE_OUTER_BOUND('',#188,.T.);
#101=FACE_OUTER_BOUND('',#189,.T.);
#102=FACE_OUTER_BOUND('',#191,.T.);
#103=FACE_OUTER_BOUND('',#192,.T.);
#104=FACE_OUTER_BOUND('',#193,.T.);
#105=FACE_OUTER_BOUND('',#194,.T.);
#106=FACE_OUTER_BOUND('',#195,.T.);
#107=FACE_OUTER_BOUND('',#196,.T.);
#108=FACE_OUTER_BOUND('',#197,.T.);
#109=FACE_OUTER_BOUND('',#198,.T.);
#110=FACE_OUTER_BOUND('',#199,.T.);
#111=FACE_OUTER_BOUND('',#200,.T.);
#112=FACE_OUTER_BOUND('',#201,.T.);
#113=FACE_OUTER_BOUND('',#202,.T.);
#114=FACE_OUTER_BOUND('',#203,.T.);
#115=FACE_OUTER_BOUND('',#204,.T.);
#116=FACE_OUTER_BOUND('',#205,.T.);
#117=FACE_OUTER_BOUND('',#206,.T.);
#118=FACE_OUTER_BOUND('',#207,.T.);
#119=FACE_OUTER_BOUND('',#208,.T.);
#120=FACE_OUTER_BOUND('',#209,.T.);
#121=FACE_OUTER_BOUND('',#210,.T.);
#122=FACE_OUTER_BOUND('',#211,.T.);
#123=FACE_OUTER_BOUND('',#212,.T.);
#124=FACE_OUTER_BOUND('',#213,.T.);
#125=FACE_OUTER_BOUND('',#214,.T.);
#126=FACE_OUTER_BOUND('',#215,.T.);
#127=FACE_OUTER_BOUND('',#216,.T.);
#128=FACE_OUTER_BOUND('',#217,.T.);
#129=FACE_OUTER_BOUND('',#218,.T.);
#130=FACE_OUTER_BOUND('',#219,.T.);
#131=FACE_OUTER_BOUND('',#220,.T.);
#132=FACE_OUTER_BOUND('',#221,.T.);
#133=FACE_OUTER_BOUND('',#222,.T.);
#134=FACE_OUTER_BOUND('',#226,.T.);
#135=FACE_OUTER_BOUND('',#228,.T.);
#136=FACE_OUTER_BOUND('',#229,.T.);
#137=FACE_OUTER_BOUND('',#231,.T.);
#138=FACE_OUTER_BOUND('',#232,.T.);
#139=FACE_OUTER_BOUND('',#234,.T.);
#140=FACE_OUTER_BOUND('',#235,.T.);
#141=FACE_OUTER_BOUND('',#237,.T.);
#142=FACE_OUTER_BOUND('',#238,.T.);
#143=EDGE_LOOP('',(#873,#874,#875,#876,#877));
#144=EDGE_LOOP('',(#878,#879,#880,#881));
#145=EDGE_LOOP('',(#882,#883,#884,#885,#886,#887,#888,#889,#890,#891,#892,
#893,#894,#895,#896,#897,#898,#899,#900,#901));
#146=EDGE_LOOP('',(#902,#903,#904,#905));
#147=EDGE_LOOP('',(#906,#907,#908,#909));
#148=EDGE_LOOP('',(#910,#911,#912,#913,#914));
#149=EDGE_LOOP('',(#915,#916,#917,#918,#919,#920));
#150=EDGE_LOOP('',(#921,#922,#923,#924));
#151=EDGE_LOOP('',(#925));
#152=EDGE_LOOP('',(#926,#927,#928,#929,#930));
#153=EDGE_LOOP('',(#931,#932,#933,#934,#935,#936));
#154=EDGE_LOOP('',(#937,#938,#939,#940));
#155=EDGE_LOOP('',(#941));
#156=EDGE_LOOP('',(#942,#943,#944,#945,#946));
#157=EDGE_LOOP('',(#947,#948,#949,#950));
#158=EDGE_LOOP('',(#951));
#159=EDGE_LOOP('',(#952,#953,#954,#955,#956));
#160=EDGE_LOOP('',(#957,#958,#959,#960,#961,#962));
#161=EDGE_LOOP('',(#963,#964,#965,#966));
#162=EDGE_LOOP('',(#967));
#163=EDGE_LOOP('',(#968,#969,#970,#971,#972));
#164=EDGE_LOOP('',(#973,#974,#975,#976));
#165=EDGE_LOOP('',(#977));
#166=EDGE_LOOP('',(#978,#979,#980,#981,#982));
#167=EDGE_LOOP('',(#983,#984,#985,#986));
#168=EDGE_LOOP('',(#987));
#169=EDGE_LOOP('',(#988,#989,#990,#991,#992));
#170=EDGE_LOOP('',(#993,#994,#995,#996,#997,#998));
#171=EDGE_LOOP('',(#999,#1000,#1001,#1002));
#172=EDGE_LOOP('',(#1003));
#173=EDGE_LOOP('',(#1004,#1005,#1006,#1007,#1008));
#174=EDGE_LOOP('',(#1009,#1010,#1011,#1012));
#175=EDGE_LOOP('',(#1013));
#176=EDGE_LOOP('',(#1014,#1015,#1016,#1017,#1018));
#177=EDGE_LOOP('',(#1019));
#178=EDGE_LOOP('',(#1020,#1021,#1022,#1023,#1024,#1025,#1026,#1027,#1028,
#1029,#1030,#1031,#1032,#1033,#1034,#1035,#1036,#1037,#1038,#1039,#1040));
#179=EDGE_LOOP('',(#1041));
#180=EDGE_LOOP('',(#1042));
#181=EDGE_LOOP('',(#1043,#1044,#1045,#1046,#1047));
#182=EDGE_LOOP('',(#1048,#1049,#1050,#1051));
#183=EDGE_LOOP('',(#1052));
#184=EDGE_LOOP('',(#1053));
#185=EDGE_LOOP('',(#1054));
#186=EDGE_LOOP('',(#1055));
#187=EDGE_LOOP('',(#1056,#1057,#1058,#1059));
#188=EDGE_LOOP('',(#1060,#1061,#1062,#1063));
#189=EDGE_LOOP('',(#1064));
#190=EDGE_LOOP('',(#1065));
#191=EDGE_LOOP('',(#1066,#1067,#1068,#1069));
#192=EDGE_LOOP('',(#1070,#1071,#1072,#1073,#1074));
#193=EDGE_LOOP('',(#1075,#1076,#1077,#1078));
#194=EDGE_LOOP('',(#1079,#1080,#1081,#1082,#1083,#1084));
#195=EDGE_LOOP('',(#1085,#1086,#1087,#1088));
#196=EDGE_LOOP('',(#1089,#1090,#1091,#1092));
#197=EDGE_LOOP('',(#1093,#1094,#1095,#1096));
#198=EDGE_LOOP('',(#1097,#1098,#1099,#1100));
#199=EDGE_LOOP('',(#1101,#1102,#1103,#1104,#1105,#1106));
#200=EDGE_LOOP('',(#1107,#1108,#1109,#1110));
#201=EDGE_LOOP('',(#1111,#1112,#1113,#1114));
#202=EDGE_LOOP('',(#1115,#1116,#1117,#1118,#1119,#1120));
#203=EDGE_LOOP('',(#1121,#1122,#1123,#1124));
#204=EDGE_LOOP('',(#1125,#1126,#1127,#1128));
#205=EDGE_LOOP('',(#1129,#1130,#1131,#1132));
#206=EDGE_LOOP('',(#1133,#1134,#1135,#1136));
#207=EDGE_LOOP('',(#1137,#1138,#1139,#1140,#1141,#1142));
#208=EDGE_LOOP('',(#1143,#1144,#1145,#1146,#1147));
#209=EDGE_LOOP('',(#1148,#1149,#1150,#1151,#1152));
#210=EDGE_LOOP('',(#1153,#1154,#1155,#1156,#1157,#1158));
#211=EDGE_LOOP('',(#1159,#1160,#1161,#1162,#1163));
#212=EDGE_LOOP('',(#1164,#1165,#1166,#1167));
#213=EDGE_LOOP('',(#1168,#1169,#1170,#1171));
#214=EDGE_LOOP('',(#1172,#1173,#1174,#1175));
#215=EDGE_LOOP('',(#1176,#1177,#1178,#1179,#1180,#1181));
#216=EDGE_LOOP('',(#1182,#1183,#1184,#1185));
#217=EDGE_LOOP('',(#1186,#1187,#1188,#1189,#1190));
#218=EDGE_LOOP('',(#1191,#1192,#1193,#1194,#1195));
#219=EDGE_LOOP('',(#1196,#1197,#1198,#1199));
#220=EDGE_LOOP('',(#1200,#1201,#1202,#1203));
#221=EDGE_LOOP('',(#1204,#1205,#1206,#1207,#1208));
#222=EDGE_LOOP('',(#1209,#1210,#1211,#1212,#1213,#1214,#1215,#1216,#1217,
#1218,#1219,#1220,#1221,#1222,#1223,#1224));
#223=EDGE_LOOP('',(#1225,#1226));
#224=EDGE_LOOP('',(#1227,#1228,#1229,#1230));
#225=EDGE_LOOP('',(#1231,#1232,#1233,#1234));
#226=EDGE_LOOP('',(#1235,#1236,#1237,#1238,#1239));
#227=EDGE_LOOP('',(#1240));
#228=EDGE_LOOP('',(#1241,#1242,#1243,#1244));
#229=EDGE_LOOP('',(#1245));
#230=EDGE_LOOP('',(#1246));
#231=EDGE_LOOP('',(#1247,#1248,#1249,#1250));
#232=EDGE_LOOP('',(#1251));
#233=EDGE_LOOP('',(#1252));
#234=EDGE_LOOP('',(#1253,#1254,#1255,#1256));
#235=EDGE_LOOP('',(#1257));
#236=EDGE_LOOP('',(#1258));
#237=EDGE_LOOP('',(#1259,#1260,#1261,#1262));
#238=EDGE_LOOP('',(#1263));
#239=EDGE_LOOP('',(#1264));
#240=CIRCLE('',#1412,27.4873686964396);
#241=CIRCLE('',#1413,12.143201783523);
#242=CIRCLE('',#1415,12.143201783523);
#243=CIRCLE('',#1416,27.4873686964396);
#244=CIRCLE('',#1418,12.1431958193431);
#245=CIRCLE('',#1419,12.143201783523);
#246=CIRCLE('',#1420,12.143201783523);
#247=CIRCLE('',#1421,12.143201783523);
#248=CIRCLE('',#1422,12.143201783523);
#249=CIRCLE('',#1423,12.143201783523);
#250=CIRCLE('',#1424,12.143201783523);
#251=CIRCLE('',#1425,12.143201783523);
#252=CIRCLE('',#1427,27.4873686964396);
#253=CIRCLE('',#1429,27.4873686964396);
#254=CIRCLE('',#1431,1.99999999999999);
#255=CIRCLE('',#1432,1.3);
#256=CIRCLE('',#1433,3.29999999999999);
#257=CIRCLE('',#1434,1.99999999999999);
#258=CIRCLE('',#1436,1.99999999999999);
#259=CIRCLE('',#1437,1.99999999999999);
#260=CIRCLE('',#1440,1.99999999999999);
#261=CIRCLE('',#1441,1.3);
#262=CIRCLE('',#1442,3.29999999999999);
#263=CIRCLE('',#1443,1.99999999999999);
#264=CIRCLE('',#1445,1.99999999999999);
#265=CIRCLE('',#1446,1.99999999999999);
#266=CIRCLE('',#1449,1.3);
#267=CIRCLE('',#1450,3.29999999999999);
#268=CIRCLE('',#1453,1.99999999999999);
#269=CIRCLE('',#1454,1.3);
#270=CIRCLE('',#1455,3.29999999999999);
#271=CIRCLE('',#1456,1.99999999999999);
#272=CIRCLE('',#1458,1.99999999999999);
#273=CIRCLE('',#1459,1.99999999999999);
#274=CIRCLE('',#1462,1.3);
#275=CIRCLE('',#1463,3.29999999999999);
#276=CIRCLE('',#1466,1.3);
#277=CIRCLE('',#1467,3.29999999999999);
#278=CIRCLE('',#1470,3.29999999999999);
#279=CIRCLE('',#1471,1.3);
#280=CIRCLE('',#1472,1.99999999999999);
#281=CIRCLE('',#1473,1.99999999999999);
#282=CIRCLE('',#1475,1.99999999999999);
#283=CIRCLE('',#1476,1.99999999999999);
#284=CIRCLE('',#1479,3.29999999999999);
#285=CIRCLE('',#1480,1.3);
#286=CIRCLE('',#1483,2.5);
#287=CIRCLE('',#1486,27.4874231386566);
#288=CIRCLE('',#1487,27.4874231386566);
#289=CIRCLE('',#1488,27.4874231386566);
#290=CIRCLE('',#1489,27.4874231386566);
#291=CIRCLE('',#1490,27.4875013055862);
#292=CIRCLE('',#1491,27.4875013055862);
#293=CIRCLE('',#1492,27.4874231386566);
#294=CIRCLE('',#1494,29.9862514242704);
#295=CIRCLE('',#1495,27.4875013055862);
#296=CIRCLE('',#1499,12.143);
#297=CIRCLE('',#1500,9.14500043436419);
#298=CIRCLE('',#1502,9.14500043436419);
#299=CIRCLE('',#1505,27.5);
#300=CIRCLE('',#1506,27.5);
#301=CIRCLE('',#1508,12.143);
#302=CIRCLE('',#1512,29.9862514242704);
#303=CIRCLE('',#1515,29.9862514242704);
#304=CIRCLE('',#1522,29.9862514242704);
#305=CIRCLE('',#1525,29.9862514242704);
#306=CIRCLE('',#1532,29.9862514242704);
#307=CIRCLE('',#1533,29.9862514242704);
#308=CIRCLE('',#1536,29.9862514242704);
#309=CIRCLE('',#1537,29.9862514242704);
#310=CIRCLE('',#1550,29.9862514242704);
#311=CIRCLE('',#1551,29.9862514242704);
#312=CIRCLE('',#1554,5.76035410125084);
#313=CIRCLE('',#1555,5.76041825639864);
#314=CIRCLE('',#1557,3.26193311040676);
#315=CIRCLE('',#1559,3.26193311040676);
#316=CIRCLE('',#1562,5.76035990961083);
#317=CIRCLE('',#1563,5.76046639250155);
#318=CIRCLE('',#1565,3.26196611103019);
#319=CIRCLE('',#1567,3.26196611103019);
#320=LINE('',#2004,#433);
#321=LINE('',#2008,#434);
#322=LINE('',#2010,#435);
#323=LINE('',#2015,#436);
#324=LINE('',#2019,#437);
#325=LINE('',#2025,#438);
#326=LINE('',#2029,#439);
#327=LINE('',#2033,#440);
#328=LINE('',#2036,#441);
#329=LINE('',#2038,#442);
#330=LINE('',#2041,#443);
#331=LINE('',#2043,#444);
#332=LINE('',#2047,#445);
#333=LINE('',#2051,#446);
#334=LINE('',#2055,#447);
#335=LINE('',#2058,#448);
#336=LINE('',#2061,#449);
#337=LINE('',#2064,#450);
#338=LINE('',#2077,#451);
#339=LINE('',#2081,#452);
#340=LINE('',#2083,#453);
#341=LINE('',#2084,#454);
#342=LINE('',#2095,#455);
#343=LINE('',#2101,#456);
#344=LINE('',#2102,#457);
#345=LINE('',#2109,#458);
#346=LINE('',#2110,#459);
#347=LINE('',#2121,#460);
#348=LINE('',#2127,#461);
#349=LINE('',#2128,#462);
#350=LINE('',#2135,#463);
#351=LINE('',#2136,#464);
#352=LINE('',#2143,#465);
#353=LINE('',#2144,#466);
#354=LINE('',#2157,#467);
#355=LINE('',#2161,#468);
#356=LINE('',#2162,#469);
#357=LINE('',#2169,#470);
#358=LINE('',#2170,#471);
#359=LINE('',#2193,#472);
#360=LINE('',#2222,#473);
#361=LINE('',#2233,#474);
#362=LINE('',#2235,#475);
#363=LINE('',#2245,#476);
#364=LINE('',#2250,#477);
#365=LINE('',#2256,#478);
#366=LINE('',#2263,#479);
#367=LINE('',#2265,#480);
#368=LINE('',#2266,#481);
#369=LINE('',#2269,#482);
#370=LINE('',#2271,#483);
#371=LINE('',#2273,#484);
#372=LINE('',#2275,#485);
#373=LINE('',#2276,#486);
#374=LINE('',#2281,#487);
#375=LINE('',#2282,#488);
#376=LINE('',#2285,#489);
#377=LINE('',#2286,#490);
#378=LINE('',#2289,#491);
#379=LINE('',#2290,#492);
#380=LINE('',#2292,#493);
#381=LINE('',#2294,#494);
#382=LINE('',#2301,#495);
#383=LINE('',#2303,#496);
#384=LINE('',#2304,#497);
#385=LINE('',#2307,#498);
#386=LINE('',#2309,#499);
#387=LINE('',#2311,#500);
#388=LINE('',#2313,#501);
#389=LINE('',#2314,#502);
#390=LINE('',#2319,#503);
#391=LINE('',#2320,#504);
#392=LINE('',#2323,#505);
#393=LINE('',#2324,#506);
#394=LINE('',#2327,#507);
#395=LINE('',#2328,#508);
#396=LINE('',#2330,#509);
#397=LINE('',#2332,#510);
#398=LINE('',#2339,#511);
#399=LINE('',#2341,#512);
#400=LINE('',#2343,#513);
#401=LINE('',#2347,#514);
#402=LINE('',#2349,#515);
#403=LINE('',#2351,#516);
#404=LINE('',#2353,#517);
#405=LINE('',#2354,#518);
#406=LINE('',#2360,#519);
#407=LINE('',#2361,#520);
#408=LINE('',#2365,#521);
#409=LINE('',#2366,#522);
#410=LINE('',#2369,#523);
#411=LINE('',#2370,#524);
#412=LINE('',#2372,#525);
#413=LINE('',#2374,#526);
#414=LINE('',#2378,#527);
#415=LINE('',#2380,#528);
#416=LINE('',#2382,#529);
#417=LINE('',#2383,#530);
#418=LINE('',#2387,#531);
#419=LINE('',#2389,#532);
#420=LINE('',#2391,#533);
#421=LINE('',#2392,#534);
#422=LINE('',#2395,#535);
#423=LINE('',#2396,#536);
#424=LINE('',#2400,#537);
#425=LINE('',#2403,#538);
#426=LINE('',#2404,#539);
#427=LINE('',#2408,#540);
#428=LINE('',#2409,#541);
#429=LINE('',#2416,#542);
#430=LINE('',#2423,#543);
#431=LINE('',#2430,#544);
#432=LINE('',#2437,#545);
#433=VECTOR('',#1573,10.);
#434=VECTOR('',#1576,10.);
#435=VECTOR('',#1577,10.);
#436=VECTOR('',#1582,10.);
#437=VECTOR('',#1585,10.);
#438=VECTOR('',#1592,12.143201783523);
#439=VECTOR('',#1595,10.);
#440=VECTOR('',#1598,10.);
#441=VECTOR('',#1601,10.);
#442=VECTOR('',#1602,10.);
#443=VECTOR('',#1605,10.);
#444=VECTOR('',#1606,10.);
#445=VECTOR('',#1609,10.);
#446=VECTOR('',#1612,10.);
#447=VECTOR('',#1617,10.);
#448=VECTOR('',#1620,10.);
#449=VECTOR('',#1623,10.);
#450=VECTOR('',#1626,10.);
#451=VECTOR('',#1641,1.99999999999999);
#452=VECTOR('',#1646,10.);
#453=VECTOR('',#1647,10.);
#454=VECTOR('',#1648,10.);
#455=VECTOR('',#1661,1.99999999999999);
#456=VECTOR('',#1668,10.);
#457=VECTOR('',#1669,10.);
#458=VECTOR('',#1678,10.);
#459=VECTOR('',#1679,10.);
#460=VECTOR('',#1692,1.99999999999999);
#461=VECTOR('',#1699,10.);
#462=VECTOR('',#1700,10.);
#463=VECTOR('',#1709,10.);
#464=VECTOR('',#1710,10.);
#465=VECTOR('',#1719,10.);
#466=VECTOR('',#1720,10.);
#467=VECTOR('',#1735,1.99999999999999);
#468=VECTOR('',#1740,10.);
#469=VECTOR('',#1741,10.);
#470=VECTOR('',#1750,10.);
#471=VECTOR('',#1751,10.);
#472=VECTOR('',#1754,2.5);
#473=VECTOR('',#1769,27.487432716959);
#474=VECTOR('',#1784,27.4875013055862);
#475=VECTOR('',#1787,10.);
#476=VECTOR('',#1800,9.14500043436419);
#477=VECTOR('',#1805,27.5);
#478=VECTOR('',#1814,12.143);
#479=VECTOR('',#1821,10.);
#480=VECTOR('',#1822,10.);
#481=VECTOR('',#1823,10.);
#482=VECTOR('',#1826,10.);
#483=VECTOR('',#1827,10.);
#484=VECTOR('',#1828,10.);
#485=VECTOR('',#1829,10.);
#486=VECTOR('',#1830,10.);
#487=VECTOR('',#1835,10.);
#488=VECTOR('',#1836,10.);
#489=VECTOR('',#1839,10.);
#490=VECTOR('',#1840,10.);
#491=VECTOR('',#1843,10.);
#492=VECTOR('',#1844,10.);
#493=VECTOR('',#1847,10.);
#494=VECTOR('',#1850,10.);
#495=VECTOR('',#1857,10.);
#496=VECTOR('',#1858,10.);
#497=VECTOR('',#1859,10.);
#498=VECTOR('',#1862,10.);
#499=VECTOR('',#1863,10.);
#500=VECTOR('',#1864,10.);
#501=VECTOR('',#1865,10.);
#502=VECTOR('',#1866,10.);
#503=VECTOR('',#1871,10.);
#504=VECTOR('',#1872,10.);
#505=VECTOR('',#1875,10.);
#506=VECTOR('',#1876,10.);
#507=VECTOR('',#1879,10.);
#508=VECTOR('',#1880,10.);
#509=VECTOR('',#1883,10.);
#510=VECTOR('',#1886,10.);
#511=VECTOR('',#1893,10.);
#512=VECTOR('',#1894,10.);
#513=VECTOR('',#1895,10.);
#514=VECTOR('',#1900,10.);
#515=VECTOR('',#1901,10.);
#516=VECTOR('',#1902,10.);
#517=VECTOR('',#1903,10.);
#518=VECTOR('',#1904,10.);
#519=VECTOR('',#1909,10.);
#520=VECTOR('',#1910,10.);
#521=VECTOR('',#1915,10.);
#522=VECTOR('',#1916,10.);
#523=VECTOR('',#1919,10.);
#524=VECTOR('',#1920,10.);
#525=VECTOR('',#1923,10.);
#526=VECTOR('',#1926,10.);
#527=VECTOR('',#1929,10.);
#528=VECTOR('',#1930,10.);
#529=VECTOR('',#1931,10.);
#530=VECTOR('',#1932,10.);
#531=VECTOR('',#1937,10.);
#532=VECTOR('',#1938,10.);
#533=VECTOR('',#1939,10.);
#534=VECTOR('',#1940,10.);
#535=VECTOR('',#1943,10.);
#536=VECTOR('',#1944,10.);
#537=VECTOR('',#1949,10.);
#538=VECTOR('',#1952,10.);
#539=VECTOR('',#1953,10.);
#540=VECTOR('',#1958,29.9862514242704);
#541=VECTOR('',#1959,29.9862514242704);
#542=VECTOR('',#1968,5.76038617882474);
#543=VECTOR('',#1977,3.26193311040676);
#544=VECTOR('',#1986,5.76041315105619);
#545=VECTOR('',#1995,3.26196611103019);
#546=VERTEX_POINT('',#2002);
#547=VERTEX_POINT('',#2003);
#548=VERTEX_POINT('',#2005);
#549=VERTEX_POINT('',#2007);
#550=VERTEX_POINT('',#2009);
#551=VERTEX_POINT('',#2013);
#552=VERTEX_POINT('',#2014);
#553=VERTEX_POINT('',#2016);
#554=VERTEX_POINT('',#2018);
#555=VERTEX_POINT('',#2022);
#556=VERTEX_POINT('',#2024);
#557=VERTEX_POINT('',#2026);
#558=VERTEX_POINT('',#2028);
#559=VERTEX_POINT('',#2030);
#560=VERTEX_POINT('',#2032);
#561=VERTEX_POINT('',#2034);
#562=VERTEX_POINT('',#2037);
#563=VERTEX_POINT('',#2039);
#564=VERTEX_POINT('',#2042);
#565=VERTEX_POINT('',#2044);
#566=VERTEX_POINT('',#2046);
#567=VERTEX_POINT('',#2048);
#568=VERTEX_POINT('',#2050);
#569=VERTEX_POINT('',#2054);
#570=VERTEX_POINT('',#2056);
#571=VERTEX_POINT('',#2060);
#572=VERTEX_POINT('',#2062);
#573=VERTEX_POINT('',#2066);
#574=VERTEX_POINT('',#2067);
#575=VERTEX_POINT('',#2069);
#576=VERTEX_POINT('',#2074);
#577=VERTEX_POINT('',#2075);
#578=VERTEX_POINT('',#2080);
#579=VERTEX_POINT('',#2082);
#580=VERTEX_POINT('',#2086);
#581=VERTEX_POINT('',#2087);
#582=VERTEX_POINT('',#2089);
#583=VERTEX_POINT('',#2094);
#584=VERTEX_POINT('',#2096);
#585=VERTEX_POINT('',#2100);
#586=VERTEX_POINT('',#2104);
#587=VERTEX_POINT('',#2108);
#588=VERTEX_POINT('',#2112);
#589=VERTEX_POINT('',#2113);
#590=VERTEX_POINT('',#2115);
#591=VERTEX_POINT('',#2120);
#592=VERTEX_POINT('',#2122);
#593=VERTEX_POINT('',#2126);
#594=VERTEX_POINT('',#2130);
#595=VERTEX_POINT('',#2134);
#596=VERTEX_POINT('',#2138);
#597=VERTEX_POINT('',#2142);
#598=VERTEX_POINT('',#2146);
#599=VERTEX_POINT('',#2148);
#600=VERTEX_POINT('',#2150);
#601=VERTEX_POINT('',#2154);
#602=VERTEX_POINT('',#2155);
#603=VERTEX_POINT('',#2160);
#604=VERTEX_POINT('',#2164);
#605=VERTEX_POINT('',#2168);
#606=VERTEX_POINT('',#2172);
#607=VERTEX_POINT('',#2173);
#608=VERTEX_POINT('',#2192);
#609=VERTEX_POINT('',#2219);
#610=VERTEX_POINT('',#2221);
#611=VERTEX_POINT('',#2223);
#612=VERTEX_POINT('',#2228);
#613=VERTEX_POINT('',#2230);
#614=VERTEX_POINT('',#2237);
#615=VERTEX_POINT('',#2239);
#616=VERTEX_POINT('',#2242);
#617=VERTEX_POINT('',#2247);
#618=VERTEX_POINT('',#2249);
#619=VERTEX_POINT('',#2253);
#620=VERTEX_POINT('',#2259);
#621=VERTEX_POINT('',#2260);
#622=VERTEX_POINT('',#2262);
#623=VERTEX_POINT('',#2264);
#624=VERTEX_POINT('',#2268);
#625=VERTEX_POINT('',#2270);
#626=VERTEX_POINT('',#2272);
#627=VERTEX_POINT('',#2274);
#628=VERTEX_POINT('',#2278);
#629=VERTEX_POINT('',#2280);
#630=VERTEX_POINT('',#2284);
#631=VERTEX_POINT('',#2288);
#632=VERTEX_POINT('',#2297);
#633=VERTEX_POINT('',#2298);
#634=VERTEX_POINT('',#2300);
#635=VERTEX_POINT('',#2302);
#636=VERTEX_POINT('',#2306);
#637=VERTEX_POINT('',#2308);
#638=VERTEX_POINT('',#2310);
#639=VERTEX_POINT('',#2312);
#640=VERTEX_POINT('',#2316);
#641=VERTEX_POINT('',#2318);
#642=VERTEX_POINT('',#2322);
#643=VERTEX_POINT('',#2326);
#644=VERTEX_POINT('',#2335);
#645=VERTEX_POINT('',#2336);
#646=VERTEX_POINT('',#2338);
#647=VERTEX_POINT('',#2340);
#648=VERTEX_POINT('',#2342);
#649=VERTEX_POINT('',#2346);
#650=VERTEX_POINT('',#2348);
#651=VERTEX_POINT('',#2350);
#652=VERTEX_POINT('',#2352);
#653=VERTEX_POINT('',#2356);
#654=VERTEX_POINT('',#2357);
#655=VERTEX_POINT('',#2359);
#656=VERTEX_POINT('',#2364);
#657=VERTEX_POINT('',#2368);
#658=VERTEX_POINT('',#2376);
#659=VERTEX_POINT('',#2377);
#660=VERTEX_POINT('',#2379);
#661=VERTEX_POINT('',#2381);
#662=VERTEX_POINT('',#2386);
#663=VERTEX_POINT('',#2388);
#664=VERTEX_POINT('',#2390);
#665=VERTEX_POINT('',#2394);
#666=VERTEX_POINT('',#2398);
#667=VERTEX_POINT('',#2402);
#668=VERTEX_POINT('',#2406);
#669=VERTEX_POINT('',#2413);
#670=VERTEX_POINT('',#2415);
#671=VERTEX_POINT('',#2419);
#672=VERTEX_POINT('',#2422);
#673=VERTEX_POINT('',#2427);
#674=VERTEX_POINT('',#2429);
#675=VERTEX_POINT('',#2433);
#676=VERTEX_POINT('',#2436);
#677=EDGE_CURVE('',#546,#547,#320,.T.);
#678=EDGE_CURVE('',#548,#547,#240,.T.);
#679=EDGE_CURVE('',#548,#549,#321,.T.);
#680=EDGE_CURVE('',#549,#550,#322,.T.);
#681=EDGE_CURVE('',#550,#546,#241,.T.);
#682=EDGE_CURVE('',#551,#552,#323,.T.);
#683=EDGE_CURVE('',#552,#553,#242,.T.);
#684=EDGE_CURVE('',#553,#554,#324,.T.);
#685=EDGE_CURVE('',#551,#554,#243,.T.);
#686=EDGE_CURVE('',#555,#555,#244,.T.);
#687=EDGE_CURVE('',#555,#556,#325,.T.);
#688=EDGE_CURVE('',#556,#557,#245,.T.);
#689=EDGE_CURVE('',#557,#558,#326,.T.);
#690=EDGE_CURVE('',#559,#558,#246,.T.);
#691=EDGE_CURVE('',#559,#560,#327,.T.);
#692=EDGE_CURVE('',#560,#561,#247,.T.);
#693=EDGE_CURVE('',#561,#553,#328,.T.);
#694=EDGE_CURVE('',#552,#562,#329,.T.);
#695=EDGE_CURVE('',#562,#563,#248,.T.);
#696=EDGE_CURVE('',#563,#546,#330,.T.);
#697=EDGE_CURVE('',#550,#564,#331,.T.);
#698=EDGE_CURVE('',#564,#565,#249,.T.);
#699=EDGE_CURVE('',#565,#566,#332,.T.);
#700=EDGE_CURVE('',#567,#566,#250,.T.);
#701=EDGE_CURVE('',#567,#568,#333,.T.);
#702=EDGE_CURVE('',#568,#556,#251,.T.);
#703=EDGE_CURVE('',#566,#569,#334,.T.);
#704=EDGE_CURVE('',#570,#569,#252,.T.);
#705=EDGE_CURVE('',#567,#570,#335,.T.);
#706=EDGE_CURVE('',#558,#571,#336,.T.);
#707=EDGE_CURVE('',#572,#571,#253,.T.);
#708=EDGE_CURVE('',#559,#572,#337,.T.);
#709=EDGE_CURVE('',#573,#574,#254,.T.);
#710=EDGE_CURVE('',#574,#575,#255,.T.);
#711=EDGE_CURVE('',#575,#575,#256,.T.);
#712=EDGE_CURVE('',#574,#573,#257,.T.);
#713=EDGE_CURVE('',#576,#577,#258,.T.);
#714=EDGE_CURVE('',#576,#573,#338,.T.);
#715=EDGE_CURVE('',#577,#576,#259,.T.);
#716=EDGE_CURVE('',#578,#548,#339,.T.);
#717=EDGE_CURVE('',#578,#579,#340,.T.);
#718=EDGE_CURVE('',#549,#579,#341,.T.);
#719=EDGE_CURVE('',#580,#581,#260,.T.);
#720=EDGE_CURVE('',#581,#582,#261,.T.);
#721=EDGE_CURVE('',#582,#582,#262,.T.);
#722=EDGE_CURVE('',#581,#580,#263,.T.);
#723=EDGE_CURVE('',#580,#583,#342,.T.);
#724=EDGE_CURVE('',#584,#583,#264,.T.);
#725=EDGE_CURVE('',#583,#584,#265,.T.);
#726=EDGE_CURVE('',#563,#585,#343,.T.);
#727=EDGE_CURVE('',#547,#585,#344,.T.);
#728=EDGE_CURVE('',#584,#586,#266,.T.);
#729=EDGE_CURVE('',#586,#586,#267,.T.);
#730=EDGE_CURVE('',#587,#551,#345,.T.);
#731=EDGE_CURVE('',#587,#562,#346,.T.);
#732=EDGE_CURVE('',#588,#589,#268,.T.);
#733=EDGE_CURVE('',#589,#590,#269,.T.);
#734=EDGE_CURVE('',#590,#590,#270,.T.);
#735=EDGE_CURVE('',#589,#588,#271,.T.);
#736=EDGE_CURVE('',#588,#591,#347,.T.);
#737=EDGE_CURVE('',#592,#591,#272,.T.);
#738=EDGE_CURVE('',#591,#592,#273,.T.);
#739=EDGE_CURVE('',#557,#593,#348,.T.);
#740=EDGE_CURVE('',#571,#593,#349,.T.);
#741=EDGE_CURVE('',#577,#594,#274,.T.);
#742=EDGE_CURVE('',#594,#594,#275,.T.);
#743=EDGE_CURVE('',#565,#595,#350,.T.);
#744=EDGE_CURVE('',#569,#595,#351,.T.);
#745=EDGE_CURVE('',#592,#596,#276,.T.);
#746=EDGE_CURVE('',#596,#596,#277,.T.);
#747=EDGE_CURVE('',#597,#570,#352,.T.);
#748=EDGE_CURVE('',#597,#568,#353,.T.);
#749=EDGE_CURVE('',#598,#598,#278,.T.);
#750=EDGE_CURVE('',#598,#599,#279,.T.);
#751=EDGE_CURVE('',#599,#600,#280,.T.);
#752=EDGE_CURVE('',#600,#599,#281,.T.);
#753=EDGE_CURVE('',#601,#602,#282,.T.);
#754=EDGE_CURVE('',#601,#600,#354,.T.);
#755=EDGE_CURVE('',#602,#601,#283,.T.);
#756=EDGE_CURVE('',#603,#572,#355,.T.);
#757=EDGE_CURVE('',#603,#560,#356,.T.);
#758=EDGE_CURVE('',#604,#604,#284,.T.);
#759=EDGE_CURVE('',#604,#602,#285,.T.);
#760=EDGE_CURVE('',#561,#605,#357,.T.);
#761=EDGE_CURVE('',#554,#605,#358,.T.);
#762=EDGE_CURVE('',#606,#607,#23,.T.);
#763=EDGE_CURVE('',#606,#608,#359,.T.);
#764=EDGE_CURVE('',#608,#608,#286,.T.);
#765=EDGE_CURVE('',#607,#606,#24,.T.);
#766=EDGE_CURVE('',#605,#603,#287,.T.);
#767=EDGE_CURVE('',#593,#597,#288,.T.);
#768=EDGE_CURVE('',#595,#578,#289,.T.);
#769=EDGE_CURVE('',#585,#609,#290,.T.);
#770=EDGE_CURVE('',#609,#610,#360,.T.);
#771=EDGE_CURVE('',#611,#610,#291,.T.);
#772=EDGE_CURVE('',#610,#611,#292,.T.);
#773=EDGE_CURVE('',#609,#587,#293,.T.);
#774=EDGE_CURVE('',#612,#612,#294,.T.);
#775=EDGE_CURVE('',#613,#613,#295,.T.);
#776=EDGE_CURVE('',#613,#611,#361,.T.);
#777=EDGE_CURVE('',#579,#564,#362,.T.);
#778=EDGE_CURVE('',#614,#614,#296,.T.);
#779=EDGE_CURVE('',#615,#615,#297,.T.);
#780=EDGE_CURVE('',#616,#616,#298,.T.);
#781=EDGE_CURVE('',#616,#615,#363,.T.);
#782=EDGE_CURVE('',#617,#617,#299,.T.);
#783=EDGE_CURVE('',#617,#618,#364,.T.);
#784=EDGE_CURVE('',#618,#618,#300,.T.);
#785=EDGE_CURVE('',#619,#619,#301,.T.);
#786=EDGE_CURVE('',#614,#619,#365,.T.);
#787=EDGE_CURVE('',#620,#621,#302,.T.);
#788=EDGE_CURVE('',#622,#620,#366,.T.);
#789=EDGE_CURVE('',#623,#622,#367,.T.);
#790=EDGE_CURVE('',#621,#623,#368,.T.);
#791=EDGE_CURVE('',#624,#620,#369,.T.);
#792=EDGE_CURVE('',#624,#625,#370,.T.);
#793=EDGE_CURVE('',#625,#626,#371,.T.);
#794=EDGE_CURVE('',#626,#627,#372,.T.);
#795=EDGE_CURVE('',#627,#622,#373,.T.);
#796=EDGE_CURVE('',#628,#624,#303,.T.);
#797=EDGE_CURVE('',#629,#628,#374,.T.);
#798=EDGE_CURVE('',#629,#625,#375,.T.);
#799=EDGE_CURVE('',#623,#630,#376,.T.);
#800=EDGE_CURVE('',#630,#627,#377,.T.);
#801=EDGE_CURVE('',#630,#631,#378,.T.);
#802=EDGE_CURVE('',#631,#626,#379,.T.);
#803=EDGE_CURVE('',#631,#629,#380,.T.);
#804=EDGE_CURVE('',#621,#628,#381,.T.);
#805=EDGE_CURVE('',#632,#633,#304,.T.);
#806=EDGE_CURVE('',#634,#632,#382,.T.);
#807=EDGE_CURVE('',#635,#634,#383,.T.);
#808=EDGE_CURVE('',#633,#635,#384,.T.);
#809=EDGE_CURVE('',#636,#632,#385,.T.);
#810=EDGE_CURVE('',#636,#637,#386,.T.);
#811=EDGE_CURVE('',#637,#638,#387,.T.);
#812=EDGE_CURVE('',#638,#639,#388,.T.);
#813=EDGE_CURVE('',#639,#634,#389,.T.);
#814=EDGE_CURVE('',#640,#636,#305,.T.);
#815=EDGE_CURVE('',#641,#640,#390,.T.);
#816=EDGE_CURVE('',#641,#637,#391,.T.);
#817=EDGE_CURVE('',#635,#642,#392,.T.);
#818=EDGE_CURVE('',#642,#639,#393,.T.);
#819=EDGE_CURVE('',#642,#643,#394,.T.);
#820=EDGE_CURVE('',#643,#638,#395,.T.);
#821=EDGE_CURVE('',#643,#641,#396,.T.);
#822=EDGE_CURVE('',#633,#640,#397,.T.);
#823=EDGE_CURVE('',#644,#645,#306,.T.);
#824=EDGE_CURVE('',#646,#644,#398,.T.);
#825=EDGE_CURVE('',#647,#646,#399,.T.);
#826=EDGE_CURVE('',#648,#647,#400,.T.);
#827=EDGE_CURVE('',#645,#648,#307,.T.);
#828=EDGE_CURVE('',#649,#644,#401,.T.);
#829=EDGE_CURVE('',#649,#650,#402,.T.);
#830=EDGE_CURVE('',#650,#651,#403,.T.);
#831=EDGE_CURVE('',#651,#652,#404,.T.);
#832=EDGE_CURVE('',#652,#646,#405,.T.);
#833=EDGE_CURVE('',#653,#654,#308,.T.);
#834=EDGE_CURVE('',#655,#653,#406,.T.);
#835=EDGE_CURVE('',#655,#650,#407,.T.);
#836=EDGE_CURVE('',#654,#649,#309,.T.);
#837=EDGE_CURVE('',#647,#656,#408,.T.);
#838=EDGE_CURVE('',#656,#652,#409,.T.);
#839=EDGE_CURVE('',#656,#657,#410,.T.);
#840=EDGE_CURVE('',#657,#651,#411,.T.);
#841=EDGE_CURVE('',#657,#655,#412,.T.);
#842=EDGE_CURVE('',#648,#653,#413,.T.);
#843=EDGE_CURVE('',#658,#659,#414,.T.);
#844=EDGE_CURVE('',#660,#658,#415,.T.);
#845=EDGE_CURVE('',#661,#660,#416,.T.);
#846=EDGE_CURVE('',#659,#661,#417,.T.);
#847=EDGE_CURVE('',#662,#658,#418,.T.);
#848=EDGE_CURVE('',#663,#662,#419,.T.);
#849=EDGE_CURVE('',#663,#664,#420,.T.);
#850=EDGE_CURVE('',#664,#660,#421,.T.);
#851=EDGE_CURVE('',#661,#665,#422,.T.);
#852=EDGE_CURVE('',#665,#664,#423,.T.);
#853=EDGE_CURVE('',#666,#663,#19,.T.);
#854=EDGE_CURVE('',#665,#666,#424,.T.);
#855=EDGE_CURVE('',#659,#667,#425,.T.);
#856=EDGE_CURVE('',#667,#666,#426,.T.);
#857=EDGE_CURVE('',#668,#662,#310,.T.);
#858=EDGE_CURVE('',#668,#645,#427,.T.);
#859=EDGE_CURVE('',#654,#612,#428,.T.);
#860=EDGE_CURVE('',#667,#668,#311,.T.);
#861=EDGE_CURVE('',#669,#669,#312,.T.);
#862=EDGE_CURVE('',#669,#670,#429,.T.);
#863=EDGE_CURVE('',#670,#670,#313,.T.);
#864=EDGE_CURVE('',#671,#671,#314,.T.);
#865=EDGE_CURVE('',#671,#672,#430,.T.);
#866=EDGE_CURVE('',#672,#672,#315,.T.);
#867=EDGE_CURVE('',#673,#673,#316,.T.);
#868=EDGE_CURVE('',#673,#674,#431,.T.);
#869=EDGE_CURVE('',#674,#674,#317,.T.);
#870=EDGE_CURVE('',#675,#675,#318,.T.);
#871=EDGE_CURVE('',#675,#676,#432,.T.);
#872=EDGE_CURVE('',#676,#676,#319,.T.);
#873=ORIENTED_EDGE('',*,*,#677,.T.);
#874=ORIENTED_EDGE('',*,*,#678,.F.);
#875=ORIENTED_EDGE('',*,*,#679,.T.);
#876=ORIENTED_EDGE('',*,*,#680,.T.);
#877=ORIENTED_EDGE('',*,*,#681,.T.);
#878=ORIENTED_EDGE('',*,*,#682,.T.);
#879=ORIENTED_EDGE('',*,*,#683,.T.);
#880=ORIENTED_EDGE('',*,*,#684,.T.);
#881=ORIENTED_EDGE('',*,*,#685,.F.);
#882=ORIENTED_EDGE('',*,*,#686,.F.);
#883=ORIENTED_EDGE('',*,*,#687,.T.);
#884=ORIENTED_EDGE('',*,*,#688,.T.);
#885=ORIENTED_EDGE('',*,*,#689,.T.);
#886=ORIENTED_EDGE('',*,*,#690,.F.);
#887=ORIENTED_EDGE('',*,*,#691,.T.);
#888=ORIENTED_EDGE('',*,*,#692,.T.);
#889=ORIENTED_EDGE('',*,*,#693,.T.);
#890=ORIENTED_EDGE('',*,*,#683,.F.);
#891=ORIENTED_EDGE('',*,*,#694,.T.);
#892=ORIENTED_EDGE('',*,*,#695,.T.);
#893=ORIENTED_EDGE('',*,*,#696,.T.);
#894=ORIENTED_EDGE('',*,*,#681,.F.);
#895=ORIENTED_EDGE('',*,*,#697,.T.);
#896=ORIENTED_EDGE('',*,*,#698,.T.);
#897=ORIENTED_EDGE('',*,*,#699,.T.);
#898=ORIENTED_EDGE('',*,*,#700,.F.);
#899=ORIENTED_EDGE('',*,*,#701,.T.);
#900=ORIENTED_EDGE('',*,*,#702,.T.);
#901=ORIENTED_EDGE('',*,*,#687,.F.);
#902=ORIENTED_EDGE('',*,*,#703,.T.);
#903=ORIENTED_EDGE('',*,*,#704,.F.);
#904=ORIENTED_EDGE('',*,*,#705,.F.);
#905=ORIENTED_EDGE('',*,*,#700,.T.);
#906=ORIENTED_EDGE('',*,*,#706,.T.);
#907=ORIENTED_EDGE('',*,*,#707,.F.);
#908=ORIENTED_EDGE('',*,*,#708,.F.);
#909=ORIENTED_EDGE('',*,*,#690,.T.);
#910=ORIENTED_EDGE('',*,*,#709,.T.);
#911=ORIENTED_EDGE('',*,*,#710,.T.);
#912=ORIENTED_EDGE('',*,*,#711,.T.);
#913=ORIENTED_EDGE('',*,*,#710,.F.);
#914=ORIENTED_EDGE('',*,*,#712,.T.);
#915=ORIENTED_EDGE('',*,*,#713,.F.);
#916=ORIENTED_EDGE('',*,*,#714,.T.);
#917=ORIENTED_EDGE('',*,*,#712,.F.);
#918=ORIENTED_EDGE('',*,*,#709,.F.);
#919=ORIENTED_EDGE('',*,*,#714,.F.);
#920=ORIENTED_EDGE('',*,*,#715,.F.);
#921=ORIENTED_EDGE('',*,*,#679,.F.);
#922=ORIENTED_EDGE('',*,*,#716,.F.);
#923=ORIENTED_EDGE('',*,*,#717,.T.);
#924=ORIENTED_EDGE('',*,*,#718,.F.);
#925=ORIENTED_EDGE('',*,*,#711,.F.);
#926=ORIENTED_EDGE('',*,*,#719,.T.);
#927=ORIENTED_EDGE('',*,*,#720,.T.);
#928=ORIENTED_EDGE('',*,*,#721,.T.);
#929=ORIENTED_EDGE('',*,*,#720,.F.);
#930=ORIENTED_EDGE('',*,*,#722,.T.);
#931=ORIENTED_EDGE('',*,*,#719,.F.);
#932=ORIENTED_EDGE('',*,*,#723,.T.);
#933=ORIENTED_EDGE('',*,*,#724,.F.);
#934=ORIENTED_EDGE('',*,*,#725,.F.);
#935=ORIENTED_EDGE('',*,*,#723,.F.);
#936=ORIENTED_EDGE('',*,*,#722,.F.);
#937=ORIENTED_EDGE('',*,*,#677,.F.);
#938=ORIENTED_EDGE('',*,*,#696,.F.);
#939=ORIENTED_EDGE('',*,*,#726,.T.);
#940=ORIENTED_EDGE('',*,*,#727,.F.);
#941=ORIENTED_EDGE('',*,*,#721,.F.);
#942=ORIENTED_EDGE('',*,*,#725,.T.);
#943=ORIENTED_EDGE('',*,*,#728,.T.);
#944=ORIENTED_EDGE('',*,*,#729,.T.);
#945=ORIENTED_EDGE('',*,*,#728,.F.);
#946=ORIENTED_EDGE('',*,*,#724,.T.);
#947=ORIENTED_EDGE('',*,*,#682,.F.);
#948=ORIENTED_EDGE('',*,*,#730,.F.);
#949=ORIENTED_EDGE('',*,*,#731,.T.);
#950=ORIENTED_EDGE('',*,*,#694,.F.);
#951=ORIENTED_EDGE('',*,*,#729,.F.);
#952=ORIENTED_EDGE('',*,*,#732,.T.);
#953=ORIENTED_EDGE('',*,*,#733,.T.);
#954=ORIENTED_EDGE('',*,*,#734,.T.);
#955=ORIENTED_EDGE('',*,*,#733,.F.);
#956=ORIENTED_EDGE('',*,*,#735,.T.);
#957=ORIENTED_EDGE('',*,*,#732,.F.);
#958=ORIENTED_EDGE('',*,*,#736,.T.);
#959=ORIENTED_EDGE('',*,*,#737,.F.);
#960=ORIENTED_EDGE('',*,*,#738,.F.);
#961=ORIENTED_EDGE('',*,*,#736,.F.);
#962=ORIENTED_EDGE('',*,*,#735,.F.);
#963=ORIENTED_EDGE('',*,*,#706,.F.);
#964=ORIENTED_EDGE('',*,*,#689,.F.);
#965=ORIENTED_EDGE('',*,*,#739,.T.);
#966=ORIENTED_EDGE('',*,*,#740,.F.);
#967=ORIENTED_EDGE('',*,*,#734,.F.);
#968=ORIENTED_EDGE('',*,*,#713,.T.);
#969=ORIENTED_EDGE('',*,*,#741,.T.);
#970=ORIENTED_EDGE('',*,*,#742,.T.);
#971=ORIENTED_EDGE('',*,*,#741,.F.);
#972=ORIENTED_EDGE('',*,*,#715,.T.);
#973=ORIENTED_EDGE('',*,*,#703,.F.);
#974=ORIENTED_EDGE('',*,*,#699,.F.);
#975=ORIENTED_EDGE('',*,*,#743,.T.);
#976=ORIENTED_EDGE('',*,*,#744,.F.);
#977=ORIENTED_EDGE('',*,*,#742,.F.);
#978=ORIENTED_EDGE('',*,*,#738,.T.);
#979=ORIENTED_EDGE('',*,*,#745,.T.);
#980=ORIENTED_EDGE('',*,*,#746,.T.);
#981=ORIENTED_EDGE('',*,*,#745,.F.);
#982=ORIENTED_EDGE('',*,*,#737,.T.);
#983=ORIENTED_EDGE('',*,*,#705,.T.);
#984=ORIENTED_EDGE('',*,*,#747,.F.);
#985=ORIENTED_EDGE('',*,*,#748,.T.);
#986=ORIENTED_EDGE('',*,*,#701,.F.);
#987=ORIENTED_EDGE('',*,*,#746,.F.);
#988=ORIENTED_EDGE('',*,*,#749,.T.);
#989=ORIENTED_EDGE('',*,*,#750,.T.);
#990=ORIENTED_EDGE('',*,*,#751,.T.);
#991=ORIENTED_EDGE('',*,*,#752,.T.);
#992=ORIENTED_EDGE('',*,*,#750,.F.);
#993=ORIENTED_EDGE('',*,*,#753,.F.);
#994=ORIENTED_EDGE('',*,*,#754,.T.);
#995=ORIENTED_EDGE('',*,*,#751,.F.);
#996=ORIENTED_EDGE('',*,*,#752,.F.);
#997=ORIENTED_EDGE('',*,*,#754,.F.);
#998=ORIENTED_EDGE('',*,*,#755,.F.);
#999=ORIENTED_EDGE('',*,*,#708,.T.);
#1000=ORIENTED_EDGE('',*,*,#756,.F.);
#1001=ORIENTED_EDGE('',*,*,#757,.T.);
#1002=ORIENTED_EDGE('',*,*,#691,.F.);
#1003=ORIENTED_EDGE('',*,*,#749,.F.);
#1004=ORIENTED_EDGE('',*,*,#758,.T.);
#1005=ORIENTED_EDGE('',*,*,#759,.T.);
#1006=ORIENTED_EDGE('',*,*,#755,.T.);
#1007=ORIENTED_EDGE('',*,*,#753,.T.);
#1008=ORIENTED_EDGE('',*,*,#759,.F.);
#1009=ORIENTED_EDGE('',*,*,#684,.F.);
#1010=ORIENTED_EDGE('',*,*,#693,.F.);
#1011=ORIENTED_EDGE('',*,*,#760,.T.);
#1012=ORIENTED_EDGE('',*,*,#761,.F.);
#1013=ORIENTED_EDGE('',*,*,#758,.F.);
#1014=ORIENTED_EDGE('',*,*,#762,.F.);
#1015=ORIENTED_EDGE('',*,*,#763,.T.);
#1016=ORIENTED_EDGE('',*,*,#764,.T.);
#1017=ORIENTED_EDGE('',*,*,#763,.F.);
#1018=ORIENTED_EDGE('',*,*,#765,.F.);
#1019=ORIENTED_EDGE('',*,*,#764,.F.);
#1020=ORIENTED_EDGE('',*,*,#685,.T.);
#1021=ORIENTED_EDGE('',*,*,#761,.T.);
#1022=ORIENTED_EDGE('',*,*,#766,.T.);
#1023=ORIENTED_EDGE('',*,*,#756,.T.);
#1024=ORIENTED_EDGE('',*,*,#707,.T.);
#1025=ORIENTED_EDGE('',*,*,#740,.T.);
#1026=ORIENTED_EDGE('',*,*,#767,.T.);
#1027=ORIENTED_EDGE('',*,*,#747,.T.);
#1028=ORIENTED_EDGE('',*,*,#704,.T.);
#1029=ORIENTED_EDGE('',*,*,#744,.T.);
#1030=ORIENTED_EDGE('',*,*,#768,.T.);
#1031=ORIENTED_EDGE('',*,*,#716,.T.);
#1032=ORIENTED_EDGE('',*,*,#678,.T.);
#1033=ORIENTED_EDGE('',*,*,#727,.T.);
#1034=ORIENTED_EDGE('',*,*,#769,.T.);
#1035=ORIENTED_EDGE('',*,*,#770,.T.);
#1036=ORIENTED_EDGE('',*,*,#771,.F.);
#1037=ORIENTED_EDGE('',*,*,#772,.F.);
#1038=ORIENTED_EDGE('',*,*,#770,.F.);
#1039=ORIENTED_EDGE('',*,*,#773,.T.);
#1040=ORIENTED_EDGE('',*,*,#730,.T.);
#1041=ORIENTED_EDGE('',*,*,#774,.F.);
#1042=ORIENTED_EDGE('',*,*,#775,.F.);
#1043=ORIENTED_EDGE('',*,*,#775,.T.);
#1044=ORIENTED_EDGE('',*,*,#776,.T.);
#1045=ORIENTED_EDGE('',*,*,#771,.T.);
#1046=ORIENTED_EDGE('',*,*,#772,.T.);
#1047=ORIENTED_EDGE('',*,*,#776,.F.);
#1048=ORIENTED_EDGE('',*,*,#697,.F.);
#1049=ORIENTED_EDGE('',*,*,#680,.F.);
#1050=ORIENTED_EDGE('',*,*,#718,.T.);
#1051=ORIENTED_EDGE('',*,*,#777,.T.);
#1052=ORIENTED_EDGE('',*,*,#778,.F.);
#1053=ORIENTED_EDGE('',*,*,#779,.T.);
#1054=ORIENTED_EDGE('',*,*,#686,.T.);
#1055=ORIENTED_EDGE('',*,*,#780,.F.);
#1056=ORIENTED_EDGE('',*,*,#780,.T.);
#1057=ORIENTED_EDGE('',*,*,#781,.T.);
#1058=ORIENTED_EDGE('',*,*,#779,.F.);
#1059=ORIENTED_EDGE('',*,*,#781,.F.);
#1060=ORIENTED_EDGE('',*,*,#782,.F.);
#1061=ORIENTED_EDGE('',*,*,#783,.T.);
#1062=ORIENTED_EDGE('',*,*,#784,.F.);
#1063=ORIENTED_EDGE('',*,*,#783,.F.);
#1064=ORIENTED_EDGE('',*,*,#782,.T.);
#1065=ORIENTED_EDGE('',*,*,#785,.T.);
#1066=ORIENTED_EDGE('',*,*,#778,.T.);
#1067=ORIENTED_EDGE('',*,*,#786,.T.);
#1068=ORIENTED_EDGE('',*,*,#785,.F.);
#1069=ORIENTED_EDGE('',*,*,#786,.F.);
#1070=ORIENTED_EDGE('',*,*,#767,.F.);
#1071=ORIENTED_EDGE('',*,*,#739,.F.);
#1072=ORIENTED_EDGE('',*,*,#688,.F.);
#1073=ORIENTED_EDGE('',*,*,#702,.F.);
#1074=ORIENTED_EDGE('',*,*,#748,.F.);
#1075=ORIENTED_EDGE('',*,*,#787,.F.);
#1076=ORIENTED_EDGE('',*,*,#788,.F.);
#1077=ORIENTED_EDGE('',*,*,#789,.F.);
#1078=ORIENTED_EDGE('',*,*,#790,.F.);
#1079=ORIENTED_EDGE('',*,*,#791,.F.);
#1080=ORIENTED_EDGE('',*,*,#792,.T.);
#1081=ORIENTED_EDGE('',*,*,#793,.T.);
#1082=ORIENTED_EDGE('',*,*,#794,.T.);
#1083=ORIENTED_EDGE('',*,*,#795,.T.);
#1084=ORIENTED_EDGE('',*,*,#788,.T.);
#1085=ORIENTED_EDGE('',*,*,#796,.F.);
#1086=ORIENTED_EDGE('',*,*,#797,.F.);
#1087=ORIENTED_EDGE('',*,*,#798,.T.);
#1088=ORIENTED_EDGE('',*,*,#792,.F.);
#1089=ORIENTED_EDGE('',*,*,#799,.F.);
#1090=ORIENTED_EDGE('',*,*,#789,.T.);
#1091=ORIENTED_EDGE('',*,*,#795,.F.);
#1092=ORIENTED_EDGE('',*,*,#800,.F.);
#1093=ORIENTED_EDGE('',*,*,#801,.F.);
#1094=ORIENTED_EDGE('',*,*,#800,.T.);
#1095=ORIENTED_EDGE('',*,*,#794,.F.);
#1096=ORIENTED_EDGE('',*,*,#802,.F.);
#1097=ORIENTED_EDGE('',*,*,#803,.F.);
#1098=ORIENTED_EDGE('',*,*,#802,.T.);
#1099=ORIENTED_EDGE('',*,*,#793,.F.);
#1100=ORIENTED_EDGE('',*,*,#798,.F.);
#1101=ORIENTED_EDGE('',*,*,#804,.F.);
#1102=ORIENTED_EDGE('',*,*,#790,.T.);
#1103=ORIENTED_EDGE('',*,*,#799,.T.);
#1104=ORIENTED_EDGE('',*,*,#801,.T.);
#1105=ORIENTED_EDGE('',*,*,#803,.T.);
#1106=ORIENTED_EDGE('',*,*,#797,.T.);
#1107=ORIENTED_EDGE('',*,*,#766,.F.);
#1108=ORIENTED_EDGE('',*,*,#760,.F.);
#1109=ORIENTED_EDGE('',*,*,#692,.F.);
#1110=ORIENTED_EDGE('',*,*,#757,.F.);
#1111=ORIENTED_EDGE('',*,*,#805,.F.);
#1112=ORIENTED_EDGE('',*,*,#806,.F.);
#1113=ORIENTED_EDGE('',*,*,#807,.F.);
#1114=ORIENTED_EDGE('',*,*,#808,.F.);
#1115=ORIENTED_EDGE('',*,*,#809,.F.);
#1116=ORIENTED_EDGE('',*,*,#810,.T.);
#1117=ORIENTED_EDGE('',*,*,#811,.T.);
#1118=ORIENTED_EDGE('',*,*,#812,.T.);
#1119=ORIENTED_EDGE('',*,*,#813,.T.);
#1120=ORIENTED_EDGE('',*,*,#806,.T.);
#1121=ORIENTED_EDGE('',*,*,#814,.F.);
#1122=ORIENTED_EDGE('',*,*,#815,.F.);
#1123=ORIENTED_EDGE('',*,*,#816,.T.);
#1124=ORIENTED_EDGE('',*,*,#810,.F.);
#1125=ORIENTED_EDGE('',*,*,#817,.F.);
#1126=ORIENTED_EDGE('',*,*,#807,.T.);
#1127=ORIENTED_EDGE('',*,*,#813,.F.);
#1128=ORIENTED_EDGE('',*,*,#818,.F.);
#1129=ORIENTED_EDGE('',*,*,#819,.F.);
#1130=ORIENTED_EDGE('',*,*,#818,.T.);
#1131=ORIENTED_EDGE('',*,*,#812,.F.);
#1132=ORIENTED_EDGE('',*,*,#820,.F.);
#1133=ORIENTED_EDGE('',*,*,#821,.F.);
#1134=ORIENTED_EDGE('',*,*,#820,.T.);
#1135=ORIENTED_EDGE('',*,*,#811,.F.);
#1136=ORIENTED_EDGE('',*,*,#816,.F.);
#1137=ORIENTED_EDGE('',*,*,#822,.F.);
#1138=ORIENTED_EDGE('',*,*,#808,.T.);
#1139=ORIENTED_EDGE('',*,*,#817,.T.);
#1140=ORIENTED_EDGE('',*,*,#819,.T.);
#1141=ORIENTED_EDGE('',*,*,#821,.T.);
#1142=ORIENTED_EDGE('',*,*,#815,.T.);
#1143=ORIENTED_EDGE('',*,*,#769,.F.);
#1144=ORIENTED_EDGE('',*,*,#726,.F.);
#1145=ORIENTED_EDGE('',*,*,#695,.F.);
#1146=ORIENTED_EDGE('',*,*,#731,.F.);
#1147=ORIENTED_EDGE('',*,*,#773,.F.);
#1148=ORIENTED_EDGE('',*,*,#823,.F.);
#1149=ORIENTED_EDGE('',*,*,#824,.F.);
#1150=ORIENTED_EDGE('',*,*,#825,.F.);
#1151=ORIENTED_EDGE('',*,*,#826,.F.);
#1152=ORIENTED_EDGE('',*,*,#827,.F.);
#1153=ORIENTED_EDGE('',*,*,#828,.F.);
#1154=ORIENTED_EDGE('',*,*,#829,.T.);
#1155=ORIENTED_EDGE('',*,*,#830,.T.);
#1156=ORIENTED_EDGE('',*,*,#831,.T.);
#1157=ORIENTED_EDGE('',*,*,#832,.T.);
#1158=ORIENTED_EDGE('',*,*,#824,.T.);
#1159=ORIENTED_EDGE('',*,*,#833,.F.);
#1160=ORIENTED_EDGE('',*,*,#834,.F.);
#1161=ORIENTED_EDGE('',*,*,#835,.T.);
#1162=ORIENTED_EDGE('',*,*,#829,.F.);
#1163=ORIENTED_EDGE('',*,*,#836,.F.);
#1164=ORIENTED_EDGE('',*,*,#837,.F.);
#1165=ORIENTED_EDGE('',*,*,#825,.T.);
#1166=ORIENTED_EDGE('',*,*,#832,.F.);
#1167=ORIENTED_EDGE('',*,*,#838,.F.);
#1168=ORIENTED_EDGE('',*,*,#839,.F.);
#1169=ORIENTED_EDGE('',*,*,#838,.T.);
#1170=ORIENTED_EDGE('',*,*,#831,.F.);
#1171=ORIENTED_EDGE('',*,*,#840,.F.);
#1172=ORIENTED_EDGE('',*,*,#841,.F.);
#1173=ORIENTED_EDGE('',*,*,#840,.T.);
#1174=ORIENTED_EDGE('',*,*,#830,.F.);
#1175=ORIENTED_EDGE('',*,*,#835,.F.);
#1176=ORIENTED_EDGE('',*,*,#842,.F.);
#1177=ORIENTED_EDGE('',*,*,#826,.T.);
#1178=ORIENTED_EDGE('',*,*,#837,.T.);
#1179=ORIENTED_EDGE('',*,*,#839,.T.);
#1180=ORIENTED_EDGE('',*,*,#841,.T.);
#1181=ORIENTED_EDGE('',*,*,#834,.T.);
#1182=ORIENTED_EDGE('',*,*,#843,.F.);
#1183=ORIENTED_EDGE('',*,*,#844,.F.);
#1184=ORIENTED_EDGE('',*,*,#845,.F.);
#1185=ORIENTED_EDGE('',*,*,#846,.F.);
#1186=ORIENTED_EDGE('',*,*,#768,.F.);
#1187=ORIENTED_EDGE('',*,*,#743,.F.);
#1188=ORIENTED_EDGE('',*,*,#698,.F.);
#1189=ORIENTED_EDGE('',*,*,#777,.F.);
#1190=ORIENTED_EDGE('',*,*,#717,.F.);
#1191=ORIENTED_EDGE('',*,*,#847,.F.);
#1192=ORIENTED_EDGE('',*,*,#848,.F.);
#1193=ORIENTED_EDGE('',*,*,#849,.T.);
#1194=ORIENTED_EDGE('',*,*,#850,.T.);
#1195=ORIENTED_EDGE('',*,*,#844,.T.);
#1196=ORIENTED_EDGE('',*,*,#851,.F.);
#1197=ORIENTED_EDGE('',*,*,#845,.T.);
#1198=ORIENTED_EDGE('',*,*,#850,.F.);
#1199=ORIENTED_EDGE('',*,*,#852,.F.);
#1200=ORIENTED_EDGE('',*,*,#853,.F.);
#1201=ORIENTED_EDGE('',*,*,#854,.F.);
#1202=ORIENTED_EDGE('',*,*,#852,.T.);
#1203=ORIENTED_EDGE('',*,*,#849,.F.);
#1204=ORIENTED_EDGE('',*,*,#855,.F.);
#1205=ORIENTED_EDGE('',*,*,#846,.T.);
#1206=ORIENTED_EDGE('',*,*,#851,.T.);
#1207=ORIENTED_EDGE('',*,*,#854,.T.);
#1208=ORIENTED_EDGE('',*,*,#856,.F.);
#1209=ORIENTED_EDGE('',*,*,#856,.T.);
#1210=ORIENTED_EDGE('',*,*,#853,.T.);
#1211=ORIENTED_EDGE('',*,*,#848,.T.);
#1212=ORIENTED_EDGE('',*,*,#857,.F.);
#1213=ORIENTED_EDGE('',*,*,#858,.T.);
#1214=ORIENTED_EDGE('',*,*,#827,.T.);
#1215=ORIENTED_EDGE('',*,*,#842,.T.);
#1216=ORIENTED_EDGE('',*,*,#833,.T.);
#1217=ORIENTED_EDGE('',*,*,#859,.T.);
#1218=ORIENTED_EDGE('',*,*,#774,.T.);
#1219=ORIENTED_EDGE('',*,*,#859,.F.);
#1220=ORIENTED_EDGE('',*,*,#836,.T.);
#1221=ORIENTED_EDGE('',*,*,#828,.T.);
#1222=ORIENTED_EDGE('',*,*,#823,.T.);
#1223=ORIENTED_EDGE('',*,*,#858,.F.);
#1224=ORIENTED_EDGE('',*,*,#860,.F.);
#1225=ORIENTED_EDGE('',*,*,#762,.T.);
#1226=ORIENTED_EDGE('',*,*,#765,.T.);
#1227=ORIENTED_EDGE('',*,*,#791,.T.);
#1228=ORIENTED_EDGE('',*,*,#787,.T.);
#1229=ORIENTED_EDGE('',*,*,#804,.T.);
#1230=ORIENTED_EDGE('',*,*,#796,.T.);
#1231=ORIENTED_EDGE('',*,*,#809,.T.);
#1232=ORIENTED_EDGE('',*,*,#805,.T.);
#1233=ORIENTED_EDGE('',*,*,#822,.T.);
#1234=ORIENTED_EDGE('',*,*,#814,.T.);
#1235=ORIENTED_EDGE('',*,*,#855,.T.);
#1236=ORIENTED_EDGE('',*,*,#860,.T.);
#1237=ORIENTED_EDGE('',*,*,#857,.T.);
#1238=ORIENTED_EDGE('',*,*,#847,.T.);
#1239=ORIENTED_EDGE('',*,*,#843,.T.);
#1240=ORIENTED_EDGE('',*,*,#784,.T.);
#1241=ORIENTED_EDGE('',*,*,#861,.F.);
#1242=ORIENTED_EDGE('',*,*,#862,.T.);
#1243=ORIENTED_EDGE('',*,*,#863,.T.);
#1244=ORIENTED_EDGE('',*,*,#862,.F.);
#1245=ORIENTED_EDGE('',*,*,#861,.T.);
#1246=ORIENTED_EDGE('',*,*,#864,.F.);
#1247=ORIENTED_EDGE('',*,*,#864,.T.);
#1248=ORIENTED_EDGE('',*,*,#865,.T.);
#1249=ORIENTED_EDGE('',*,*,#866,.F.);
#1250=ORIENTED_EDGE('',*,*,#865,.F.);
#1251=ORIENTED_EDGE('',*,*,#863,.F.);
#1252=ORIENTED_EDGE('',*,*,#866,.T.);
#1253=ORIENTED_EDGE('',*,*,#867,.F.);
#1254=ORIENTED_EDGE('',*,*,#868,.T.);
#1255=ORIENTED_EDGE('',*,*,#869,.T.);
#1256=ORIENTED_EDGE('',*,*,#868,.F.);
#1257=ORIENTED_EDGE('',*,*,#867,.T.);
#1258=ORIENTED_EDGE('',*,*,#870,.F.);
#1259=ORIENTED_EDGE('',*,*,#870,.T.);
#1260=ORIENTED_EDGE('',*,*,#871,.T.);
#1261=ORIENTED_EDGE('',*,*,#872,.F.);
#1262=ORIENTED_EDGE('',*,*,#871,.F.);
#1263=ORIENTED_EDGE('',*,*,#869,.F.);
#1264=ORIENTED_EDGE('',*,*,#872,.T.);
#1265=PLANE('',#1411);
#1266=PLANE('',#1414);
#1267=PLANE('',#1426);
#1268=PLANE('',#1428);
#1269=PLANE('',#1438);
#1270=PLANE('',#1447);
#1271=PLANE('',#1451);
#1272=PLANE('',#1460);
#1273=PLANE('',#1464);
#1274=PLANE('',#1468);
#1275=PLANE('',#1477);
#1276=PLANE('',#1481);
#1277=PLANE('',#1484);
#1278=PLANE('',#1493);
#1279=PLANE('',#1497);
#1280=PLANE('',#1498);
#1281=PLANE('',#1501);
#1282=PLANE('',#1507);
#1283=PLANE('',#1510);
#1284=PLANE('',#1511);
#1285=PLANE('',#1513);
#1286=PLANE('',#1514);
#1287=PLANE('',#1516);
#1288=PLANE('',#1517);
#1289=PLANE('',#1518);
#1290=PLANE('',#1519);
#1291=PLANE('',#1520);
#1292=PLANE('',#1521);
#1293=PLANE('',#1523);
#1294=PLANE('',#1524);
#1295=PLANE('',#1526);
#1296=PLANE('',#1527);
#1297=PLANE('',#1528);
#1298=PLANE('',#1529);
#1299=PLANE('',#1530);
#1300=PLANE('',#1531);
#1301=PLANE('',#1534);
#1302=PLANE('',#1535);
#1303=PLANE('',#1538);
#1304=PLANE('',#1539);
#1305=PLANE('',#1540);
#1306=PLANE('',#1541);
#1307=PLANE('',#1542);
#1308=PLANE('',#1543);
#1309=PLANE('',#1544);
#1310=PLANE('',#1545);
#1311=PLANE('',#1546);
#1312=PLANE('',#1548);
#1313=PLANE('',#1552);
#1314=PLANE('',#1556);
#1315=PLANE('',#1560);
#1316=PLANE('',#1564);
#1317=PLANE('',#1568);
#1318=ADVANCED_FACE('',(#66),#1265,.T.);
#1319=ADVANCED_FACE('',(#67),#1266,.T.);
#1320=ADVANCED_FACE('',(#68),#53,.T.);
#1321=ADVANCED_FACE('',(#69),#1267,.T.);
#1322=ADVANCED_FACE('',(#70),#1268,.T.);
#1323=ADVANCED_FACE('',(#71),#45,.T.);
#1324=ADVANCED_FACE('',(#72),#54,.F.);
#1325=ADVANCED_FACE('',(#73,#25),#1269,.F.);
#1326=ADVANCED_FACE('',(#74),#46,.T.);
#1327=ADVANCED_FACE('',(#75),#55,.F.);
#1328=ADVANCED_FACE('',(#76,#26),#1270,.T.);
#1329=ADVANCED_FACE('',(#77),#47,.T.);
#1330=ADVANCED_FACE('',(#78,#27),#1271,.F.);
#1331=ADVANCED_FACE('',(#79),#48,.T.);
#1332=ADVANCED_FACE('',(#80),#56,.F.);
#1333=ADVANCED_FACE('',(#81,#28),#1272,.T.);
#1334=ADVANCED_FACE('',(#82),#49,.T.);
#1335=ADVANCED_FACE('',(#83,#29),#1273,.T.);
#1336=ADVANCED_FACE('',(#84),#50,.T.);
#1337=ADVANCED_FACE('',(#85,#30),#1274,.F.);
#1338=ADVANCED_FACE('',(#86),#51,.T.);
#1339=ADVANCED_FACE('',(#87),#57,.F.);
#1340=ADVANCED_FACE('',(#88,#31),#1275,.F.);
#1341=ADVANCED_FACE('',(#89),#52,.T.);
#1342=ADVANCED_FACE('',(#90,#32),#1276,.T.);
#1343=ADVANCED_FACE('',(#91),#58,.F.);
#1344=ADVANCED_FACE('',(#92),#1277,.F.);
#1345=ADVANCED_FACE('',(#93),#20,.F.);
#1346=ADVANCED_FACE('',(#94,#33),#1278,.T.);
#1347=ADVANCED_FACE('',(#95),#59,.F.);
#1348=ADVANCED_FACE('',(#96),#1279,.T.);
#1349=ADVANCED_FACE('',(#97,#34),#1280,.T.);
#1350=ADVANCED_FACE('',(#98,#35),#1281,.T.);
#1351=ADVANCED_FACE('',(#99),#60,.F.);
#1352=ADVANCED_FACE('',(#100),#61,.T.);
#1353=ADVANCED_FACE('',(#101,#36),#1282,.F.);
#1354=ADVANCED_FACE('',(#102),#62,.F.);
#1355=ADVANCED_FACE('',(#103),#1283,.T.);
#1356=ADVANCED_FACE('',(#104),#1284,.T.);
#1357=ADVANCED_FACE('',(#105),#1285,.T.);
#1358=ADVANCED_FACE('',(#106),#1286,.T.);
#1359=ADVANCED_FACE('',(#107),#1287,.T.);
#1360=ADVANCED_FACE('',(#108),#1288,.T.);
#1361=ADVANCED_FACE('',(#109),#1289,.T.);
#1362=ADVANCED_FACE('',(#110),#1290,.F.);
#1363=ADVANCED_FACE('',(#111),#1291,.T.);
#1364=ADVANCED_FACE('',(#112),#1292,.T.);
#1365=ADVANCED_FACE('',(#113),#1293,.T.);
#1366=ADVANCED_FACE('',(#114),#1294,.T.);
#1367=ADVANCED_FACE('',(#115),#1295,.T.);
#1368=ADVANCED_FACE('',(#116),#1296,.T.);
#1369=ADVANCED_FACE('',(#117),#1297,.T.);
#1370=ADVANCED_FACE('',(#118),#1298,.F.);
#1371=ADVANCED_FACE('',(#119),#1299,.T.);
#1372=ADVANCED_FACE('',(#120),#1300,.T.);
#1373=ADVANCED_FACE('',(#121),#1301,.T.);
#1374=ADVANCED_FACE('',(#122),#1302,.T.);
#1375=ADVANCED_FACE('',(#123),#1303,.T.);
#1376=ADVANCED_FACE('',(#124),#1304,.T.);
#1377=ADVANCED_FACE('',(#125),#1305,.T.);
#1378=ADVANCED_FACE('',(#126),#1306,.F.);
#1379=ADVANCED_FACE('',(#127),#1307,.T.);
#1380=ADVANCED_FACE('',(#128),#1308,.T.);
#1381=ADVANCED_FACE('',(#129),#1309,.T.);
#1382=ADVANCED_FACE('',(#130),#1310,.T.);
#1383=ADVANCED_FACE('',(#131),#1311,.T.);
#1384=ADVANCED_FACE('',(#132),#1312,.F.);
#1385=ADVANCED_FACE('',(#133,#37,#38,#39),#63,.T.);
#1386=ADVANCED_FACE('',(#134,#40),#1313,.T.);
#1387=ADVANCED_FACE('',(#135),#21,.T.);
#1388=ADVANCED_FACE('',(#136,#41),#1314,.T.);
#1389=ADVANCED_FACE('',(#137),#64,.F.);
#1390=ADVANCED_FACE('',(#138,#42),#1315,.T.);
#1391=ADVANCED_FACE('',(#139),#22,.T.);
#1392=ADVANCED_FACE('',(#140,#43),#1316,.T.);
#1393=ADVANCED_FACE('',(#141),#65,.F.);
#1394=ADVANCED_FACE('',(#142,#44),#1317,.T.);
#1395=CLOSED_SHELL('',(#1318,#1319,#1320,#1321,#1322,#1323,#1324,#1325,
#1326,#1327,#1328,#1329,#1330,#1331,#1332,#1333,#1334,#1335,#1336,#1337,
#1338,#1339,#1340,#1341,#1342,#1343,#1344,#1345,#1346,#1347,#1348,#1349,
#1350,#1351,#1352,#1353,#1354,#1355,#1356,#1357,#1358,#1359,#1360,#1361,
#1362,#1363,#1364,#1365,#1366,#1367,#1368,#1369,#1370,#1371,#1372,#1373,
#1374,#1375,#1376,#1377,#1378,#1379,#1380,#1381,#1382,#1383,#1384,#1385,
#1386));
#1396=CLOSED_SHELL('',(#1387,#1388,#1389,#1390));
#1397=CLOSED_SHELL('',(#1391,#1392,#1393,#1394));
#1398=DERIVED_UNIT_ELEMENT(#1400,1.);
#1399=DERIVED_UNIT_ELEMENT(#2445,-3.);
#1400=(
MASS_UNIT()
NAMED_UNIT(*)
SI_UNIT(.KILO.,.GRAM.)
);
#1401=DERIVED_UNIT((#1398,#1399));
#1402=MEASURE_REPRESENTATION_ITEM('density measure',
POSITIVE_RATIO_MEASURE(7850.),#1401);
#1403=PROPERTY_DEFINITION_REPRESENTATION(#1408,#1405);
#1404=PROPERTY_DEFINITION_REPRESENTATION(#1409,#1406);
#1405=REPRESENTATION('material name',(#1407),#2442);
#1406=REPRESENTATION('density',(#1402),#2442);
#1407=DESCRIPTIVE_REPRESENTATION_ITEM('Steel','Steel');
#1408=PROPERTY_DEFINITION('material property','material name',#2452);
#1409=PROPERTY_DEFINITION('material property','density of part',#2452);
#1410=AXIS2_PLACEMENT_3D('',#2000,#1569,#1570);
#1411=AXIS2_PLACEMENT_3D('',#2001,#1571,#1572);
#1412=AXIS2_PLACEMENT_3D('',#2006,#1574,#1575);
#1413=AXIS2_PLACEMENT_3D('',#2011,#1578,#1579);
#1414=AXIS2_PLACEMENT_3D('',#2012,#1580,#1581);
#1415=AXIS2_PLACEMENT_3D('',#2017,#1583,#1584);
#1416=AXIS2_PLACEMENT_3D('',#2020,#1586,#1587);
#1417=AXIS2_PLACEMENT_3D('',#2021,#1588,#1589);
#1418=AXIS2_PLACEMENT_3D('',#2023,#1590,#1591);
#1419=AXIS2_PLACEMENT_3D('',#2027,#1593,#1594);
#1420=AXIS2_PLACEMENT_3D('',#2031,#1596,#1597);
#1421=AXIS2_PLACEMENT_3D('',#2035,#1599,#1600);
#1422=AXIS2_PLACEMENT_3D('',#2040,#1603,#1604);
#1423=AXIS2_PLACEMENT_3D('',#2045,#1607,#1608);
#1424=AXIS2_PLACEMENT_3D('',#2049,#1610,#1611);
#1425=AXIS2_PLACEMENT_3D('',#2052,#1613,#1614);
#1426=AXIS2_PLACEMENT_3D('',#2053,#1615,#1616);
#1427=AXIS2_PLACEMENT_3D('',#2057,#1618,#1619);
#1428=AXIS2_PLACEMENT_3D('',#2059,#1621,#1622);
#1429=AXIS2_PLACEMENT_3D('',#2063,#1624,#1625);
#1430=AXIS2_PLACEMENT_3D('',#2065,#1627,#1628);
#1431=AXIS2_PLACEMENT_3D('',#2068,#1629,#1630);
#1432=AXIS2_PLACEMENT_3D('',#2070,#1631,#1632);
#1433=AXIS2_PLACEMENT_3D('',#2071,#1633,#1634);
#1434=AXIS2_PLACEMENT_3D('',#2072,#1635,#1636);
#1435=AXIS2_PLACEMENT_3D('',#2073,#1637,#1638);
#1436=AXIS2_PLACEMENT_3D('',#2076,#1639,#1640);
#1437=AXIS2_PLACEMENT_3D('',#2078,#1642,#1643);
#1438=AXIS2_PLACEMENT_3D('',#2079,#1644,#1645);
#1439=AXIS2_PLACEMENT_3D('',#2085,#1649,#1650);
#1440=AXIS2_PLACEMENT_3D('',#2088,#1651,#1652);
#1441=AXIS2_PLACEMENT_3D('',#2090,#1653,#1654);
#1442=AXIS2_PLACEMENT_3D('',#2091,#1655,#1656);
#1443=AXIS2_PLACEMENT_3D('',#2092,#1657,#1658);
#1444=AXIS2_PLACEMENT_3D('',#2093,#1659,#1660);
#1445=AXIS2_PLACEMENT_3D('',#2097,#1662,#1663);
#1446=AXIS2_PLACEMENT_3D('',#2098,#1664,#1665);
#1447=AXIS2_PLACEMENT_3D('',#2099,#1666,#1667);
#1448=AXIS2_PLACEMENT_3D('',#2103,#1670,#1671);
#1449=AXIS2_PLACEMENT_3D('',#2105,#1672,#1673);
#1450=AXIS2_PLACEMENT_3D('',#2106,#1674,#1675);
#1451=AXIS2_PLACEMENT_3D('',#2107,#1676,#1677);
#1452=AXIS2_PLACEMENT_3D('',#2111,#1680,#1681);
#1453=AXIS2_PLACEMENT_3D('',#2114,#1682,#1683);
#1454=AXIS2_PLACEMENT_3D('',#2116,#1684,#1685);
#1455=AXIS2_PLACEMENT_3D('',#2117,#1686,#1687);
#1456=AXIS2_PLACEMENT_3D('',#2118,#1688,#1689);
#1457=AXIS2_PLACEMENT_3D('',#2119,#1690,#1691);
#1458=AXIS2_PLACEMENT_3D('',#2123,#1693,#1694);
#1459=AXIS2_PLACEMENT_3D('',#2124,#1695,#1696);
#1460=AXIS2_PLACEMENT_3D('',#2125,#1697,#1698);
#1461=AXIS2_PLACEMENT_3D('',#2129,#1701,#1702);
#1462=AXIS2_PLACEMENT_3D('',#2131,#1703,#1704);
#1463=AXIS2_PLACEMENT_3D('',#2132,#1705,#1706);
#1464=AXIS2_PLACEMENT_3D('',#2133,#1707,#1708);
#1465=AXIS2_PLACEMENT_3D('',#2137,#1711,#1712);
#1466=AXIS2_PLACEMENT_3D('',#2139,#1713,#1714);
#1467=AXIS2_PLACEMENT_3D('',#2140,#1715,#1716);
#1468=AXIS2_PLACEMENT_3D('',#2141,#1717,#1718);
#1469=AXIS2_PLACEMENT_3D('',#2145,#1721,#1722);
#1470=AXIS2_PLACEMENT_3D('',#2147,#1723,#1724);
#1471=AXIS2_PLACEMENT_3D('',#2149,#1725,#1726);
#1472=AXIS2_PLACEMENT_3D('',#2151,#1727,#1728);
#1473=AXIS2_PLACEMENT_3D('',#2152,#1729,#1730);
#1474=AXIS2_PLACEMENT_3D('',#2153,#1731,#1732);
#1475=AXIS2_PLACEMENT_3D('',#2156,#1733,#1734);
#1476=AXIS2_PLACEMENT_3D('',#2158,#1736,#1737);
#1477=AXIS2_PLACEMENT_3D('',#2159,#1738,#1739);
#1478=AXIS2_PLACEMENT_3D('',#2163,#1742,#1743);
#1479=AXIS2_PLACEMENT_3D('',#2165,#1744,#1745);
#1480=AXIS2_PLACEMENT_3D('',#2166,#1746,#1747);
#1481=AXIS2_PLACEMENT_3D('',#2167,#1748,#1749);
#1482=AXIS2_PLACEMENT_3D('',#2171,#1752,#1753);
#1483=AXIS2_PLACEMENT_3D('',#2194,#1755,#1756);
#1484=AXIS2_PLACEMENT_3D('',#2214,#1757,#1758);
#1485=AXIS2_PLACEMENT_3D('',#2215,#1759,#1760);
#1486=AXIS2_PLACEMENT_3D('',#2216,#1761,#1762);
#1487=AXIS2_PLACEMENT_3D('',#2217,#1763,#1764);
#1488=AXIS2_PLACEMENT_3D('',#2218,#1765,#1766);
#1489=AXIS2_PLACEMENT_3D('',#2220,#1767,#1768);
#1490=AXIS2_PLACEMENT_3D('',#2224,#1770,#1771);
#1491=AXIS2_PLACEMENT_3D('',#2225,#1772,#1773);
#1492=AXIS2_PLACEMENT_3D('',#2226,#1774,#1775);
#1493=AXIS2_PLACEMENT_3D('',#2227,#1776,#1777);
#1494=AXIS2_PLACEMENT_3D('',#2229,#1778,#1779);
#1495=AXIS2_PLACEMENT_3D('',#2231,#1780,#1781);
#1496=AXIS2_PLACEMENT_3D('',#2232,#1782,#1783);
#1497=AXIS2_PLACEMENT_3D('',#2234,#1785,#1786);
#1498=AXIS2_PLACEMENT_3D('',#2236,#1788,#1789);
#1499=AXIS2_PLACEMENT_3D('',#2238,#1790,#1791);
#1500=AXIS2_PLACEMENT_3D('',#2240,#1792,#1793);
#1501=AXIS2_PLACEMENT_3D('',#2241,#1794,#1795);
#1502=AXIS2_PLACEMENT_3D('',#2243,#1796,#1797);
#1503=AXIS2_PLACEMENT_3D('',#2244,#1798,#1799);
#1504=AXIS2_PLACEMENT_3D('',#2246,#1801,#1802);
#1505=AXIS2_PLACEMENT_3D('',#2248,#1803,#1804);
#1506=AXIS2_PLACEMENT_3D('',#2251,#1806,#1807);
#1507=AXIS2_PLACEMENT_3D('',#2252,#1808,#1809);
#1508=AXIS2_PLACEMENT_3D('',#2254,#1810,#1811);
#1509=AXIS2_PLACEMENT_3D('',#2255,#1812,#1813);
#1510=AXIS2_PLACEMENT_3D('',#2257,#1815,#1816);
#1511=AXIS2_PLACEMENT_3D('',#2258,#1817,#1818);
#1512=AXIS2_PLACEMENT_3D('',#2261,#1819,#1820);
#1513=AXIS2_PLACEMENT_3D('',#2267,#1824,#1825);
#1514=AXIS2_PLACEMENT_3D('',#2277,#1831,#1832);
#1515=AXIS2_PLACEMENT_3D('',#2279,#1833,#1834);
#1516=AXIS2_PLACEMENT_3D('',#2283,#1837,#1838);
#1517=AXIS2_PLACEMENT_3D('',#2287,#1841,#1842);
#1518=AXIS2_PLACEMENT_3D('',#2291,#1845,#1846);
#1519=AXIS2_PLACEMENT_3D('',#2293,#1848,#1849);
#1520=AXIS2_PLACEMENT_3D('',#2295,#1851,#1852);
#1521=AXIS2_PLACEMENT_3D('',#2296,#1853,#1854);
#1522=AXIS2_PLACEMENT_3D('',#2299,#1855,#1856);
#1523=AXIS2_PLACEMENT_3D('',#2305,#1860,#1861);
#1524=AXIS2_PLACEMENT_3D('',#2315,#1867,#1868);
#1525=AXIS2_PLACEMENT_3D('',#2317,#1869,#1870);
#1526=AXIS2_PLACEMENT_3D('',#2321,#1873,#1874);
#1527=AXIS2_PLACEMENT_3D('',#2325,#1877,#1878);
#1528=AXIS2_PLACEMENT_3D('',#2329,#1881,#1882);
#1529=AXIS2_PLACEMENT_3D('',#2331,#1884,#1885);
#1530=AXIS2_PLACEMENT_3D('',#2333,#1887,#1888);
#1531=AXIS2_PLACEMENT_3D('',#2334,#1889,#1890);
#1532=AXIS2_PLACEMENT_3D('',#2337,#1891,#1892);
#1533=AXIS2_PLACEMENT_3D('',#2344,#1896,#1897);
#1534=AXIS2_PLACEMENT_3D('',#2345,#1898,#1899);
#1535=AXIS2_PLACEMENT_3D('',#2355,#1905,#1906);
#1536=AXIS2_PLACEMENT_3D('',#2358,#1907,#1908);
#1537=AXIS2_PLACEMENT_3D('',#2362,#1911,#1912);
#1538=AXIS2_PLACEMENT_3D('',#2363,#1913,#1914);
#1539=AXIS2_PLACEMENT_3D('',#2367,#1917,#1918);
#1540=AXIS2_PLACEMENT_3D('',#2371,#1921,#1922);
#1541=AXIS2_PLACEMENT_3D('',#2373,#1924,#1925);
#1542=AXIS2_PLACEMENT_3D('',#2375,#1927,#1928);
#1543=AXIS2_PLACEMENT_3D('',#2384,#1933,#1934);
#1544=AXIS2_PLACEMENT_3D('',#2385,#1935,#1936);
#1545=AXIS2_PLACEMENT_3D('',#2393,#1941,#1942);
#1546=AXIS2_PLACEMENT_3D('',#2397,#1945,#1946);
#1547=AXIS2_PLACEMENT_3D('',#2399,#1947,#1948);
#1548=AXIS2_PLACEMENT_3D('',#2401,#1950,#1951);
#1549=AXIS2_PLACEMENT_3D('',#2405,#1954,#1955);
#1550=AXIS2_PLACEMENT_3D('',#2407,#1956,#1957);
#1551=AXIS2_PLACEMENT_3D('',#2410,#1960,#1961);
#1552=AXIS2_PLACEMENT_3D('',#2411,#1962,#1963);
#1553=AXIS2_PLACEMENT_3D('',#2412,#1964,#1965);
#1554=AXIS2_PLACEMENT_3D('',#2414,#1966,#1967);
#1555=AXIS2_PLACEMENT_3D('',#2417,#1969,#1970);
#1556=AXIS2_PLACEMENT_3D('',#2418,#1971,#1972);
#1557=AXIS2_PLACEMENT_3D('',#2420,#1973,#1974);
#1558=AXIS2_PLACEMENT_3D('',#2421,#1975,#1976);
#1559=AXIS2_PLACEMENT_3D('',#2424,#1978,#1979);
#1560=AXIS2_PLACEMENT_3D('',#2425,#1980,#1981);
#1561=AXIS2_PLACEMENT_3D('',#2426,#1982,#1983);
#1562=AXIS2_PLACEMENT_3D('',#2428,#1984,#1985);
#1563=AXIS2_PLACEMENT_3D('',#2431,#1987,#1988);
#1564=AXIS2_PLACEMENT_3D('',#2432,#1989,#1990);
#1565=AXIS2_PLACEMENT_3D('',#2434,#1991,#1992);
#1566=AXIS2_PLACEMENT_3D('',#2435,#1993,#1994);
#1567=AXIS2_PLACEMENT_3D('',#2438,#1996,#1997);
#1568=AXIS2_PLACEMENT_3D('',#2439,#1998,#1999);
#1569=DIRECTION('axis',(0.,0.,1.));
#1570=DIRECTION('refdir',(1.,0.,0.));
#1571=DIRECTION('center_axis',(0.,0.,1.));
#1572=DIRECTION('ref_axis',(1.,0.,0.));
#1573=DIRECTION('',(0.,-1.,0.));
#1574=DIRECTION('center_axis',(0.,0.,-1.));
#1575=DIRECTION('ref_axis',(0.,1.,0.));
#1576=DIRECTION('',(-1.,0.,0.));
#1577=DIRECTION('',(0.,1.,0.));
#1578=DIRECTION('center_axis',(0.,0.,-1.));
#1579=DIRECTION('ref_axis',(0.,-1.,0.));
#1580=DIRECTION('center_axis',(0.,0.,1.));
#1581=DIRECTION('ref_axis',(1.,0.,0.));
#1582=DIRECTION('',(0.,1.,0.));
#1583=DIRECTION('center_axis',(0.,0.,-1.));
#1584=DIRECTION('ref_axis',(0.,-1.,0.));
#1585=DIRECTION('',(-1.,1.11022302462516E-16,0.));
#1586=DIRECTION('center_axis',(0.,0.,-1.));
#1587=DIRECTION('ref_axis',(0.,1.,0.));
#1588=DIRECTION('center_axis',(0.,0.,1.));
#1589=DIRECTION('ref_axis',(0.,-1.,0.));
#1590=DIRECTION('center_axis',(0.,0.,1.));
#1591=DIRECTION('ref_axis',(1.,0.,0.));
#1592=DIRECTION('',(0.,0.,-1.));
#1593=DIRECTION('center_axis',(0.,0.,1.));
#1594=DIRECTION('ref_axis',(0.,-1.,0.));
#1595=DIRECTION('',(0.,0.,-1.));
#1596=DIRECTION('center_axis',(0.,0.,-1.));
#1597=DIRECTION('ref_axis',(0.,-1.,0.));
#1598=DIRECTION('',(0.,0.,1.));
#1599=DIRECTION('center_axis',(0.,0.,1.));
#1600=DIRECTION('ref_axis',(0.,-1.,0.));
#1601=DIRECTION('',(0.,0.,-1.));
#1602=DIRECTION('',(0.,0.,1.));
#1603=DIRECTION('center_axis',(0.,0.,1.));
#1604=DIRECTION('ref_axis',(0.,-1.,0.));
#1605=DIRECTION('',(0.,0.,-1.));
#1606=DIRECTION('',(0.,0.,1.));
#1607=DIRECTION('center_axis',(0.,0.,1.));
#1608=DIRECTION('ref_axis',(0.,-1.,0.));
#1609=DIRECTION('',(0.,0.,-1.));
#1610=DIRECTION('center_axis',(0.,0.,-1.));
#1611=DIRECTION('ref_axis',(0.,-1.,0.));
#1612=DIRECTION('',(0.,0.,1.));
#1613=DIRECTION('center_axis',(0.,0.,1.));
#1614=DIRECTION('ref_axis',(0.,-1.,0.));
#1615=DIRECTION('center_axis',(0.,0.,1.));
#1616=DIRECTION('ref_axis',(1.,0.,0.));
#1617=DIRECTION('',(1.,0.,0.));
#1618=DIRECTION('center_axis',(0.,0.,-1.));
#1619=DIRECTION('ref_axis',(0.,1.,0.));
#1620=DIRECTION('',(-2.22044604925031E-16,1.,0.));
#1621=DIRECTION('center_axis',(0.,0.,1.));
#1622=DIRECTION('ref_axis',(1.,0.,0.));
#1623=DIRECTION('',(0.,1.,0.));
#1624=DIRECTION('center_axis',(0.,0.,-1.));
#1625=DIRECTION('ref_axis',(0.,1.,0.));
#1626=DIRECTION('',(-1.,1.22464679914735E-16,0.));
#1627=DIRECTION('center_axis',(0.,-1.,0.));
#1628=DIRECTION('ref_axis',(0.,0.,-1.));
#1629=DIRECTION('center_axis',(0.,1.,0.));
#1630=DIRECTION('ref_axis',(-1.,0.,0.));
#1631=DIRECTION('center_axis',(-1.,0.,0.));
#1632=DIRECTION('ref_axis',(0.,0.,1.));
#1633=DIRECTION('center_axis',(0.,-1.,0.));
#1634=DIRECTION('ref_axis',(-1.,0.,0.));
#1635=DIRECTION('center_axis',(0.,1.,0.));
#1636=DIRECTION('ref_axis',(-1.,0.,0.));
#1637=DIRECTION('center_axis',(-1.22464679914735E-16,-1.,0.));
#1638=DIRECTION('ref_axis',(-1.,1.22464679914735E-16,0.));
#1639=DIRECTION('center_axis',(0.,-1.,0.));
#1640=DIRECTION('ref_axis',(-1.,0.,0.));
#1641=DIRECTION('',(-1.22464679914735E-16,-1.,0.));
#1642=DIRECTION('center_axis',(0.,-1.,0.));
#1643=DIRECTION('ref_axis',(-1.,0.,0.));
#1644=DIRECTION('center_axis',(0.,1.,0.));
#1645=DIRECTION('ref_axis',(1.,0.,0.));
#1646=DIRECTION('',(-8.58637117193566E-7,0.,-0.999999999999631));
#1647=DIRECTION('',(-1.,0.,0.));
#1648=DIRECTION('',(0.,0.,1.));
#1649=DIRECTION('center_axis',(1.,-2.22044604925031E-16,0.));
#1650=DIRECTION('ref_axis',(0.,0.,-1.));
#1651=DIRECTION('center_axis',(-1.,2.22044604925031E-16,0.));
#1652=DIRECTION('ref_axis',(2.7755575615629E-16,1.,0.));
#1653=DIRECTION('center_axis',(-2.22044604925031E-16,-1.,0.));
#1654=DIRECTION('ref_axis',(0.,0.,1.));
#1655=DIRECTION('center_axis',(1.,-2.22044604925031E-16,0.));
#1656=DIRECTION('ref_axis',(2.22044604925031E-16,1.,0.));
#1657=DIRECTION('center_axis',(-1.,2.22044604925031E-16,0.));
#1658=DIRECTION('ref_axis',(2.7755575615629E-16,1.,0.));
#1659=DIRECTION('center_axis',(-1.,6.12323399573677E-17,0.));
#1660=DIRECTION('ref_axis',(6.12323399573677E-17,1.,0.));
#1661=DIRECTION('',(-1.,6.12323399573677E-17,0.));
#1662=DIRECTION('center_axis',(1.,-2.22044604925031E-16,0.));
#1663=DIRECTION('ref_axis',(2.7755575615629E-16,1.,0.));
#1664=DIRECTION('center_axis',(1.,-2.22044604925031E-16,0.));
#1665=DIRECTION('ref_axis',(2.7755575615629E-16,1.,0.));
#1666=DIRECTION('center_axis',(1.,-2.22044604925031E-16,0.));
#1667=DIRECTION('ref_axis',(0.,0.,1.));
#1668=DIRECTION('',(-2.22044604925031E-16,-1.,0.));
#1669=DIRECTION('',(0.,-8.58471367793335E-7,0.999999999999631));
#1670=DIRECTION('center_axis',(-1.,2.22044604925031E-16,0.));
#1671=DIRECTION('ref_axis',(0.,0.,1.));
#1672=DIRECTION('center_axis',(-2.22044604925031E-16,-1.,0.));
#1673=DIRECTION('ref_axis',(0.,0.,-1.));
#1674=DIRECTION('center_axis',(-1.,2.22044604925031E-16,0.));
#1675=DIRECTION('ref_axis',(2.22044604925031E-16,1.,0.));
#1676=DIRECTION('center_axis',(1.,-2.22044604925031E-16,0.));
#1677=DIRECTION('ref_axis',(-2.22044604925031E-16,-1.,0.));
#1678=DIRECTION('',(4.03259193301726E-18,8.5881444251994E-7,-0.999999999999631));
#1679=DIRECTION('',(0.,1.,0.));
#1680=DIRECTION('center_axis',(-1.,-2.22044604925031E-16,0.));
#1681=DIRECTION('ref_axis',(0.,0.,1.));
#1682=DIRECTION('center_axis',(1.,2.22044604925031E-16,0.));
#1683=DIRECTION('ref_axis',(2.7755575615629E-16,-1.,0.));
#1684=DIRECTION('center_axis',(2.22044604925031E-16,-1.,0.));
#1685=DIRECTION('ref_axis',(0.,0.,-1.));
#1686=DIRECTION('center_axis',(-1.,-2.22044604925031E-16,0.));
#1687=DIRECTION('ref_axis',(2.22044604925031E-16,-1.,0.));
#1688=DIRECTION('center_axis',(1.,2.22044604925031E-16,0.));
#1689=DIRECTION('ref_axis',(2.7755575615629E-16,-1.,0.));
#1690=DIRECTION('center_axis',(1.,-1.83697019872103E-16,0.));
#1691=DIRECTION('ref_axis',(-1.83697019872103E-16,-1.,0.));
#1692=DIRECTION('',(1.,-1.83697019872103E-16,0.));
#1693=DIRECTION('center_axis',(-1.,-2.22044604925031E-16,0.));
#1694=DIRECTION('ref_axis',(2.7755575615629E-16,-1.,0.));
#1695=DIRECTION('center_axis',(-1.,-2.22044604925031E-16,0.));
#1696=DIRECTION('ref_axis',(2.7755575615629E-16,-1.,0.));
#1697=DIRECTION('center_axis',(-1.,-2.22044604925031E-16,0.));
#1698=DIRECTION('ref_axis',(0.,0.,1.));
#1699=DIRECTION('',(-2.22044604925031E-16,1.,0.));
#1700=DIRECTION('',(-4.03259193301726E-18,8.5881444251994E-7,0.999999999999631));
#1701=DIRECTION('center_axis',(0.,1.,0.));
#1702=DIRECTION('ref_axis',(0.,0.,1.));
#1703=DIRECTION('center_axis',(-1.,0.,0.));
#1704=DIRECTION('ref_axis',(0.,0.,-1.));
#1705=DIRECTION('center_axis',(0.,1.,0.));
#1706=DIRECTION('ref_axis',(-1.,0.,0.));
#1707=DIRECTION('center_axis',(0.,1.,0.));
#1708=DIRECTION('ref_axis',(0.,0.,1.));
#1709=DIRECTION('',(1.,0.,0.));
#1710=DIRECTION('',(8.58637117193566E-7,0.,0.999999999999631));
#1711=DIRECTION('center_axis',(1.,2.22044604925031E-16,0.));
#1712=DIRECTION('ref_axis',(0.,0.,-1.));
#1713=DIRECTION('center_axis',(2.22044604925031E-16,-1.,0.));
#1714=DIRECTION('ref_axis',(0.,0.,1.));
#1715=DIRECTION('center_axis',(1.,2.22044604925031E-16,0.));
#1716=DIRECTION('ref_axis',(2.22044604925031E-16,-1.,0.));
#1717=DIRECTION('center_axis',(-1.,-2.22044604925031E-16,0.));
#1718=DIRECTION('ref_axis',(-2.22044604925031E-16,1.,0.));
#1719=DIRECTION('',(0.,-8.58471367793335E-7,-0.999999999999631));
#1720=DIRECTION('',(0.,-1.,0.));
#1721=DIRECTION('center_axis',(-1.22464679914735E-16,-1.,0.));
#1722=DIRECTION('ref_axis',(0.,0.,-1.));
#1723=DIRECTION('center_axis',(1.22464679914735E-16,1.,0.));
#1724=DIRECTION('ref_axis',(1.,-1.22464679914735E-16,0.));
#1725=DIRECTION('center_axis',(-1.,1.22464679914735E-16,0.));
#1726=DIRECTION('ref_axis',(0.,0.,1.));
#1727=DIRECTION('center_axis',(-1.22464679914735E-16,-1.,0.));
#1728=DIRECTION('ref_axis',(1.,-1.38777878078145E-16,0.));
#1729=DIRECTION('center_axis',(-1.22464679914735E-16,-1.,0.));
#1730=DIRECTION('ref_axis',(1.,-1.38777878078145E-16,0.));
#1731=DIRECTION('center_axis',(0.,1.,0.));
#1732=DIRECTION('ref_axis',(1.,0.,0.));
#1733=DIRECTION('center_axis',(1.22464679914735E-16,1.,0.));
#1734=DIRECTION('ref_axis',(1.,-1.38777878078145E-16,0.));
#1735=DIRECTION('',(0.,1.,0.));
#1736=DIRECTION('center_axis',(1.22464679914735E-16,1.,0.));
#1737=DIRECTION('ref_axis',(1.,-1.38777878078145E-16,0.));
#1738=DIRECTION('center_axis',(-1.22464679914735E-16,-1.,0.));
#1739=DIRECTION('ref_axis',(-1.,1.22464679914735E-16,0.));
#1740=DIRECTION('',(8.58637117193566E-7,0.,-0.999999999999631));
#1741=DIRECTION('',(1.,-1.11022302462516E-16,0.));
#1742=DIRECTION('center_axis',(1.22464679914735E-16,1.,0.));
#1743=DIRECTION('ref_axis',(0.,0.,1.));
#1744=DIRECTION('center_axis',(-1.22464679914735E-16,-1.,0.));
#1745=DIRECTION('ref_axis',(1.,-1.22464679914735E-16,0.));
#1746=DIRECTION('center_axis',(-1.,1.22464679914735E-16,0.));
#1747=DIRECTION('ref_axis',(0.,0.,-1.));
#1748=DIRECTION('center_axis',(-1.22464679914735E-16,-1.,0.));
#1749=DIRECTION('ref_axis',(0.,0.,1.));
#1750=DIRECTION('',(-1.,1.22464679914735E-16,0.));
#1751=DIRECTION('',(-8.58637117193566E-7,0.,0.999999999999631));
#1752=DIRECTION('center_axis',(-0.681998360062499,-0.73135370161917,0.));
#1753=DIRECTION('ref_axis',(0.,0.,1.));
#1754=DIRECTION('',(-0.681998360062499,-0.73135370161917,0.));
#1755=DIRECTION('center_axis',(-0.681998360062499,-0.73135370161917,0.));
#1756=DIRECTION('ref_axis',(0.,0.,1.));
#1757=DIRECTION('center_axis',(-0.681998360062499,-0.73135370161917,0.));
#1758=DIRECTION('ref_axis',(0.,0.,1.));
#1759=DIRECTION('center_axis',(0.,0.,1.));
#1760=DIRECTION('ref_axis',(0.,1.,0.));
#1761=DIRECTION('center_axis',(0.,0.,-1.));
#1762=DIRECTION('ref_axis',(0.,1.,0.));
#1763=DIRECTION('center_axis',(0.,0.,-1.));
#1764=DIRECTION('ref_axis',(0.,1.,0.));
#1765=DIRECTION('center_axis',(0.,0.,-1.));
#1766=DIRECTION('ref_axis',(0.,1.,0.));
#1767=DIRECTION('center_axis',(0.,0.,-1.));
#1768=DIRECTION('ref_axis',(0.,1.,0.));
#1769=DIRECTION('',(-1.04996033931777E-22,-8.57357680638038E-7,0.999999999999632));
#1770=DIRECTION('center_axis',(0.,0.,-1.));
#1771=DIRECTION('ref_axis',(1.,0.,0.));
#1772=DIRECTION('center_axis',(0.,0.,-1.));
#1773=DIRECTION('ref_axis',(1.,0.,0.));
#1774=DIRECTION('center_axis',(0.,0.,-1.));
#1775=DIRECTION('ref_axis',(0.,1.,0.));
#1776=DIRECTION('center_axis',(0.,0.,1.));
#1777=DIRECTION('ref_axis',(1.,0.,0.));
#1778=DIRECTION('center_axis',(0.,0.,-1.));
#1779=DIRECTION('ref_axis',(0.,1.,0.));
#1780=DIRECTION('center_axis',(0.,0.,1.));
#1781=DIRECTION('ref_axis',(1.,0.,0.));
#1782=DIRECTION('center_axis',(0.,0.,1.));
#1783=DIRECTION('ref_axis',(1.,0.,0.));
#1784=DIRECTION('',(0.,0.,-1.));
#1785=DIRECTION('center_axis',(-1.,0.,0.));
#1786=DIRECTION('ref_axis',(0.,0.,1.));
#1787=DIRECTION('',(0.,1.,0.));
#1788=DIRECTION('center_axis',(0.,0.,-1.));
#1789=DIRECTION('ref_axis',(-1.,0.,0.));
#1790=DIRECTION('center_axis',(0.,0.,1.));
#1791=DIRECTION('ref_axis',(-1.,0.,0.));
#1792=DIRECTION('center_axis',(0.,0.,1.));
#1793=DIRECTION('ref_axis',(1.,0.,0.));
#1794=DIRECTION('center_axis',(0.,0.,1.));
#1795=DIRECTION('ref_axis',(1.,0.,0.));
#1796=DIRECTION('center_axis',(0.,0.,1.));
#1797=DIRECTION('ref_axis',(1.,0.,0.));
#1798=DIRECTION('center_axis',(0.,0.,1.));
#1799=DIRECTION('ref_axis',(0.,-1.,0.));
#1800=DIRECTION('',(0.,0.,-1.));
#1801=DIRECTION('center_axis',(0.,0.,-1.));
#1802=DIRECTION('ref_axis',(1.,0.,0.));
#1803=DIRECTION('center_axis',(0.,0.,-1.));
#1804=DIRECTION('ref_axis',(1.,0.,0.));
#1805=DIRECTION('',(0.,0.,1.));
#1806=DIRECTION('center_axis',(0.,0.,1.));
#1807=DIRECTION('ref_axis',(1.,0.,0.));
#1808=DIRECTION('center_axis',(0.,0.,1.));
#1809=DIRECTION('ref_axis',(1.,0.,0.));
#1810=DIRECTION('center_axis',(0.,0.,1.));
#1811=DIRECTION('ref_axis',(-1.,0.,0.));
#1812=DIRECTION('center_axis',(0.,0.,-1.));
#1813=DIRECTION('ref_axis',(-1.,0.,0.));
#1814=DIRECTION('',(0.,0.,-1.));
#1815=DIRECTION('center_axis',(0.,0.,1.));
#1816=DIRECTION('ref_axis',(-2.22044604925031E-16,1.,0.));
#1817=DIRECTION('center_axis',(0.,0.,-1.));
#1818=DIRECTION('ref_axis',(2.22044604925031E-16,-1.,0.));
#1819=DIRECTION('center_axis',(0.,0.,-1.));
#1820=DIRECTION('ref_axis',(0.,1.,0.));
#1821=DIRECTION('',(2.22044604925031E-16,-1.,0.));
#1822=DIRECTION('',(-1.,-2.22044604925031E-16,0.));
#1823=DIRECTION('',(-2.22044604925031E-16,1.,0.));
#1824=DIRECTION('center_axis',(-1.,-2.22044604925031E-16,0.));
#1825=DIRECTION('ref_axis',(0.,0.,1.));
#1826=DIRECTION('',(0.,0.,-1.));
#1827=DIRECTION('',(-2.22044604925031E-16,1.,0.));
#1828=DIRECTION('',(-1.62712841339796E-16,0.732793491626299,-0.680451099367278));
#1829=DIRECTION('',(0.,0.,-1.));
#1830=DIRECTION('',(1.97264173034119E-16,-0.888398856170006,0.459072404263016));
#1831=DIRECTION('center_axis',(0.,0.,1.));
#1832=DIRECTION('ref_axis',(-2.22044604925031E-16,1.,0.));
#1833=DIRECTION('center_axis',(0.,0.,1.));
#1834=DIRECTION('ref_axis',(0.,1.,0.));
#1835=DIRECTION('',(2.22044604925031E-16,-1.,0.));
#1836=DIRECTION('',(-1.,-2.22044604925031E-16,0.));
#1837=DIRECTION('center_axis',(1.01934550636566E-16,-0.459072404263016,
-0.888398856170006));
#1838=DIRECTION('ref_axis',(1.97264173034119E-16,-0.888398856170006,0.459072404263016));
#1839=DIRECTION('',(-1.97264173034119E-16,0.888398856170006,-0.459072404263016));
#1840=DIRECTION('',(-1.,-2.22044604925031E-16,0.));
#1841=DIRECTION('center_axis',(-2.22044604925031E-16,1.,0.));
#1842=DIRECTION('ref_axis',(0.,0.,-1.));
#1843=DIRECTION('',(0.,0.,1.));
#1844=DIRECTION('',(-1.,-2.22044604925031E-16,0.));
#1845=DIRECTION('center_axis',(-1.5109049552981E-16,0.680451099367278,0.732793491626299));
#1846=DIRECTION('ref_axis',(-1.62712841339796E-16,0.732793491626299,-0.680451099367278));
#1847=DIRECTION('',(1.62712841339796E-16,-0.732793491626299,0.680451099367278));
#1848=DIRECTION('center_axis',(-1.,-2.22044604925031E-16,0.));
#1849=DIRECTION('ref_axis',(-2.22044604925031E-16,1.,0.));
#1850=DIRECTION('',(0.,0.,1.));
#1851=DIRECTION('center_axis',(0.,0.,1.));
#1852=DIRECTION('ref_axis',(-1.,1.22464679914735E-16,0.));
#1853=DIRECTION('center_axis',(0.,0.,-1.));
#1854=DIRECTION('ref_axis',(1.,-1.22464679914735E-16,0.));
#1855=DIRECTION('center_axis',(0.,0.,-1.));
#1856=DIRECTION('ref_axis',(0.,1.,0.));
#1857=DIRECTION('',(1.,-1.22464679914735E-16,0.));
#1858=DIRECTION('',(-1.22464679914735E-16,-1.,0.));
#1859=DIRECTION('',(-1.,1.22464679914735E-16,0.));
#1860=DIRECTION('center_axis',(-1.22464679914735E-16,-1.,0.));
#1861=DIRECTION('ref_axis',(0.,0.,1.));
#1862=DIRECTION('',(0.,0.,-1.));
#1863=DIRECTION('',(-1.,1.22464679914735E-16,0.));
#1864=DIRECTION('',(-0.732793491626299,8.9741320395616E-17,-0.680451099367278));
#1865=DIRECTION('',(0.,0.,-1.));
#1866=DIRECTION('',(0.888398856170006,-1.08797481557477E-16,0.459072404263016));
#1867=DIRECTION('center_axis',(0.,0.,1.));
#1868=DIRECTION('ref_axis',(-1.,1.22464679914735E-16,0.));
#1869=DIRECTION('center_axis',(0.,0.,1.));
#1870=DIRECTION('ref_axis',(0.,1.,0.));
#1871=DIRECTION('',(1.,-1.22464679914735E-16,0.));
#1872=DIRECTION('',(-1.22464679914735E-16,-1.,0.));
#1873=DIRECTION('center_axis',(0.459072404263016,-5.62201550457582E-17,
-0.888398856170006));
#1874=DIRECTION('ref_axis',(0.888398856170006,-1.08797481557477E-16,0.459072404263016));
#1875=DIRECTION('',(-0.888398856170006,1.08797481557477E-16,-0.459072404263016));
#1876=DIRECTION('',(-1.22464679914735E-16,-1.,0.));
#1877=DIRECTION('center_axis',(-1.,1.22464679914735E-16,0.));
#1878=DIRECTION('ref_axis',(0.,0.,-1.));
#1879=DIRECTION('',(0.,0.,1.));
#1880=DIRECTION('',(-1.22464679914735E-16,-1.,0.));
#1881=DIRECTION('center_axis',(-0.680451099367278,8.33312260816434E-17,
0.732793491626299));
#1882=DIRECTION('ref_axis',(-0.732793491626299,8.9741320395616E-17,-0.680451099367278));
#1883=DIRECTION('',(0.732793491626299,-8.9741320395616E-17,0.680451099367278));
#1884=DIRECTION('center_axis',(-1.22464679914735E-16,-1.,0.));
#1885=DIRECTION('ref_axis',(-1.,1.22464679914735E-16,0.));
#1886=DIRECTION('',(0.,0.,1.));
#1887=DIRECTION('center_axis',(0.,0.,1.));
#1888=DIRECTION('ref_axis',(-2.22044604925031E-16,-1.,0.));
#1889=DIRECTION('center_axis',(0.,0.,-1.));
#1890=DIRECTION('ref_axis',(2.22044604925031E-16,1.,0.));
#1891=DIRECTION('center_axis',(0.,0.,-1.));
#1892=DIRECTION('ref_axis',(0.,1.,0.));
#1893=DIRECTION('',(2.22044604925031E-16,1.,0.));
#1894=DIRECTION('',(1.,-2.22044604925031E-16,0.));
#1895=DIRECTION('',(-2.22044604925031E-16,-1.,0.));
#1896=DIRECTION('center_axis',(0.,0.,-1.));
#1897=DIRECTION('ref_axis',(0.,1.,0.));
#1898=DIRECTION('center_axis',(1.,-2.22044604925031E-16,0.));
#1899=DIRECTION('ref_axis',(0.,0.,1.));
#1900=DIRECTION('',(0.,0.,-1.));
#1901=DIRECTION('',(-2.22044604925031E-16,-1.,0.));
#1902=DIRECTION('',(-1.62712841339796E-16,-0.732793491626299,-0.680451099367278));
#1903=DIRECTION('',(0.,0.,-1.));
#1904=DIRECTION('',(1.97264173034119E-16,0.888398856170006,0.459072404263016));
#1905=DIRECTION('center_axis',(0.,0.,1.));
#1906=DIRECTION('ref_axis',(-2.22044604925031E-16,-1.,0.));
#1907=DIRECTION('center_axis',(0.,0.,1.));
#1908=DIRECTION('ref_axis',(0.,1.,0.));
#1909=DIRECTION('',(2.22044604925031E-16,1.,0.));
#1910=DIRECTION('',(1.,-2.22044604925031E-16,0.));
#1911=DIRECTION('center_axis',(0.,0.,1.));
#1912=DIRECTION('ref_axis',(0.,1.,0.));
#1913=DIRECTION('center_axis',(1.01934550636566E-16,0.459072404263016,-0.888398856170006));
#1914=DIRECTION('ref_axis',(1.97264173034119E-16,0.888398856170006,0.459072404263016));
#1915=DIRECTION('',(-1.97264173034119E-16,-0.888398856170006,-0.459072404263016));
#1916=DIRECTION('',(1.,-2.22044604925031E-16,0.));
#1917=DIRECTION('center_axis',(-2.22044604925031E-16,-1.,0.));
#1918=DIRECTION('ref_axis',(0.,0.,-1.));
#1919=DIRECTION('',(0.,0.,1.));
#1920=DIRECTION('',(1.,-2.22044604925031E-16,0.));
#1921=DIRECTION('center_axis',(-1.5109049552981E-16,-0.680451099367278,
0.732793491626299));
#1922=DIRECTION('ref_axis',(-1.62712841339796E-16,-0.732793491626299,-0.680451099367278));
#1923=DIRECTION('',(1.62712841339796E-16,0.732793491626299,0.680451099367278));
#1924=DIRECTION('center_axis',(1.,-2.22044604925031E-16,0.));
#1925=DIRECTION('ref_axis',(-2.22044604925031E-16,-1.,0.));
#1926=DIRECTION('',(0.,0.,1.));
#1927=DIRECTION('center_axis',(-0.459072404263016,0.,-0.888398856170006));
#1928=DIRECTION('ref_axis',(-0.888398856170006,0.,0.459072404263016));
#1929=DIRECTION('',(0.,-1.,0.));
#1930=DIRECTION('',(-0.888398856170006,0.,0.459072404263016));
#1931=DIRECTION('',(0.,1.,0.));
#1932=DIRECTION('',(0.888398856170006,0.,-0.459072404263016));
#1933=DIRECTION('center_axis',(0.,0.,1.));
#1934=DIRECTION('ref_axis',(1.,0.,0.));
#1935=DIRECTION('center_axis',(0.,1.,0.));
#1936=DIRECTION('ref_axis',(0.,0.,1.));
#1937=DIRECTION('',(-1.,0.,0.));
#1938=DIRECTION('',(0.,0.,-1.));
#1939=DIRECTION('',(0.732793491626299,0.,-0.680451099367278));
#1940=DIRECTION('',(0.,0.,-1.));
#1941=DIRECTION('center_axis',(1.,0.,0.));
#1942=DIRECTION('ref_axis',(0.,0.,-1.));
#1943=DIRECTION('',(0.,0.,1.));
#1944=DIRECTION('',(0.,1.,0.));
#1945=DIRECTION('center_axis',(0.680451099367278,0.,0.732793491626299));
#1946=DIRECTION('ref_axis',(0.732793491626299,0.,-0.680451099367278));
#1947=DIRECTION('center_axis',(0.680451099367278,0.,0.732793491626299));
#1948=DIRECTION('ref_axis',(0.732793491626299,0.,-0.680451099367278));
#1949=DIRECTION('',(-0.732793491626299,0.,0.680451099367278));
#1950=DIRECTION('center_axis',(0.,1.,0.));
#1951=DIRECTION('ref_axis',(1.,0.,0.));
#1952=DIRECTION('',(1.,0.,0.));
#1953=DIRECTION('',(0.,0.,1.));
#1954=DIRECTION('center_axis',(0.,0.,-1.));
#1955=DIRECTION('ref_axis',(0.,1.,0.));
#1956=DIRECTION('center_axis',(0.,0.,-1.));
#1957=DIRECTION('ref_axis',(1.,0.,0.));
#1958=DIRECTION('',(0.,0.,1.));
#1959=DIRECTION('',(0.,0.,1.));
#1960=DIRECTION('center_axis',(0.,0.,-1.));
#1961=DIRECTION('ref_axis',(1.,0.,0.));
#1962=DIRECTION('center_axis',(0.,0.,-1.));
#1963=DIRECTION('ref_axis',(-1.,0.,0.));
#1964=DIRECTION('center_axis',(0.,0.,-1.));
#1965=DIRECTION('ref_axis',(0.,-1.,0.));
#1966=DIRECTION('center_axis',(0.,0.,1.));
#1967=DIRECTION('ref_axis',(1.,0.,0.));
#1968=DIRECTION('',(-2.61891413416565E-22,2.13850567852628E-6,-0.999999999997713));
#1969=DIRECTION('center_axis',(0.,0.,1.));
#1970=DIRECTION('ref_axis',(1.,0.,0.));
#1971=DIRECTION('center_axis',(0.,0.,1.));
#1972=DIRECTION('ref_axis',(1.,0.,0.));
#1973=DIRECTION('center_axis',(0.,0.,1.));
#1974=DIRECTION('ref_axis',(1.,0.,0.));
#1975=DIRECTION('center_axis',(0.,0.,1.));
#1976=DIRECTION('ref_axis',(0.,-1.,0.));
#1977=DIRECTION('',(0.,0.,-1.));
#1978=DIRECTION('center_axis',(0.,0.,1.));
#1979=DIRECTION('ref_axis',(1.,0.,0.));
#1980=DIRECTION('center_axis',(0.,0.,-1.));
#1981=DIRECTION('ref_axis',(-1.,0.,0.));
#1982=DIRECTION('center_axis',(0.,0.,-1.));
#1983=DIRECTION('ref_axis',(0.,-1.,0.));
#1984=DIRECTION('center_axis',(0.,0.,1.));
#1985=DIRECTION('ref_axis',(1.,0.,0.));
#1986=DIRECTION('',(-4.34680315846391E-22,3.54943414010499E-6,-0.999999999993701));
#1987=DIRECTION('center_axis',(0.,0.,1.));
#1988=DIRECTION('ref_axis',(1.,0.,0.));
#1989=DIRECTION('center_axis',(0.,0.,1.));
#1990=DIRECTION('ref_axis',(1.,0.,0.));
#1991=DIRECTION('center_axis',(0.,0.,1.));
#1992=DIRECTION('ref_axis',(1.,0.,0.));
#1993=DIRECTION('center_axis',(0.,0.,1.));
#1994=DIRECTION('ref_axis',(0.,-1.,0.));
#1995=DIRECTION('',(0.,0.,-1.));
#1996=DIRECTION('center_axis',(0.,0.,1.));
#1997=DIRECTION('ref_axis',(1.,0.,0.));
#1998=DIRECTION('center_axis',(0.,0.,-1.));
#1999=DIRECTION('ref_axis',(-1.,0.,0.));
#2000=CARTESIAN_POINT('',(0.,0.,0.));
#2001=CARTESIAN_POINT('Origin',(-160.,0.,41.5));
#2002=CARTESIAN_POINT('',(-158.600327749762,-12.0622662525444,41.5));
#2003=CARTESIAN_POINT('',(-158.600327749762,-27.4517095177317,41.5));
#2004=CARTESIAN_POINT('',(-158.600327749762,-11.075,41.5));
#2005=CARTESIAN_POINT('',(-132.553589709144,-1.5,41.5));
#2006=CARTESIAN_POINT('Origin',(-160.,0.,41.5));
#2007=CARTESIAN_POINT('',(-147.925327749762,-1.5,41.5));
#2008=CARTESIAN_POINT('',(-148.962663874881,-1.5,41.5));
#2009=CARTESIAN_POINT('',(-147.925327749762,-1.28827000457802,41.5));
#2010=CARTESIAN_POINT('',(-147.925327749762,-0.75,41.5));
#2011=CARTESIAN_POINT('Origin',(-160.,0.,41.5));
#2012=CARTESIAN_POINT('Origin',(-160.,0.,41.5));
#2013=CARTESIAN_POINT('',(-161.600327749762,-27.4407432287711,41.5));
#2014=CARTESIAN_POINT('',(-161.600327749762,-12.0372879274651,41.5));
#2015=CARTESIAN_POINT('',(-161.600327749762,-11.075,41.5));
#2016=CARTESIAN_POINT('',(-172.050201224683,-1.50000000000001,41.5));
#2017=CARTESIAN_POINT('Origin',(-160.,0.,41.5));
#2018=CARTESIAN_POINT('',(-187.446410290856,-1.50000000000001,41.5));
#2019=CARTESIAN_POINT('',(-171.125163874881,-1.50000000000001,41.5));
#2020=CARTESIAN_POINT('Origin',(-160.,0.,41.5));
#2021=CARTESIAN_POINT('Origin',(-160.,0.,71.2018892178491));
#2022=CARTESIAN_POINT('',(-160.,12.143201783523,106.201862475307));
#2023=CARTESIAN_POINT('Origin',(-160.,0.,106.201862475307));
#2024=CARTESIAN_POINT('',(-160.,12.143201783523,105.000004987232));
#2025=CARTESIAN_POINT('',(-160.,12.143201783523,71.2018892178491));
#2026=CARTESIAN_POINT('',(-161.600327749762,12.0372879274651,105.000004987232));
#2027=CARTESIAN_POINT('Origin',(-160.,0.,105.000004987232));
#2028=CARTESIAN_POINT('',(-161.600327749762,12.0372879274651,41.5));
#2029=CARTESIAN_POINT('',(-161.600327749762,12.0372879274651,71.2018892178491));
#2030=CARTESIAN_POINT('',(-172.050201224683,1.49999999999999,41.5));
#2031=CARTESIAN_POINT('Origin',(-160.,0.,41.5));
#2032=CARTESIAN_POINT('',(-172.050201224683,1.49999999999999,105.000004987232));
#2033=CARTESIAN_POINT('',(-172.050201224683,1.49999999999999,71.2018892178491));
#2034=CARTESIAN_POINT('',(-172.050201224683,-1.50000000000001,105.000004987232));
#2035=CARTESIAN_POINT('Origin',(-160.,0.,105.000004987232));
#2036=CARTESIAN_POINT('',(-172.050201224683,-1.50000000000001,71.2018892178491));
#2037=CARTESIAN_POINT('',(-161.600327749762,-12.0372879274651,105.000004987232));
#2038=CARTESIAN_POINT('',(-161.600327749762,-12.0372879274651,71.2018892178491));
#2039=CARTESIAN_POINT('',(-158.600327749762,-12.0622662525444,105.000004987232));
#2040=CARTESIAN_POINT('Origin',(-160.,0.,105.000004987232));
#2041=CARTESIAN_POINT('',(-158.600327749762,-12.0622662525444,71.2018892178491));
#2042=CARTESIAN_POINT('',(-147.925327749762,-1.28827000457802,105.000004987232));
#2043=CARTESIAN_POINT('',(-147.925327749762,-1.28827000457802,71.2018892178491));
#2044=CARTESIAN_POINT('',(-147.949798775317,1.5,105.000004987232));
#2045=CARTESIAN_POINT('Origin',(-160.,0.,105.000004987232));
#2046=CARTESIAN_POINT('',(-147.949798775317,1.5,41.5));
#2047=CARTESIAN_POINT('',(-147.949798775317,1.5,71.2018892178491));
#2048=CARTESIAN_POINT('',(-158.600327749762,12.0622662525444,41.5));
#2049=CARTESIAN_POINT('Origin',(-160.,0.,41.5));
#2050=CARTESIAN_POINT('',(-158.600327749762,12.0622662525444,105.000004987232));
#2051=CARTESIAN_POINT('',(-158.600327749762,12.0622662525444,71.2018892178491));
#2052=CARTESIAN_POINT('Origin',(-160.,0.,105.000004987232));
#2053=CARTESIAN_POINT('Origin',(-160.,0.,41.5));
#2054=CARTESIAN_POINT('',(-132.553589709144,1.5,41.5));
#2055=CARTESIAN_POINT('',(-148.962663874881,1.5,41.5));
#2056=CARTESIAN_POINT('',(-158.600327749762,27.4517095177317,41.5));
#2057=CARTESIAN_POINT('Origin',(-160.,0.,41.5));
#2058=CARTESIAN_POINT('',(-158.600327749762,28.037582459022,41.5));
#2059=CARTESIAN_POINT('Origin',(-160.,0.,41.5));
#2060=CARTESIAN_POINT('',(-161.600327749762,27.4407432287711,41.5));
#2061=CARTESIAN_POINT('',(-161.600327749762,11.075,41.5));
#2062=CARTESIAN_POINT('',(-187.446410290856,1.49999999999999,41.5));
#2063=CARTESIAN_POINT('Origin',(-160.,0.,41.5));
#2064=CARTESIAN_POINT('',(-188.087746333903,1.49999999999999,41.5));
#2065=CARTESIAN_POINT('Origin',(-141.999997347593,-0.199999999999995,85.0000012665987));
#2066=CARTESIAN_POINT('',(-139.999997347593,-0.199999999999995,85.0000012665987));
#2067=CARTESIAN_POINT('',(-141.999997347593,-0.199999999999995,87.0000012665987));
#2068=CARTESIAN_POINT('Origin',(-141.999997347593,-0.199999999999995,85.0000012665987));
#2069=CARTESIAN_POINT('',(-141.999997347593,-1.5,88.3000012665987));
#2070=CARTESIAN_POINT('Origin',(-141.999997347593,-0.199999999999995,88.3000012665987));
#2071=CARTESIAN_POINT('Origin',(-141.999997347593,-1.5,85.0000012665987));
#2072=CARTESIAN_POINT('Origin',(-141.999997347593,-0.199999999999995,85.0000012665987));
#2073=CARTESIAN_POINT('Origin',(-141.999997347593,1.50000000000001,85.0000012665987));
#2074=CARTESIAN_POINT('',(-139.999997347593,0.200000000000005,85.0000012665987));
#2075=CARTESIAN_POINT('',(-141.999997347593,0.200000000000005,83.0000012665987));
#2076=CARTESIAN_POINT('Origin',(-141.999997347593,0.200000000000005,85.0000012665987));
#2077=CARTESIAN_POINT('',(-139.999997347593,1.50000000000001,85.0000012665987));
#2078=CARTESIAN_POINT('Origin',(-141.999997347593,0.200000000000005,85.0000012665987));
#2079=CARTESIAN_POINT('Origin',(-104.000162831718,-1.5,52.5000024936162));
#2080=CARTESIAN_POINT('',(-132.553535185683,-1.5,105.000004987232));
#2081=CARTESIAN_POINT('',(-132.553564734876,-1.5,70.5859406873375));
#2082=CARTESIAN_POINT('',(-147.925327749762,-1.5,105.000004987232));
#2083=CARTESIAN_POINT('',(-137.925327749762,-1.5,105.000004987232));
#2084=CARTESIAN_POINT('',(-147.925327749762,-1.5,44.3359485674086));
#2085=CARTESIAN_POINT('Origin',(-159.900327749762,-18.0000026524067,85.0000012665987));
#2086=CARTESIAN_POINT('',(-159.900327749762,-20.0000026524067,85.0000012665987));
#2087=CARTESIAN_POINT('',(-159.900327749762,-18.0000026524067,87.0000012665987));
#2088=CARTESIAN_POINT('Origin',(-159.900327749762,-18.0000026524067,85.0000012665987));
#2089=CARTESIAN_POINT('',(-158.600327749762,-18.0000026524067,88.3000012665987));
#2090=CARTESIAN_POINT('Origin',(-159.900327749762,-18.0000026524067,88.3000012665987));
#2091=CARTESIAN_POINT('Origin',(-158.600327749762,-18.0000026524067,85.0000012665987));
#2092=CARTESIAN_POINT('Origin',(-159.900327749762,-18.0000026524067,85.0000012665987));
#2093=CARTESIAN_POINT('Origin',(-158.5,-18.0000026524067,85.0000012665987));
#2094=CARTESIAN_POINT('',(-160.300327749762,-20.0000026524067,85.0000012665987));
#2095=CARTESIAN_POINT('',(-158.5,-20.0000026524067,85.0000012665987));
#2096=CARTESIAN_POINT('',(-160.300327749762,-18.0000026524067,83.0000012665987));
#2097=CARTESIAN_POINT('Origin',(-160.300327749762,-18.0000026524067,85.0000012665987));
#2098=CARTESIAN_POINT('Origin',(-160.300327749762,-18.0000026524067,85.0000012665987));
#2099=CARTESIAN_POINT('Origin',(-158.600327749762,-56.075164918044,52.5000024936162));
#2100=CARTESIAN_POINT('',(-158.600327749762,-27.4517640306678,105.000004987232));
#2101=CARTESIAN_POINT('',(-158.600327749762,-30.0003265112662,105.000004987232));
#2102=CARTESIAN_POINT('',(-158.600327749762,-27.451734487179,70.5859406873375));
#2103=CARTESIAN_POINT('Origin',(-160.300327749762,-18.0000026524067,85.0000012665987));
#2104=CARTESIAN_POINT('',(-161.600327749762,-18.0000026524067,81.7000012665987));
#2105=CARTESIAN_POINT('Origin',(-160.300327749762,-18.0000026524067,81.7000012665987));
#2106=CARTESIAN_POINT('Origin',(-161.600327749762,-18.0000026524067,85.0000012665987));
#2107=CARTESIAN_POINT('Origin',(-161.600327749762,-56.075164918044,52.5000024936162));
#2108=CARTESIAN_POINT('',(-161.600327749762,-27.4407977634925,105.000004987232));
#2109=CARTESIAN_POINT('',(-161.600327749762,-27.440768208197,70.5859406873375));
#2110=CARTESIAN_POINT('',(-161.600327749762,-22.15,105.000004987232));
#2111=CARTESIAN_POINT('Origin',(-160.300327749762,18.0000026524067,85.0000012665987));
#2112=CARTESIAN_POINT('',(-160.300327749762,20.0000026524067,85.0000012665987));
#2113=CARTESIAN_POINT('',(-160.300327749762,18.0000026524067,83.0000012665987));
#2114=CARTESIAN_POINT('Origin',(-160.300327749762,18.0000026524067,85.0000012665987));
#2115=CARTESIAN_POINT('',(-161.600327749762,18.0000026524067,81.7000012665987));
#2116=CARTESIAN_POINT('Origin',(-160.300327749762,18.0000026524067,81.7000012665987));
#2117=CARTESIAN_POINT('Origin',(-161.600327749762,18.0000026524067,85.0000012665987));
#2118=CARTESIAN_POINT('Origin',(-160.300327749762,18.0000026524067,85.0000012665987));
#2119=CARTESIAN_POINT('Origin',(-161.5,18.0000026524067,85.0000012665987));
#2120=CARTESIAN_POINT('',(-159.900327749762,20.0000026524067,85.0000012665987));
#2121=CARTESIAN_POINT('',(-161.5,20.0000026524067,85.0000012665987));
#2122=CARTESIAN_POINT('',(-159.900327749762,18.0000026524067,87.0000012665987));
#2123=CARTESIAN_POINT('Origin',(-159.900327749762,18.0000026524067,85.0000012665987));
#2124=CARTESIAN_POINT('Origin',(-159.900327749762,18.0000026524067,85.0000012665987));
#2125=CARTESIAN_POINT('Origin',(-161.600327749762,56.0751649180439,52.5000024936162));
#2126=CARTESIAN_POINT('',(-161.600327749762,27.4407977634925,105.000004987232));
#2127=CARTESIAN_POINT('',(-161.600327749762,30.0003265112663,105.000004987232));
#2128=CARTESIAN_POINT('',(-161.600327749762,27.440768208197,70.5859406873375));
#2129=CARTESIAN_POINT('Origin',(-141.999997347593,0.200000000000005,85.0000012665987));
#2130=CARTESIAN_POINT('',(-141.999997347593,1.5,81.7000012665987));
#2131=CARTESIAN_POINT('Origin',(-141.999997347593,0.200000000000005,81.7000012665987));
#2132=CARTESIAN_POINT('Origin',(-141.999997347593,1.5,85.0000012665987));
#2133=CARTESIAN_POINT('Origin',(-104.000162831718,1.5,52.5000024936162));
#2134=CARTESIAN_POINT('',(-132.553535185683,1.5,105.000004987232));
#2135=CARTESIAN_POINT('',(-130.075001238496,1.5,105.000004987232));
#2136=CARTESIAN_POINT('',(-132.553564734876,1.5,70.5859406873375));
#2137=CARTESIAN_POINT('Origin',(-159.900327749762,18.0000026524067,85.0000012665987));
#2138=CARTESIAN_POINT('',(-158.600327749762,18.0000026524067,88.3000012665987));
#2139=CARTESIAN_POINT('Origin',(-159.900327749762,18.0000026524067,88.3000012665987));
#2140=CARTESIAN_POINT('Origin',(-158.600327749762,18.0000026524067,85.0000012665987));
#2141=CARTESIAN_POINT('Origin',(-158.600327749762,56.0751649180439,52.5000024936162));
#2142=CARTESIAN_POINT('',(-158.600327749762,27.4517640306678,105.000004987232));
#2143=CARTESIAN_POINT('',(-158.600327749762,27.451734487179,70.5859406873375));
#2144=CARTESIAN_POINT('',(-158.600327749762,22.15,105.000004987232));
#2145=CARTESIAN_POINT('Origin',(-178.000002652407,0.199999999999994,85.0000012665987));
#2146=CARTESIAN_POINT('',(-178.000002652407,1.49999999999999,88.3000012665987));
#2147=CARTESIAN_POINT('Origin',(-178.000002652407,1.49999999999999,85.0000012665987));
#2148=CARTESIAN_POINT('',(-178.000002652407,0.199999999999994,87.0000012665987));
#2149=CARTESIAN_POINT('Origin',(-178.000002652407,0.199999999999994,88.3000012665987));
#2150=CARTESIAN_POINT('',(-180.000002652407,0.199999999999994,85.0000012665987));
#2151=CARTESIAN_POINT('Origin',(-178.000002652407,0.199999999999994,85.0000012665987));
#2152=CARTESIAN_POINT('Origin',(-178.000002652407,0.199999999999994,85.0000012665987));
#2153=CARTESIAN_POINT('Origin',(-178.000002652407,-1.50000000000001,85.0000012665987));
#2154=CARTESIAN_POINT('',(-180.000002652407,-0.200000000000007,85.0000012665987));
#2155=CARTESIAN_POINT('',(-178.000002652407,-0.200000000000007,83.0000012665987));
#2156=CARTESIAN_POINT('Origin',(-178.000002652407,-0.200000000000007,85.0000012665987));
#2157=CARTESIAN_POINT('',(-180.000002652407,-1.50000000000001,85.0000012665987));
#2158=CARTESIAN_POINT('Origin',(-178.000002652407,-0.200000000000007,85.0000012665987));
#2159=CARTESIAN_POINT('Origin',(-216.175492667806,1.49999999999999,52.5000024936162));
#2160=CARTESIAN_POINT('',(-187.446464814317,1.49999999999999,105.000004987232));
#2161=CARTESIAN_POINT('',(-187.446435265124,1.49999999999999,70.5859406873375));
#2162=CARTESIAN_POINT('',(-182.250327749762,1.49999999999999,105.000004987232));
#2163=CARTESIAN_POINT('Origin',(-178.000002652407,-0.200000000000007,85.0000012665987));
#2164=CARTESIAN_POINT('',(-178.000002652407,-1.50000000000001,81.7000012665987));
#2165=CARTESIAN_POINT('Origin',(-178.000002652407,-1.50000000000001,85.0000012665987));
#2166=CARTESIAN_POINT('Origin',(-178.000002652407,-0.200000000000007,81.7000012665987));
#2167=CARTESIAN_POINT('Origin',(-216.175492667806,-1.50000000000001,52.5000024936162));
#2168=CARTESIAN_POINT('',(-187.446464814317,-1.50000000000001,105.000004987232));
#2169=CARTESIAN_POINT('',(-190.100654261028,-1.50000000000001,105.000004987232));
#2170=CARTESIAN_POINT('',(-187.446435265124,-1.50000000000001,70.5859406873375));
#2171=CARTESIAN_POINT('Origin',(-139.754025212244,21.7111498663376,232.563705444336));
#2172=CARTESIAN_POINT('',(-139.549425704226,21.9305559768233,230.063705444336));
#2173=CARTESIAN_POINT('',(-139.549425704226,21.9305559768233,235.063705444336));
#2174=CARTESIAN_POINT('Ctrl Pts',(-139.549425704226,21.9305559768233,230.063705444336));
#2175=CARTESIAN_POINT('Ctrl Pts',(-139.319735469126,21.716366367454,230.063705444336));
#2176=CARTESIAN_POINT('Ctrl Pts',(-139.07851781487,21.4839891371107,230.126500592542));
#2177=CARTESIAN_POINT('Ctrl Pts',(-138.641484218023,21.0495607949096,230.381680226329));
#2178=CARTESIAN_POINT('Ctrl Pts',(-138.445468437646,20.8477060333182,230.57405665741));
#2179=CARTESIAN_POINT('Ctrl Pts',(-138.13879283851,20.5258933868572,231.017820689168));
#2180=CARTESIAN_POINT('Ctrl Pts',(-138.007622614633,20.3844790877777,231.298842011386));
#2181=CARTESIAN_POINT('Ctrl Pts',(-137.834440509641,20.1960298887939,231.914747034401));
#2182=CARTESIAN_POINT('Ctrl Pts',(-137.792239455019,20.1492095640589,232.249643163343));
#2183=CARTESIAN_POINT('Ctrl Pts',(-137.792239455019,20.1492095640589,232.877767725329));
#2184=CARTESIAN_POINT('Ctrl Pts',(-137.834440509641,20.1960298887939,233.212663854271));
#2185=CARTESIAN_POINT('Ctrl Pts',(-138.007622614633,20.3844790877777,233.828568877286));
#2186=CARTESIAN_POINT('Ctrl Pts',(-138.13879283851,20.5258933868572,234.109590199504));
#2187=CARTESIAN_POINT('Ctrl Pts',(-138.445468437646,20.8477060333182,234.553354231262));
#2188=CARTESIAN_POINT('Ctrl Pts',(-138.641484218023,21.0495607949096,234.745730662343));
#2189=CARTESIAN_POINT('Ctrl Pts',(-139.07851781487,21.4839891371107,235.00091029613));
#2190=CARTESIAN_POINT('Ctrl Pts',(-139.319735469126,21.716366367454,235.063705444336));
#2191=CARTESIAN_POINT('Ctrl Pts',(-139.549425704226,21.9305559768233,235.063705444336));
#2192=CARTESIAN_POINT('',(-139.958624720263,21.4917437558518,230.063705444336));
#2193=CARTESIAN_POINT('',(-139.754025212244,21.7111498663376,230.063705444336));
#2194=CARTESIAN_POINT('Origin',(-139.958624720263,21.4917437558518,232.563705444336));
#2195=CARTESIAN_POINT('Ctrl Pts',(-139.549425704226,21.9305559768233,235.063705444336));
#2196=CARTESIAN_POINT('Ctrl Pts',(-139.779115939326,22.1447455861926,235.063705444336));
#2197=CARTESIAN_POINT('Ctrl Pts',(-140.027753603381,22.3691658301991,235.00091029613));
#2198=CARTESIAN_POINT('Ctrl Pts',(-140.491609622599,22.7748306459229,234.745730662343));
#2199=CARTESIAN_POINT('Ctrl Pts',(-140.706646045773,22.9562882653339,234.553354231262));
#2200=CARTESIAN_POINT('Ctrl Pts',(-141.049067381181,23.2397683026999,234.109590199504));
#2201=CARTESIAN_POINT('Ctrl Pts',(-141.199287174413,23.3607544396636,233.828568877286));
#2202=CARTESIAN_POINT('Ctrl Pts',(-141.399357893579,23.5203691301511,233.212663854271));
#2203=CARTESIAN_POINT('Ctrl Pts',(-141.449007963115,23.5592013643714,232.877767725329));
#2204=CARTESIAN_POINT('Ctrl Pts',(-141.449007963115,23.5592013643714,232.563705444336));
#2205=CARTESIAN_POINT('Ctrl Pts',(-141.449007963115,23.5592013643714,232.249643163343));
#2206=CARTESIAN_POINT('Ctrl Pts',(-141.399357893579,23.5203691301511,231.914747034401));
#2207=CARTESIAN_POINT('Ctrl Pts',(-141.199287174413,23.3607544396636,231.298842011386));
#2208=CARTESIAN_POINT('Ctrl Pts',(-141.049067381181,23.2397683026999,231.017820689168));
#2209=CARTESIAN_POINT('Ctrl Pts',(-140.706646045773,22.9562882653339,230.57405665741));
#2210=CARTESIAN_POINT('Ctrl Pts',(-140.491609622599,22.7748306459229,230.381680226329));
#2211=CARTESIAN_POINT('Ctrl Pts',(-140.027753603381,22.369165830199,230.126500592542));
#2212=CARTESIAN_POINT('Ctrl Pts',(-139.779115939326,22.1447455861926,230.063705444336));
#2213=CARTESIAN_POINT('Ctrl Pts',(-139.549425704226,21.9305559768233,230.063705444336));
#2214=CARTESIAN_POINT('Origin',(-139.958624720263,21.4917437558518,232.563705444336));
#2215=CARTESIAN_POINT('Origin',(-160.,0.,116.17189121091));
#2216=CARTESIAN_POINT('Origin',(-160.,0.,105.000004987232));
#2217=CARTESIAN_POINT('Origin',(-160.,0.,105.000004987232));
#2218=CARTESIAN_POINT('Origin',(-160.,0.,105.000004987232));
#2219=CARTESIAN_POINT('',(-160.,-27.4874231386566,105.000004987232));
#2220=CARTESIAN_POINT('Origin',(-160.,0.,105.000004987232));
#2221=CARTESIAN_POINT('',(-160.,-27.4875013055862,196.171906034378));
#2222=CARTESIAN_POINT('',(-160.,-27.487432716959,116.17189121091));
#2223=CARTESIAN_POINT('',(-187.487501305586,-3.36624804904448E-15,196.171906034378));
#2224=CARTESIAN_POINT('Origin',(-160.,0.,196.171906034378));
#2225=CARTESIAN_POINT('Origin',(-160.,0.,196.171906034378));
#2226=CARTESIAN_POINT('Origin',(-160.,0.,105.000004987232));
#2227=CARTESIAN_POINT('Origin',(-160.,29.9862514242704,236.171906034378));
#2228=CARTESIAN_POINT('',(-160.,-29.9862514242704,236.171906034378));
#2229=CARTESIAN_POINT('Origin',(-160.,0.,236.171906034378));
#2230=CARTESIAN_POINT('',(-187.487501305586,-3.36624804904448E-15,236.171906034378));
#2231=CARTESIAN_POINT('Origin',(-160.,0.,236.171906034378));
#2232=CARTESIAN_POINT('Origin',(-160.,0.,196.171906034378));
#2233=CARTESIAN_POINT('',(-187.487501305586,-3.36624804904448E-15,196.171906034378));
#2234=CARTESIAN_POINT('Origin',(-147.925327749762,-1.5,36.171894641201));
#2235=CARTESIAN_POINT('',(-147.925327749762,-1.5,105.000004987232));
#2236=CARTESIAN_POINT('Origin',(-160.,-12.143207747703,36.151915960391));
#2237=CARTESIAN_POINT('',(-147.857,1.48708860820463E-15,36.151915960391));
#2238=CARTESIAN_POINT('Origin',(-160.,0.,36.151915960391));
#2239=CARTESIAN_POINT('',(-160.,9.14500043436419,36.151915960391));
#2240=CARTESIAN_POINT('Origin',(-160.,0.,36.151915960391));
#2241=CARTESIAN_POINT('Origin',(-160.,-9.14500043436419,106.201862475307));
#2242=CARTESIAN_POINT('',(-160.,9.14500043436419,106.201862475307));
#2243=CARTESIAN_POINT('Origin',(-160.,0.,106.201862475307));
#2244=CARTESIAN_POINT('Origin',(-160.,0.,71.2018892178491));
#2245=CARTESIAN_POINT('',(-160.,9.14500043436419,71.2018892178491));
#2246=CARTESIAN_POINT('Origin',(-160.,0.,36.5));
#2247=CARTESIAN_POINT('',(-187.5,0.,36.15));
#2248=CARTESIAN_POINT('Origin',(-160.,0.,36.15));
#2249=CARTESIAN_POINT('',(-187.5,-3.36777869765522E-15,36.1718763874426));
#2250=CARTESIAN_POINT('',(-187.5,3.36777869765522E-15,36.5));
#2251=CARTESIAN_POINT('Origin',(-160.,0.,36.1718763874426));
#2252=CARTESIAN_POINT('Origin',(-160.,0.,36.15));
#2253=CARTESIAN_POINT('',(-147.857,0.,36.15));
#2254=CARTESIAN_POINT('Origin',(-160.,0.,36.15));
#2255=CARTESIAN_POINT('Origin',(-160.,0.,41.5));
#2256=CARTESIAN_POINT('',(-147.857,-1.48708860820463E-15,41.5));
#2257=CARTESIAN_POINT('Origin',(-158.600327749762,12.15,105.000004987232));
#2258=CARTESIAN_POINT('Origin',(-158.600327749762,30.0003265112663,36.171894641201));
#2259=CARTESIAN_POINT('',(-161.600327749762,29.9435172545395,36.171894641201));
#2260=CARTESIAN_POINT('',(-158.600327749762,29.9535672678811,36.171894641201));
#2261=CARTESIAN_POINT('Origin',(-160.,0.,36.171894641201));
#2262=CARTESIAN_POINT('',(-161.600327749762,30.0003265112663,36.171894641201));
#2263=CARTESIAN_POINT('',(-161.600327749762,12.1500000000001,36.171894641201));
#2264=CARTESIAN_POINT('',(-158.600327749762,30.0003265112663,36.171894641201));
#2265=CARTESIAN_POINT('',(-158.600327749762,30.0003265112663,36.171894641201));
#2266=CARTESIAN_POINT('',(-158.600327749762,12.15,36.171894641201));
#2267=CARTESIAN_POINT('Origin',(-161.600327749762,56.0751649180439,52.5000024936162));
#2268=CARTESIAN_POINT('',(-161.600327749762,29.9435172545395,105.000004987232));
#2269=CARTESIAN_POINT('',(-161.600327749762,29.9435172545395,116.17189121091));
#2270=CARTESIAN_POINT('',(-161.600327749762,30.0003265112663,105.000004987232));
#2271=CARTESIAN_POINT('',(-161.600327749762,30.0003265112663,105.000004987232));
#2272=CARTESIAN_POINT('',(-161.600327749762,100.000329836088,40.0000018998981));
#2273=CARTESIAN_POINT('',(-161.600327749762,100.000329836088,40.0000018998981));
#2274=CARTESIAN_POINT('',(-161.600327749762,100.000329836088,0.));
#2275=CARTESIAN_POINT('',(-161.600327749762,100.000329836088,0.));
#2276=CARTESIAN_POINT('',(-161.600327749762,30.0003265112663,36.171894641201));
#2277=CARTESIAN_POINT('Origin',(-158.600327749762,12.15,105.000004987232));
#2278=CARTESIAN_POINT('',(-158.600327749762,29.9535672678811,105.000004987232));
#2279=CARTESIAN_POINT('Origin',(-160.,0.,105.000004987232));
#2280=CARTESIAN_POINT('',(-158.600327749762,30.0003265112663,105.000004987232));
#2281=CARTESIAN_POINT('',(-158.600327749762,30.0003265112663,105.000004987232));
#2282=CARTESIAN_POINT('',(-158.600327749762,30.0003265112663,105.000004987232));
#2283=CARTESIAN_POINT('Origin',(-158.600327749762,100.000329836088,0.));
#2284=CARTESIAN_POINT('',(-158.600327749762,100.000329836088,0.));
#2285=CARTESIAN_POINT('',(-158.600327749762,30.0003265112663,36.171894641201));
#2286=CARTESIAN_POINT('',(-158.600327749762,100.000329836088,0.));
#2287=CARTESIAN_POINT('Origin',(-158.600327749762,100.000329836088,40.0000018998981));
#2288=CARTESIAN_POINT('',(-158.600327749762,100.000329836088,40.0000018998981));
#2289=CARTESIAN_POINT('',(-158.600327749762,100.000329836088,0.));
#2290=CARTESIAN_POINT('',(-158.600327749762,100.000329836088,40.0000018998981));
#2291=CARTESIAN_POINT('Origin',(-158.600327749762,30.0003265112663,105.000004987232));
#2292=CARTESIAN_POINT('',(-158.600327749762,100.000329836088,40.0000018998981));
#2293=CARTESIAN_POINT('Origin',(-158.600327749762,56.0751649180439,52.5000024936162));
#2294=CARTESIAN_POINT('',(-158.600327749762,29.9535672678811,116.17189121091));
#2295=CARTESIAN_POINT('Origin',(-172.250327749762,1.49999999999999,105.000004987232));
#2296=CARTESIAN_POINT('Origin',(-190.100654261028,1.49999999999999,36.171894641201));
#2297=CARTESIAN_POINT('',(-189.948710731508,-1.50000000000001,36.171894641201));
#2298=CARTESIAN_POINT('',(-189.948710731508,1.49999999999999,36.171894641201));
#2299=CARTESIAN_POINT('Origin',(-160.,0.,36.171894641201));
#2300=CARTESIAN_POINT('',(-190.100654261028,-1.50000000000001,36.171894641201));
#2301=CARTESIAN_POINT('',(-172.250327749762,-1.50000000000001,36.171894641201));
#2302=CARTESIAN_POINT('',(-190.100654261028,1.49999999999999,36.171894641201));
#2303=CARTESIAN_POINT('',(-190.100654261028,1.49999999999999,36.171894641201));
#2304=CARTESIAN_POINT('',(-172.250327749762,1.49999999999999,36.171894641201));
#2305=CARTESIAN_POINT('Origin',(-216.175492667806,-1.50000000000001,52.5000024936162));
#2306=CARTESIAN_POINT('',(-189.948710731508,-1.50000000000001,105.000004987232));
#2307=CARTESIAN_POINT('',(-189.948710731508,-1.50000000000001,116.17189121091));
#2308=CARTESIAN_POINT('',(-190.100654261028,-1.50000000000001,105.000004987232));
#2309=CARTESIAN_POINT('',(-190.100654261028,-1.50000000000001,105.000004987232));
#2310=CARTESIAN_POINT('',(-260.10065758585,-1.5,40.0000018998981));
#2311=CARTESIAN_POINT('',(-260.10065758585,-1.5,40.0000018998981));
#2312=CARTESIAN_POINT('',(-260.10065758585,-1.5,0.));
#2313=CARTESIAN_POINT('',(-260.10065758585,-1.5,0.));
#2314=CARTESIAN_POINT('',(-190.100654261028,-1.50000000000001,36.171894641201));
#2315=CARTESIAN_POINT('Origin',(-172.250327749762,1.49999999999999,105.000004987232));
#2316=CARTESIAN_POINT('',(-189.948710731508,1.49999999999999,105.000004987232));
#2317=CARTESIAN_POINT('Origin',(-160.,0.,105.000004987232));
#2318=CARTESIAN_POINT('',(-190.100654261028,1.49999999999999,105.000004987232));
#2319=CARTESIAN_POINT('',(-190.100654261028,1.49999999999999,105.000004987232));
#2320=CARTESIAN_POINT('',(-190.100654261028,1.49999999999999,105.000004987232));
#2321=CARTESIAN_POINT('Origin',(-260.10065758585,1.5,0.));
#2322=CARTESIAN_POINT('',(-260.10065758585,1.5,0.));
#2323=CARTESIAN_POINT('',(-190.100654261028,1.49999999999999,36.171894641201));
#2324=CARTESIAN_POINT('',(-260.10065758585,1.5,0.));
#2325=CARTESIAN_POINT('Origin',(-260.10065758585,1.5,40.0000018998981));
#2326=CARTESIAN_POINT('',(-260.10065758585,1.5,40.0000018998981));
#2327=CARTESIAN_POINT('',(-260.10065758585,1.5,0.));
#2328=CARTESIAN_POINT('',(-260.10065758585,1.5,40.0000018998981));
#2329=CARTESIAN_POINT('Origin',(-190.100654261028,1.49999999999999,105.000004987232));
#2330=CARTESIAN_POINT('',(-260.10065758585,1.5,40.0000018998981));
#2331=CARTESIAN_POINT('Origin',(-216.175492667806,1.49999999999999,52.5000024936162));
#2332=CARTESIAN_POINT('',(-189.948710731508,1.49999999999999,116.17189121091));
#2333=CARTESIAN_POINT('Origin',(-161.600327749762,-12.15,105.000004987232));
#2334=CARTESIAN_POINT('Origin',(-161.600327749762,-30.0003265112662,36.171894641201));
#2335=CARTESIAN_POINT('',(-158.600327749762,-29.9535672678811,36.171894641201));
#2336=CARTESIAN_POINT('',(-160.,-29.9862514242704,36.171894641201));
#2337=CARTESIAN_POINT('Origin',(-160.,0.,36.171894641201));
#2338=CARTESIAN_POINT('',(-158.600327749762,-30.0003265112662,36.171894641201));
#2339=CARTESIAN_POINT('',(-158.600327749762,-12.15,36.171894641201));
#2340=CARTESIAN_POINT('',(-161.600327749762,-30.0003265112662,36.171894641201));
#2341=CARTESIAN_POINT('',(-161.600327749762,-30.0003265112662,36.171894641201));
#2342=CARTESIAN_POINT('',(-161.600327749762,-29.9435172545395,36.171894641201));
#2343=CARTESIAN_POINT('',(-161.600327749762,-12.15,36.171894641201));
#2344=CARTESIAN_POINT('Origin',(-160.,0.,36.171894641201));
#2345=CARTESIAN_POINT('Origin',(-158.600327749762,-56.075164918044,52.5000024936162));
#2346=CARTESIAN_POINT('',(-158.600327749762,-29.9535672678811,105.000004987232));
#2347=CARTESIAN_POINT('',(-158.600327749762,-29.9535672678811,116.17189121091));
#2348=CARTESIAN_POINT('',(-158.600327749762,-30.0003265112662,105.000004987232));
#2349=CARTESIAN_POINT('',(-158.600327749762,-30.0003265112662,105.000004987232));
#2350=CARTESIAN_POINT('',(-158.600327749762,-100.000329836088,40.0000018998981));
#2351=CARTESIAN_POINT('',(-158.600327749762,-100.000329836088,40.0000018998981));
#2352=CARTESIAN_POINT('',(-158.600327749762,-100.000329836088,0.));
#2353=CARTESIAN_POINT('',(-158.600327749762,-100.000329836088,0.));
#2354=CARTESIAN_POINT('',(-158.600327749762,-30.0003265112662,36.171894641201));
#2355=CARTESIAN_POINT('Origin',(-161.600327749762,-12.15,105.000004987232));
#2356=CARTESIAN_POINT('',(-161.600327749762,-29.9435172545395,105.000004987232));
#2357=CARTESIAN_POINT('',(-160.,-29.9862514242704,105.000004987232));
#2358=CARTESIAN_POINT('Origin',(-160.,0.,105.000004987232));
#2359=CARTESIAN_POINT('',(-161.600327749762,-30.0003265112662,105.000004987232));
#2360=CARTESIAN_POINT('',(-161.600327749762,-30.0003265112662,105.000004987232));
#2361=CARTESIAN_POINT('',(-161.600327749762,-30.0003265112662,105.000004987232));
#2362=CARTESIAN_POINT('Origin',(-160.,0.,105.000004987232));
#2363=CARTESIAN_POINT('Origin',(-161.600327749762,-100.000329836088,0.));
#2364=CARTESIAN_POINT('',(-161.600327749762,-100.000329836088,0.));
#2365=CARTESIAN_POINT('',(-161.600327749762,-30.0003265112662,36.171894641201));
#2366=CARTESIAN_POINT('',(-161.600327749762,-100.000329836088,0.));
#2367=CARTESIAN_POINT('Origin',(-161.600327749762,-100.000329836088,40.0000018998981));
#2368=CARTESIAN_POINT('',(-161.600327749762,-100.000329836088,40.0000018998981));
#2369=CARTESIAN_POINT('',(-161.600327749762,-100.000329836088,0.));
#2370=CARTESIAN_POINT('',(-161.600327749762,-100.000329836088,40.0000018998981));
#2371=CARTESIAN_POINT('Origin',(-161.600327749762,-30.0003265112662,105.000004987232));
#2372=CARTESIAN_POINT('',(-161.600327749762,-100.000329836088,40.0000018998981));
#2373=CARTESIAN_POINT('Origin',(-161.600327749762,-56.075164918044,52.5000024936162));
#2374=CARTESIAN_POINT('',(-161.600327749762,-29.9435172545395,116.17189121091));
#2375=CARTESIAN_POINT('Origin',(-60.0749979136744,-1.5,0.));
#2376=CARTESIAN_POINT('',(-130.074965913746,1.5,36.1718763874426));
#2377=CARTESIAN_POINT('',(-130.074965913746,-1.5,36.1718763874426));
#2378=CARTESIAN_POINT('',(-130.074965913746,12.9936820641659,36.1718763874426));
#2379=CARTESIAN_POINT('',(-60.0749979136744,1.5,0.));
#2380=CARTESIAN_POINT('',(-130.075001238496,1.5,36.171894641201));
#2381=CARTESIAN_POINT('',(-60.0749979136744,-1.5,0.));
#2382=CARTESIAN_POINT('',(-60.0749979136744,-1.5,0.));
#2383=CARTESIAN_POINT('',(-130.075001238496,-1.5,36.171894641201));
#2384=CARTESIAN_POINT('Origin',(-147.925327749762,-1.5,105.000004987232));
#2385=CARTESIAN_POINT('Origin',(-104.000162831718,1.5,52.5000024936162));
#2386=CARTESIAN_POINT('',(-130.051289268492,1.5,36.1718763874426));
#2387=CARTESIAN_POINT('',(-132.000081415859,1.5,36.1718763874426));
#2388=CARTESIAN_POINT('',(-130.051289268492,1.5,104.977986729371));
#2389=CARTESIAN_POINT('',(-130.051289268492,1.5,116.17189121091));
#2390=CARTESIAN_POINT('',(-60.0749979136744,1.5,40.0000018998981));
#2391=CARTESIAN_POINT('',(-60.0749979136744,1.5,40.0000018998981));
#2392=CARTESIAN_POINT('',(-60.0749979136744,1.5,0.));
#2393=CARTESIAN_POINT('Origin',(-60.0749979136744,-1.5,40.0000018998981));
#2394=CARTESIAN_POINT('',(-60.0749979136744,-1.5,40.0000018998981));
#2395=CARTESIAN_POINT('',(-60.0749979136744,-1.5,0.));
#2396=CARTESIAN_POINT('',(-60.0749979136744,-1.5,40.0000018998981));
#2397=CARTESIAN_POINT('Origin',(-130.075001238496,-1.5,105.000004987232));
#2398=CARTESIAN_POINT('',(-130.051289268492,-1.5,104.977986729371));
#2399=CARTESIAN_POINT('Origin',(-160.,0.,132.7875038372));
#2400=CARTESIAN_POINT('',(-60.0749979136744,-1.5,40.0000018998981));
#2401=CARTESIAN_POINT('Origin',(-104.000162831718,-1.5,52.5000024936162));
#2402=CARTESIAN_POINT('',(-130.051289268492,-1.5,36.1718763874426));
#2403=CARTESIAN_POINT('',(-132.000081415859,-1.5,36.1718763874426));
#2404=CARTESIAN_POINT('',(-130.051289268492,-1.5,116.17189121091));
#2405=CARTESIAN_POINT('Origin',(-160.,0.,116.17189121091));
#2406=CARTESIAN_POINT('',(-160.,-29.9862514242704,36.1718763874426));
#2407=CARTESIAN_POINT('Origin',(-160.,0.,36.1718763874425));
#2408=CARTESIAN_POINT('',(-160.,-29.9862514242704,116.17189121091));
#2409=CARTESIAN_POINT('',(-160.,-29.9862514242704,116.17189121091));
#2410=CARTESIAN_POINT('Origin',(-160.,0.,36.1718763874425));
#2411=CARTESIAN_POINT('Origin',(-160.,27.4873641283319,36.1718763874426));
#2412=CARTESIAN_POINT('Origin',(-182.,26.5,116.17187229068));
#2413=CARTESIAN_POINT('',(-182.,32.2603541012508,131.171867016349));
#2414=CARTESIAN_POINT('Origin',(-182.,26.5,131.171867016349));
#2415=CARTESIAN_POINT('',(-182.,32.2604182563986,101.17187756501));
#2416=CARTESIAN_POINT('',(-182.,32.2603861788247,116.17187229068));
#2417=CARTESIAN_POINT('Origin',(-182.,26.5,101.17187756501));
#2418=CARTESIAN_POINT('Origin',(-182.,23.2380668895932,131.171867016349));
#2419=CARTESIAN_POINT('',(-182.,29.7619331104068,131.171867016349));
#2420=CARTESIAN_POINT('Origin',(-182.,26.5,131.171867016349));
#2421=CARTESIAN_POINT('Origin',(-182.,26.5,116.17187229068));
#2422=CARTESIAN_POINT('',(-182.,29.7619331104068,101.17187756501));
#2423=CARTESIAN_POINT('',(-182.,29.7619331104068,116.17187229068));
#2424=CARTESIAN_POINT('Origin',(-182.,26.5,101.17187756501));
#2425=CARTESIAN_POINT('Origin',(-182.,20.7395817436014,101.17187756501));
#2426=CARTESIAN_POINT('Origin',(-182.,26.5,66.1718996313768));
#2427=CARTESIAN_POINT('',(-182.,32.2603599096108,81.1718808275936));
#2428=CARTESIAN_POINT('Origin',(-182.,26.5,81.1718808275936));
#2429=CARTESIAN_POINT('',(-182.,32.2604663925015,51.1719184351601));
#2430=CARTESIAN_POINT('',(-182.,32.2604131510562,66.1718996313768));
#2431=CARTESIAN_POINT('Origin',(-182.,26.5,51.1719184351601));
#2432=CARTESIAN_POINT('Origin',(-182.,23.2380338889698,81.1718808275936));
#2433=CARTESIAN_POINT('',(-182.,29.7619661110302,81.1718808275936));
#2434=CARTESIAN_POINT('Origin',(-182.,26.5,81.1718808275936));
#2435=CARTESIAN_POINT('Origin',(-182.,26.5,66.1718996313768));
#2436=CARTESIAN_POINT('',(-182.,29.7619661110302,51.1719184351601));
#2437=CARTESIAN_POINT('',(-182.,29.7619661110302,66.1718996313768));
#2438=CARTESIAN_POINT('Origin',(-182.,26.5,51.1719184351601));
#2439=CARTESIAN_POINT('Origin',(-182.,20.7395336074985,51.1719184351601));
#2440=UNCERTAINTY_MEASURE_WITH_UNIT(LENGTH_MEASURE(0.01),#2444,
'DISTANCE_ACCURACY_VALUE',
'Maximum model space distance between geometric entities at asserted c
onnectivities');
#2441=UNCERTAINTY_MEASURE_WITH_UNIT(LENGTH_MEASURE(0.01),#2444,
'DISTANCE_ACCURACY_VALUE',
'Maximum model space distance between geometric entities at asserted c
onnectivities');
#2442=(
GEOMETRIC_REPRESENTATION_CONTEXT(3)
GLOBAL_UNCERTAINTY_ASSIGNED_CONTEXT((#2440))
GLOBAL_UNIT_ASSIGNED_CONTEXT((#2444,#2446,#2447))
REPRESENTATION_CONTEXT('','3D')
);
#2443=(
GEOMETRIC_REPRESENTATION_CONTEXT(3)
GLOBAL_UNCERTAINTY_ASSIGNED_CONTEXT((#2441))
GLOBAL_UNIT_ASSIGNED_CONTEXT((#2444,#2446,#2447))
REPRESENTATION_CONTEXT('','3D')
);
#2444=(
LENGTH_UNIT()
NAMED_UNIT(*)
SI_UNIT(.MILLI.,.METRE.)
);
#2445=(
LENGTH_UNIT()
NAMED_UNIT(*)
SI_UNIT($,.METRE.)
);
#2446=(
NAMED_UNIT(*)
PLANE_ANGLE_UNIT()
SI_UNIT($,.RADIAN.)
);
#2447=(
NAMED_UNIT(*)
SI_UNIT($,.STERADIAN.)
SOLID_ANGLE_UNIT()
);
#2448=SHAPE_DEFINITION_REPRESENTATION(#2449,#2450);
#2449=PRODUCT_DEFINITION_SHAPE('',$,#2452);
#2450=SHAPE_REPRESENTATION('',(#1410),#2442);
#2451=PRODUCT_DEFINITION_CONTEXT('part definition',#2456,'design');
#2452=PRODUCT_DEFINITION('2026-06-29-16-52-42-069','ROCKET_v1',#2453,#2451);
#2453=PRODUCT_DEFINITION_FORMATION('',$,#2458);
#2454=PRODUCT_RELATED_PRODUCT_CATEGORY('ROCKET_v1','ROCKET_v1',(#2458));
#2455=APPLICATION_PROTOCOL_DEFINITION('international standard',
'automotive_design',2009,#2456);
#2456=APPLICATION_CONTEXT(
'Core Data for Automotive Mechanical Design Process');
#2457=PRODUCT_CONTEXT('part definition',#2456,'mechanical');
#2458=PRODUCT('2026-06-29-16-52-42-069','ROCKET_v1',$,(#2457));
#2459=PRESENTATION_STYLE_ASSIGNMENT((#2460));
#2460=SURFACE_STYLE_USAGE(.BOTH.,#2461);
#2461=SURFACE_SIDE_STYLE('',(#2462));
#2462=SURFACE_STYLE_FILL_AREA(#2463);
#2463=FILL_AREA_STYLE('Steel - Satin',(#2464));
#2464=FILL_AREA_STYLE_COLOUR('Steel - Satin',#2465);
#2465=COLOUR_RGB('Steel - Satin',0.627450980392157,0.627450980392157,0.627450980392157);
ENDSEC;
END-ISO-10303-21;
