ISO-10303-21;
HEADER;
/* Generated by software containing ST-Developer
 * from STEP Tools, Inc. (www.steptools.com) 
 */

FILE_DESCRIPTION(
/* description */ (''),
/* implementation_level */ '2;1');

FILE_NAME(
/* name */ 'main_stage.step',
/* time_stamp */ '2026-08-06T17:43:54+02:00',
/* author */ (''),
/* organization */ (''),
/* preprocessor_version */ 'ST-DEVELOPER v20.1',
/* originating_system */ 'Autodesk Translation Framework v15.8.0.0',
/* authorisation */ '');

FILE_SCHEMA (('AUTOMOTIVE_DESIGN { 1 0 10303 214 3 1 1 }'));
ENDSEC;

DATA;
#10=MECHANICAL_DESIGN_GEOMETRIC_PRESENTATION_REPRESENTATION('',(#13),#4066);
#11=SHAPE_REPRESENTATION_RELATIONSHIP('SRR','None',#4073,#12);
#12=ADVANCED_BREP_SHAPE_REPRESENTATION('',(#14),#4065);
#13=STYLED_ITEM('',(#4082),#14);
#14=MANIFOLD_SOLID_BREP('main_stage',#1878);
#15=(
BOUNDED_CURVE()
B_SPLINE_CURVE(2,(#3994,#3995,#3996),.UNSPECIFIED.,.F.,.F.)
B_SPLINE_CURVE_WITH_KNOTS((3,3),(0.609679067074267,1.77303354644987),
 .UNSPECIFIED.)
CURVE()
GEOMETRIC_REPRESENTATION_ITEM()
RATIONAL_B_SPLINE_CURVE((1.01261444442589,1.02199659636032,1.02125442632325))
REPRESENTATION_ITEM('')
);
#16=(
BOUNDED_CURVE()
B_SPLINE_CURVE(2,(#4010,#4011,#4012),.UNSPECIFIED.,.F.,.F.)
B_SPLINE_CURVE_WITH_KNOTS((3,3),(0.554421209478993,1.82734630566954),
 .UNSPECIFIED.)
CURVE()
GEOMETRIC_REPRESENTATION_ITEM()
RATIONAL_B_SPLINE_CURVE((1.01145623339907,1.02183561579856,1.01948575245752))
REPRESENTATION_ITEM('')
);
#17=TOROIDAL_SURFACE('',#1994,13.,2.);
#18=TOROIDAL_SURFACE('',#2014,13.,2.);
#19=CYLINDRICAL_SURFACE('',#1924,0.5);
#20=CYLINDRICAL_SURFACE('',#1927,0.5);
#21=CYLINDRICAL_SURFACE('',#1930,0.5);
#22=CYLINDRICAL_SURFACE('',#1931,0.5);
#23=CYLINDRICAL_SURFACE('',#1934,0.5);
#24=CYLINDRICAL_SURFACE('',#1937,0.5);
#25=CYLINDRICAL_SURFACE('',#1940,0.5);
#26=CYLINDRICAL_SURFACE('',#1941,0.5);
#27=CYLINDRICAL_SURFACE('',#1946,0.850000000000009);
#28=CYLINDRICAL_SURFACE('',#1947,0.849999999999973);
#29=CYLINDRICAL_SURFACE('',#1948,0.849999999999991);
#30=CYLINDRICAL_SURFACE('',#1953,1.6);
#31=CYLINDRICAL_SURFACE('',#1955,1.6);
#32=CYLINDRICAL_SURFACE('',#1957,1.6);
#33=CYLINDRICAL_SURFACE('',#1959,1.6);
#34=CYLINDRICAL_SURFACE('',#1970,29.9862514242704);
#35=CYLINDRICAL_SURFACE('',#1983,3.5);
#36=CYLINDRICAL_SURFACE('',#1984,29.9862514242704);
#37=CYLINDRICAL_SURFACE('',#1985,29.9862514242704);
#38=CYLINDRICAL_SURFACE('',#1992,2.);
#39=CYLINDRICAL_SURFACE('',#2001,15.);
#40=CYLINDRICAL_SURFACE('',#2003,2.);
#41=CYLINDRICAL_SURFACE('',#2007,5.);
#42=CYLINDRICAL_SURFACE('',#2012,2.);
#43=CYLINDRICAL_SURFACE('',#2017,5.);
#44=CYLINDRICAL_SURFACE('',#2019,2.);
#45=CYLINDRICAL_SURFACE('',#2024,2.5);
#46=CYLINDRICAL_SURFACE('',#2028,27.487431026343);
#47=CYLINDRICAL_SURFACE('',#2029,5.);
#48=CYLINDRICAL_SURFACE('',#2032,5.);
#49=CYLINDRICAL_SURFACE('',#2037,15.);
#50=CYLINDRICAL_SURFACE('',#2041,29.9862514242704);
#51=CYLINDRICAL_SURFACE('',#2044,27.487431026343);
#52=CYLINDRICAL_SURFACE('',#2050,27.4873641284379);
#53=B_SPLINE_SURFACE_WITH_KNOTS('',3,3,((#2744,#2745,#2746,#2747,#2748,
#2749,#2750),(#2751,#2752,#2753,#2754,#2755,#2756,#2757),(#2758,#2759,#2760,
#2761,#2762,#2763,#2764),(#2765,#2766,#2767,#2768,#2769,#2770,#2771),(#2772,
#2773,#2774,#2775,#2776,#2777,#2778)),.UNSPECIFIED.,.F.,.F.,.F.,(4,1,4),
(4,1,1,1,4),(0.,0.571428571428571,1.),(2.07703165531426,2.72239166121059,
3.04507166415876,3.69043167005509,4.33579167595142),.UNSPECIFIED.);
#54=B_SPLINE_SURFACE_WITH_KNOTS('',3,3,((#3356,#3357,#3358,#3359,#3360,
#3361),(#3362,#3363,#3364,#3365,#3366,#3367),(#3368,#3369,#3370,#3371,#3372,
#3373),(#3374,#3375,#3376,#3377,#3378,#3379)),.UNSPECIFIED.,.F.,.F.,.F.,
(4,4),(4,1,1,4),(0.,1.),(-0.507714305630612,-0.23614107942924,0.0354321467721318,
0.44279198607419),.UNSPECIFIED.);
#55=B_SPLINE_SURFACE_WITH_KNOTS('',3,3,((#3431,#3432,#3433,#3434,#3435,
#3436,#3437,#3438),(#3439,#3440,#3441,#3442,#3443,#3444,#3445,#3446),(#3447,
#3448,#3449,#3450,#3451,#3452,#3453,#3454),(#3455,#3456,#3457,#3458,#3459,
#3460,#3461,#3462),(#3463,#3464,#3465,#3466,#3467,#3468,#3469,#3470)),
 .UNSPECIFIED.,.F.,.F.,.F.,(4,1,4),(4,2,1,1,4),(0.,0.571428571428571,1.),
(-0.00250508801117849,0.,0.542688023863528,0.723584031818037,0.904480039772546),
 .UNSPECIFIED.);
#56=B_SPLINE_SURFACE_WITH_KNOTS('',3,3,((#3490,#3491,#3492,#3493),(#3494,
#3495,#3496,#3497),(#3498,#3499,#3500,#3501),(#3502,#3503,#3504,#3505),
(#3506,#3507,#3508,#3509)),.UNSPECIFIED.,.F.,.F.,.F.,(4,1,4),(4,4),(0.,
0.571428571428571,1.),(-1.5707963267949,-1.13804187899757),
 .UNSPECIFIED.);
#57=B_SPLINE_SURFACE_WITH_KNOTS('',3,3,((#3527,#3528,#3529,#3530,#3531,
#3532),(#3533,#3534,#3535,#3536,#3537,#3538),(#3539,#3540,#3541,#3542,#3543,
#3544),(#3545,#3546,#3547,#3548,#3549,#3550)),.UNSPECIFIED.,.F.,.F.,.F.,
(4,4),(4,1,1,4),(0.,1.),(-0.507714305630612,-0.100354466328588,0.171218759872762,
0.442791986074112),.UNSPECIFIED.);
#58=B_SPLINE_SURFACE_WITH_KNOTS('',3,3,((#3579,#3580,#3581,#3582,#3583,
#3584,#3585),(#3586,#3587,#3588,#3589,#3590,#3591,#3592),(#3593,#3594,#3595,
#3596,#3597,#3598,#3599),(#3600,#3601,#3602,#3603,#3604,#3605,#3606),(#3607,
#3608,#3609,#3610,#3611,#3612,#3613)),.UNSPECIFIED.,.F.,.F.,.F.,(4,1,4),
(4,1,1,1,4),(0.,0.571428571428571,1.),(0.308798320568141,0.43634527366191,
0.691439179849448,0.946533086036987,1.20162699222453),.UNSPECIFIED.);
#59=B_SPLINE_SURFACE_WITH_KNOTS('',3,3,((#3630,#3631,#3632,#3633),(#3634,
#3635,#3636,#3637),(#3638,#3639,#3640,#3641),(#3642,#3643,#3644,#3645),
(#3646,#3647,#3648,#3649)),.UNSPECIFIED.,.F.,.F.,.F.,(4,1,4),(4,4),(0.,
0.571428571428571,1.),(0.,0.990692760118067),.UNSPECIFIED.);
#60=B_SPLINE_SURFACE_WITH_KNOTS('',3,3,((#3661,#3662,#3663,#3664,#3665),
(#3666,#3667,#3668,#3669,#3670),(#3671,#3672,#3673,#3674,#3675),(#3676,
#3677,#3678,#3679,#3680),(#3681,#3682,#3683,#3684,#3685)),.UNSPECIFIED.,
 .F.,.F.,.F.,(4,1,4),(4,1,4),(0.,0.571428571428571,1.),(0.,0.454676725049259,
1.06091235844827),.UNSPECIFIED.);
#61=B_SPLINE_SURFACE_WITH_KNOTS('',3,3,((#3699,#3700,#3701,#3702,#3703,
#3704,#3705,#3706),(#3707,#3708,#3709,#3710,#3711,#3712,#3713,#3714),(#3715,
#3716,#3717,#3718,#3719,#3720,#3721,#3722),(#3723,#3724,#3725,#3726,#3727,
#3728,#3729,#3730),(#3731,#3732,#3733,#3734,#3735,#3736,#3737,#3738)),
 .UNSPECIFIED.,.F.,.F.,.F.,(4,1,4),(4,1,1,2,4),(0.,0.5,1.),(0.,0.499990405293638,
0.666653873724851,0.833317342156064,0.835687667329528),.UNSPECIFIED.);
#62=B_SPLINE_SURFACE_WITH_KNOTS('',3,3,((#3749,#3750,#3751,#3752),(#3753,
#3754,#3755,#3756),(#3757,#3758,#3759,#3760),(#3761,#3762,#3763,#3764),
(#3765,#3766,#3767,#3768)),.UNSPECIFIED.,.F.,.F.,.F.,(4,1,4),(4,4),(0.,
0.571428571428571,1.),(1.05279338004091,1.5707963267949),.UNSPECIFIED.);
#63=B_SPLINE_SURFACE_WITH_KNOTS('',3,3,((#3809,#3810,#3811,#3812,#3813),
(#3814,#3815,#3816,#3817,#3818),(#3819,#3820,#3821,#3822,#3823),(#3824,
#3825,#3826,#3827,#3828),(#3829,#3830,#3831,#3832,#3833)),.UNSPECIFIED.,
 .F.,.F.,.F.,(4,1,4),(4,1,4),(0.,0.571428571428571,1.),(0.,0.441529691532828,
1.03023594690993),.UNSPECIFIED.);
#64=B_SPLINE_SURFACE_WITH_KNOTS('',3,3,((#3841,#3842,#3843,#3844),(#3845,
#3846,#3847,#3848),(#3849,#3850,#3851,#3852),(#3853,#3854,#3855,#3856),
(#3857,#3858,#3859,#3860)),.UNSPECIFIED.,.F.,.F.,.F.,(4,1,4),(4,4),(0.,
0.571428571428571,1.),(0.,0.864819986770924),.UNSPECIFIED.);
#65=B_SPLINE_SURFACE_WITH_KNOTS('',3,3,((#3867,#3868,#3869,#3870,#3871,
#3872,#3873),(#3874,#3875,#3876,#3877,#3878,#3879,#3880),(#3881,#3882,#3883,
#3884,#3885,#3886,#3887),(#3888,#3889,#3890,#3891,#3892,#3893,#3894),(#3895,
#3896,#3897,#3898,#3899,#3900,#3901)),.UNSPECIFIED.,.F.,.F.,.F.,(4,1,4),
(4,1,1,1,4),(0.,0.571428571428571,1.),(0.,0.273775314618982,0.547550629237964,
0.821325943856945,0.958213601166436),.UNSPECIFIED.);
#66=B_SPLINE_SURFACE_WITH_KNOTS('',3,3,((#3915,#3916,#3917,#3918,#3919,
#3920),(#3921,#3922,#3923,#3924,#3925,#3926),(#3927,#3928,#3929,#3930,#3931,
#3932),(#3933,#3934,#3935,#3936,#3937,#3938),(#3939,#3940,#3941,#3942,#3943,
#3944)),.UNSPECIFIED.,.F.,.F.,.F.,(4,1,4),(4,1,1,4),(0.,0.571428571428571,
1.),(2.28743084981366,3.07326373902124,3.59715233182629,4.12104092463135),
 .UNSPECIFIED.);
#67=ELLIPSE('',#1909,3.62346663143529,3.5);
#68=ELLIPSE('',#1910,3.62346663143529,3.5);
#69=ELLIPSE('',#1925,0.707106781186553,0.5);
#70=ELLIPSE('',#1926,0.707106781186553,0.5);
#71=ELLIPSE('',#1928,0.707106781186553,0.5);
#72=ELLIPSE('',#1929,0.707106781186553,0.5);
#73=ELLIPSE('',#1935,0.707106781186553,0.5);
#74=ELLIPSE('',#1936,0.707106781186553,0.5);
#75=ELLIPSE('',#1938,0.707106781186553,0.5);
#76=ELLIPSE('',#1939,0.707106781186553,0.5);
#77=ELLIPSE('',#1954,1.60001406889172,1.6);
#78=ELLIPSE('',#1956,1.60001406889172,1.6);
#79=ELLIPSE('',#1958,1.6002751262276,1.6);
#80=ELLIPSE('',#1960,1.6002751262276,1.6);
#81=ELLIPSE('',#1972,57.2314320124994,29.9862514242704);
#82=ELLIPSE('',#1975,57.2314320124994,29.9862514242704);
#83=ELLIPSE('',#1977,8.57515336394336,5.);
#84=ELLIPSE('',#1978,60.0024943185202,34.9862514242704);
#85=ELLIPSE('',#1979,4.52500153784827,3.5);
#86=ELLIPSE('',#1980,4.52500153784827,3.5);
#87=ELLIPSE('',#1981,60.0024943185202,34.9862514242704);
#88=ELLIPSE('',#1982,8.57515336394336,5.);
#89=ELLIPSE('',#1990,12.0052147095207,7.);
#90=ELLIPSE('',#1991,10.9601633300646,5.);
#91=ELLIPSE('',#1998,60.0024943185202,34.9862514242704);
#92=ELLIPSE('',#2000,12.0052147095207,7.);
#93=ELLIPSE('',#2011,10.9601633300646,5.);
#94=PLANE('',#1908);
#95=PLANE('',#1912);
#96=PLANE('',#1913);
#97=PLANE('',#1914);
#98=PLANE('',#1915);
#99=PLANE('',#1916);
#100=PLANE('',#1917);
#101=PLANE('',#1918);
#102=PLANE('',#1919);
#103=PLANE('',#1920);
#104=PLANE('',#1921);
#105=PLANE('',#1922);
#106=PLANE('',#1923);
#107=PLANE('',#1932);
#108=PLANE('',#1942);
#109=PLANE('',#1943);
#110=PLANE('',#1944);
#111=PLANE('',#1945);
#112=PLANE('',#1949);
#113=PLANE('',#1950);
#114=PLANE('',#1951);
#115=PLANE('',#1952);
#116=PLANE('',#1961);
#117=PLANE('',#1963);
#118=PLANE('',#1964);
#119=PLANE('',#1967);
#120=PLANE('',#1968);
#121=PLANE('',#1969);
#122=PLANE('',#1976);
#123=PLANE('',#1986);
#124=PLANE('',#1987);
#125=PLANE('',#1999);
#126=PLANE('',#2008);
#127=PLANE('',#2018);
#128=PLANE('',#2026);
#129=PLANE('',#2027);
#130=PLANE('',#2030);
#131=PLANE('',#2034);
#132=PLANE('',#2036);
#133=PLANE('',#2038);
#134=PLANE('',#2039);
#135=PLANE('',#2042);
#136=PLANE('',#2043);
#137=PLANE('',#2045);
#138=PLANE('',#2046);
#139=PLANE('',#2047);
#140=PLANE('',#2048);
#141=PLANE('',#2049);
#142=PLANE('',#2052);
#143=B_SPLINE_CURVE_WITH_KNOTS('',3,(#2559,#2560,#2561,#2562,#2563,#2564,
#2565,#2566,#2567,#2568,#2569,#2570,#2571,#2572,#2573,#2574,#2575,#2576,
#2577,#2578,#2579,#2580,#2581,#2582,#2583,#2584,#2585,#2586,#2587,#2588,
#2589,#2590,#2591,#2592),.UNSPECIFIED.,.T.,.F.,(4,2,2,2,2,2,2,2,2,2,2,2,
2,2,2,2,4),(0.,0.0320186153828498,0.0640372307656996,0.0960573421254862,
0.128077453485273,0.160106845103134,0.192136236720995,0.224160965874404,
0.256185695027813,0.288206675804492,0.320227656581171,0.352260792901306,
0.38429392922144,0.416313069206292,0.448332209191143,0.48035179352798,0.512371377864817),
 .UNSPECIFIED.);
#144=B_SPLINE_CURVE_WITH_KNOTS('',3,(#2594,#2595,#2596,#2597,#2598,#2599,
#2600,#2601,#2602,#2603,#2604,#2605,#2606,#2607,#2608,#2609,#2610,#2611,
#2612,#2613,#2614,#2615,#2616,#2617,#2618,#2619,#2620,#2621,#2622,#2623,
#2624,#2625,#2626,#2627),.UNSPECIFIED.,.T.,.F.,(4,2,2,2,2,2,2,2,2,2,2,2,
2,2,2,2,4),(0.,0.0320423047885961,0.0640846095771923,0.0962291547680632,
0.128373699958934,0.160574980427504,0.192776260896074,0.224856062655359,
0.256935864414645,0.28895082792205,0.320965791429454,0.353231879314728,
0.385497967200002,0.417678503205357,0.449859039210712,0.481865349871791,
0.51387166053287),.UNSPECIFIED.);
#145=B_SPLINE_CURVE_WITH_KNOTS('',3,(#2629,#2630,#2631,#2632,#2633,#2634,
#2635,#2636,#2637,#2638,#2639,#2640,#2641,#2642,#2643,#2644,#2645,#2646,
#2647,#2648,#2649,#2650,#2651,#2652,#2653,#2654,#2655,#2656,#2657,#2658,
#2659,#2660,#2661,#2662),.UNSPECIFIED.,.T.,.F.,(4,2,2,2,2,2,2,2,2,2,2,2,
2,2,2,2,4),(0.,0.0320507884389316,0.0641015768778632,0.0962081992246231,
0.128314821571383,0.160384024551789,0.192453227532194,0.224479330564322,
0.25650543359645,0.288518753355491,0.320532073114532,0.352614058463078,
0.384696043811625,0.416834460077626,0.448972876343628,0.480991859361178,
0.513010842378728),.UNSPECIFIED.);
#146=B_SPLINE_CURVE_WITH_KNOTS('',3,(#2687,#2688,#2689,#2690,#2691,#2692,
#2693,#2694,#2695,#2696,#2697,#2698,#2699,#2700,#2701,#2702),
 .UNSPECIFIED.,.F.,.F.,(4,2,2,2,2,2,2,4),(1.52149294293856,1.68822317658611,
1.73046062290077,1.77269806921543,1.81290339369648,1.85310871817753,1.95003872620082,
2.04090258366081),.UNSPECIFIED.);
#147=B_SPLINE_CURVE_WITH_KNOTS('',3,(#2781,#2782,#2783,#2784,#2785,#2786),
 .UNSPECIFIED.,.F.,.F.,(4,2,4),(0.,0.648949312756506,1.26332503890395),
 .UNSPECIFIED.);
#148=B_SPLINE_CURVE_WITH_KNOTS('',3,(#2788,#2789,#2790,#2791,#2792,#2793,
#2794),.UNSPECIFIED.,.F.,.F.,(4,1,1,1,4),(2.07703165531426,2.72239166121059,
3.04507166415876,3.69043167005509,4.33579167595142),.UNSPECIFIED.);
#149=B_SPLINE_CURVE_WITH_KNOTS('',3,(#2796,#2797,#2798,#2799,#2800,#2801),
 .UNSPECIFIED.,.F.,.F.,(4,2,4),(0.,0.596704514452864,1.22150361435656),
 .UNSPECIFIED.);
#150=B_SPLINE_CURVE_WITH_KNOTS('',3,(#2802,#2803,#2804,#2805,#2806,#2807,
#2808),.UNSPECIFIED.,.F.,.F.,(4,1,1,1,4),(-3.98887364354616,-3.69043167005509,
-3.04507166415876,-2.72239166121059,-2.36346096784044),.UNSPECIFIED.);
#151=B_SPLINE_CURVE_WITH_KNOTS('',3,(#2816,#2817,#2818,#2819),
 .UNSPECIFIED.,.F.,.F.,(4,4),(-0.225184902455617,-0.105032127461719),
 .UNSPECIFIED.);
#152=B_SPLINE_CURVE_WITH_KNOTS('',3,(#2915,#2916,#2917,#2918,#2919,#2920,
#2921,#2922,#2923,#2924,#2925,#2926,#2927,#2928,#2929,#2930,#2931,#2932,
#2933,#2934,#2935,#2936,#2937,#2938,#2939,#2940),.UNSPECIFIED.,.F.,.F.,
(4,2,2,2,2,2,2,2,2,2,2,2,4),(0.0770406633392182,0.0960577990194974,0.12807681626614,
0.160107592889878,0.192138369513616,0.224158932992523,0.256179496471431,
0.288200059950338,0.320220623429246,0.352251400052984,0.384282176676722,
0.416301193923363,0.435318329603643),.UNSPECIFIED.);
#153=B_SPLINE_CURVE_WITH_KNOTS('',3,(#2942,#2943,#2944,#2945,#2946,#2947,
#2948,#2949),.UNSPECIFIED.,.F.,.F.,(4,2,2,4),(0.512358992942861,0.544378383829288,
0.576397774715716,0.589399656282079),.UNSPECIFIED.);
#154=B_SPLINE_CURVE_WITH_KNOTS('',3,(#2951,#2952,#2953,#2954,#2955,#2956,
#2957,#2958),.UNSPECIFIED.,.F.,.F.,(4,2,2,4),(0.435318329603643,0.448320211170005,
0.480339602056433,0.512358992942861),.UNSPECIFIED.);
#155=B_SPLINE_CURVE_WITH_KNOTS('',3,(#2961,#2962,#2963,#2964,#2965,#2966,
#2967,#2968,#2969,#2970,#2971,#2972,#2973,#2974,#2975,#2976,#2977,#2978,
#2979,#2980,#2981,#2982,#2983,#2984,#2985,#2986,#2987,#2988,#2989,#2990,
#2991,#2992,#2993,#2994),.UNSPECIFIED.,.T.,.F.,(4,2,2,2,2,2,2,2,2,2,2,2,
2,2,2,2,4),(0.,0.0320082474257947,0.0640164948515895,0.0961709628001552,
0.128325430748721,0.160551563100866,0.19277769545301,0.224793171210405,
0.256808646967799,0.288824122725194,0.320839598482588,0.353065730834732,
0.385291863186876,0.417446331135442,0.449600799084008,0.481609046509801,
0.513617293935594),.UNSPECIFIED.);
#156=B_SPLINE_CURVE_WITH_KNOTS('',3,(#2998,#2999,#3000,#3001,#3002,#3003,
#3004,#3005,#3006,#3007,#3008,#3009,#3010,#3011,#3012,#3013,#3014,#3015,
#3016,#3017,#3018,#3019,#3020,#3021,#3022,#3023,#3024,#3025,#3026,#3027,
#3028,#3029,#3030,#3031),.UNSPECIFIED.,.T.,.F.,(4,2,2,2,2,2,2,2,2,2,2,2,
2,2,2,2,4),(0.,0.0320188734646985,0.064037746929397,0.0961568966324634,
0.12827604633553,0.160347844406095,0.192419642476661,0.224433770997818,
0.256447899518975,0.288462028040134,0.320476156561292,0.352547954631857,
0.384619752702422,0.416738902405488,0.448858052108554,0.480876925573253,
0.512895799037951),.UNSPECIFIED.);
#157=B_SPLINE_CURVE_WITH_KNOTS('',3,(#3058,#3059,#3060,#3061,#3062,#3063,
#3064,#3065,#3066,#3067,#3068,#3069,#3070,#3071,#3072,#3073,#3074,#3075,
#3076,#3077,#3078,#3079,#3080,#3081,#3082,#3083,#3084,#3085,#3086,#3087,
#3088,#3089,#3090,#3091),.UNSPECIFIED.,.T.,.F.,(4,2,2,2,2,2,2,2,2,2,2,2,
2,2,2,2,4),(0.,0.0602836761892342,0.120567352378468,0.180874750456525,0.241182148534582,
0.301452781666325,0.361723414798069,0.422003391339599,0.482283367881129,
0.542563344422659,0.602843320964189,0.663113954095933,0.723384587227676,
0.783691985305733,0.84399938338379,0.904283059573024,0.964566735762258),
 .UNSPECIFIED.);
#158=B_SPLINE_CURVE_WITH_KNOTS('',3,(#3097,#3098,#3099,#3100,#3101,#3102,
#3103,#3104,#3105,#3106,#3107,#3108,#3109,#3110,#3111,#3112,#3113,#3114,
#3115,#3116,#3117,#3118,#3119,#3120,#3121,#3122,#3123,#3124,#3125,#3126,
#3127,#3128,#3129,#3130),.UNSPECIFIED.,.T.,.F.,(4,2,2,2,2,2,2,2,2,2,2,2,
2,2,2,2,4),(0.,0.0602827638738512,0.120565527747702,0.180854926722717,0.241144325697732,
0.301420887729882,0.361697449762033,0.421978922149108,0.482260394536184,
0.54254186692326,0.602823339310336,0.663099901342487,0.723376463374637,
0.783665862349652,0.843955261324666,0.904238025198518,0.964520789072369),
 .UNSPECIFIED.);
#159=B_SPLINE_CURVE_WITH_KNOTS('',3,(#3136,#3137,#3138,#3139,#3140,#3141,
#3142,#3143,#3144,#3145,#3146,#3147,#3148,#3149,#3150,#3151,#3152,#3153,
#3154,#3155,#3156,#3157,#3158,#3159,#3160,#3161,#3162,#3163,#3164,#3165,
#3166,#3167,#3168,#3169),.UNSPECIFIED.,.T.,.F.,(4,2,2,2,2,2,2,2,2,2,2,2,
2,2,2,2,4),(0.,0.0602804594917292,0.120560918983458,0.180832734186192,0.241104549388926,
0.301405880361654,0.361707211334381,0.421990640719515,0.48227407010465,
0.542557499489784,0.602840928874919,0.663142259847646,0.723443590820374,
0.783715406023108,0.843987221225841,0.904267680717571,0.9645481402093),
 .UNSPECIFIED.);
#160=B_SPLINE_CURVE_WITH_KNOTS('',3,(#3175,#3176,#3177,#3178,#3179,#3180,
#3181,#3182,#3183,#3184,#3185,#3186,#3187,#3188,#3189,#3190,#3191,#3192,
#3193,#3194,#3195,#3196,#3197,#3198,#3199,#3200,#3201,#3202,#3203,#3204,
#3205,#3206,#3207,#3208),.UNSPECIFIED.,.T.,.F.,(4,2,2,2,2,2,2,2,2,2,2,2,
2,2,2,2,4),(0.,0.0602799799738799,0.12055995994776,0.180830599429747,0.241101238911734,
0.301408593154517,0.361715947397301,0.421999621966139,0.482283296534977,
0.542566971103813,0.60285064567265,0.663157999915433,0.723465354158217,
0.783735993640204,0.84400663312219,0.90428661309607,0.96456659306995),
 .UNSPECIFIED.);
#161=B_SPLINE_CURVE_WITH_KNOTS('',3,(#3241,#3242,#3243,#3244,#3245,#3246,
#3247,#3248,#3249,#3250,#3251,#3252,#3253,#3254,#3255,#3256,#3257,#3258,
#3259,#3260),.UNSPECIFIED.,.F.,.F.,(4,2,2,2,2,2,2,2,2,4),(-0.411111192018878,
-0.357847371674012,-0.30526914212174,-0.207113256305834,-0.110521398097621,
-0.0135263437829896,0.085097818757488,0.183307082317897,0.279934159466599,
0.376874428194976),.UNSPECIFIED.);
#162=B_SPLINE_CURVE_WITH_KNOTS('',3,(#3261,#3262,#3263,#3264,#3265,#3266,
#3267,#3268,#3269,#3270,#3271,#3272,#3273,#3274,#3275,#3276,#3277,#3278),
 .UNSPECIFIED.,.F.,.F.,(4,2,2,2,2,2,2,2,4),(0.376874428194976,0.471092957994521,
0.565311487794066,0.659530172092009,0.753748856389952,0.847967540687895,
0.942186224985839,1.03640475478538,1.13062328458493),.UNSPECIFIED.);
#163=B_SPLINE_CURVE_WITH_KNOTS('',3,(#3287,#3288,#3289,#3290,#3291,#3292,
#3293,#3294),.UNSPECIFIED.,.F.,.F.,(4,2,2,4),(-0.00111640141102801,0.,0.129707635436738,
0.271962824262701),.UNSPECIFIED.);
#164=B_SPLINE_CURVE_WITH_KNOTS('',3,(#3297,#3298,#3299,#3300,#3301,#3302,
#3303,#3304,#3305,#3306),.UNSPECIFIED.,.F.,.F.,(4,2,2,2,4),(0.,0.0410156523069386,
0.159146834603591,0.269994652012386,0.27110585304506),.UNSPECIFIED.);
#165=B_SPLINE_CURVE_WITH_KNOTS('',3,(#3335,#3336,#3337,#3338,#3339,#3340,
#3341,#3342,#3343,#3344,#3345,#3346,#3347,#3348,#3349,#3350,#3351,#3352,
#3353,#3354),.UNSPECIFIED.,.F.,.F.,(4,2,2,2,2,2,2,2,2,4),(-0.331119790397721,
-0.234169297173917,-0.196850072628178,-0.179165073375858,-0.16931231849447,
-0.160951033216054,-0.150938879168814,-0.132518604283859,-0.0540669991033242,
0.),.UNSPECIFIED.);
#166=B_SPLINE_CURVE_WITH_KNOTS('',3,(#3380,#3381,#3382,#3383,#3384,#3385,
#3386,#3387),.UNSPECIFIED.,.F.,.F.,(4,2,2,4),(-0.00217488827213137,0.,0.379101932234419,
0.671430912945771),.UNSPECIFIED.);
#167=B_SPLINE_CURVE_WITH_KNOTS('',3,(#3388,#3389,#3390,#3391,#3392,#3393,
#3394,#3395,#3396,#3397,#3398,#3399,#3400,#3401,#3402,#3403,#3404,#3405,
#3406,#3407,#3408,#3409,#3410,#3411,#3412,#3413,#3414,#3415,#3416,#3417,
#3418,#3419,#3420,#3421,#3422,#3423,#3424),.UNSPECIFIED.,.F.,.F.,(4,3,3,
3,3,3,3,3,3,3,3,3,4),(0.,0.0166018679238424,0.0681794999295958,0.124540594996745,
0.182137510845203,0.245251071756839,0.293623880198191,0.360398275150287,
0.43256115604052,0.508510071089191,0.590183598447338,0.616910818828019,
0.618957031591892),.UNSPECIFIED.);
#168=B_SPLINE_CURVE_WITH_KNOTS('',3,(#3474,#3475,#3476,#3477,#3478,#3479,
#3480,#3481),.UNSPECIFIED.,.F.,.F.,(4,1,1,2,4),(-0.904480039772546,-0.723584031818037,
-0.542688023863528,0.,0.00250508801117849),.UNSPECIFIED.);
#169=B_SPLINE_CURVE_WITH_KNOTS('',3,(#3482,#3483,#3484,#3485,#3486,#3487,
#3488,#3489),.UNSPECIFIED.,.F.,.F.,(4,2,1,1,4),(-0.00250508801117849,0.,
0.542688023863528,0.723584031818037,0.904480039772546),.UNSPECIFIED.);
#170=B_SPLINE_CURVE_WITH_KNOTS('',3,(#3553,#3554,#3555,#3556,#3557,#3558,
#3559,#3560),.UNSPECIFIED.,.F.,.F.,(4,2,1,1,4),(-0.835687667329528,-0.833317342156064,
-0.666653873724851,-0.499990405293638,0.),.UNSPECIFIED.);
#171=B_SPLINE_CURVE_WITH_KNOTS('',3,(#3615,#3616,#3617,#3618,#3619,#3620),
 .UNSPECIFIED.,.F.,.F.,(4,1,1,4),(0.564612251265536,0.691439179849448,0.946533086036987,
1.20162699222453),.UNSPECIFIED.);
#172=B_SPLINE_CURVE_WITH_KNOTS('',3,(#3623,#3624,#3625,#3626,#3627,#3628,
#3629),.UNSPECIFIED.,.F.,.F.,(4,1,1,1,4),(-1.20162699222453,-0.946533086036987,
-0.691439179849448,-0.43634527366191,-0.308798320568141),.UNSPECIFIED.);
#173=B_SPLINE_CURVE_WITH_KNOTS('',3,(#3651,#3652,#3653,#3654),
 .UNSPECIFIED.,.F.,.F.,(4,4),(-0.990692760118067,0.),.UNSPECIFIED.);
#174=B_SPLINE_CURVE_WITH_KNOTS('',3,(#3657,#3658,#3659,#3660),
 .UNSPECIFIED.,.F.,.F.,(4,4),(0.,0.990692760118067),.UNSPECIFIED.);
#175=B_SPLINE_CURVE_WITH_KNOTS('',3,(#3686,#3687,#3688,#3689,#3690),
 .UNSPECIFIED.,.F.,.F.,(4,1,4),(-1.06091235844827,-0.454676725049259,0.),
 .UNSPECIFIED.);
#176=B_SPLINE_CURVE_WITH_KNOTS('',3,(#3691,#3692,#3693,#3694,#3695),
 .UNSPECIFIED.,.F.,.F.,(4,1,4),(0.,0.454676725049259,1.06091235844827),
 .UNSPECIFIED.);
#177=B_SPLINE_CURVE_WITH_KNOTS('',3,(#3740,#3741,#3742,#3743,#3744,#3745,
#3746,#3747),.UNSPECIFIED.,.F.,.F.,(4,1,1,2,4),(0.,0.499990405293638,0.666653873724851,
0.833317342156064,0.835687667329528),.UNSPECIFIED.);
#178=B_SPLINE_CURVE_WITH_KNOTS('',3,(#3783,#3784,#3785,#3786,#3787,#3788,
#3789),.UNSPECIFIED.,.F.,.F.,(4,1,1,1,4),(-0.958213601166436,-0.821325943856945,
-0.547550629237964,-0.273775314618982,0.),.UNSPECIFIED.);
#179=B_SPLINE_CURVE_WITH_KNOTS('',3,(#3794,#3795,#3796,#3797,#3798),
 .UNSPECIFIED.,.F.,.F.,(4,1,4),(0.,0.441529691532828,1.03023594690993),
 .UNSPECIFIED.);
#180=B_SPLINE_CURVE_WITH_KNOTS('',3,(#3799,#3800,#3801,#3802),
 .UNSPECIFIED.,.F.,.F.,(4,4),(0.,0.864819986770924),.UNSPECIFIED.);
#181=B_SPLINE_CURVE_WITH_KNOTS('',3,(#3835,#3836,#3837,#3838,#3839),
 .UNSPECIFIED.,.F.,.F.,(4,1,4),(-1.03023594690993,-0.441529691532828,0.),
 .UNSPECIFIED.);
#182=B_SPLINE_CURVE_WITH_KNOTS('',3,(#3862,#3863,#3864,#3865),
 .UNSPECIFIED.,.F.,.F.,(4,4),(-0.864819986770924,0.),.UNSPECIFIED.);
#183=B_SPLINE_CURVE_WITH_KNOTS('',3,(#3902,#3903,#3904,#3905,#3906,#3907),
 .UNSPECIFIED.,.F.,.F.,(4,1,1,4),(0.,0.273775314618982,0.547550629237964,
0.702390020996785),.UNSPECIFIED.);
#184=B_SPLINE_CURVE_WITH_KNOTS('',3,(#3909,#3910,#3911,#3912,#3913,#3914),
 .UNSPECIFIED.,.F.,.F.,(4,1,1,4),(-3.86288054689292,-3.59715233182629,-3.07326373902124,
-2.491886452971),.UNSPECIFIED.);
#185=B_SPLINE_CURVE_WITH_KNOTS('',3,(#3945,#3946,#3947,#3948,#3949,#3950),
 .UNSPECIFIED.,.F.,.F.,(4,1,1,4),(2.28743084981366,3.07326373902124,3.59715233182629,
4.12104092463135),.UNSPECIFIED.);
#186=B_SPLINE_CURVE_WITH_KNOTS('',3,(#3952,#3953,#3954,#3955,#3956,#3957,
#3958),.UNSPECIFIED.,.F.,.F.,(4,3,4),(-0.174202622434418,-0.145821273980806,
-0.136737239835091),.UNSPECIFIED.);
#187=B_SPLINE_CURVE_WITH_KNOTS('',3,(#3959,#3960,#3961,#3962),
 .UNSPECIFIED.,.F.,.F.,(4,4),(-0.35064868574566,-0.225589232803963),
 .UNSPECIFIED.);
#188=B_SPLINE_CURVE_WITH_KNOTS('',3,(#3976,#3977,#3978,#3979,#3980,#3981,
#3982,#3983,#3984,#3985),.UNSPECIFIED.,.F.,.F.,(4,2,2,2,4),(0.856440301352743,
1.02406673732972,1.1916931733067,1.45228688800609,1.46171489695578),
 .UNSPECIFIED.);
#189=B_SPLINE_CURVE_WITH_KNOTS('',3,(#3999,#4000,#4001,#4002,#4003,#4004,
#4005,#4006,#4007,#4008),.UNSPECIFIED.,.F.,.F.,(4,2,2,2,4),(2.25559143254646,
2.30800101946623,2.56859473416563,2.73622117014261,2.90384760611958),
 .UNSPECIFIED.);
#190=FACE_BOUND('',#318,.T.);
#191=FACE_BOUND('',#319,.T.);
#192=FACE_BOUND('',#320,.T.);
#193=FACE_BOUND('',#321,.T.);
#194=FACE_BOUND('',#322,.T.);
#195=FACE_BOUND('',#323,.T.);
#196=FACE_BOUND('',#324,.T.);
#197=FACE_BOUND('',#344,.T.);
#198=FACE_BOUND('',#345,.T.);
#199=FACE_BOUND('',#367,.T.);
#200=FACE_BOUND('',#368,.T.);
#201=FACE_BOUND('',#372,.T.);
#202=FACE_BOUND('',#373,.T.);
#203=FACE_BOUND('',#376,.T.);
#204=FACE_BOUND('',#377,.T.);
#205=FACE_BOUND('',#378,.T.);
#206=FACE_BOUND('',#379,.T.);
#207=FACE_BOUND('',#380,.T.);
#208=FACE_BOUND('',#381,.T.);
#209=FACE_BOUND('',#382,.T.);
#210=FACE_BOUND('',#383,.T.);
#211=FACE_BOUND('',#384,.T.);
#212=FACE_BOUND('',#385,.T.);
#213=FACE_BOUND('',#418,.T.);
#214=FACE_BOUND('',#443,.T.);
#215=FACE_OUTER_BOUND('',#317,.T.);
#216=FACE_OUTER_BOUND('',#325,.T.);
#217=FACE_OUTER_BOUND('',#326,.T.);
#218=FACE_OUTER_BOUND('',#327,.T.);
#219=FACE_OUTER_BOUND('',#328,.T.);
#220=FACE_OUTER_BOUND('',#329,.T.);
#221=FACE_OUTER_BOUND('',#330,.T.);
#222=FACE_OUTER_BOUND('',#331,.T.);
#223=FACE_OUTER_BOUND('',#332,.T.);
#224=FACE_OUTER_BOUND('',#333,.T.);
#225=FACE_OUTER_BOUND('',#334,.T.);
#226=FACE_OUTER_BOUND('',#335,.T.);
#227=FACE_OUTER_BOUND('',#336,.T.);
#228=FACE_OUTER_BOUND('',#337,.T.);
#229=FACE_OUTER_BOUND('',#338,.T.);
#230=FACE_OUTER_BOUND('',#339,.T.);
#231=FACE_OUTER_BOUND('',#340,.T.);
#232=FACE_OUTER_BOUND('',#341,.T.);
#233=FACE_OUTER_BOUND('',#342,.T.);
#234=FACE_OUTER_BOUND('',#343,.T.);
#235=FACE_OUTER_BOUND('',#346,.T.);
#236=FACE_OUTER_BOUND('',#347,.T.);
#237=FACE_OUTER_BOUND('',#348,.T.);
#238=FACE_OUTER_BOUND('',#349,.T.);
#239=FACE_OUTER_BOUND('',#350,.T.);
#240=FACE_OUTER_BOUND('',#351,.T.);
#241=FACE_OUTER_BOUND('',#352,.T.);
#242=FACE_OUTER_BOUND('',#353,.T.);
#243=FACE_OUTER_BOUND('',#354,.T.);
#244=FACE_OUTER_BOUND('',#355,.T.);
#245=FACE_OUTER_BOUND('',#356,.T.);
#246=FACE_OUTER_BOUND('',#357,.T.);
#247=FACE_OUTER_BOUND('',#358,.T.);
#248=FACE_OUTER_BOUND('',#359,.T.);
#249=FACE_OUTER_BOUND('',#360,.T.);
#250=FACE_OUTER_BOUND('',#361,.T.);
#251=FACE_OUTER_BOUND('',#362,.T.);
#252=FACE_OUTER_BOUND('',#363,.T.);
#253=FACE_OUTER_BOUND('',#364,.T.);
#254=FACE_OUTER_BOUND('',#365,.T.);
#255=FACE_OUTER_BOUND('',#366,.T.);
#256=FACE_OUTER_BOUND('',#369,.T.);
#257=FACE_OUTER_BOUND('',#370,.T.);
#258=FACE_OUTER_BOUND('',#371,.T.);
#259=FACE_OUTER_BOUND('',#374,.T.);
#260=FACE_OUTER_BOUND('',#375,.T.);
#261=FACE_OUTER_BOUND('',#386,.T.);
#262=FACE_OUTER_BOUND('',#387,.T.);
#263=FACE_OUTER_BOUND('',#388,.T.);
#264=FACE_OUTER_BOUND('',#389,.T.);
#265=FACE_OUTER_BOUND('',#390,.T.);
#266=FACE_OUTER_BOUND('',#391,.T.);
#267=FACE_OUTER_BOUND('',#392,.T.);
#268=FACE_OUTER_BOUND('',#393,.T.);
#269=FACE_OUTER_BOUND('',#394,.T.);
#270=FACE_OUTER_BOUND('',#395,.T.);
#271=FACE_OUTER_BOUND('',#396,.T.);
#272=FACE_OUTER_BOUND('',#397,.T.);
#273=FACE_OUTER_BOUND('',#398,.T.);
#274=FACE_OUTER_BOUND('',#399,.T.);
#275=FACE_OUTER_BOUND('',#400,.T.);
#276=FACE_OUTER_BOUND('',#401,.T.);
#277=FACE_OUTER_BOUND('',#402,.T.);
#278=FACE_OUTER_BOUND('',#403,.T.);
#279=FACE_OUTER_BOUND('',#404,.T.);
#280=FACE_OUTER_BOUND('',#405,.T.);
#281=FACE_OUTER_BOUND('',#406,.T.);
#282=FACE_OUTER_BOUND('',#407,.T.);
#283=FACE_OUTER_BOUND('',#408,.T.);
#284=FACE_OUTER_BOUND('',#409,.T.);
#285=FACE_OUTER_BOUND('',#410,.T.);
#286=FACE_OUTER_BOUND('',#411,.T.);
#287=FACE_OUTER_BOUND('',#412,.T.);
#288=FACE_OUTER_BOUND('',#413,.T.);
#289=FACE_OUTER_BOUND('',#414,.T.);
#290=FACE_OUTER_BOUND('',#415,.T.);
#291=FACE_OUTER_BOUND('',#416,.T.);
#292=FACE_OUTER_BOUND('',#417,.T.);
#293=FACE_OUTER_BOUND('',#419,.T.);
#294=FACE_OUTER_BOUND('',#420,.T.);
#295=FACE_OUTER_BOUND('',#421,.T.);
#296=FACE_OUTER_BOUND('',#422,.T.);
#297=FACE_OUTER_BOUND('',#423,.T.);
#298=FACE_OUTER_BOUND('',#424,.T.);
#299=FACE_OUTER_BOUND('',#425,.T.);
#300=FACE_OUTER_BOUND('',#426,.T.);
#301=FACE_OUTER_BOUND('',#427,.T.);
#302=FACE_OUTER_BOUND('',#428,.T.);
#303=FACE_OUTER_BOUND('',#429,.T.);
#304=FACE_OUTER_BOUND('',#430,.T.);
#305=FACE_OUTER_BOUND('',#431,.T.);
#306=FACE_OUTER_BOUND('',#432,.T.);
#307=FACE_OUTER_BOUND('',#433,.T.);
#308=FACE_OUTER_BOUND('',#434,.T.);
#309=FACE_OUTER_BOUND('',#435,.T.);
#310=FACE_OUTER_BOUND('',#436,.T.);
#311=FACE_OUTER_BOUND('',#437,.T.);
#312=FACE_OUTER_BOUND('',#438,.T.);
#313=FACE_OUTER_BOUND('',#439,.T.);
#314=FACE_OUTER_BOUND('',#440,.T.);
#315=FACE_OUTER_BOUND('',#441,.T.);
#316=FACE_OUTER_BOUND('',#442,.T.);
#317=EDGE_LOOP('',(#1233,#1234,#1235,#1236,#1237,#1238,#1239,#1240,#1241,
#1242,#1243,#1244));
#318=EDGE_LOOP('',(#1245,#1246,#1247,#1248,#1249));
#319=EDGE_LOOP('',(#1250));
#320=EDGE_LOOP('',(#1251));
#321=EDGE_LOOP('',(#1252));
#322=EDGE_LOOP('',(#1253,#1254,#1255,#1256,#1257));
#323=EDGE_LOOP('',(#1258,#1259,#1260,#1261));
#324=EDGE_LOOP('',(#1262,#1263,#1264,#1265,#1266,#1267));
#325=EDGE_LOOP('',(#1268,#1269,#1270,#1271,#1272,#1273,#1274,#1275,#1276));
#326=EDGE_LOOP('',(#1277,#1278,#1279,#1280,#1281,#1282));
#327=EDGE_LOOP('',(#1283,#1284,#1285,#1286,#1287));
#328=EDGE_LOOP('',(#1288,#1289,#1290,#1291,#1292,#1293,#1294));
#329=EDGE_LOOP('',(#1295,#1296,#1297,#1298));
#330=EDGE_LOOP('',(#1299,#1300,#1301,#1302));
#331=EDGE_LOOP('',(#1303,#1304,#1305,#1306));
#332=EDGE_LOOP('',(#1307,#1308,#1309,#1310,#1311));
#333=EDGE_LOOP('',(#1312,#1313,#1314,#1315));
#334=EDGE_LOOP('',(#1316,#1317,#1318,#1319));
#335=EDGE_LOOP('',(#1320,#1321,#1322,#1323));
#336=EDGE_LOOP('',(#1324,#1325,#1326,#1327));
#337=EDGE_LOOP('',(#1328,#1329,#1330,#1331));
#338=EDGE_LOOP('',(#1332,#1333,#1334,#1335));
#339=EDGE_LOOP('',(#1336,#1337,#1338,#1339));
#340=EDGE_LOOP('',(#1340,#1341,#1342,#1343));
#341=EDGE_LOOP('',(#1344,#1345,#1346,#1347));
#342=EDGE_LOOP('',(#1348,#1349,#1350,#1351));
#343=EDGE_LOOP('',(#1352));
#344=EDGE_LOOP('',(#1353,#1354,#1355,#1356));
#345=EDGE_LOOP('',(#1357,#1358,#1359,#1360));
#346=EDGE_LOOP('',(#1361,#1362,#1363,#1364));
#347=EDGE_LOOP('',(#1365,#1366,#1367,#1368));
#348=EDGE_LOOP('',(#1369,#1370,#1371,#1372));
#349=EDGE_LOOP('',(#1373,#1374,#1375,#1376));
#350=EDGE_LOOP('',(#1377,#1378,#1379,#1380));
#351=EDGE_LOOP('',(#1381,#1382,#1383,#1384));
#352=EDGE_LOOP('',(#1385,#1386,#1387,#1388));
#353=EDGE_LOOP('',(#1389,#1390,#1391,#1392));
#354=EDGE_LOOP('',(#1393,#1394,#1395,#1396,#1397,#1398));
#355=EDGE_LOOP('',(#1399,#1400,#1401,#1402));
#356=EDGE_LOOP('',(#1403,#1404,#1405,#1406));
#357=EDGE_LOOP('',(#1407,#1408,#1409,#1410));
#358=EDGE_LOOP('',(#1411,#1412,#1413,#1414,#1415));
#359=EDGE_LOOP('',(#1416,#1417,#1418,#1419));
#360=EDGE_LOOP('',(#1420,#1421,#1422,#1423));
#361=EDGE_LOOP('',(#1424,#1425,#1426,#1427));
#362=EDGE_LOOP('',(#1428,#1429,#1430,#1431));
#363=EDGE_LOOP('',(#1432,#1433,#1434,#1435));
#364=EDGE_LOOP('',(#1436,#1437,#1438,#1439));
#365=EDGE_LOOP('',(#1440,#1441,#1442,#1443));
#366=EDGE_LOOP('',(#1444,#1445,#1446,#1447,#1448,#1449));
#367=EDGE_LOOP('',(#1450));
#368=EDGE_LOOP('',(#1451));
#369=EDGE_LOOP('',(#1452,#1453,#1454,#1455,#1456,#1457,#1458,#1459,#1460,
#1461,#1462,#1463,#1464));
#370=EDGE_LOOP('',(#1465,#1466,#1467,#1468));
#371=EDGE_LOOP('',(#1469,#1470,#1471,#1472));
#372=EDGE_LOOP('',(#1473));
#373=EDGE_LOOP('',(#1474));
#374=EDGE_LOOP('',(#1475,#1476,#1477,#1478));
#375=EDGE_LOOP('',(#1479,#1480,#1481,#1482,#1483,#1484));
#376=EDGE_LOOP('',(#1485,#1486,#1487));
#377=EDGE_LOOP('',(#1488));
#378=EDGE_LOOP('',(#1489));
#379=EDGE_LOOP('',(#1490));
#380=EDGE_LOOP('',(#1491));
#381=EDGE_LOOP('',(#1492));
#382=EDGE_LOOP('',(#1493));
#383=EDGE_LOOP('',(#1494,#1495));
#384=EDGE_LOOP('',(#1496,#1497,#1498,#1499,#1500,#1501));
#385=EDGE_LOOP('',(#1502,#1503,#1504,#1505));
#386=EDGE_LOOP('',(#1506,#1507,#1508,#1509,#1510,#1511,#1512,#1513,#1514));
#387=EDGE_LOOP('',(#1515,#1516,#1517,#1518,#1519,#1520,#1521,#1522));
#388=EDGE_LOOP('',(#1523,#1524,#1525,#1526,#1527,#1528));
#389=EDGE_LOOP('',(#1529,#1530));
#390=EDGE_LOOP('',(#1531,#1532,#1533));
#391=EDGE_LOOP('',(#1534,#1535,#1536,#1537,#1538));
#392=EDGE_LOOP('',(#1539,#1540,#1541,#1542));
#393=EDGE_LOOP('',(#1543,#1544,#1545));
#394=EDGE_LOOP('',(#1546,#1547,#1548,#1549));
#395=EDGE_LOOP('',(#1550,#1551,#1552,#1553));
#396=EDGE_LOOP('',(#1554,#1555,#1556,#1557));
#397=EDGE_LOOP('',(#1558,#1559,#1560,#1561));
#398=EDGE_LOOP('',(#1562,#1563,#1564,#1565,#1566,#1567));
#399=EDGE_LOOP('',(#1568,#1569,#1570,#1571));
#400=EDGE_LOOP('',(#1572,#1573,#1574,#1575,#1576));
#401=EDGE_LOOP('',(#1577,#1578,#1579,#1580));
#402=EDGE_LOOP('',(#1581,#1582,#1583,#1584));
#403=EDGE_LOOP('',(#1585,#1586,#1587,#1588));
#404=EDGE_LOOP('',(#1589,#1590,#1591,#1592,#1593));
#405=EDGE_LOOP('',(#1594,#1595,#1596,#1597,#1598,#1599));
#406=EDGE_LOOP('',(#1600,#1601,#1602));
#407=EDGE_LOOP('',(#1603,#1604,#1605,#1606));
#408=EDGE_LOOP('',(#1607,#1608,#1609,#1610));
#409=EDGE_LOOP('',(#1611,#1612,#1613,#1614));
#410=EDGE_LOOP('',(#1615,#1616,#1617,#1618,#1619));
#411=EDGE_LOOP('',(#1620,#1621,#1622,#1623,#1624,#1625));
#412=EDGE_LOOP('',(#1626,#1627,#1628,#1629,#1630));
#413=EDGE_LOOP('',(#1631,#1632,#1633,#1634));
#414=EDGE_LOOP('',(#1635,#1636,#1637,#1638));
#415=EDGE_LOOP('',(#1639,#1640,#1641,#1642));
#416=EDGE_LOOP('',(#1643,#1644,#1645,#1646,#1647,#1648));
#417=EDGE_LOOP('',(#1649,#1650,#1651,#1652));
#418=EDGE_LOOP('',(#1653,#1654,#1655));
#419=EDGE_LOOP('',(#1656,#1657,#1658,#1659,#1660));
#420=EDGE_LOOP('',(#1661));
#421=EDGE_LOOP('',(#1662,#1663));
#422=EDGE_LOOP('',(#1664,#1665,#1666,#1667,#1668));
#423=EDGE_LOOP('',(#1669,#1670,#1671,#1672,#1673));
#424=EDGE_LOOP('',(#1674,#1675,#1676,#1677,#1678,#1679,#1680));
#425=EDGE_LOOP('',(#1681,#1682,#1683,#1684,#1685));
#426=EDGE_LOOP('',(#1686,#1687,#1688,#1689,#1690,#1691));
#427=EDGE_LOOP('',(#1692,#1693,#1694,#1695,#1696,#1697,#1698));
#428=EDGE_LOOP('',(#1699,#1700,#1701,#1702,#1703,#1704,#1705,#1706,#1707,
#1708));
#429=EDGE_LOOP('',(#1709,#1710,#1711,#1712));
#430=EDGE_LOOP('',(#1713,#1714,#1715,#1716,#1717));
#431=EDGE_LOOP('',(#1718,#1719,#1720,#1721,#1722,#1723,#1724));
#432=EDGE_LOOP('',(#1725,#1726,#1727));
#433=EDGE_LOOP('',(#1728,#1729,#1730,#1731));
#434=EDGE_LOOP('',(#1732,#1733,#1734,#1735,#1736,#1737));
#435=EDGE_LOOP('',(#1738,#1739,#1740,#1741,#1742));
#436=EDGE_LOOP('',(#1743,#1744,#1745,#1746,#1747));
#437=EDGE_LOOP('',(#1748));
#438=EDGE_LOOP('',(#1749,#1750,#1751,#1752,#1753,#1754,#1755));
#439=EDGE_LOOP('',(#1756,#1757,#1758,#1759,#1760));
#440=EDGE_LOOP('',(#1761,#1762,#1763,#1764,#1765,#1766));
#441=EDGE_LOOP('',(#1767,#1768,#1769,#1770));
#442=EDGE_LOOP('',(#1771));
#443=EDGE_LOOP('',(#1772));
#444=LINE('',#2530,#592);
#445=LINE('',#2534,#593);
#446=LINE('',#2538,#594);
#447=LINE('',#2542,#595);
#448=LINE('',#2546,#596);
#449=LINE('',#2552,#597);
#450=LINE('',#2556,#598);
#451=LINE('',#2557,#599);
#452=LINE('',#2667,#600);
#453=LINE('',#2669,#601);
#454=LINE('',#2672,#602);
#455=LINE('',#2675,#603);
#456=LINE('',#2679,#604);
#457=LINE('',#2683,#605);
#458=LINE('',#2706,#606);
#459=LINE('',#2710,#607);
#460=LINE('',#2715,#608);
#461=LINE('',#2719,#609);
#462=LINE('',#2720,#610);
#463=LINE('',#2723,#611);
#464=LINE('',#2725,#612);
#465=LINE('',#2727,#613);
#466=LINE('',#2728,#614);
#467=LINE('',#2731,#615);
#468=LINE('',#2733,#616);
#469=LINE('',#2734,#617);
#470=LINE('',#2737,#618);
#471=LINE('',#2739,#619);
#472=LINE('',#2740,#620);
#473=LINE('',#2742,#621);
#474=LINE('',#2743,#622);
#475=LINE('',#2810,#623);
#476=LINE('',#2812,#624);
#477=LINE('',#2821,#625);
#478=LINE('',#2823,#626);
#479=LINE('',#2825,#627);
#480=LINE('',#2826,#628);
#481=LINE('',#2830,#629);
#482=LINE('',#2832,#630);
#483=LINE('',#2834,#631);
#484=LINE('',#2835,#632);
#485=LINE('',#2838,#633);
#486=LINE('',#2840,#634);
#487=LINE('',#2841,#635);
#488=LINE('',#2844,#636);
#489=LINE('',#2845,#637);
#490=LINE('',#2849,#638);
#491=LINE('',#2851,#639);
#492=LINE('',#2853,#640);
#493=LINE('',#2854,#641);
#494=LINE('',#2857,#642);
#495=LINE('',#2859,#643);
#496=LINE('',#2860,#644);
#497=LINE('',#2863,#645);
#498=LINE('',#2864,#646);
#499=LINE('',#2868,#647);
#500=LINE('',#2871,#648);
#501=LINE('',#2876,#649);
#502=LINE('',#2880,#650);
#503=LINE('',#2881,#651);
#504=LINE('',#2883,#652);
#505=LINE('',#2889,#653);
#506=LINE('',#2891,#654);
#507=LINE('',#2893,#655);
#508=LINE('',#2894,#656);
#509=LINE('',#2898,#657);
#510=LINE('',#2905,#658);
#511=LINE('',#2907,#659);
#512=LINE('',#2909,#660);
#513=LINE('',#2950,#661);
#514=LINE('',#2995,#662);
#515=LINE('',#3032,#663);
#516=LINE('',#3035,#664);
#517=LINE('',#3037,#665);
#518=LINE('',#3038,#666);
#519=LINE('',#3041,#667);
#520=LINE('',#3043,#668);
#521=LINE('',#3044,#669);
#522=LINE('',#3047,#670);
#523=LINE('',#3048,#671);
#524=LINE('',#3051,#672);
#525=LINE('',#3052,#673);
#526=LINE('',#3057,#674);
#527=LINE('',#3096,#675);
#528=LINE('',#3135,#676);
#529=LINE('',#3174,#677);
#530=LINE('',#3212,#678);
#531=LINE('',#3214,#679);
#532=LINE('',#3217,#680);
#533=LINE('',#3219,#681);
#534=LINE('',#3221,#682);
#535=LINE('',#3222,#683);
#536=LINE('',#3225,#684);
#537=LINE('',#3229,#685);
#538=LINE('',#3230,#686);
#539=LINE('',#3232,#687);
#540=LINE('',#3237,#688);
#541=LINE('',#3281,#689);
#542=LINE('',#3285,#690);
#543=LINE('',#3309,#691);
#544=LINE('',#3313,#692);
#545=LINE('',#3318,#693);
#546=LINE('',#3320,#694);
#547=LINE('',#3322,#695);
#548=LINE('',#3355,#696);
#549=LINE('',#3426,#697);
#550=LINE('',#3428,#698);
#551=LINE('',#3519,#699);
#552=LINE('',#3520,#700);
#553=LINE('',#3563,#701);
#554=LINE('',#3565,#702);
#555=LINE('',#3569,#703);
#556=LINE('',#3573,#704);
#557=LINE('',#3577,#705);
#558=LINE('',#3578,#706);
#559=LINE('',#3697,#707);
#560=LINE('',#3775,#708);
#561=LINE('',#3782,#709);
#562=LINE('',#3792,#710);
#563=LINE('',#3805,#711);
#564=LINE('',#3807,#712);
#565=LINE('',#3965,#713);
#566=LINE('',#3971,#714);
#567=LINE('',#3972,#715);
#568=LINE('',#3986,#716);
#569=LINE('',#3990,#717);
#570=LINE('',#3993,#718);
#571=LINE('',#3997,#719);
#572=LINE('',#4014,#720);
#573=LINE('',#4017,#721);
#574=LINE('',#4019,#722);
#575=LINE('',#4021,#723);
#576=LINE('',#4026,#724);
#577=LINE('',#4027,#725);
#578=LINE('',#4028,#726);
#579=LINE('',#4031,#727);
#580=LINE('',#4033,#728);
#581=LINE('',#4036,#729);
#582=LINE('',#4037,#730);
#583=LINE('',#4040,#731);
#584=LINE('',#4041,#732);
#585=LINE('',#4043,#733);
#586=LINE('',#4044,#734);
#587=LINE('',#4047,#735);
#588=LINE('',#4048,#736);
#589=LINE('',#4052,#737);
#590=LINE('',#4053,#738);
#591=LINE('',#4060,#739);
#592=VECTOR('',#2059,27.487432716959);
#593=VECTOR('',#2062,10.);
#594=VECTOR('',#2065,10.);
#595=VECTOR('',#2068,10.);
#596=VECTOR('',#2071,10.);
#597=VECTOR('',#2076,10.);
#598=VECTOR('',#2079,10.);
#599=VECTOR('',#2080,10.);
#600=VECTOR('',#2083,10.);
#601=VECTOR('',#2084,10.);
#602=VECTOR('',#2087,10.);
#603=VECTOR('',#2088,10.);
#604=VECTOR('',#2091,10.);
#605=VECTOR('',#2094,10.);
#606=VECTOR('',#2099,10.);
#607=VECTOR('',#2104,10.);
#608=VECTOR('',#2109,10.);
#609=VECTOR('',#2112,10.);
#610=VECTOR('',#2113,10.);
#611=VECTOR('',#2116,10.);
#612=VECTOR('',#2117,10.);
#613=VECTOR('',#2118,10.);
#614=VECTOR('',#2119,10.);
#615=VECTOR('',#2122,10.);
#616=VECTOR('',#2123,10.);
#617=VECTOR('',#2124,10.);
#618=VECTOR('',#2127,10.);
#619=VECTOR('',#2128,10.);
#620=VECTOR('',#2129,10.);
#621=VECTOR('',#2130,10.);
#622=VECTOR('',#2131,10.);
#623=VECTOR('',#2134,10.);
#624=VECTOR('',#2137,10.);
#625=VECTOR('',#2140,10.);
#626=VECTOR('',#2141,10.);
#627=VECTOR('',#2142,10.);
#628=VECTOR('',#2143,10.);
#629=VECTOR('',#2146,10.);
#630=VECTOR('',#2147,10.);
#631=VECTOR('',#2148,10.);
#632=VECTOR('',#2149,10.);
#633=VECTOR('',#2152,10.);
#634=VECTOR('',#2153,10.);
#635=VECTOR('',#2154,10.);
#636=VECTOR('',#2157,10.);
#637=VECTOR('',#2158,10.);
#638=VECTOR('',#2161,10.);
#639=VECTOR('',#2162,10.);
#640=VECTOR('',#2163,10.);
#641=VECTOR('',#2164,10.);
#642=VECTOR('',#2167,10.);
#643=VECTOR('',#2168,10.);
#644=VECTOR('',#2169,10.);
#645=VECTOR('',#2172,10.);
#646=VECTOR('',#2173,10.);
#647=VECTOR('',#2176,10.);
#648=VECTOR('',#2179,10.);
#649=VECTOR('',#2184,10.);
#650=VECTOR('',#2191,10.);
#651=VECTOR('',#2192,10.);
#652=VECTOR('',#2195,10.);
#653=VECTOR('',#2200,10.);
#654=VECTOR('',#2201,10.);
#655=VECTOR('',#2202,10.);
#656=VECTOR('',#2203,10.);
#657=VECTOR('',#2208,10.);
#658=VECTOR('',#2221,10.);
#659=VECTOR('',#2224,10.);
#660=VECTOR('',#2227,10.);
#661=VECTOR('',#2234,0.850000000000009);
#662=VECTOR('',#2237,0.849999999999973);
#663=VECTOR('',#2240,0.849999999999991);
#664=VECTOR('',#2243,10.);
#665=VECTOR('',#2244,10.);
#666=VECTOR('',#2245,10.);
#667=VECTOR('',#2248,10.);
#668=VECTOR('',#2249,10.);
#669=VECTOR('',#2250,10.);
#670=VECTOR('',#2253,10.);
#671=VECTOR('',#2254,10.);
#672=VECTOR('',#2257,10.);
#673=VECTOR('',#2258,10.);
#674=VECTOR('',#2263,1.6);
#675=VECTOR('',#2268,1.6);
#676=VECTOR('',#2273,1.6);
#677=VECTOR('',#2278,1.6);
#678=VECTOR('',#2281,10.);
#679=VECTOR('',#2282,10.);
#680=VECTOR('',#2285,10.);
#681=VECTOR('',#2288,10.);
#682=VECTOR('',#2289,10.);
#683=VECTOR('',#2290,10.);
#684=VECTOR('',#2293,10.);
#685=VECTOR('',#2298,10.);
#686=VECTOR('',#2299,10.);
#687=VECTOR('',#2302,10.);
#688=VECTOR('',#2309,29.9862514242704);
#689=VECTOR('',#2312,10.);
#690=VECTOR('',#2315,10.);
#691=VECTOR('',#2318,10.);
#692=VECTOR('',#2321,10.);
#693=VECTOR('',#2326,10.);
#694=VECTOR('',#2327,10.);
#695=VECTOR('',#2328,10.);
#696=VECTOR('',#2343,3.5);
#697=VECTOR('',#2346,10.);
#698=VECTOR('',#2349,10.);
#699=VECTOR('',#2366,10.);
#700=VECTOR('',#2367,10.);
#701=VECTOR('',#2380,10.);
#702=VECTOR('',#2381,10.);
#703=VECTOR('',#2386,10.);
#704=VECTOR('',#2391,10.);
#705=VECTOR('',#2394,10.);
#706=VECTOR('',#2395,10.);
#707=VECTOR('',#2402,10.);
#708=VECTOR('',#2415,10.);
#709=VECTOR('',#2424,10.);
#710=VECTOR('',#2427,10.);
#711=VECTOR('',#2430,10.);
#712=VECTOR('',#2431,10.);
#713=VECTOR('',#2442,2.5);
#714=VECTOR('',#2449,10.);
#715=VECTOR('',#2450,10.);
#716=VECTOR('',#2455,10.);
#717=VECTOR('',#2458,10.);
#718=VECTOR('',#2461,10.);
#719=VECTOR('',#2462,10.);
#720=VECTOR('',#2469,10.);
#721=VECTOR('',#2472,10.);
#722=VECTOR('',#2475,10.);
#723=VECTOR('',#2476,10.);
#724=VECTOR('',#2481,10.);
#725=VECTOR('',#2482,10.);
#726=VECTOR('',#2483,10.);
#727=VECTOR('',#2486,10.);
#728=VECTOR('',#2487,10.);
#729=VECTOR('',#2490,10.);
#730=VECTOR('',#2491,10.);
#731=VECTOR('',#2494,10.);
#732=VECTOR('',#2495,10.);
#733=VECTOR('',#2498,10.);
#734=VECTOR('',#2499,10.);
#735=VECTOR('',#2502,10.);
#736=VECTOR('',#2503,10.);
#737=VECTOR('',#2508,10.);
#738=VECTOR('',#2509,10.);
#739=VECTOR('',#2520,27.4873641284379);
#740=CIRCLE('',#1893,27.4873684392323);
#741=CIRCLE('',#1894,27.4873703014132);
#742=CIRCLE('',#1895,27.4874618671329);
#743=CIRCLE('',#1896,27.4873703014132);
#744=CIRCLE('',#1897,27.4874618671329);
#745=CIRCLE('',#1898,27.4873703014132);
#746=CIRCLE('',#1899,27.4874490308543);
#747=CIRCLE('',#1900,27.487431026343);
#748=CIRCLE('',#1901,27.487431026343);
#749=CIRCLE('',#1902,27.487431026343);
#750=CIRCLE('',#1903,27.4874490308542);
#751=CIRCLE('',#1904,27.4874318837006);
#752=CIRCLE('',#1905,27.4874275969122);
#753=CIRCLE('',#1906,27.4874275969122);
#754=CIRCLE('',#1907,27.4874490308543);
#755=CIRCLE('',#1911,29.9862514242704);
#756=CIRCLE('',#1933,27.4873641284379);
#757=CIRCLE('',#1962,29.9862514242704);
#758=CIRCLE('',#1965,29.9862514242704);
#759=CIRCLE('',#1966,29.9862514242704);
#760=CIRCLE('',#1971,29.9862514242704);
#761=CIRCLE('',#1973,29.9862514242704);
#762=CIRCLE('',#1974,29.9862514242704);
#763=CIRCLE('',#1988,1.99999999999999);
#764=CIRCLE('',#1989,2.);
#765=CIRCLE('',#1993,2.);
#766=CIRCLE('',#1995,1.99999999999999);
#767=CIRCLE('',#1996,15.);
#768=CIRCLE('',#1997,13.);
#769=CIRCLE('',#2002,15.);
#770=CIRCLE('',#2004,2.00000000000002);
#771=CIRCLE('',#2005,2.);
#772=CIRCLE('',#2006,2.);
#773=CIRCLE('',#2009,2.00000000000003);
#774=CIRCLE('',#2010,1.99999999999998);
#775=CIRCLE('',#2013,2.00000000000005);
#776=CIRCLE('',#2015,2.);
#777=CIRCLE('',#2016,13.);
#778=CIRCLE('',#2020,2.00000000000001);
#779=CIRCLE('',#2021,1.99999999999998);
#780=CIRCLE('',#2022,2.00000000000001);
#781=CIRCLE('',#2025,2.5);
#782=CIRCLE('',#2031,15.);
#783=CIRCLE('',#2035,15.);
#784=CIRCLE('',#2040,29.9862514242704);
#785=CIRCLE('',#2051,27.4873641283319);
#786=VERTEX_POINT('',#2527);
#787=VERTEX_POINT('',#2529);
#788=VERTEX_POINT('',#2531);
#789=VERTEX_POINT('',#2533);
#790=VERTEX_POINT('',#2535);
#791=VERTEX_POINT('',#2537);
#792=VERTEX_POINT('',#2539);
#793=VERTEX_POINT('',#2541);
#794=VERTEX_POINT('',#2543);
#795=VERTEX_POINT('',#2545);
#796=VERTEX_POINT('',#2548);
#797=VERTEX_POINT('',#2549);
#798=VERTEX_POINT('',#2551);
#799=VERTEX_POINT('',#2553);
#800=VERTEX_POINT('',#2555);
#801=VERTEX_POINT('',#2558);
#802=VERTEX_POINT('',#2593);
#803=VERTEX_POINT('',#2628);
#804=VERTEX_POINT('',#2663);
#805=VERTEX_POINT('',#2664);
#806=VERTEX_POINT('',#2666);
#807=VERTEX_POINT('',#2668);
#808=VERTEX_POINT('',#2670);
#809=VERTEX_POINT('',#2673);
#810=VERTEX_POINT('',#2674);
#811=VERTEX_POINT('',#2676);
#812=VERTEX_POINT('',#2678);
#813=VERTEX_POINT('',#2681);
#814=VERTEX_POINT('',#2682);
#815=VERTEX_POINT('',#2684);
#816=VERTEX_POINT('',#2686);
#817=VERTEX_POINT('',#2703);
#818=VERTEX_POINT('',#2705);
#819=VERTEX_POINT('',#2709);
#820=VERTEX_POINT('',#2711);
#821=VERTEX_POINT('',#2714);
#822=VERTEX_POINT('',#2716);
#823=VERTEX_POINT('',#2718);
#824=VERTEX_POINT('',#2722);
#825=VERTEX_POINT('',#2724);
#826=VERTEX_POINT('',#2726);
#827=VERTEX_POINT('',#2730);
#828=VERTEX_POINT('',#2732);
#829=VERTEX_POINT('',#2736);
#830=VERTEX_POINT('',#2738);
#831=VERTEX_POINT('',#2741);
#832=VERTEX_POINT('',#2779);
#833=VERTEX_POINT('',#2780);
#834=VERTEX_POINT('',#2787);
#835=VERTEX_POINT('',#2795);
#836=VERTEX_POINT('',#2814);
#837=VERTEX_POINT('',#2815);
#838=VERTEX_POINT('',#2820);
#839=VERTEX_POINT('',#2822);
#840=VERTEX_POINT('',#2824);
#841=VERTEX_POINT('',#2828);
#842=VERTEX_POINT('',#2829);
#843=VERTEX_POINT('',#2831);
#844=VERTEX_POINT('',#2833);
#845=VERTEX_POINT('',#2837);
#846=VERTEX_POINT('',#2839);
#847=VERTEX_POINT('',#2843);
#848=VERTEX_POINT('',#2847);
#849=VERTEX_POINT('',#2848);
#850=VERTEX_POINT('',#2850);
#851=VERTEX_POINT('',#2852);
#852=VERTEX_POINT('',#2856);
#853=VERTEX_POINT('',#2858);
#854=VERTEX_POINT('',#2862);
#855=VERTEX_POINT('',#2866);
#856=VERTEX_POINT('',#2867);
#857=VERTEX_POINT('',#2870);
#858=VERTEX_POINT('',#2874);
#859=VERTEX_POINT('',#2875);
#860=VERTEX_POINT('',#2885);
#861=VERTEX_POINT('',#2887);
#862=VERTEX_POINT('',#2888);
#863=VERTEX_POINT('',#2890);
#864=VERTEX_POINT('',#2892);
#865=VERTEX_POINT('',#2897);
#866=VERTEX_POINT('',#2913);
#867=VERTEX_POINT('',#2914);
#868=VERTEX_POINT('',#2941);
#869=VERTEX_POINT('',#2960);
#870=VERTEX_POINT('',#2997);
#871=VERTEX_POINT('',#3034);
#872=VERTEX_POINT('',#3036);
#873=VERTEX_POINT('',#3040);
#874=VERTEX_POINT('',#3042);
#875=VERTEX_POINT('',#3046);
#876=VERTEX_POINT('',#3050);
#877=VERTEX_POINT('',#3054);
#878=VERTEX_POINT('',#3056);
#879=VERTEX_POINT('',#3093);
#880=VERTEX_POINT('',#3095);
#881=VERTEX_POINT('',#3132);
#882=VERTEX_POINT('',#3134);
#883=VERTEX_POINT('',#3171);
#884=VERTEX_POINT('',#3173);
#885=VERTEX_POINT('',#3210);
#886=VERTEX_POINT('',#3211);
#887=VERTEX_POINT('',#3213);
#888=VERTEX_POINT('',#3215);
#889=VERTEX_POINT('',#3220);
#890=VERTEX_POINT('',#3224);
#891=VERTEX_POINT('',#3226);
#892=VERTEX_POINT('',#3236);
#893=VERTEX_POINT('',#3239);
#894=VERTEX_POINT('',#3240);
#895=VERTEX_POINT('',#3279);
#896=VERTEX_POINT('',#3280);
#897=VERTEX_POINT('',#3282);
#898=VERTEX_POINT('',#3284);
#899=VERTEX_POINT('',#3286);
#900=VERTEX_POINT('',#3295);
#901=VERTEX_POINT('',#3307);
#902=VERTEX_POINT('',#3308);
#903=VERTEX_POINT('',#3310);
#904=VERTEX_POINT('',#3312);
#905=VERTEX_POINT('',#3316);
#906=VERTEX_POINT('',#3317);
#907=VERTEX_POINT('',#3319);
#908=VERTEX_POINT('',#3321);
#909=VERTEX_POINT('',#3323);
#910=VERTEX_POINT('',#3325);
#911=VERTEX_POINT('',#3327);
#912=VERTEX_POINT('',#3329);
#913=VERTEX_POINT('',#3331);
#914=VERTEX_POINT('',#3471);
#915=VERTEX_POINT('',#3472);
#916=VERTEX_POINT('',#3510);
#917=VERTEX_POINT('',#3511);
#918=VERTEX_POINT('',#3516);
#919=VERTEX_POINT('',#3517);
#920=VERTEX_POINT('',#3522);
#921=VERTEX_POINT('',#3523);
#922=VERTEX_POINT('',#3551);
#923=VERTEX_POINT('',#3562);
#924=VERTEX_POINT('',#3564);
#925=VERTEX_POINT('',#3568);
#926=VERTEX_POINT('',#3572);
#927=VERTEX_POINT('',#3574);
#928=VERTEX_POINT('',#3576);
#929=VERTEX_POINT('',#3614);
#930=VERTEX_POINT('',#3621);
#931=VERTEX_POINT('',#3650);
#932=VERTEX_POINT('',#3655);
#933=VERTEX_POINT('',#3739);
#934=VERTEX_POINT('',#3769);
#935=VERTEX_POINT('',#3773);
#936=VERTEX_POINT('',#3777);
#937=VERTEX_POINT('',#3781);
#938=VERTEX_POINT('',#3791);
#939=VERTEX_POINT('',#3793);
#940=VERTEX_POINT('',#3804);
#941=VERTEX_POINT('',#3806);
#942=VERTEX_POINT('',#3834);
#943=VERTEX_POINT('',#3861);
#944=VERTEX_POINT('',#3951);
#945=VERTEX_POINT('',#3964);
#946=VERTEX_POINT('',#3969);
#947=VERTEX_POINT('',#3970);
#948=VERTEX_POINT('',#3975);
#949=VERTEX_POINT('',#3988);
#950=VERTEX_POINT('',#3989);
#951=VERTEX_POINT('',#3992);
#952=VERTEX_POINT('',#4015);
#953=VERTEX_POINT('',#4020);
#954=VERTEX_POINT('',#4024);
#955=VERTEX_POINT('',#4025);
#956=VERTEX_POINT('',#4030);
#957=VERTEX_POINT('',#4032);
#958=VERTEX_POINT('',#4034);
#959=VERTEX_POINT('',#4039);
#960=VERTEX_POINT('',#4046);
#961=VERTEX_POINT('',#4051);
#962=VERTEX_POINT('',#4059);
#963=EDGE_CURVE('',#786,#786,#740,.T.);
#964=EDGE_CURVE('',#786,#787,#444,.T.);
#965=EDGE_CURVE('',#787,#788,#741,.T.);
#966=EDGE_CURVE('',#788,#789,#445,.T.);
#967=EDGE_CURVE('',#789,#790,#742,.T.);
#968=EDGE_CURVE('',#790,#791,#446,.T.);
#969=EDGE_CURVE('',#791,#792,#743,.T.);
#970=EDGE_CURVE('',#792,#793,#447,.T.);
#971=EDGE_CURVE('',#793,#794,#744,.T.);
#972=EDGE_CURVE('',#794,#795,#448,.T.);
#973=EDGE_CURVE('',#795,#787,#745,.T.);
#974=EDGE_CURVE('',#796,#797,#746,.T.);
#975=EDGE_CURVE('',#798,#797,#449,.T.);
#976=EDGE_CURVE('',#799,#798,#747,.T.);
#977=EDGE_CURVE('',#800,#799,#450,.T.);
#978=EDGE_CURVE('',#796,#800,#451,.T.);
#979=EDGE_CURVE('',#801,#801,#143,.T.);
#980=EDGE_CURVE('',#802,#802,#144,.T.);
#981=EDGE_CURVE('',#803,#803,#145,.T.);
#982=EDGE_CURVE('',#804,#805,#748,.T.);
#983=EDGE_CURVE('',#806,#805,#452,.T.);
#984=EDGE_CURVE('',#806,#807,#453,.T.);
#985=EDGE_CURVE('',#807,#808,#749,.T.);
#986=EDGE_CURVE('',#808,#804,#454,.T.);
#987=EDGE_CURVE('',#809,#810,#455,.T.);
#988=EDGE_CURVE('',#810,#811,#750,.T.);
#989=EDGE_CURVE('',#811,#812,#456,.T.);
#990=EDGE_CURVE('',#812,#809,#751,.T.);
#991=EDGE_CURVE('',#813,#814,#457,.T.);
#992=EDGE_CURVE('',#813,#815,#752,.T.);
#993=EDGE_CURVE('',#815,#816,#146,.T.);
#994=EDGE_CURVE('',#816,#817,#753,.T.);
#995=EDGE_CURVE('',#817,#818,#458,.T.);
#996=EDGE_CURVE('',#814,#818,#754,.T.);
#997=EDGE_CURVE('',#817,#819,#459,.T.);
#998=EDGE_CURVE('',#816,#820,#67,.T.);
#999=EDGE_CURVE('',#820,#815,#68,.T.);
#1000=EDGE_CURVE('',#821,#813,#460,.T.);
#1001=EDGE_CURVE('',#822,#821,#755,.T.);
#1002=EDGE_CURVE('',#823,#822,#461,.T.);
#1003=EDGE_CURVE('',#823,#819,#462,.T.);
#1004=EDGE_CURVE('',#819,#824,#463,.T.);
#1005=EDGE_CURVE('',#824,#825,#464,.T.);
#1006=EDGE_CURVE('',#825,#826,#465,.T.);
#1007=EDGE_CURVE('',#826,#818,#466,.T.);
#1008=EDGE_CURVE('',#826,#827,#467,.T.);
#1009=EDGE_CURVE('',#828,#827,#468,.T.);
#1010=EDGE_CURVE('',#828,#814,#469,.T.);
#1011=EDGE_CURVE('',#829,#827,#470,.T.);
#1012=EDGE_CURVE('',#829,#830,#471,.T.);
#1013=EDGE_CURVE('',#830,#823,#472,.T.);
#1014=EDGE_CURVE('',#822,#831,#473,.T.);
#1015=EDGE_CURVE('',#828,#831,#474,.T.);
#1016=EDGE_CURVE('',#832,#833,#147,.T.);
#1017=EDGE_CURVE('',#834,#832,#148,.T.);
#1018=EDGE_CURVE('',#835,#834,#149,.T.);
#1019=EDGE_CURVE('',#833,#835,#150,.T.);
#1020=EDGE_CURVE('',#829,#825,#475,.T.);
#1021=EDGE_CURVE('',#830,#824,#476,.T.);
#1022=EDGE_CURVE('',#836,#837,#151,.T.);
#1023=EDGE_CURVE('',#838,#836,#477,.T.);
#1024=EDGE_CURVE('',#839,#838,#478,.T.);
#1025=EDGE_CURVE('',#840,#839,#479,.T.);
#1026=EDGE_CURVE('',#837,#840,#480,.T.);
#1027=EDGE_CURVE('',#841,#842,#481,.T.);
#1028=EDGE_CURVE('',#843,#841,#482,.T.);
#1029=EDGE_CURVE('',#844,#843,#483,.T.);
#1030=EDGE_CURVE('',#842,#844,#484,.T.);
#1031=EDGE_CURVE('',#843,#845,#485,.T.);
#1032=EDGE_CURVE('',#846,#845,#486,.T.);
#1033=EDGE_CURVE('',#846,#844,#487,.T.);
#1034=EDGE_CURVE('',#847,#841,#488,.T.);
#1035=EDGE_CURVE('',#845,#847,#489,.T.);
#1036=EDGE_CURVE('',#848,#849,#490,.T.);
#1037=EDGE_CURVE('',#850,#848,#491,.T.);
#1038=EDGE_CURVE('',#851,#850,#492,.T.);
#1039=EDGE_CURVE('',#849,#851,#493,.T.);
#1040=EDGE_CURVE('',#850,#852,#494,.T.);
#1041=EDGE_CURVE('',#853,#852,#495,.T.);
#1042=EDGE_CURVE('',#853,#851,#496,.T.);
#1043=EDGE_CURVE('',#854,#848,#497,.T.);
#1044=EDGE_CURVE('',#852,#854,#498,.T.);
#1045=EDGE_CURVE('',#855,#856,#499,.T.);
#1046=EDGE_CURVE('',#856,#847,#69,.T.);
#1047=EDGE_CURVE('',#847,#857,#500,.T.);
#1048=EDGE_CURVE('',#857,#855,#70,.T.);
#1049=EDGE_CURVE('',#858,#859,#501,.T.);
#1050=EDGE_CURVE('',#859,#846,#71,.T.);
#1051=EDGE_CURVE('',#845,#858,#72,.T.);
#1052=EDGE_CURVE('',#857,#846,#502,.T.);
#1053=EDGE_CURVE('',#859,#855,#503,.T.);
#1054=EDGE_CURVE('',#856,#858,#504,.T.);
#1055=EDGE_CURVE('',#860,#860,#756,.T.);
#1056=EDGE_CURVE('',#861,#862,#505,.T.);
#1057=EDGE_CURVE('',#863,#861,#506,.T.);
#1058=EDGE_CURVE('',#864,#863,#507,.T.);
#1059=EDGE_CURVE('',#862,#864,#508,.T.);
#1060=EDGE_CURVE('',#863,#854,#73,.T.);
#1061=EDGE_CURVE('',#854,#865,#509,.T.);
#1062=EDGE_CURVE('',#865,#864,#74,.T.);
#1063=EDGE_CURVE('',#852,#861,#75,.T.);
#1064=EDGE_CURVE('',#862,#853,#76,.T.);
#1065=EDGE_CURVE('',#865,#853,#510,.T.);
#1066=EDGE_CURVE('',#849,#865,#511,.T.);
#1067=EDGE_CURVE('',#842,#857,#512,.T.);
#1068=EDGE_CURVE('',#866,#867,#152,.T.);
#1069=EDGE_CURVE('',#868,#866,#153,.T.);
#1070=EDGE_CURVE('',#868,#801,#513,.T.);
#1071=EDGE_CURVE('',#867,#868,#154,.T.);
#1072=EDGE_CURVE('',#869,#869,#155,.T.);
#1073=EDGE_CURVE('',#869,#802,#514,.T.);
#1074=EDGE_CURVE('',#870,#870,#156,.T.);
#1075=EDGE_CURVE('',#870,#803,#515,.T.);
#1076=EDGE_CURVE('',#871,#791,#516,.T.);
#1077=EDGE_CURVE('',#872,#871,#517,.T.);
#1078=EDGE_CURVE('',#792,#872,#518,.T.);
#1079=EDGE_CURVE('',#873,#795,#519,.T.);
#1080=EDGE_CURVE('',#874,#873,#520,.T.);
#1081=EDGE_CURVE('',#788,#874,#521,.T.);
#1082=EDGE_CURVE('',#875,#794,#522,.T.);
#1083=EDGE_CURVE('',#875,#873,#523,.T.);
#1084=EDGE_CURVE('',#872,#876,#524,.T.);
#1085=EDGE_CURVE('',#793,#876,#525,.T.);
#1086=EDGE_CURVE('',#877,#877,#77,.T.);
#1087=EDGE_CURVE('',#877,#878,#526,.T.);
#1088=EDGE_CURVE('',#878,#878,#157,.T.);
#1089=EDGE_CURVE('',#879,#879,#78,.T.);
#1090=EDGE_CURVE('',#879,#880,#527,.T.);
#1091=EDGE_CURVE('',#880,#880,#158,.T.);
#1092=EDGE_CURVE('',#881,#881,#79,.T.);
#1093=EDGE_CURVE('',#881,#882,#528,.T.);
#1094=EDGE_CURVE('',#882,#882,#159,.T.);
#1095=EDGE_CURVE('',#883,#883,#80,.T.);
#1096=EDGE_CURVE('',#883,#884,#529,.T.);
#1097=EDGE_CURVE('',#884,#884,#160,.T.);
#1098=EDGE_CURVE('',#885,#886,#530,.T.);
#1099=EDGE_CURVE('',#887,#885,#531,.T.);
#1100=EDGE_CURVE('',#888,#887,#757,.T.);
#1101=EDGE_CURVE('',#886,#888,#532,.T.);
#1102=EDGE_CURVE('',#886,#876,#533,.T.);
#1103=EDGE_CURVE('',#889,#871,#534,.T.);
#1104=EDGE_CURVE('',#889,#885,#535,.T.);
#1105=EDGE_CURVE('',#890,#875,#536,.T.);
#1106=EDGE_CURVE('',#888,#891,#758,.T.);
#1107=EDGE_CURVE('',#891,#887,#759,.T.);
#1108=EDGE_CURVE('',#889,#790,#537,.T.);
#1109=EDGE_CURVE('',#789,#890,#538,.T.);
#1110=EDGE_CURVE('',#874,#890,#539,.T.);
#1111=EDGE_CURVE('',#892,#891,#540,.T.);
#1112=EDGE_CURVE('',#892,#892,#760,.T.);
#1113=EDGE_CURVE('',#893,#894,#161,.T.);
#1114=EDGE_CURVE('',#894,#893,#162,.T.);
#1115=EDGE_CURVE('',#895,#896,#541,.T.);
#1116=EDGE_CURVE('',#897,#895,#81,.T.);
#1117=EDGE_CURVE('',#898,#897,#542,.T.);
#1118=EDGE_CURVE('',#899,#898,#163,.F.);
#1119=EDGE_CURVE('',#900,#899,#761,.T.);
#1120=EDGE_CURVE('',#896,#900,#164,.F.);
#1121=EDGE_CURVE('',#901,#902,#543,.T.);
#1122=EDGE_CURVE('',#902,#903,#762,.T.);
#1123=EDGE_CURVE('',#903,#904,#544,.T.);
#1124=EDGE_CURVE('',#904,#901,#82,.T.);
#1125=EDGE_CURVE('',#905,#906,#545,.T.);
#1126=EDGE_CURVE('',#906,#907,#546,.T.);
#1127=EDGE_CURVE('',#908,#907,#547,.F.);
#1128=EDGE_CURVE('',#908,#909,#83,.T.);
#1129=EDGE_CURVE('',#909,#910,#84,.T.);
#1130=EDGE_CURVE('',#910,#911,#85,.T.);
#1131=EDGE_CURVE('',#911,#912,#86,.T.);
#1132=EDGE_CURVE('',#912,#913,#87,.T.);
#1133=EDGE_CURVE('',#913,#905,#88,.T.);
#1134=EDGE_CURVE('',#912,#910,#165,.T.);
#1135=EDGE_CURVE('',#911,#820,#548,.T.);
#1136=EDGE_CURVE('',#901,#909,#166,.T.);
#1137=EDGE_CURVE('',#913,#904,#167,.T.);
#1138=EDGE_CURVE('',#828,#831,#549,.T.);
#1139=EDGE_CURVE('',#831,#821,#550,.T.);
#1140=EDGE_CURVE('',#914,#915,#763,.T.);
#1141=EDGE_CURVE('',#915,#895,#168,.T.);
#1142=EDGE_CURVE('',#895,#914,#169,.T.);
#1143=EDGE_CURVE('',#916,#917,#764,.T.);
#1144=EDGE_CURVE('',#917,#915,#89,.T.);
#1145=EDGE_CURVE('',#914,#916,#90,.T.);
#1146=EDGE_CURVE('',#918,#919,#765,.T.);
#1147=EDGE_CURVE('',#919,#917,#551,.T.);
#1148=EDGE_CURVE('',#916,#918,#552,.T.);
#1149=EDGE_CURVE('',#920,#921,#766,.T.);
#1150=EDGE_CURVE('',#921,#919,#767,.T.);
#1151=EDGE_CURVE('',#918,#920,#768,.T.);
#1152=EDGE_CURVE('',#915,#922,#91,.T.);
#1153=EDGE_CURVE('',#897,#922,#170,.T.);
#1154=EDGE_CURVE('',#923,#919,#553,.T.);
#1155=EDGE_CURVE('',#924,#923,#554,.T.);
#1156=EDGE_CURVE('',#922,#924,#92,.T.);
#1157=EDGE_CURVE('',#921,#925,#555,.T.);
#1158=EDGE_CURVE('',#923,#925,#769,.T.);
#1159=EDGE_CURVE('',#920,#926,#556,.T.);
#1160=EDGE_CURVE('',#927,#926,#770,.T.);
#1161=EDGE_CURVE('',#927,#928,#557,.T.);
#1162=EDGE_CURVE('',#928,#921,#558,.T.);
#1163=EDGE_CURVE('',#900,#929,#171,.T.);
#1164=EDGE_CURVE('',#929,#930,#771,.T.);
#1165=EDGE_CURVE('',#930,#896,#172,.T.);
#1166=EDGE_CURVE('',#929,#931,#173,.T.);
#1167=EDGE_CURVE('',#931,#932,#772,.T.);
#1168=EDGE_CURVE('',#932,#930,#174,.T.);
#1169=EDGE_CURVE('',#931,#927,#175,.T.);
#1170=EDGE_CURVE('',#926,#932,#176,.T.);
#1171=EDGE_CURVE('',#930,#916,#559,.T.);
#1172=EDGE_CURVE('',#933,#897,#177,.T.);
#1173=EDGE_CURVE('',#922,#933,#773,.T.);
#1174=EDGE_CURVE('',#924,#934,#774,.T.);
#1175=EDGE_CURVE('',#934,#933,#93,.T.);
#1176=EDGE_CURVE('',#923,#935,#775,.T.);
#1177=EDGE_CURVE('',#935,#934,#560,.T.);
#1178=EDGE_CURVE('',#925,#936,#776,.T.);
#1179=EDGE_CURVE('',#936,#935,#777,.T.);
#1180=EDGE_CURVE('',#934,#937,#561,.T.);
#1181=EDGE_CURVE('',#898,#937,#178,.T.);
#1182=EDGE_CURVE('',#938,#936,#562,.T.);
#1183=EDGE_CURVE('',#939,#938,#179,.T.);
#1184=EDGE_CURVE('',#937,#939,#180,.T.);
#1185=EDGE_CURVE('',#925,#940,#563,.T.);
#1186=EDGE_CURVE('',#940,#941,#564,.T.);
#1187=EDGE_CURVE('',#941,#938,#778,.T.);
#1188=EDGE_CURVE('',#941,#942,#181,.T.);
#1189=EDGE_CURVE('',#942,#939,#779,.T.);
#1190=EDGE_CURVE('',#942,#943,#182,.T.);
#1191=EDGE_CURVE('',#943,#937,#780,.T.);
#1192=EDGE_CURVE('',#943,#899,#183,.T.);
#1193=EDGE_CURVE('',#931,#942,#184,.T.);
#1194=EDGE_CURVE('',#941,#927,#185,.T.);
#1195=EDGE_CURVE('',#837,#944,#186,.T.);
#1196=EDGE_CURVE('',#944,#836,#187,.T.);
#1197=EDGE_CURVE('',#894,#945,#565,.T.);
#1198=EDGE_CURVE('',#945,#945,#781,.T.);
#1199=EDGE_CURVE('',#946,#947,#566,.T.);
#1200=EDGE_CURVE('',#946,#947,#567,.T.);
#1201=EDGE_CURVE('',#902,#948,#188,.T.);
#1202=EDGE_CURVE('',#948,#908,#568,.T.);
#1203=EDGE_CURVE('',#949,#950,#569,.T.);
#1204=EDGE_CURVE('',#949,#906,#782,.T.);
#1205=EDGE_CURVE('',#905,#951,#570,.T.);
#1206=EDGE_CURVE('',#951,#835,#15,.T.);
#1207=EDGE_CURVE('',#950,#834,#571,.T.);
#1208=EDGE_CURVE('',#951,#903,#189,.T.);
#1209=EDGE_CURVE('',#833,#948,#16,.F.);
#1210=EDGE_CURVE('',#832,#946,#572,.T.);
#1211=EDGE_CURVE('',#907,#952,#783,.T.);
#1212=EDGE_CURVE('',#946,#952,#573,.T.);
#1213=EDGE_CURVE('',#952,#949,#574,.T.);
#1214=EDGE_CURVE('',#953,#950,#575,.T.);
#1215=EDGE_CURVE('',#954,#955,#576,.T.);
#1216=EDGE_CURVE('',#838,#954,#577,.T.);
#1217=EDGE_CURVE('',#955,#944,#578,.T.);
#1218=EDGE_CURVE('',#954,#956,#579,.T.);
#1219=EDGE_CURVE('',#957,#955,#580,.T.);
#1220=EDGE_CURVE('',#958,#957,#784,.T.);
#1221=EDGE_CURVE('',#809,#958,#581,.T.);
#1222=EDGE_CURVE('',#812,#956,#582,.T.);
#1223=EDGE_CURVE('',#959,#958,#583,.T.);
#1224=EDGE_CURVE('',#957,#959,#584,.T.);
#1225=EDGE_CURVE('',#810,#840,#585,.T.);
#1226=EDGE_CURVE('',#811,#839,#586,.T.);
#1227=EDGE_CURVE('',#960,#959,#587,.T.);
#1228=EDGE_CURVE('',#960,#840,#588,.T.);
#1229=EDGE_CURVE('',#839,#961,#589,.T.);
#1230=EDGE_CURVE('',#956,#961,#590,.T.);
#1231=EDGE_CURVE('',#860,#962,#591,.T.);
#1232=EDGE_CURVE('',#962,#962,#785,.T.);
#1233=ORIENTED_EDGE('',*,*,#963,.T.);
#1234=ORIENTED_EDGE('',*,*,#964,.T.);
#1235=ORIENTED_EDGE('',*,*,#965,.T.);
#1236=ORIENTED_EDGE('',*,*,#966,.T.);
#1237=ORIENTED_EDGE('',*,*,#967,.T.);
#1238=ORIENTED_EDGE('',*,*,#968,.T.);
#1239=ORIENTED_EDGE('',*,*,#969,.T.);
#1240=ORIENTED_EDGE('',*,*,#970,.T.);
#1241=ORIENTED_EDGE('',*,*,#971,.T.);
#1242=ORIENTED_EDGE('',*,*,#972,.T.);
#1243=ORIENTED_EDGE('',*,*,#973,.T.);
#1244=ORIENTED_EDGE('',*,*,#964,.F.);
#1245=ORIENTED_EDGE('',*,*,#974,.T.);
#1246=ORIENTED_EDGE('',*,*,#975,.F.);
#1247=ORIENTED_EDGE('',*,*,#976,.F.);
#1248=ORIENTED_EDGE('',*,*,#977,.F.);
#1249=ORIENTED_EDGE('',*,*,#978,.F.);
#1250=ORIENTED_EDGE('',*,*,#979,.T.);
#1251=ORIENTED_EDGE('',*,*,#980,.T.);
#1252=ORIENTED_EDGE('',*,*,#981,.T.);
#1253=ORIENTED_EDGE('',*,*,#982,.T.);
#1254=ORIENTED_EDGE('',*,*,#983,.F.);
#1255=ORIENTED_EDGE('',*,*,#984,.T.);
#1256=ORIENTED_EDGE('',*,*,#985,.T.);
#1257=ORIENTED_EDGE('',*,*,#986,.T.);
#1258=ORIENTED_EDGE('',*,*,#987,.T.);
#1259=ORIENTED_EDGE('',*,*,#988,.T.);
#1260=ORIENTED_EDGE('',*,*,#989,.T.);
#1261=ORIENTED_EDGE('',*,*,#990,.T.);
#1262=ORIENTED_EDGE('',*,*,#991,.F.);
#1263=ORIENTED_EDGE('',*,*,#992,.T.);
#1264=ORIENTED_EDGE('',*,*,#993,.T.);
#1265=ORIENTED_EDGE('',*,*,#994,.T.);
#1266=ORIENTED_EDGE('',*,*,#995,.T.);
#1267=ORIENTED_EDGE('',*,*,#996,.F.);
#1268=ORIENTED_EDGE('',*,*,#997,.F.);
#1269=ORIENTED_EDGE('',*,*,#994,.F.);
#1270=ORIENTED_EDGE('',*,*,#998,.T.);
#1271=ORIENTED_EDGE('',*,*,#999,.T.);
#1272=ORIENTED_EDGE('',*,*,#992,.F.);
#1273=ORIENTED_EDGE('',*,*,#1000,.F.);
#1274=ORIENTED_EDGE('',*,*,#1001,.F.);
#1275=ORIENTED_EDGE('',*,*,#1002,.F.);
#1276=ORIENTED_EDGE('',*,*,#1003,.T.);
#1277=ORIENTED_EDGE('',*,*,#995,.F.);
#1278=ORIENTED_EDGE('',*,*,#997,.T.);
#1279=ORIENTED_EDGE('',*,*,#1004,.T.);
#1280=ORIENTED_EDGE('',*,*,#1005,.T.);
#1281=ORIENTED_EDGE('',*,*,#1006,.T.);
#1282=ORIENTED_EDGE('',*,*,#1007,.T.);
#1283=ORIENTED_EDGE('',*,*,#1007,.F.);
#1284=ORIENTED_EDGE('',*,*,#1008,.T.);
#1285=ORIENTED_EDGE('',*,*,#1009,.F.);
#1286=ORIENTED_EDGE('',*,*,#1010,.T.);
#1287=ORIENTED_EDGE('',*,*,#996,.T.);
#1288=ORIENTED_EDGE('',*,*,#1009,.T.);
#1289=ORIENTED_EDGE('',*,*,#1011,.F.);
#1290=ORIENTED_EDGE('',*,*,#1012,.T.);
#1291=ORIENTED_EDGE('',*,*,#1013,.T.);
#1292=ORIENTED_EDGE('',*,*,#1002,.T.);
#1293=ORIENTED_EDGE('',*,*,#1014,.T.);
#1294=ORIENTED_EDGE('',*,*,#1015,.F.);
#1295=ORIENTED_EDGE('',*,*,#1016,.F.);
#1296=ORIENTED_EDGE('',*,*,#1017,.F.);
#1297=ORIENTED_EDGE('',*,*,#1018,.F.);
#1298=ORIENTED_EDGE('',*,*,#1019,.F.);
#1299=ORIENTED_EDGE('',*,*,#1008,.F.);
#1300=ORIENTED_EDGE('',*,*,#1006,.F.);
#1301=ORIENTED_EDGE('',*,*,#1020,.F.);
#1302=ORIENTED_EDGE('',*,*,#1011,.T.);
#1303=ORIENTED_EDGE('',*,*,#1020,.T.);
#1304=ORIENTED_EDGE('',*,*,#1005,.F.);
#1305=ORIENTED_EDGE('',*,*,#1021,.F.);
#1306=ORIENTED_EDGE('',*,*,#1012,.F.);
#1307=ORIENTED_EDGE('',*,*,#1022,.F.);
#1308=ORIENTED_EDGE('',*,*,#1023,.F.);
#1309=ORIENTED_EDGE('',*,*,#1024,.F.);
#1310=ORIENTED_EDGE('',*,*,#1025,.F.);
#1311=ORIENTED_EDGE('',*,*,#1026,.F.);
#1312=ORIENTED_EDGE('',*,*,#1027,.F.);
#1313=ORIENTED_EDGE('',*,*,#1028,.F.);
#1314=ORIENTED_EDGE('',*,*,#1029,.F.);
#1315=ORIENTED_EDGE('',*,*,#1030,.F.);
#1316=ORIENTED_EDGE('',*,*,#1029,.T.);
#1317=ORIENTED_EDGE('',*,*,#1031,.T.);
#1318=ORIENTED_EDGE('',*,*,#1032,.F.);
#1319=ORIENTED_EDGE('',*,*,#1033,.T.);
#1320=ORIENTED_EDGE('',*,*,#1028,.T.);
#1321=ORIENTED_EDGE('',*,*,#1034,.F.);
#1322=ORIENTED_EDGE('',*,*,#1035,.F.);
#1323=ORIENTED_EDGE('',*,*,#1031,.F.);
#1324=ORIENTED_EDGE('',*,*,#1036,.F.);
#1325=ORIENTED_EDGE('',*,*,#1037,.F.);
#1326=ORIENTED_EDGE('',*,*,#1038,.F.);
#1327=ORIENTED_EDGE('',*,*,#1039,.F.);
#1328=ORIENTED_EDGE('',*,*,#1038,.T.);
#1329=ORIENTED_EDGE('',*,*,#1040,.T.);
#1330=ORIENTED_EDGE('',*,*,#1041,.F.);
#1331=ORIENTED_EDGE('',*,*,#1042,.T.);
#1332=ORIENTED_EDGE('',*,*,#1037,.T.);
#1333=ORIENTED_EDGE('',*,*,#1043,.F.);
#1334=ORIENTED_EDGE('',*,*,#1044,.F.);
#1335=ORIENTED_EDGE('',*,*,#1040,.F.);
#1336=ORIENTED_EDGE('',*,*,#1045,.T.);
#1337=ORIENTED_EDGE('',*,*,#1046,.T.);
#1338=ORIENTED_EDGE('',*,*,#1047,.T.);
#1339=ORIENTED_EDGE('',*,*,#1048,.T.);
#1340=ORIENTED_EDGE('',*,*,#1049,.T.);
#1341=ORIENTED_EDGE('',*,*,#1050,.T.);
#1342=ORIENTED_EDGE('',*,*,#1032,.T.);
#1343=ORIENTED_EDGE('',*,*,#1051,.T.);
#1344=ORIENTED_EDGE('',*,*,#1052,.T.);
#1345=ORIENTED_EDGE('',*,*,#1050,.F.);
#1346=ORIENTED_EDGE('',*,*,#1053,.T.);
#1347=ORIENTED_EDGE('',*,*,#1048,.F.);
#1348=ORIENTED_EDGE('',*,*,#1054,.T.);
#1349=ORIENTED_EDGE('',*,*,#1051,.F.);
#1350=ORIENTED_EDGE('',*,*,#1035,.T.);
#1351=ORIENTED_EDGE('',*,*,#1046,.F.);
#1352=ORIENTED_EDGE('',*,*,#1055,.T.);
#1353=ORIENTED_EDGE('',*,*,#1056,.F.);
#1354=ORIENTED_EDGE('',*,*,#1057,.F.);
#1355=ORIENTED_EDGE('',*,*,#1058,.F.);
#1356=ORIENTED_EDGE('',*,*,#1059,.F.);
#1357=ORIENTED_EDGE('',*,*,#1049,.F.);
#1358=ORIENTED_EDGE('',*,*,#1054,.F.);
#1359=ORIENTED_EDGE('',*,*,#1045,.F.);
#1360=ORIENTED_EDGE('',*,*,#1053,.F.);
#1361=ORIENTED_EDGE('',*,*,#1058,.T.);
#1362=ORIENTED_EDGE('',*,*,#1060,.T.);
#1363=ORIENTED_EDGE('',*,*,#1061,.T.);
#1364=ORIENTED_EDGE('',*,*,#1062,.T.);
#1365=ORIENTED_EDGE('',*,*,#1041,.T.);
#1366=ORIENTED_EDGE('',*,*,#1063,.T.);
#1367=ORIENTED_EDGE('',*,*,#1056,.T.);
#1368=ORIENTED_EDGE('',*,*,#1064,.T.);
#1369=ORIENTED_EDGE('',*,*,#1057,.T.);
#1370=ORIENTED_EDGE('',*,*,#1063,.F.);
#1371=ORIENTED_EDGE('',*,*,#1044,.T.);
#1372=ORIENTED_EDGE('',*,*,#1060,.F.);
#1373=ORIENTED_EDGE('',*,*,#1059,.T.);
#1374=ORIENTED_EDGE('',*,*,#1062,.F.);
#1375=ORIENTED_EDGE('',*,*,#1065,.T.);
#1376=ORIENTED_EDGE('',*,*,#1064,.F.);
#1377=ORIENTED_EDGE('',*,*,#1039,.T.);
#1378=ORIENTED_EDGE('',*,*,#1042,.F.);
#1379=ORIENTED_EDGE('',*,*,#1065,.F.);
#1380=ORIENTED_EDGE('',*,*,#1066,.F.);
#1381=ORIENTED_EDGE('',*,*,#1030,.T.);
#1382=ORIENTED_EDGE('',*,*,#1033,.F.);
#1383=ORIENTED_EDGE('',*,*,#1052,.F.);
#1384=ORIENTED_EDGE('',*,*,#1067,.F.);
#1385=ORIENTED_EDGE('',*,*,#1036,.T.);
#1386=ORIENTED_EDGE('',*,*,#1066,.T.);
#1387=ORIENTED_EDGE('',*,*,#1061,.F.);
#1388=ORIENTED_EDGE('',*,*,#1043,.T.);
#1389=ORIENTED_EDGE('',*,*,#1027,.T.);
#1390=ORIENTED_EDGE('',*,*,#1067,.T.);
#1391=ORIENTED_EDGE('',*,*,#1047,.F.);
#1392=ORIENTED_EDGE('',*,*,#1034,.T.);
#1393=ORIENTED_EDGE('',*,*,#1068,.F.);
#1394=ORIENTED_EDGE('',*,*,#1069,.F.);
#1395=ORIENTED_EDGE('',*,*,#1070,.T.);
#1396=ORIENTED_EDGE('',*,*,#979,.F.);
#1397=ORIENTED_EDGE('',*,*,#1070,.F.);
#1398=ORIENTED_EDGE('',*,*,#1071,.F.);
#1399=ORIENTED_EDGE('',*,*,#1072,.F.);
#1400=ORIENTED_EDGE('',*,*,#1073,.T.);
#1401=ORIENTED_EDGE('',*,*,#980,.F.);
#1402=ORIENTED_EDGE('',*,*,#1073,.F.);
#1403=ORIENTED_EDGE('',*,*,#1074,.F.);
#1404=ORIENTED_EDGE('',*,*,#1075,.T.);
#1405=ORIENTED_EDGE('',*,*,#981,.F.);
#1406=ORIENTED_EDGE('',*,*,#1075,.F.);
#1407=ORIENTED_EDGE('',*,*,#969,.F.);
#1408=ORIENTED_EDGE('',*,*,#1076,.F.);
#1409=ORIENTED_EDGE('',*,*,#1077,.F.);
#1410=ORIENTED_EDGE('',*,*,#1078,.F.);
#1411=ORIENTED_EDGE('',*,*,#973,.F.);
#1412=ORIENTED_EDGE('',*,*,#1079,.F.);
#1413=ORIENTED_EDGE('',*,*,#1080,.F.);
#1414=ORIENTED_EDGE('',*,*,#1081,.F.);
#1415=ORIENTED_EDGE('',*,*,#965,.F.);
#1416=ORIENTED_EDGE('',*,*,#972,.F.);
#1417=ORIENTED_EDGE('',*,*,#1082,.F.);
#1418=ORIENTED_EDGE('',*,*,#1083,.T.);
#1419=ORIENTED_EDGE('',*,*,#1079,.T.);
#1420=ORIENTED_EDGE('',*,*,#1084,.T.);
#1421=ORIENTED_EDGE('',*,*,#1085,.F.);
#1422=ORIENTED_EDGE('',*,*,#970,.F.);
#1423=ORIENTED_EDGE('',*,*,#1078,.T.);
#1424=ORIENTED_EDGE('',*,*,#1086,.F.);
#1425=ORIENTED_EDGE('',*,*,#1087,.T.);
#1426=ORIENTED_EDGE('',*,*,#1088,.F.);
#1427=ORIENTED_EDGE('',*,*,#1087,.F.);
#1428=ORIENTED_EDGE('',*,*,#1089,.F.);
#1429=ORIENTED_EDGE('',*,*,#1090,.T.);
#1430=ORIENTED_EDGE('',*,*,#1091,.F.);
#1431=ORIENTED_EDGE('',*,*,#1090,.F.);
#1432=ORIENTED_EDGE('',*,*,#1092,.F.);
#1433=ORIENTED_EDGE('',*,*,#1093,.T.);
#1434=ORIENTED_EDGE('',*,*,#1094,.F.);
#1435=ORIENTED_EDGE('',*,*,#1093,.F.);
#1436=ORIENTED_EDGE('',*,*,#1095,.F.);
#1437=ORIENTED_EDGE('',*,*,#1096,.T.);
#1438=ORIENTED_EDGE('',*,*,#1097,.F.);
#1439=ORIENTED_EDGE('',*,*,#1096,.F.);
#1440=ORIENTED_EDGE('',*,*,#1098,.F.);
#1441=ORIENTED_EDGE('',*,*,#1099,.F.);
#1442=ORIENTED_EDGE('',*,*,#1100,.F.);
#1443=ORIENTED_EDGE('',*,*,#1101,.F.);
#1444=ORIENTED_EDGE('',*,*,#1102,.T.);
#1445=ORIENTED_EDGE('',*,*,#1084,.F.);
#1446=ORIENTED_EDGE('',*,*,#1077,.T.);
#1447=ORIENTED_EDGE('',*,*,#1103,.F.);
#1448=ORIENTED_EDGE('',*,*,#1104,.T.);
#1449=ORIENTED_EDGE('',*,*,#1098,.T.);
#1450=ORIENTED_EDGE('',*,*,#1092,.T.);
#1451=ORIENTED_EDGE('',*,*,#1095,.T.);
#1452=ORIENTED_EDGE('',*,*,#1105,.T.);
#1453=ORIENTED_EDGE('',*,*,#1082,.T.);
#1454=ORIENTED_EDGE('',*,*,#971,.F.);
#1455=ORIENTED_EDGE('',*,*,#1085,.T.);
#1456=ORIENTED_EDGE('',*,*,#1102,.F.);
#1457=ORIENTED_EDGE('',*,*,#1101,.T.);
#1458=ORIENTED_EDGE('',*,*,#1106,.T.);
#1459=ORIENTED_EDGE('',*,*,#1107,.T.);
#1460=ORIENTED_EDGE('',*,*,#1099,.T.);
#1461=ORIENTED_EDGE('',*,*,#1104,.F.);
#1462=ORIENTED_EDGE('',*,*,#1108,.T.);
#1463=ORIENTED_EDGE('',*,*,#967,.F.);
#1464=ORIENTED_EDGE('',*,*,#1109,.T.);
#1465=ORIENTED_EDGE('',*,*,#1110,.T.);
#1466=ORIENTED_EDGE('',*,*,#1109,.F.);
#1467=ORIENTED_EDGE('',*,*,#966,.F.);
#1468=ORIENTED_EDGE('',*,*,#1081,.T.);
#1469=ORIENTED_EDGE('',*,*,#1083,.F.);
#1470=ORIENTED_EDGE('',*,*,#1105,.F.);
#1471=ORIENTED_EDGE('',*,*,#1110,.F.);
#1472=ORIENTED_EDGE('',*,*,#1080,.T.);
#1473=ORIENTED_EDGE('',*,*,#1086,.T.);
#1474=ORIENTED_EDGE('',*,*,#1089,.T.);
#1475=ORIENTED_EDGE('',*,*,#968,.F.);
#1476=ORIENTED_EDGE('',*,*,#1108,.F.);
#1477=ORIENTED_EDGE('',*,*,#1103,.T.);
#1478=ORIENTED_EDGE('',*,*,#1076,.T.);
#1479=ORIENTED_EDGE('',*,*,#1100,.T.);
#1480=ORIENTED_EDGE('',*,*,#1107,.F.);
#1481=ORIENTED_EDGE('',*,*,#1111,.F.);
#1482=ORIENTED_EDGE('',*,*,#1112,.T.);
#1483=ORIENTED_EDGE('',*,*,#1111,.T.);
#1484=ORIENTED_EDGE('',*,*,#1106,.F.);
#1485=ORIENTED_EDGE('',*,*,#1068,.T.);
#1486=ORIENTED_EDGE('',*,*,#1071,.T.);
#1487=ORIENTED_EDGE('',*,*,#1069,.T.);
#1488=ORIENTED_EDGE('',*,*,#1072,.T.);
#1489=ORIENTED_EDGE('',*,*,#1074,.T.);
#1490=ORIENTED_EDGE('',*,*,#1088,.T.);
#1491=ORIENTED_EDGE('',*,*,#1091,.T.);
#1492=ORIENTED_EDGE('',*,*,#1094,.T.);
#1493=ORIENTED_EDGE('',*,*,#1097,.T.);
#1494=ORIENTED_EDGE('',*,*,#1113,.T.);
#1495=ORIENTED_EDGE('',*,*,#1114,.T.);
#1496=ORIENTED_EDGE('',*,*,#1115,.F.);
#1497=ORIENTED_EDGE('',*,*,#1116,.F.);
#1498=ORIENTED_EDGE('',*,*,#1117,.F.);
#1499=ORIENTED_EDGE('',*,*,#1118,.F.);
#1500=ORIENTED_EDGE('',*,*,#1119,.F.);
#1501=ORIENTED_EDGE('',*,*,#1120,.F.);
#1502=ORIENTED_EDGE('',*,*,#1121,.T.);
#1503=ORIENTED_EDGE('',*,*,#1122,.T.);
#1504=ORIENTED_EDGE('',*,*,#1123,.T.);
#1505=ORIENTED_EDGE('',*,*,#1124,.T.);
#1506=ORIENTED_EDGE('',*,*,#1125,.T.);
#1507=ORIENTED_EDGE('',*,*,#1126,.T.);
#1508=ORIENTED_EDGE('',*,*,#1127,.F.);
#1509=ORIENTED_EDGE('',*,*,#1128,.T.);
#1510=ORIENTED_EDGE('',*,*,#1129,.T.);
#1511=ORIENTED_EDGE('',*,*,#1130,.T.);
#1512=ORIENTED_EDGE('',*,*,#1131,.T.);
#1513=ORIENTED_EDGE('',*,*,#1132,.T.);
#1514=ORIENTED_EDGE('',*,*,#1133,.T.);
#1515=ORIENTED_EDGE('',*,*,#1134,.F.);
#1516=ORIENTED_EDGE('',*,*,#1131,.F.);
#1517=ORIENTED_EDGE('',*,*,#1135,.T.);
#1518=ORIENTED_EDGE('',*,*,#998,.F.);
#1519=ORIENTED_EDGE('',*,*,#993,.F.);
#1520=ORIENTED_EDGE('',*,*,#999,.F.);
#1521=ORIENTED_EDGE('',*,*,#1135,.F.);
#1522=ORIENTED_EDGE('',*,*,#1130,.F.);
#1523=ORIENTED_EDGE('',*,*,#1134,.T.);
#1524=ORIENTED_EDGE('',*,*,#1129,.F.);
#1525=ORIENTED_EDGE('',*,*,#1136,.F.);
#1526=ORIENTED_EDGE('',*,*,#1124,.F.);
#1527=ORIENTED_EDGE('',*,*,#1137,.F.);
#1528=ORIENTED_EDGE('',*,*,#1132,.F.);
#1529=ORIENTED_EDGE('',*,*,#1015,.T.);
#1530=ORIENTED_EDGE('',*,*,#1138,.F.);
#1531=ORIENTED_EDGE('',*,*,#1139,.F.);
#1532=ORIENTED_EDGE('',*,*,#1014,.F.);
#1533=ORIENTED_EDGE('',*,*,#1001,.T.);
#1534=ORIENTED_EDGE('',*,*,#1138,.T.);
#1535=ORIENTED_EDGE('',*,*,#1139,.T.);
#1536=ORIENTED_EDGE('',*,*,#1000,.T.);
#1537=ORIENTED_EDGE('',*,*,#991,.T.);
#1538=ORIENTED_EDGE('',*,*,#1010,.F.);
#1539=ORIENTED_EDGE('',*,*,#1013,.F.);
#1540=ORIENTED_EDGE('',*,*,#1021,.T.);
#1541=ORIENTED_EDGE('',*,*,#1004,.F.);
#1542=ORIENTED_EDGE('',*,*,#1003,.F.);
#1543=ORIENTED_EDGE('',*,*,#1140,.T.);
#1544=ORIENTED_EDGE('',*,*,#1141,.T.);
#1545=ORIENTED_EDGE('',*,*,#1142,.T.);
#1546=ORIENTED_EDGE('',*,*,#1143,.T.);
#1547=ORIENTED_EDGE('',*,*,#1144,.T.);
#1548=ORIENTED_EDGE('',*,*,#1140,.F.);
#1549=ORIENTED_EDGE('',*,*,#1145,.T.);
#1550=ORIENTED_EDGE('',*,*,#1146,.T.);
#1551=ORIENTED_EDGE('',*,*,#1147,.T.);
#1552=ORIENTED_EDGE('',*,*,#1143,.F.);
#1553=ORIENTED_EDGE('',*,*,#1148,.T.);
#1554=ORIENTED_EDGE('',*,*,#1149,.T.);
#1555=ORIENTED_EDGE('',*,*,#1150,.T.);
#1556=ORIENTED_EDGE('',*,*,#1146,.F.);
#1557=ORIENTED_EDGE('',*,*,#1151,.T.);
#1558=ORIENTED_EDGE('',*,*,#1141,.F.);
#1559=ORIENTED_EDGE('',*,*,#1152,.T.);
#1560=ORIENTED_EDGE('',*,*,#1153,.F.);
#1561=ORIENTED_EDGE('',*,*,#1116,.T.);
#1562=ORIENTED_EDGE('',*,*,#1144,.F.);
#1563=ORIENTED_EDGE('',*,*,#1147,.F.);
#1564=ORIENTED_EDGE('',*,*,#1154,.F.);
#1565=ORIENTED_EDGE('',*,*,#1155,.F.);
#1566=ORIENTED_EDGE('',*,*,#1156,.F.);
#1567=ORIENTED_EDGE('',*,*,#1152,.F.);
#1568=ORIENTED_EDGE('',*,*,#1150,.F.);
#1569=ORIENTED_EDGE('',*,*,#1157,.T.);
#1570=ORIENTED_EDGE('',*,*,#1158,.F.);
#1571=ORIENTED_EDGE('',*,*,#1154,.T.);
#1572=ORIENTED_EDGE('',*,*,#1149,.F.);
#1573=ORIENTED_EDGE('',*,*,#1159,.T.);
#1574=ORIENTED_EDGE('',*,*,#1160,.F.);
#1575=ORIENTED_EDGE('',*,*,#1161,.T.);
#1576=ORIENTED_EDGE('',*,*,#1162,.T.);
#1577=ORIENTED_EDGE('',*,*,#1120,.T.);
#1578=ORIENTED_EDGE('',*,*,#1163,.T.);
#1579=ORIENTED_EDGE('',*,*,#1164,.T.);
#1580=ORIENTED_EDGE('',*,*,#1165,.T.);
#1581=ORIENTED_EDGE('',*,*,#1164,.F.);
#1582=ORIENTED_EDGE('',*,*,#1166,.T.);
#1583=ORIENTED_EDGE('',*,*,#1167,.T.);
#1584=ORIENTED_EDGE('',*,*,#1168,.T.);
#1585=ORIENTED_EDGE('',*,*,#1167,.F.);
#1586=ORIENTED_EDGE('',*,*,#1169,.T.);
#1587=ORIENTED_EDGE('',*,*,#1160,.T.);
#1588=ORIENTED_EDGE('',*,*,#1170,.T.);
#1589=ORIENTED_EDGE('',*,*,#1142,.F.);
#1590=ORIENTED_EDGE('',*,*,#1115,.T.);
#1591=ORIENTED_EDGE('',*,*,#1165,.F.);
#1592=ORIENTED_EDGE('',*,*,#1171,.T.);
#1593=ORIENTED_EDGE('',*,*,#1145,.F.);
#1594=ORIENTED_EDGE('',*,*,#1148,.F.);
#1595=ORIENTED_EDGE('',*,*,#1171,.F.);
#1596=ORIENTED_EDGE('',*,*,#1168,.F.);
#1597=ORIENTED_EDGE('',*,*,#1170,.F.);
#1598=ORIENTED_EDGE('',*,*,#1159,.F.);
#1599=ORIENTED_EDGE('',*,*,#1151,.F.);
#1600=ORIENTED_EDGE('',*,*,#1172,.T.);
#1601=ORIENTED_EDGE('',*,*,#1153,.T.);
#1602=ORIENTED_EDGE('',*,*,#1173,.T.);
#1603=ORIENTED_EDGE('',*,*,#1174,.T.);
#1604=ORIENTED_EDGE('',*,*,#1175,.T.);
#1605=ORIENTED_EDGE('',*,*,#1173,.F.);
#1606=ORIENTED_EDGE('',*,*,#1156,.T.);
#1607=ORIENTED_EDGE('',*,*,#1176,.T.);
#1608=ORIENTED_EDGE('',*,*,#1177,.T.);
#1609=ORIENTED_EDGE('',*,*,#1174,.F.);
#1610=ORIENTED_EDGE('',*,*,#1155,.T.);
#1611=ORIENTED_EDGE('',*,*,#1178,.T.);
#1612=ORIENTED_EDGE('',*,*,#1179,.T.);
#1613=ORIENTED_EDGE('',*,*,#1176,.F.);
#1614=ORIENTED_EDGE('',*,*,#1158,.T.);
#1615=ORIENTED_EDGE('',*,*,#1172,.F.);
#1616=ORIENTED_EDGE('',*,*,#1175,.F.);
#1617=ORIENTED_EDGE('',*,*,#1180,.T.);
#1618=ORIENTED_EDGE('',*,*,#1181,.F.);
#1619=ORIENTED_EDGE('',*,*,#1117,.T.);
#1620=ORIENTED_EDGE('',*,*,#1177,.F.);
#1621=ORIENTED_EDGE('',*,*,#1179,.F.);
#1622=ORIENTED_EDGE('',*,*,#1182,.F.);
#1623=ORIENTED_EDGE('',*,*,#1183,.F.);
#1624=ORIENTED_EDGE('',*,*,#1184,.F.);
#1625=ORIENTED_EDGE('',*,*,#1180,.F.);
#1626=ORIENTED_EDGE('',*,*,#1178,.F.);
#1627=ORIENTED_EDGE('',*,*,#1185,.T.);
#1628=ORIENTED_EDGE('',*,*,#1186,.T.);
#1629=ORIENTED_EDGE('',*,*,#1187,.T.);
#1630=ORIENTED_EDGE('',*,*,#1182,.T.);
#1631=ORIENTED_EDGE('',*,*,#1187,.F.);
#1632=ORIENTED_EDGE('',*,*,#1188,.T.);
#1633=ORIENTED_EDGE('',*,*,#1189,.T.);
#1634=ORIENTED_EDGE('',*,*,#1183,.T.);
#1635=ORIENTED_EDGE('',*,*,#1189,.F.);
#1636=ORIENTED_EDGE('',*,*,#1190,.T.);
#1637=ORIENTED_EDGE('',*,*,#1191,.T.);
#1638=ORIENTED_EDGE('',*,*,#1184,.T.);
#1639=ORIENTED_EDGE('',*,*,#1118,.T.);
#1640=ORIENTED_EDGE('',*,*,#1181,.T.);
#1641=ORIENTED_EDGE('',*,*,#1191,.F.);
#1642=ORIENTED_EDGE('',*,*,#1192,.T.);
#1643=ORIENTED_EDGE('',*,*,#1163,.F.);
#1644=ORIENTED_EDGE('',*,*,#1119,.T.);
#1645=ORIENTED_EDGE('',*,*,#1192,.F.);
#1646=ORIENTED_EDGE('',*,*,#1190,.F.);
#1647=ORIENTED_EDGE('',*,*,#1193,.F.);
#1648=ORIENTED_EDGE('',*,*,#1166,.F.);
#1649=ORIENTED_EDGE('',*,*,#1169,.F.);
#1650=ORIENTED_EDGE('',*,*,#1193,.T.);
#1651=ORIENTED_EDGE('',*,*,#1188,.F.);
#1652=ORIENTED_EDGE('',*,*,#1194,.T.);
#1653=ORIENTED_EDGE('',*,*,#1195,.T.);
#1654=ORIENTED_EDGE('',*,*,#1196,.T.);
#1655=ORIENTED_EDGE('',*,*,#1022,.T.);
#1656=ORIENTED_EDGE('',*,*,#1113,.F.);
#1657=ORIENTED_EDGE('',*,*,#1114,.F.);
#1658=ORIENTED_EDGE('',*,*,#1197,.T.);
#1659=ORIENTED_EDGE('',*,*,#1198,.T.);
#1660=ORIENTED_EDGE('',*,*,#1197,.F.);
#1661=ORIENTED_EDGE('',*,*,#1198,.F.);
#1662=ORIENTED_EDGE('',*,*,#1199,.T.);
#1663=ORIENTED_EDGE('',*,*,#1200,.F.);
#1664=ORIENTED_EDGE('',*,*,#976,.T.);
#1665=ORIENTED_EDGE('',*,*,#975,.T.);
#1666=ORIENTED_EDGE('',*,*,#974,.F.);
#1667=ORIENTED_EDGE('',*,*,#978,.T.);
#1668=ORIENTED_EDGE('',*,*,#977,.T.);
#1669=ORIENTED_EDGE('',*,*,#1201,.F.);
#1670=ORIENTED_EDGE('',*,*,#1121,.F.);
#1671=ORIENTED_EDGE('',*,*,#1136,.T.);
#1672=ORIENTED_EDGE('',*,*,#1128,.F.);
#1673=ORIENTED_EDGE('',*,*,#1202,.F.);
#1674=ORIENTED_EDGE('',*,*,#1203,.F.);
#1675=ORIENTED_EDGE('',*,*,#1204,.T.);
#1676=ORIENTED_EDGE('',*,*,#1125,.F.);
#1677=ORIENTED_EDGE('',*,*,#1205,.T.);
#1678=ORIENTED_EDGE('',*,*,#1206,.T.);
#1679=ORIENTED_EDGE('',*,*,#1018,.T.);
#1680=ORIENTED_EDGE('',*,*,#1207,.F.);
#1681=ORIENTED_EDGE('',*,*,#1133,.F.);
#1682=ORIENTED_EDGE('',*,*,#1137,.T.);
#1683=ORIENTED_EDGE('',*,*,#1123,.F.);
#1684=ORIENTED_EDGE('',*,*,#1208,.F.);
#1685=ORIENTED_EDGE('',*,*,#1205,.F.);
#1686=ORIENTED_EDGE('',*,*,#1019,.T.);
#1687=ORIENTED_EDGE('',*,*,#1206,.F.);
#1688=ORIENTED_EDGE('',*,*,#1208,.T.);
#1689=ORIENTED_EDGE('',*,*,#1122,.F.);
#1690=ORIENTED_EDGE('',*,*,#1201,.T.);
#1691=ORIENTED_EDGE('',*,*,#1209,.F.);
#1692=ORIENTED_EDGE('',*,*,#1210,.F.);
#1693=ORIENTED_EDGE('',*,*,#1016,.T.);
#1694=ORIENTED_EDGE('',*,*,#1209,.T.);
#1695=ORIENTED_EDGE('',*,*,#1202,.T.);
#1696=ORIENTED_EDGE('',*,*,#1127,.T.);
#1697=ORIENTED_EDGE('',*,*,#1211,.T.);
#1698=ORIENTED_EDGE('',*,*,#1212,.F.);
#1699=ORIENTED_EDGE('',*,*,#1213,.T.);
#1700=ORIENTED_EDGE('',*,*,#1203,.T.);
#1701=ORIENTED_EDGE('',*,*,#1214,.F.);
#1702=ORIENTED_EDGE('',*,*,#1214,.T.);
#1703=ORIENTED_EDGE('',*,*,#1207,.T.);
#1704=ORIENTED_EDGE('',*,*,#1017,.T.);
#1705=ORIENTED_EDGE('',*,*,#1210,.T.);
#1706=ORIENTED_EDGE('',*,*,#1199,.T.);
#1707=ORIENTED_EDGE('',*,*,#1200,.F.);
#1708=ORIENTED_EDGE('',*,*,#1212,.T.);
#1709=ORIENTED_EDGE('',*,*,#1204,.F.);
#1710=ORIENTED_EDGE('',*,*,#1213,.F.);
#1711=ORIENTED_EDGE('',*,*,#1211,.F.);
#1712=ORIENTED_EDGE('',*,*,#1126,.F.);
#1713=ORIENTED_EDGE('',*,*,#1215,.F.);
#1714=ORIENTED_EDGE('',*,*,#1216,.F.);
#1715=ORIENTED_EDGE('',*,*,#1023,.T.);
#1716=ORIENTED_EDGE('',*,*,#1196,.F.);
#1717=ORIENTED_EDGE('',*,*,#1217,.F.);
#1718=ORIENTED_EDGE('',*,*,#1218,.F.);
#1719=ORIENTED_EDGE('',*,*,#1215,.T.);
#1720=ORIENTED_EDGE('',*,*,#1219,.F.);
#1721=ORIENTED_EDGE('',*,*,#1220,.F.);
#1722=ORIENTED_EDGE('',*,*,#1221,.F.);
#1723=ORIENTED_EDGE('',*,*,#990,.F.);
#1724=ORIENTED_EDGE('',*,*,#1222,.T.);
#1725=ORIENTED_EDGE('',*,*,#1223,.T.);
#1726=ORIENTED_EDGE('',*,*,#1220,.T.);
#1727=ORIENTED_EDGE('',*,*,#1224,.T.);
#1728=ORIENTED_EDGE('',*,*,#988,.F.);
#1729=ORIENTED_EDGE('',*,*,#1225,.T.);
#1730=ORIENTED_EDGE('',*,*,#1025,.T.);
#1731=ORIENTED_EDGE('',*,*,#1226,.F.);
#1732=ORIENTED_EDGE('',*,*,#987,.F.);
#1733=ORIENTED_EDGE('',*,*,#1221,.T.);
#1734=ORIENTED_EDGE('',*,*,#1223,.F.);
#1735=ORIENTED_EDGE('',*,*,#1227,.F.);
#1736=ORIENTED_EDGE('',*,*,#1228,.T.);
#1737=ORIENTED_EDGE('',*,*,#1225,.F.);
#1738=ORIENTED_EDGE('',*,*,#985,.F.);
#1739=ORIENTED_EDGE('',*,*,#984,.F.);
#1740=ORIENTED_EDGE('',*,*,#983,.T.);
#1741=ORIENTED_EDGE('',*,*,#982,.F.);
#1742=ORIENTED_EDGE('',*,*,#986,.F.);
#1743=ORIENTED_EDGE('',*,*,#1222,.F.);
#1744=ORIENTED_EDGE('',*,*,#989,.F.);
#1745=ORIENTED_EDGE('',*,*,#1226,.T.);
#1746=ORIENTED_EDGE('',*,*,#1229,.T.);
#1747=ORIENTED_EDGE('',*,*,#1230,.F.);
#1748=ORIENTED_EDGE('',*,*,#963,.F.);
#1749=ORIENTED_EDGE('',*,*,#1217,.T.);
#1750=ORIENTED_EDGE('',*,*,#1195,.F.);
#1751=ORIENTED_EDGE('',*,*,#1026,.T.);
#1752=ORIENTED_EDGE('',*,*,#1228,.F.);
#1753=ORIENTED_EDGE('',*,*,#1227,.T.);
#1754=ORIENTED_EDGE('',*,*,#1224,.F.);
#1755=ORIENTED_EDGE('',*,*,#1219,.T.);
#1756=ORIENTED_EDGE('',*,*,#1216,.T.);
#1757=ORIENTED_EDGE('',*,*,#1218,.T.);
#1758=ORIENTED_EDGE('',*,*,#1230,.T.);
#1759=ORIENTED_EDGE('',*,*,#1229,.F.);
#1760=ORIENTED_EDGE('',*,*,#1024,.T.);
#1761=ORIENTED_EDGE('',*,*,#1161,.F.);
#1762=ORIENTED_EDGE('',*,*,#1194,.F.);
#1763=ORIENTED_EDGE('',*,*,#1186,.F.);
#1764=ORIENTED_EDGE('',*,*,#1185,.F.);
#1765=ORIENTED_EDGE('',*,*,#1157,.F.);
#1766=ORIENTED_EDGE('',*,*,#1162,.F.);
#1767=ORIENTED_EDGE('',*,*,#1055,.F.);
#1768=ORIENTED_EDGE('',*,*,#1231,.T.);
#1769=ORIENTED_EDGE('',*,*,#1232,.F.);
#1770=ORIENTED_EDGE('',*,*,#1231,.F.);
#1771=ORIENTED_EDGE('',*,*,#1112,.F.);
#1772=ORIENTED_EDGE('',*,*,#1232,.T.);
#1773=CONICAL_SURFACE('',#1892,27.487432716959,8.57357680638143E-7);
#1774=CONICAL_SURFACE('',#2023,36.4862514242705,0.748378047523519);
#1775=CONICAL_SURFACE('',#2033,36.4862514242705,0.748378047523519);
#1776=ADVANCED_FACE('',(#215,#190,#191,#192,#193,#194,#195,#196),#1773,
 .F.);
#1777=ADVANCED_FACE('',(#216),#94,.T.);
#1778=ADVANCED_FACE('',(#217),#95,.F.);
#1779=ADVANCED_FACE('',(#218),#96,.T.);
#1780=ADVANCED_FACE('',(#219),#97,.T.);
#1781=ADVANCED_FACE('',(#220),#53,.T.);
#1782=ADVANCED_FACE('',(#221),#98,.T.);
#1783=ADVANCED_FACE('',(#222),#99,.T.);
#1784=ADVANCED_FACE('',(#223),#100,.F.);
#1785=ADVANCED_FACE('',(#224),#101,.T.);
#1786=ADVANCED_FACE('',(#225),#102,.F.);
#1787=ADVANCED_FACE('',(#226),#103,.F.);
#1788=ADVANCED_FACE('',(#227),#104,.T.);
#1789=ADVANCED_FACE('',(#228),#105,.F.);
#1790=ADVANCED_FACE('',(#229),#106,.F.);
#1791=ADVANCED_FACE('',(#230),#19,.T.);
#1792=ADVANCED_FACE('',(#231),#20,.T.);
#1793=ADVANCED_FACE('',(#232),#21,.T.);
#1794=ADVANCED_FACE('',(#233),#22,.T.);
#1795=ADVANCED_FACE('',(#234,#197,#198),#107,.F.);
#1796=ADVANCED_FACE('',(#235),#23,.T.);
#1797=ADVANCED_FACE('',(#236),#24,.T.);
#1798=ADVANCED_FACE('',(#237),#25,.T.);
#1799=ADVANCED_FACE('',(#238),#26,.T.);
#1800=ADVANCED_FACE('',(#239),#108,.F.);
#1801=ADVANCED_FACE('',(#240),#109,.F.);
#1802=ADVANCED_FACE('',(#241),#110,.F.);
#1803=ADVANCED_FACE('',(#242),#111,.F.);
#1804=ADVANCED_FACE('',(#243),#27,.F.);
#1805=ADVANCED_FACE('',(#244),#28,.F.);
#1806=ADVANCED_FACE('',(#245),#29,.F.);
#1807=ADVANCED_FACE('',(#246),#112,.F.);
#1808=ADVANCED_FACE('',(#247),#113,.F.);
#1809=ADVANCED_FACE('',(#248),#114,.F.);
#1810=ADVANCED_FACE('',(#249),#115,.F.);
#1811=ADVANCED_FACE('',(#250),#30,.F.);
#1812=ADVANCED_FACE('',(#251),#31,.F.);
#1813=ADVANCED_FACE('',(#252),#32,.F.);
#1814=ADVANCED_FACE('',(#253),#33,.F.);
#1815=ADVANCED_FACE('',(#254),#116,.T.);
#1816=ADVANCED_FACE('',(#255,#199,#200),#117,.T.);
#1817=ADVANCED_FACE('',(#256),#118,.T.);
#1818=ADVANCED_FACE('',(#257),#119,.F.);
#1819=ADVANCED_FACE('',(#258,#201,#202),#120,.F.);
#1820=ADVANCED_FACE('',(#259),#121,.F.);
#1821=ADVANCED_FACE('',(#260,#203,#204,#205,#206,#207,#208,#209,#210,#211,
#212),#34,.T.);
#1822=ADVANCED_FACE('',(#261),#122,.F.);
#1823=ADVANCED_FACE('',(#262),#35,.F.);
#1824=ADVANCED_FACE('',(#263),#54,.F.);
#1825=ADVANCED_FACE('',(#264),#36,.T.);
#1826=ADVANCED_FACE('',(#265),#37,.T.);
#1827=ADVANCED_FACE('',(#266),#123,.F.);
#1828=ADVANCED_FACE('',(#267),#124,.T.);
#1829=ADVANCED_FACE('',(#268),#55,.F.);
#1830=ADVANCED_FACE('',(#269),#56,.F.);
#1831=ADVANCED_FACE('',(#270),#38,.T.);
#1832=ADVANCED_FACE('',(#271),#17,.T.);
#1833=ADVANCED_FACE('',(#272),#57,.T.);
#1834=ADVANCED_FACE('',(#273),#125,.T.);
#1835=ADVANCED_FACE('',(#274),#39,.T.);
#1836=ADVANCED_FACE('',(#275),#40,.T.);
#1837=ADVANCED_FACE('',(#276),#58,.F.);
#1838=ADVANCED_FACE('',(#277),#59,.F.);
#1839=ADVANCED_FACE('',(#278),#60,.F.);
#1840=ADVANCED_FACE('',(#279),#41,.F.);
#1841=ADVANCED_FACE('',(#280),#126,.T.);
#1842=ADVANCED_FACE('',(#281),#61,.F.);
#1843=ADVANCED_FACE('',(#282),#62,.F.);
#1844=ADVANCED_FACE('',(#283),#42,.T.);
#1845=ADVANCED_FACE('',(#284),#18,.T.);
#1846=ADVANCED_FACE('',(#285),#43,.F.);
#1847=ADVANCED_FACE('',(#286),#127,.T.);
#1848=ADVANCED_FACE('',(#287),#44,.T.);
#1849=ADVANCED_FACE('',(#288),#63,.F.);
#1850=ADVANCED_FACE('',(#289),#64,.F.);
#1851=ADVANCED_FACE('',(#290),#65,.F.);
#1852=ADVANCED_FACE('',(#291),#1774,.T.);
#1853=ADVANCED_FACE('',(#292,#213),#66,.F.);
#1854=ADVANCED_FACE('',(#293),#45,.F.);
#1855=ADVANCED_FACE('',(#294),#128,.F.);
#1856=ADVANCED_FACE('',(#295),#129,.F.);
#1857=ADVANCED_FACE('',(#296),#46,.F.);
#1858=ADVANCED_FACE('',(#297),#47,.F.);
#1859=ADVANCED_FACE('',(#298),#130,.F.);
#1860=ADVANCED_FACE('',(#299),#48,.F.);
#1861=ADVANCED_FACE('',(#300),#1775,.T.);
#1862=ADVANCED_FACE('',(#301),#131,.F.);
#1863=ADVANCED_FACE('',(#302),#132,.T.);
#1864=ADVANCED_FACE('',(#303),#49,.T.);
#1865=ADVANCED_FACE('',(#304),#133,.F.);
#1866=ADVANCED_FACE('',(#305),#134,.F.);
#1867=ADVANCED_FACE('',(#306),#50,.T.);
#1868=ADVANCED_FACE('',(#307),#135,.F.);
#1869=ADVANCED_FACE('',(#308),#136,.F.);
#1870=ADVANCED_FACE('',(#309),#51,.F.);
#1871=ADVANCED_FACE('',(#310),#137,.F.);
#1872=ADVANCED_FACE('',(#311),#138,.T.);
#1873=ADVANCED_FACE('',(#312),#139,.F.);
#1874=ADVANCED_FACE('',(#313),#140,.T.);
#1875=ADVANCED_FACE('',(#314),#141,.F.);
#1876=ADVANCED_FACE('',(#315),#52,.T.);
#1877=ADVANCED_FACE('',(#316,#214),#142,.T.);
#1878=CLOSED_SHELL('',(#1776,#1777,#1778,#1779,#1780,#1781,#1782,#1783,
#1784,#1785,#1786,#1787,#1788,#1789,#1790,#1791,#1792,#1793,#1794,#1795,
#1796,#1797,#1798,#1799,#1800,#1801,#1802,#1803,#1804,#1805,#1806,#1807,
#1808,#1809,#1810,#1811,#1812,#1813,#1814,#1815,#1816,#1817,#1818,#1819,
#1820,#1821,#1822,#1823,#1824,#1825,#1826,#1827,#1828,#1829,#1830,#1831,
#1832,#1833,#1834,#1835,#1836,#1837,#1838,#1839,#1840,#1841,#1842,#1843,
#1844,#1845,#1846,#1847,#1848,#1849,#1850,#1851,#1852,#1853,#1854,#1855,
#1856,#1857,#1858,#1859,#1860,#1861,#1862,#1863,#1864,#1865,#1866,#1867,
#1868,#1869,#1870,#1871,#1872,#1873,#1874,#1875,#1876,#1877));
#1879=DERIVED_UNIT_ELEMENT(#1881,1.);
#1880=DERIVED_UNIT_ELEMENT(#4068,-3.);
#1881=(
MASS_UNIT()
NAMED_UNIT(*)
SI_UNIT(.KILO.,.GRAM.)
);
#1882=DERIVED_UNIT((#1879,#1880));
#1883=MEASURE_REPRESENTATION_ITEM('density measure',
POSITIVE_RATIO_MEASURE(7850.),#1882);
#1884=PROPERTY_DEFINITION_REPRESENTATION(#1889,#1886);
#1885=PROPERTY_DEFINITION_REPRESENTATION(#1890,#1887);
#1886=REPRESENTATION('material name',(#1888),#4065);
#1887=REPRESENTATION('density',(#1883),#4065);
#1888=DESCRIPTIVE_REPRESENTATION_ITEM('Steel','Steel');
#1889=PROPERTY_DEFINITION('material property','material name',#4075);
#1890=PROPERTY_DEFINITION('material property','density of part',#4075);
#1891=AXIS2_PLACEMENT_3D('',#2525,#2053,#2054);
#1892=AXIS2_PLACEMENT_3D('',#2526,#2055,#2056);
#1893=AXIS2_PLACEMENT_3D('',#2528,#2057,#2058);
#1894=AXIS2_PLACEMENT_3D('',#2532,#2060,#2061);
#1895=AXIS2_PLACEMENT_3D('',#2536,#2063,#2064);
#1896=AXIS2_PLACEMENT_3D('',#2540,#2066,#2067);
#1897=AXIS2_PLACEMENT_3D('',#2544,#2069,#2070);
#1898=AXIS2_PLACEMENT_3D('',#2547,#2072,#2073);
#1899=AXIS2_PLACEMENT_3D('',#2550,#2074,#2075);
#1900=AXIS2_PLACEMENT_3D('',#2554,#2077,#2078);
#1901=AXIS2_PLACEMENT_3D('',#2665,#2081,#2082);
#1902=AXIS2_PLACEMENT_3D('',#2671,#2085,#2086);
#1903=AXIS2_PLACEMENT_3D('',#2677,#2089,#2090);
#1904=AXIS2_PLACEMENT_3D('',#2680,#2092,#2093);
#1905=AXIS2_PLACEMENT_3D('',#2685,#2095,#2096);
#1906=AXIS2_PLACEMENT_3D('',#2704,#2097,#2098);
#1907=AXIS2_PLACEMENT_3D('',#2707,#2100,#2101);
#1908=AXIS2_PLACEMENT_3D('',#2708,#2102,#2103);
#1909=AXIS2_PLACEMENT_3D('',#2712,#2105,#2106);
#1910=AXIS2_PLACEMENT_3D('',#2713,#2107,#2108);
#1911=AXIS2_PLACEMENT_3D('',#2717,#2110,#2111);
#1912=AXIS2_PLACEMENT_3D('',#2721,#2114,#2115);
#1913=AXIS2_PLACEMENT_3D('',#2729,#2120,#2121);
#1914=AXIS2_PLACEMENT_3D('',#2735,#2125,#2126);
#1915=AXIS2_PLACEMENT_3D('',#2809,#2132,#2133);
#1916=AXIS2_PLACEMENT_3D('',#2811,#2135,#2136);
#1917=AXIS2_PLACEMENT_3D('',#2813,#2138,#2139);
#1918=AXIS2_PLACEMENT_3D('',#2827,#2144,#2145);
#1919=AXIS2_PLACEMENT_3D('',#2836,#2150,#2151);
#1920=AXIS2_PLACEMENT_3D('',#2842,#2155,#2156);
#1921=AXIS2_PLACEMENT_3D('',#2846,#2159,#2160);
#1922=AXIS2_PLACEMENT_3D('',#2855,#2165,#2166);
#1923=AXIS2_PLACEMENT_3D('',#2861,#2170,#2171);
#1924=AXIS2_PLACEMENT_3D('',#2865,#2174,#2175);
#1925=AXIS2_PLACEMENT_3D('',#2869,#2177,#2178);
#1926=AXIS2_PLACEMENT_3D('',#2872,#2180,#2181);
#1927=AXIS2_PLACEMENT_3D('',#2873,#2182,#2183);
#1928=AXIS2_PLACEMENT_3D('',#2877,#2185,#2186);
#1929=AXIS2_PLACEMENT_3D('',#2878,#2187,#2188);
#1930=AXIS2_PLACEMENT_3D('',#2879,#2189,#2190);
#1931=AXIS2_PLACEMENT_3D('',#2882,#2193,#2194);
#1932=AXIS2_PLACEMENT_3D('',#2884,#2196,#2197);
#1933=AXIS2_PLACEMENT_3D('',#2886,#2198,#2199);
#1934=AXIS2_PLACEMENT_3D('',#2895,#2204,#2205);
#1935=AXIS2_PLACEMENT_3D('',#2896,#2206,#2207);
#1936=AXIS2_PLACEMENT_3D('',#2899,#2209,#2210);
#1937=AXIS2_PLACEMENT_3D('',#2900,#2211,#2212);
#1938=AXIS2_PLACEMENT_3D('',#2901,#2213,#2214);
#1939=AXIS2_PLACEMENT_3D('',#2902,#2215,#2216);
#1940=AXIS2_PLACEMENT_3D('',#2903,#2217,#2218);
#1941=AXIS2_PLACEMENT_3D('',#2904,#2219,#2220);
#1942=AXIS2_PLACEMENT_3D('',#2906,#2222,#2223);
#1943=AXIS2_PLACEMENT_3D('',#2908,#2225,#2226);
#1944=AXIS2_PLACEMENT_3D('',#2910,#2228,#2229);
#1945=AXIS2_PLACEMENT_3D('',#2911,#2230,#2231);
#1946=AXIS2_PLACEMENT_3D('',#2912,#2232,#2233);
#1947=AXIS2_PLACEMENT_3D('',#2959,#2235,#2236);
#1948=AXIS2_PLACEMENT_3D('',#2996,#2238,#2239);
#1949=AXIS2_PLACEMENT_3D('',#3033,#2241,#2242);
#1950=AXIS2_PLACEMENT_3D('',#3039,#2246,#2247);
#1951=AXIS2_PLACEMENT_3D('',#3045,#2251,#2252);
#1952=AXIS2_PLACEMENT_3D('',#3049,#2255,#2256);
#1953=AXIS2_PLACEMENT_3D('',#3053,#2259,#2260);
#1954=AXIS2_PLACEMENT_3D('',#3055,#2261,#2262);
#1955=AXIS2_PLACEMENT_3D('',#3092,#2264,#2265);
#1956=AXIS2_PLACEMENT_3D('',#3094,#2266,#2267);
#1957=AXIS2_PLACEMENT_3D('',#3131,#2269,#2270);
#1958=AXIS2_PLACEMENT_3D('',#3133,#2271,#2272);
#1959=AXIS2_PLACEMENT_3D('',#3170,#2274,#2275);
#1960=AXIS2_PLACEMENT_3D('',#3172,#2276,#2277);
#1961=AXIS2_PLACEMENT_3D('',#3209,#2279,#2280);
#1962=AXIS2_PLACEMENT_3D('',#3216,#2283,#2284);
#1963=AXIS2_PLACEMENT_3D('',#3218,#2286,#2287);
#1964=AXIS2_PLACEMENT_3D('',#3223,#2291,#2292);
#1965=AXIS2_PLACEMENT_3D('',#3227,#2294,#2295);
#1966=AXIS2_PLACEMENT_3D('',#3228,#2296,#2297);
#1967=AXIS2_PLACEMENT_3D('',#3231,#2300,#2301);
#1968=AXIS2_PLACEMENT_3D('',#3233,#2303,#2304);
#1969=AXIS2_PLACEMENT_3D('',#3234,#2305,#2306);
#1970=AXIS2_PLACEMENT_3D('',#3235,#2307,#2308);
#1971=AXIS2_PLACEMENT_3D('',#3238,#2310,#2311);
#1972=AXIS2_PLACEMENT_3D('',#3283,#2313,#2314);
#1973=AXIS2_PLACEMENT_3D('',#3296,#2316,#2317);
#1974=AXIS2_PLACEMENT_3D('',#3311,#2319,#2320);
#1975=AXIS2_PLACEMENT_3D('',#3314,#2322,#2323);
#1976=AXIS2_PLACEMENT_3D('',#3315,#2324,#2325);
#1977=AXIS2_PLACEMENT_3D('',#3324,#2329,#2330);
#1978=AXIS2_PLACEMENT_3D('',#3326,#2331,#2332);
#1979=AXIS2_PLACEMENT_3D('',#3328,#2333,#2334);
#1980=AXIS2_PLACEMENT_3D('',#3330,#2335,#2336);
#1981=AXIS2_PLACEMENT_3D('',#3332,#2337,#2338);
#1982=AXIS2_PLACEMENT_3D('',#3333,#2339,#2340);
#1983=AXIS2_PLACEMENT_3D('',#3334,#2341,#2342);
#1984=AXIS2_PLACEMENT_3D('',#3425,#2344,#2345);
#1985=AXIS2_PLACEMENT_3D('',#3427,#2347,#2348);
#1986=AXIS2_PLACEMENT_3D('',#3429,#2350,#2351);
#1987=AXIS2_PLACEMENT_3D('',#3430,#2352,#2353);
#1988=AXIS2_PLACEMENT_3D('',#3473,#2354,#2355);
#1989=AXIS2_PLACEMENT_3D('',#3512,#2356,#2357);
#1990=AXIS2_PLACEMENT_3D('',#3513,#2358,#2359);
#1991=AXIS2_PLACEMENT_3D('',#3514,#2360,#2361);
#1992=AXIS2_PLACEMENT_3D('',#3515,#2362,#2363);
#1993=AXIS2_PLACEMENT_3D('',#3518,#2364,#2365);
#1994=AXIS2_PLACEMENT_3D('',#3521,#2368,#2369);
#1995=AXIS2_PLACEMENT_3D('',#3524,#2370,#2371);
#1996=AXIS2_PLACEMENT_3D('',#3525,#2372,#2373);
#1997=AXIS2_PLACEMENT_3D('',#3526,#2374,#2375);
#1998=AXIS2_PLACEMENT_3D('',#3552,#2376,#2377);
#1999=AXIS2_PLACEMENT_3D('',#3561,#2378,#2379);
#2000=AXIS2_PLACEMENT_3D('',#3566,#2382,#2383);
#2001=AXIS2_PLACEMENT_3D('',#3567,#2384,#2385);
#2002=AXIS2_PLACEMENT_3D('',#3570,#2387,#2388);
#2003=AXIS2_PLACEMENT_3D('',#3571,#2389,#2390);
#2004=AXIS2_PLACEMENT_3D('',#3575,#2392,#2393);
#2005=AXIS2_PLACEMENT_3D('',#3622,#2396,#2397);
#2006=AXIS2_PLACEMENT_3D('',#3656,#2398,#2399);
#2007=AXIS2_PLACEMENT_3D('',#3696,#2400,#2401);
#2008=AXIS2_PLACEMENT_3D('',#3698,#2403,#2404);
#2009=AXIS2_PLACEMENT_3D('',#3748,#2405,#2406);
#2010=AXIS2_PLACEMENT_3D('',#3770,#2407,#2408);
#2011=AXIS2_PLACEMENT_3D('',#3771,#2409,#2410);
#2012=AXIS2_PLACEMENT_3D('',#3772,#2411,#2412);
#2013=AXIS2_PLACEMENT_3D('',#3774,#2413,#2414);
#2014=AXIS2_PLACEMENT_3D('',#3776,#2416,#2417);
#2015=AXIS2_PLACEMENT_3D('',#3778,#2418,#2419);
#2016=AXIS2_PLACEMENT_3D('',#3779,#2420,#2421);
#2017=AXIS2_PLACEMENT_3D('',#3780,#2422,#2423);
#2018=AXIS2_PLACEMENT_3D('',#3790,#2425,#2426);
#2019=AXIS2_PLACEMENT_3D('',#3803,#2428,#2429);
#2020=AXIS2_PLACEMENT_3D('',#3808,#2432,#2433);
#2021=AXIS2_PLACEMENT_3D('',#3840,#2434,#2435);
#2022=AXIS2_PLACEMENT_3D('',#3866,#2436,#2437);
#2023=AXIS2_PLACEMENT_3D('',#3908,#2438,#2439);
#2024=AXIS2_PLACEMENT_3D('',#3963,#2440,#2441);
#2025=AXIS2_PLACEMENT_3D('',#3966,#2443,#2444);
#2026=AXIS2_PLACEMENT_3D('',#3967,#2445,#2446);
#2027=AXIS2_PLACEMENT_3D('',#3968,#2447,#2448);
#2028=AXIS2_PLACEMENT_3D('',#3973,#2451,#2452);
#2029=AXIS2_PLACEMENT_3D('',#3974,#2453,#2454);
#2030=AXIS2_PLACEMENT_3D('',#3987,#2456,#2457);
#2031=AXIS2_PLACEMENT_3D('',#3991,#2459,#2460);
#2032=AXIS2_PLACEMENT_3D('',#3998,#2463,#2464);
#2033=AXIS2_PLACEMENT_3D('',#4009,#2465,#2466);
#2034=AXIS2_PLACEMENT_3D('',#4013,#2467,#2468);
#2035=AXIS2_PLACEMENT_3D('',#4016,#2470,#2471);
#2036=AXIS2_PLACEMENT_3D('',#4018,#2473,#2474);
#2037=AXIS2_PLACEMENT_3D('',#4022,#2477,#2478);
#2038=AXIS2_PLACEMENT_3D('',#4023,#2479,#2480);
#2039=AXIS2_PLACEMENT_3D('',#4029,#2484,#2485);
#2040=AXIS2_PLACEMENT_3D('',#4035,#2488,#2489);
#2041=AXIS2_PLACEMENT_3D('',#4038,#2492,#2493);
#2042=AXIS2_PLACEMENT_3D('',#4042,#2496,#2497);
#2043=AXIS2_PLACEMENT_3D('',#4045,#2500,#2501);
#2044=AXIS2_PLACEMENT_3D('',#4049,#2504,#2505);
#2045=AXIS2_PLACEMENT_3D('',#4050,#2506,#2507);
#2046=AXIS2_PLACEMENT_3D('',#4054,#2510,#2511);
#2047=AXIS2_PLACEMENT_3D('',#4055,#2512,#2513);
#2048=AXIS2_PLACEMENT_3D('',#4056,#2514,#2515);
#2049=AXIS2_PLACEMENT_3D('',#4057,#2516,#2517);
#2050=AXIS2_PLACEMENT_3D('',#4058,#2518,#2519);
#2051=AXIS2_PLACEMENT_3D('',#4061,#2521,#2522);
#2052=AXIS2_PLACEMENT_3D('',#4062,#2523,#2524);
#2053=DIRECTION('axis',(0.,0.,1.));
#2054=DIRECTION('refdir',(1.,0.,0.));
#2055=DIRECTION('center_axis',(0.,0.,1.));
#2056=DIRECTION('ref_axis',(0.707106781186548,0.707106781186547,0.));
#2057=DIRECTION('center_axis',(0.,0.,-1.));
#2058=DIRECTION('ref_axis',(0.707106781186548,0.707106781186547,0.));
#2059=DIRECTION('',(-6.06243429881527E-7,-6.06243429881527E-7,0.999999999999633));
#2060=DIRECTION('center_axis',(0.,0.,1.));
#2061=DIRECTION('ref_axis',(0.707106781186548,0.707106781186547,0.));
#2062=DIRECTION('',(-7.35810466778433E-7,-5.15220041741108E-7,0.999999999999597));
#2063=DIRECTION('center_axis',(0.,0.,1.));
#2064=DIRECTION('ref_axis',(0.707106781186547,0.707106781186548,0.));
#2065=DIRECTION('',(-6.71581585009754E-7,-5.63523858687411E-7,-0.999999999999616));
#2066=DIRECTION('center_axis',(0.,0.,1.));
#2067=DIRECTION('ref_axis',(0.707106781186548,0.707106781186547,0.));
#2068=DIRECTION('',(6.72777878664647E-7,5.64527669784489E-7,0.999999999999614));
#2069=DIRECTION('center_axis',(0.,0.,1.));
#2070=DIRECTION('ref_axis',(0.707106781186547,0.707106781186548,0.));
#2071=DIRECTION('',(7.08069805454855E-7,4.95795815957745E-7,-0.999999999999626));
#2072=DIRECTION('center_axis',(0.,0.,1.));
#2073=DIRECTION('ref_axis',(0.707106781186548,0.707106781186547,0.));
#2074=DIRECTION('center_axis',(0.,0.,-1.));
#2075=DIRECTION('ref_axis',(0.707106781186547,0.707106781186547,0.));
#2076=DIRECTION('',(0.,0.,1.));
#2077=DIRECTION('center_axis',(0.,0.,-1.));
#2078=DIRECTION('ref_axis',(0.707106781186548,0.707106781186548,0.));
#2079=DIRECTION('',(-6.5093756920443E-7,6.50937568890622E-7,-0.999999999999576));
#2080=DIRECTION('',(-6.5093756920443E-7,6.50937568890622E-7,-0.999999999999576));
#2081=DIRECTION('center_axis',(0.,0.,-1.));
#2082=DIRECTION('ref_axis',(0.707106781186548,0.707106781186548,0.));
#2083=DIRECTION('',(0.,0.,1.));
#2084=DIRECTION('',(6.50937567698996E-7,-6.50937567698996E-7,-0.999999999999576));
#2085=DIRECTION('center_axis',(0.,0.,1.));
#2086=DIRECTION('ref_axis',(0.707106781186548,0.707106781186548,0.));
#2087=DIRECTION('',(-6.73975891766215E-7,6.73975891766215E-7,0.999999999999546));
#2088=DIRECTION('',(-6.50841635636215E-7,6.50841635636215E-7,0.999999999999576));
#2089=DIRECTION('center_axis',(0.,0.,-1.));
#2090=DIRECTION('ref_axis',(0.707106781186548,0.707106781186547,0.));
#2091=DIRECTION('',(6.33675048516964E-7,-6.33675048516964E-7,-0.999999999999598));
#2092=DIRECTION('center_axis',(0.,0.,1.));
#2093=DIRECTION('ref_axis',(0.707106781186548,0.707106781186548,0.));
#2094=DIRECTION('',(6.50841635636215E-7,-6.50841635636215E-7,0.999999999999576));
#2095=DIRECTION('center_axis',(0.,0.,1.));
#2096=DIRECTION('ref_axis',(0.707106781186548,0.707106781186547,0.));
#2097=DIRECTION('center_axis',(0.,0.,1.));
#2098=DIRECTION('ref_axis',(0.707106781186548,0.707106781186547,0.));
#2099=DIRECTION('',(6.33604327872021E-7,-6.33604328560274E-7,0.999999999999599));
#2100=DIRECTION('center_axis',(0.,0.,1.));
#2101=DIRECTION('ref_axis',(0.707106781186547,0.707106781186547,0.));
#2102=DIRECTION('center_axis',(0.,0.,1.));
#2103=DIRECTION('ref_axis',(-1.,0.,0.));
#2104=DIRECTION('',(0.707106781186548,-0.707106781186548,0.));
#2105=DIRECTION('center_axis',(0.,0.,-1.));
#2106=DIRECTION('ref_axis',(-0.707106781186554,0.707106781186541,0.));
#2107=DIRECTION('center_axis',(0.,0.,-1.));
#2108=DIRECTION('ref_axis',(-0.707106781186554,0.707106781186541,0.));
#2109=DIRECTION('',(-0.707106657085382,0.707106905287692,0.));
#2110=DIRECTION('center_axis',(0.,0.,1.));
#2111=DIRECTION('ref_axis',(0.707106781186548,0.707106781186547,0.));
#2112=DIRECTION('',(-0.707106781186548,0.707106781186547,0.));
#2113=DIRECTION('',(0.707631793428867,0.706581378843687,0.));
#2114=DIRECTION('center_axis',(0.707106781186547,0.707106781186548,0.));
#2115=DIRECTION('ref_axis',(0.707106781186548,-0.707106781186547,0.));
#2116=DIRECTION('',(0.,0.,1.));
#2117=DIRECTION('',(0.707106781186548,-0.707106781186547,0.));
#2118=DIRECTION('',(0.,0.,1.));
#2119=DIRECTION('',(-0.707106781186548,0.707106781186547,0.));
#2120=DIRECTION('center_axis',(0.,0.,-1.));
#2121=DIRECTION('ref_axis',(0.707106781186547,0.707106781186548,0.));
#2122=DIRECTION('',(-0.707106781186547,-0.707106781186548,0.));
#2123=DIRECTION('',(0.707106781186548,-0.707106781186547,0.));
#2124=DIRECTION('',(-0.707106657085382,0.707106905287692,0.));
#2125=DIRECTION('center_axis',(0.707106781186547,0.707106781186548,0.));
#2126=DIRECTION('ref_axis',(0.,0.,1.));
#2127=DIRECTION('',(0.,0.,1.));
#2128=DIRECTION('',(-0.707106781186548,0.707106781186547,0.));
#2129=DIRECTION('',(0.,0.,-1.));
#2130=DIRECTION('',(0.,0.,1.));
#2131=DIRECTION('',(0.,0.,-1.));
#2132=DIRECTION('center_axis',(-0.707106781186548,0.707106781186547,0.));
#2133=DIRECTION('ref_axis',(0.,0.,1.));
#2134=DIRECTION('',(0.707106781186547,0.707106781186548,0.));
#2135=DIRECTION('center_axis',(0.,0.,1.));
#2136=DIRECTION('ref_axis',(-0.707106781186547,-0.707106781186548,0.));
#2137=DIRECTION('',(0.707631793428867,0.706581378843687,0.));
#2138=DIRECTION('center_axis',(0.,0.,1.));
#2139=DIRECTION('ref_axis',(1.,0.,0.));
#2140=DIRECTION('',(-0.707106781186548,-0.707106781186547,0.));
#2141=DIRECTION('',(-0.707106781186547,0.707106781186548,0.));
#2142=DIRECTION('',(0.707106781186548,0.707106781186547,0.));
#2143=DIRECTION('',(0.707106781186547,-0.707106781186548,0.));
#2144=DIRECTION('center_axis',(0.,0.,-1.));
#2145=DIRECTION('ref_axis',(-1.,0.,0.));
#2146=DIRECTION('',(1.,0.,0.));
#2147=DIRECTION('',(0.,-1.,0.));
#2148=DIRECTION('',(-1.,0.,0.));
#2149=DIRECTION('',(0.,1.,0.));
#2150=DIRECTION('center_axis',(0.,1.,0.));
#2151=DIRECTION('ref_axis',(0.,0.,1.));
#2152=DIRECTION('',(0.,0.,-1.));
#2153=DIRECTION('',(-1.,0.,0.));
#2154=DIRECTION('',(0.,0.,1.));
#2155=DIRECTION('center_axis',(-1.,0.,0.));
#2156=DIRECTION('ref_axis',(0.,0.,1.));
#2157=DIRECTION('',(0.,0.,1.));
#2158=DIRECTION('',(0.,-1.,0.));
#2159=DIRECTION('center_axis',(0.,0.,-1.));
#2160=DIRECTION('ref_axis',(-1.,0.,0.));
#2161=DIRECTION('',(-1.,0.,0.));
#2162=DIRECTION('',(0.,1.,0.));
#2163=DIRECTION('',(1.,0.,0.));
#2164=DIRECTION('',(0.,-1.,0.));
#2165=DIRECTION('center_axis',(0.,-1.,0.));
#2166=DIRECTION('ref_axis',(0.,0.,-1.));
#2167=DIRECTION('',(0.,0.,-1.));
#2168=DIRECTION('',(1.,0.,0.));
#2169=DIRECTION('',(0.,0.,1.));
#2170=DIRECTION('center_axis',(1.,0.,0.));
#2171=DIRECTION('ref_axis',(0.,0.,-1.));
#2172=DIRECTION('',(0.,0.,1.));
#2173=DIRECTION('',(0.,1.,0.));
#2174=DIRECTION('center_axis',(1.,0.,0.));
#2175=DIRECTION('ref_axis',(0.,0.707106781186517,-0.707106781186578));
#2176=DIRECTION('',(-1.,0.,0.));
#2177=DIRECTION('center_axis',(0.707106781186542,-0.707106781186553,0.));
#2178=DIRECTION('ref_axis',(-0.707106781186552,-0.707106781186542,0.));
#2179=DIRECTION('',(1.,0.,0.));
#2180=DIRECTION('center_axis',(-0.707106781186542,-0.707106781186553,0.));
#2181=DIRECTION('ref_axis',(-0.707106781186552,0.707106781186542,0.));
#2182=DIRECTION('center_axis',(-1.,0.,0.));
#2183=DIRECTION('ref_axis',(0.,-0.707106781186517,-0.707106781186578));
#2184=DIRECTION('',(1.,0.,0.));
#2185=DIRECTION('center_axis',(-0.707106781186542,0.707106781186553,0.));
#2186=DIRECTION('ref_axis',(0.707106781186552,0.707106781186542,0.));
#2187=DIRECTION('center_axis',(0.707106781186542,0.707106781186553,0.));
#2188=DIRECTION('ref_axis',(0.707106781186552,-0.707106781186542,0.));
#2189=DIRECTION('center_axis',(0.,1.,0.));
#2190=DIRECTION('ref_axis',(-0.707106781186497,0.,-0.707106781186598));
#2191=DIRECTION('',(0.,1.,0.));
#2192=DIRECTION('',(0.,-1.,0.));
#2193=DIRECTION('center_axis',(0.,-1.,0.));
#2194=DIRECTION('ref_axis',(0.707106781186497,0.,-0.707106781186598));
#2195=DIRECTION('',(0.,1.,0.));
#2196=DIRECTION('center_axis',(0.,0.,1.));
#2197=DIRECTION('ref_axis',(0.707106781186547,-0.707106781186548,0.));
#2198=DIRECTION('center_axis',(0.,0.,-1.));
#2199=DIRECTION('ref_axis',(0.707106781186548,0.707106781186547,0.));
#2200=DIRECTION('',(-1.,0.,0.));
#2201=DIRECTION('',(0.,-1.,0.));
#2202=DIRECTION('',(1.,0.,0.));
#2203=DIRECTION('',(0.,1.,0.));
#2204=DIRECTION('center_axis',(-1.,0.,0.));
#2205=DIRECTION('ref_axis',(0.,-0.707106781186517,-0.707106781186578));
#2206=DIRECTION('center_axis',(-0.707106781186542,0.707106781186553,0.));
#2207=DIRECTION('ref_axis',(0.707106781186552,0.707106781186542,0.));
#2208=DIRECTION('',(-1.,0.,0.));
#2209=DIRECTION('center_axis',(0.707106781186542,0.707106781186553,0.));
#2210=DIRECTION('ref_axis',(0.707106781186552,-0.707106781186542,0.));
#2211=DIRECTION('center_axis',(1.,0.,0.));
#2212=DIRECTION('ref_axis',(0.,0.707106781186517,-0.707106781186578));
#2213=DIRECTION('center_axis',(-0.707106781186542,-0.707106781186553,0.));
#2214=DIRECTION('ref_axis',(-0.707106781186552,0.707106781186542,0.));
#2215=DIRECTION('center_axis',(0.707106781186542,-0.707106781186553,0.));
#2216=DIRECTION('ref_axis',(-0.707106781186552,-0.707106781186542,0.));
#2217=DIRECTION('center_axis',(0.,1.,0.));
#2218=DIRECTION('ref_axis',(-0.707106781186523,0.,-0.707106781186573));
#2219=DIRECTION('center_axis',(0.,-1.,0.));
#2220=DIRECTION('ref_axis',(0.707106781186523,0.,-0.707106781186573));
#2221=DIRECTION('',(0.,-1.,0.));
#2222=DIRECTION('center_axis',(-1.,0.,0.));
#2223=DIRECTION('ref_axis',(0.,0.,1.));
#2224=DIRECTION('',(0.,0.,-1.));
#2225=DIRECTION('center_axis',(1.,0.,0.));
#2226=DIRECTION('ref_axis',(0.,0.,-1.));
#2227=DIRECTION('',(0.,0.,-1.));
#2228=DIRECTION('center_axis',(0.,1.,0.));
#2229=DIRECTION('ref_axis',(0.,0.,1.));
#2230=DIRECTION('center_axis',(0.,-1.,0.));
#2231=DIRECTION('ref_axis',(0.,0.,-1.));
#2232=DIRECTION('center_axis',(0.,1.,0.));
#2233=DIRECTION('ref_axis',(-1.,0.,0.));
#2234=DIRECTION('',(0.,1.,0.));
#2235=DIRECTION('center_axis',(0.,1.,0.));
#2236=DIRECTION('ref_axis',(-1.,0.,0.));
#2237=DIRECTION('',(0.,1.,0.));
#2238=DIRECTION('center_axis',(0.,1.,0.));
#2239=DIRECTION('ref_axis',(-1.,0.,0.));
#2240=DIRECTION('',(0.,1.,0.));
#2241=DIRECTION('center_axis',(0.,0.,-1.));
#2242=DIRECTION('ref_axis',(0.642787609686523,-0.766044443118992,0.));
#2243=DIRECTION('',(-0.766044443118968,-0.642787609686551,0.));
#2244=DIRECTION('',(0.656881370409803,-0.753993942421648,0.));
#2245=DIRECTION('',(0.766044443118973,0.642787609686545,0.));
#2246=DIRECTION('center_axis',(0.,0.,-1.));
#2247=DIRECTION('ref_axis',(0.573576436351045,-0.819152044288992,0.));
#2248=DIRECTION('',(0.819152044288979,0.573576436351064,0.));
#2249=DIRECTION('',(-0.645994405268608,0.763342143708611,0.));
#2250=DIRECTION('',(-0.819152044288979,-0.573576436351064,0.));
#2251=DIRECTION('center_axis',(-0.573576436351064,0.819152044288979,0.));
#2252=DIRECTION('ref_axis',(0.,0.,1.));
#2253=DIRECTION('',(0.819152044288979,0.573576436351064,0.));
#2254=DIRECTION('',(0.,0.,-1.));
#2255=DIRECTION('center_axis',(-0.642787609686545,0.766044443118974,0.));
#2256=DIRECTION('ref_axis',(0.,0.,1.));
#2257=DIRECTION('',(0.,0.,1.));
#2258=DIRECTION('',(0.766044443118973,0.642787609686545,0.));
#2259=DIRECTION('center_axis',(-0.766044443118901,-0.642787609686631,0.));
#2260=DIRECTION('ref_axis',(0.642787609686631,-0.766044443118901,0.));
#2261=DIRECTION('center_axis',(-0.763342143708611,-0.645994405268608,0.));
#2262=DIRECTION('ref_axis',(0.645994405268608,-0.763342143708611,0.));
#2263=DIRECTION('',(-0.766044443118901,-0.642787609686631,0.));
#2264=DIRECTION('center_axis',(-0.766044443118901,-0.642787609686631,0.));
#2265=DIRECTION('ref_axis',(0.642787609686631,-0.766044443118901,0.));
#2266=DIRECTION('center_axis',(-0.763342143708611,-0.645994405268608,0.));
#2267=DIRECTION('ref_axis',(0.645994405268608,-0.763342143708611,0.));
#2268=DIRECTION('',(-0.766044443118901,-0.642787609686631,0.));
#2269=DIRECTION('center_axis',(0.766044443118972,0.642787609686546,0.));
#2270=DIRECTION('ref_axis',(-0.642787609686546,0.766044443118972,0.));
#2271=DIRECTION('center_axis',(0.753993942421648,0.656881370409803,0.));
#2272=DIRECTION('ref_axis',(-0.656881370409803,0.753993942421648,0.));
#2273=DIRECTION('',(0.766044443118972,0.642787609686546,0.));
#2274=DIRECTION('center_axis',(0.766044443118972,0.642787609686546,0.));
#2275=DIRECTION('ref_axis',(-0.642787609686546,0.766044443118972,0.));
#2276=DIRECTION('center_axis',(0.753993942421648,0.656881370409803,0.));
#2277=DIRECTION('ref_axis',(-0.656881370409803,0.753993942421648,0.));
#2278=DIRECTION('',(0.766044443118972,0.642787609686546,0.));
#2279=DIRECTION('center_axis',(0.,0.,1.));
#2280=DIRECTION('ref_axis',(-1.,0.,0.));
#2281=DIRECTION('',(-0.656881370409803,0.753993942421648,0.));
#2282=DIRECTION('',(-0.76604444311898,-0.642787609686536,0.));
#2283=DIRECTION('center_axis',(0.,0.,-1.));
#2284=DIRECTION('ref_axis',(0.707106781186548,0.707106781186547,0.));
#2285=DIRECTION('',(0.76604444311898,0.642787609686536,0.));
#2286=DIRECTION('center_axis',(-0.753993942421648,-0.656881370409803,0.));
#2287=DIRECTION('ref_axis',(0.656881370409803,-0.753993942421648,0.));
#2288=DIRECTION('',(-0.656881370409803,0.753993942421648,0.));
#2289=DIRECTION('',(0.,0.,-1.));
#2290=DIRECTION('',(-0.656881370409803,0.753993942421648,0.));
#2291=DIRECTION('center_axis',(0.,0.,1.));
#2292=DIRECTION('ref_axis',(0.707106781186547,-0.707106781186548,0.));
#2293=DIRECTION('',(-0.645994405268608,0.763342143708611,0.));
#2294=DIRECTION('center_axis',(0.,0.,1.));
#2295=DIRECTION('ref_axis',(0.707106781186547,0.707106781186548,0.));
#2296=DIRECTION('center_axis',(0.,0.,1.));
#2297=DIRECTION('ref_axis',(0.707106781186547,0.707106781186548,0.));
#2298=DIRECTION('',(-0.766044443118968,-0.642787609686551,0.));
#2299=DIRECTION('',(-0.819152044288979,-0.573576436351064,0.));
#2300=DIRECTION('center_axis',(0.573576436351064,-0.819152044288979,0.));
#2301=DIRECTION('ref_axis',(0.,0.,-1.));
#2302=DIRECTION('',(0.,0.,1.));
#2303=DIRECTION('center_axis',(-0.763342143708611,-0.645994405268608,0.));
#2304=DIRECTION('ref_axis',(0.645994405268608,-0.763342143708611,0.));
#2305=DIRECTION('center_axis',(0.642787609686551,-0.766044443118968,0.));
#2306=DIRECTION('ref_axis',(0.,0.,-1.));
#2307=DIRECTION('center_axis',(0.,0.,-1.));
#2308=DIRECTION('ref_axis',(0.707106781186548,0.707106781186547,0.));
#2309=DIRECTION('',(0.,0.,1.));
#2310=DIRECTION('center_axis',(0.,0.,1.));
#2311=DIRECTION('ref_axis',(-0.707106781186548,0.707106781186547,0.));
#2312=DIRECTION('',(0.,0.,1.));
#2313=DIRECTION('center_axis',(0.602278705864388,-0.602278705864388,0.52394725013558));
#2314=DIRECTION('ref_axis',(-0.370486653554912,0.370486653554913,0.851750714161934));
#2315=DIRECTION('',(0.,0.,-1.));
#2316=DIRECTION('center_axis',(0.,0.,-1.));
#2317=DIRECTION('ref_axis',(-0.707106781186548,-0.707106781186547,0.));
#2318=DIRECTION('',(0.,0.,1.));
#2319=DIRECTION('center_axis',(0.,0.,1.));
#2320=DIRECTION('ref_axis',(-0.707106781186547,-0.707106781186548,0.));
#2321=DIRECTION('',(0.,0.,-1.));
#2322=DIRECTION('center_axis',(0.602278705864388,-0.602278705864388,-0.52394725013558));
#2323=DIRECTION('ref_axis',(0.370486653554913,-0.370486653554912,0.851750714161934));
#2324=DIRECTION('center_axis',(-0.57446399851772,0.57446399851772,0.583079950619181));
#2325=DIRECTION('ref_axis',(-0.41229978705674,0.41229978705674,-0.812414777798837));
#2326=DIRECTION('',(0.41229978705674,-0.41229978705674,0.812414777798837));
#2327=DIRECTION('',(-0.707106781186547,-0.707106781186548,0.));
#2328=DIRECTION('',(-0.41229978705674,0.41229978705674,-0.812414777798837));
#2329=DIRECTION('center_axis',(-0.57446399851772,0.57446399851772,0.583079950619181));
#2330=DIRECTION('ref_axis',(-0.41229978705674,0.41229978705674,-0.812414777798837));
#2331=DIRECTION('center_axis',(-0.57446399851772,0.57446399851772,0.583079950619181));
#2332=DIRECTION('ref_axis',(0.41229978705674,-0.41229978705674,0.812414777798837));
#2333=DIRECTION('center_axis',(-0.57446399851772,0.57446399851772,0.583079950619181));
#2334=DIRECTION('ref_axis',(-0.412299787056744,0.412299787056736,-0.812414777798837));
#2335=DIRECTION('center_axis',(-0.57446399851772,0.57446399851772,0.583079950619181));
#2336=DIRECTION('ref_axis',(-0.412299787056744,0.412299787056736,-0.812414777798837));
#2337=DIRECTION('center_axis',(-0.57446399851772,0.57446399851772,0.583079950619181));
#2338=DIRECTION('ref_axis',(0.41229978705674,-0.41229978705674,0.812414777798837));
#2339=DIRECTION('center_axis',(-0.57446399851772,0.57446399851772,0.583079950619181));
#2340=DIRECTION('ref_axis',(-0.41229978705674,0.41229978705674,-0.812414777798837));
#2341=DIRECTION('center_axis',(-0.183012701892221,0.183012701892217,0.965925826289068));
#2342=DIRECTION('ref_axis',(0.707106781186541,0.707106781186554,2.00662557552492E-16));
#2343=DIRECTION('',(-0.183012701892221,0.183012701892217,0.965925826289068));
#2344=DIRECTION('center_axis',(0.,0.,1.));
#2345=DIRECTION('ref_axis',(0.707106781186547,0.707106781186548,0.));
#2346=DIRECTION('',(0.,0.,-1.));
#2347=DIRECTION('center_axis',(0.,0.,1.));
#2348=DIRECTION('ref_axis',(0.707106781186547,0.707106781186548,0.));
#2349=DIRECTION('',(0.,0.,-1.));
#2350=DIRECTION('center_axis',(-0.707106905287692,-0.707106657085382,0.));
#2351=DIRECTION('ref_axis',(-0.707106657085382,0.707106905287692,0.));
#2352=DIRECTION('center_axis',(-0.706581378843687,0.707631793428867,0.));
#2353=DIRECTION('ref_axis',(0.,0.,1.));
#2354=DIRECTION('center_axis',(0.21419967023095,-0.582021024866986,-0.784455242754955));
#2355=DIRECTION('ref_axis',(-0.938462906875464,-0.345380040562354,0.));
#2356=DIRECTION('center_axis',(0.412299787056742,-0.412299787056742,-0.812414777798835));
#2357=DIRECTION('ref_axis',(-0.707106781186548,-0.707106781186548,0.));
#2358=DIRECTION('center_axis',(-0.57446399851772,0.57446399851772,-0.583079950619181));
#2359=DIRECTION('ref_axis',(0.41229978705674,-0.41229978705674,-0.812414777798837));
#2360=DIRECTION('center_axis',(0.62923913060467,-0.629239130604668,0.456197581133176));
#2361=DIRECTION('ref_axis',(0.322580403180169,-0.322580403180169,-0.889878512476978));
#2362=DIRECTION('center_axis',(-0.41229978705674,0.41229978705674,0.812414777798837));
#2363=DIRECTION('ref_axis',(-0.906207388899419,-0.0937926111005898,-0.412299787056736));
#2364=DIRECTION('center_axis',(0.412299787056741,-0.412299787056741,-0.812414777798836));
#2365=DIRECTION('ref_axis',(-0.707106781186548,-0.707106781186548,0.));
#2366=DIRECTION('',(0.41229978705674,-0.41229978705674,-0.812414777798837));
#2367=DIRECTION('',(-0.41229978705674,0.41229978705674,0.812414777798837));
#2368=DIRECTION('center_axis',(0.707106781186548,0.707106781186547,0.));
#2369=DIRECTION('ref_axis',(0.,0.,-1.));
#2370=DIRECTION('center_axis',(0.,0.,-1.));
#2371=DIRECTION('ref_axis',(-0.707106781186532,-0.707106781186563,0.));
#2372=DIRECTION('center_axis',(-0.707106781186548,-0.707106781186547,0.));
#2373=DIRECTION('ref_axis',(-0.594390742732376,0.594390742732376,-0.541663447085096));
#2374=DIRECTION('center_axis',(0.707106781186548,0.707106781186547,0.));
#2375=DIRECTION('ref_axis',(-0.594390742732376,0.594390742732376,-0.541663447085096));
#2376=DIRECTION('center_axis',(-0.57446399851772,0.57446399851772,-0.583079950619181));
#2377=DIRECTION('ref_axis',(-0.41229978705674,0.41229978705674,0.812414777798837));
#2378=DIRECTION('center_axis',(-0.57446399851772,0.57446399851772,-0.583079950619181));
#2379=DIRECTION('ref_axis',(0.41229978705674,-0.41229978705674,-0.812414777798837));
#2380=DIRECTION('',(-0.707106781186548,-0.707106781186547,0.));
#2381=DIRECTION('',(-0.41229978705674,0.41229978705674,0.812414777798837));
#2382=DIRECTION('center_axis',(-0.57446399851772,0.57446399851772,-0.583079950619181));
#2383=DIRECTION('ref_axis',(0.41229978705674,-0.41229978705674,-0.812414777798837));
#2384=DIRECTION('center_axis',(0.707106781186548,0.707106781186547,0.));
#2385=DIRECTION('ref_axis',(-0.67312977534032,0.67312977534032,-0.306255793578802));
#2386=DIRECTION('',(0.707106781186548,0.707106781186547,0.));
#2387=DIRECTION('center_axis',(0.707106781186548,0.707106781186547,0.));
#2388=DIRECTION('ref_axis',(-0.594390742732376,0.594390742732377,-0.541663447085095));
#2389=DIRECTION('center_axis',(0.,0.,-1.));
#2390=DIRECTION('ref_axis',(-1.,0.,0.));
#2391=DIRECTION('',(0.,0.,1.));
#2392=DIRECTION('center_axis',(0.,0.,1.));
#2393=DIRECTION('ref_axis',(-0.707106781186556,0.707106781186539,0.));
#2394=DIRECTION('',(0.,0.,-1.));
#2395=DIRECTION('',(0.,0.,-1.));
#2396=DIRECTION('center_axis',(0.494168404808306,-0.494168404796634,0.715258817065518));
#2397=DIRECTION('ref_axis',(-0.653668439671247,0.331215748942619,0.680451099367278));
#2398=DIRECTION('center_axis',(0.489996974164243,-0.48999697416424,0.720975679631272));
#2399=DIRECTION('ref_axis',(-0.634353516357234,0.366854082238529,0.680451099367279));
#2400=DIRECTION('center_axis',(0.,0.,-1.));
#2401=DIRECTION('ref_axis',(0.967950941648636,0.251139352873097,0.));
#2402=DIRECTION('',(0.,0.,-1.));
#2403=DIRECTION('center_axis',(-0.707106781186548,-0.707106781186547,0.));
#2404=DIRECTION('ref_axis',(0.,0.,-1.));
#2405=DIRECTION('center_axis',(0.614248081292568,-0.168276856929021,-0.770961862902756));
#2406=DIRECTION('ref_axis',(-0.574463998517727,0.574463998517714,-0.583079950619179));
#2407=DIRECTION('center_axis',(0.412299787056746,-0.412299787056741,-0.812414777798834));
#2408=DIRECTION('ref_axis',(-0.574463998517707,0.574463998517729,-0.583079950619185));
#2409=DIRECTION('center_axis',(0.629239130604669,-0.629239130604669,0.456197581133176));
#2410=DIRECTION('ref_axis',(0.322580403180168,-0.322580403180169,-0.889878512476978));
#2411=DIRECTION('center_axis',(-0.41229978705674,0.41229978705674,0.812414777798837));
#2412=DIRECTION('ref_axis',(0.0937926111005695,0.906207388899419,-0.412299787056743));
#2413=DIRECTION('center_axis',(0.412299787056744,-0.412299787056744,-0.812414777798833));
#2414=DIRECTION('ref_axis',(-0.574463998517721,0.574463998517713,-0.583079950619186));
#2415=DIRECTION('',(0.41229978705674,-0.41229978705674,-0.812414777798837));
#2416=DIRECTION('center_axis',(-0.707106781186548,-0.707106781186547,0.));
#2417=DIRECTION('ref_axis',(0.,0.,1.));
#2418=DIRECTION('center_axis',(0.,0.,-1.));
#2419=DIRECTION('ref_axis',(-0.707106781186548,0.707106781186548,0.));
#2420=DIRECTION('center_axis',(-0.707106781186548,-0.707106781186547,0.));
#2421=DIRECTION('ref_axis',(-0.594390742732376,0.594390742732377,-0.541663447085095));
#2422=DIRECTION('center_axis',(0.,0.,1.));
#2423=DIRECTION('ref_axis',(-0.219591756039985,-0.975591851482614,0.));
#2424=DIRECTION('',(0.,0.,1.));
#2425=DIRECTION('center_axis',(0.707106781186548,0.707106781186547,0.));
#2426=DIRECTION('ref_axis',(0.,0.,1.));
#2427=DIRECTION('',(0.,0.,-1.));
#2428=DIRECTION('center_axis',(0.,0.,1.));
#2429=DIRECTION('ref_axis',(0.,1.,0.));
#2430=DIRECTION('',(0.,0.,1.));
#2431=DIRECTION('',(0.,0.,1.));
#2432=DIRECTION('center_axis',(0.,0.,-1.));
#2433=DIRECTION('ref_axis',(-0.707106781189918,0.707106781183177,0.));
#2434=DIRECTION('center_axis',(-0.486838778685972,0.486838778685972,-0.725242033486134));
#2435=DIRECTION('ref_axis',(-0.399066186615528,0.614599446851397,0.680451099367249));
#2436=DIRECTION('center_axis',(-0.489102265745527,0.489102265790486,-0.722189689237672));
#2437=DIRECTION('ref_axis',(-0.375385545827703,0.62934250877684,0.680451099367258));
#2438=DIRECTION('center_axis',(0.,0.,-1.));
#2439=DIRECTION('ref_axis',(-0.707106781186548,-0.707106781186548,0.));
#2440=DIRECTION('center_axis',(-0.681998360062498,-0.731353701619171,0.));
#2441=DIRECTION('ref_axis',(0.,0.,1.));
#2442=DIRECTION('',(-0.681998360062498,-0.731353701619171,0.));
#2443=DIRECTION('center_axis',(-0.681998360062498,-0.731353701619171,0.));
#2444=DIRECTION('ref_axis',(0.,0.,1.));
#2445=DIRECTION('center_axis',(-0.681998360062498,-0.731353701619171,0.));
#2446=DIRECTION('ref_axis',(0.,0.,1.));
#2447=DIRECTION('center_axis',(0.,0.,1.));
#2448=DIRECTION('ref_axis',(0.707106781186547,0.707106781186548,0.));
#2449=DIRECTION('',(0.707106781186547,0.707106781186548,0.));
#2450=DIRECTION('',(0.707106781186547,0.707106781186548,0.));
#2451=DIRECTION('center_axis',(0.,0.,-1.));
#2452=DIRECTION('ref_axis',(0.707106781186548,0.707106781186548,0.));
#2453=DIRECTION('center_axis',(0.,0.,1.));
#2454=DIRECTION('ref_axis',(0.251139352873097,0.967950941648636,0.));
#2455=DIRECTION('',(0.,0.,-1.));
#2456=DIRECTION('center_axis',(-0.707106781186547,-0.707106781186548,0.));
#2457=DIRECTION('ref_axis',(0.,0.,1.));
#2458=DIRECTION('',(0.,0.,1.));
#2459=DIRECTION('center_axis',(0.707106781186547,0.707106781186548,0.));
#2460=DIRECTION('ref_axis',(0.67312977534032,-0.67312977534032,-0.306255793578802));
#2461=DIRECTION('',(0.,0.,1.));
#2462=DIRECTION('',(0.,0.,1.));
#2463=DIRECTION('center_axis',(0.,0.,-1.));
#2464=DIRECTION('ref_axis',(-0.975591851482614,-0.219591756039985,0.));
#2465=DIRECTION('center_axis',(0.,0.,-1.));
#2466=DIRECTION('ref_axis',(-0.707106781186548,-0.707106781186548,0.));
#2467=DIRECTION('center_axis',(0.707106781186547,0.707106781186548,0.));
#2468=DIRECTION('ref_axis',(0.,0.,-1.));
#2469=DIRECTION('',(0.,0.,-1.));
#2470=DIRECTION('center_axis',(-0.707106781186547,-0.707106781186548,0.));
#2471=DIRECTION('ref_axis',(0.67312977534032,-0.67312977534032,-0.306255793578802));
#2472=DIRECTION('',(0.,0.,-1.));
#2473=DIRECTION('center_axis',(0.707106781186548,-0.707106781186547,0.));
#2474=DIRECTION('ref_axis',(0.,0.,-1.));
#2475=DIRECTION('',(0.707106781186547,0.707106781186548,0.));
#2476=DIRECTION('',(0.707106781186547,0.707106781186548,0.));
#2477=DIRECTION('center_axis',(-0.707106781186547,-0.707106781186548,0.));
#2478=DIRECTION('ref_axis',(0.67312977534032,-0.67312977534032,-0.306255793578802));
#2479=DIRECTION('center_axis',(-0.707106781186547,0.707106781186548,0.));
#2480=DIRECTION('ref_axis',(0.,0.,1.));
#2481=DIRECTION('',(-0.707106781186548,-0.707106781186547,0.));
#2482=DIRECTION('',(0.,0.,-1.));
#2483=DIRECTION('',(0.,0.,1.));
#2484=DIRECTION('center_axis',(0.,0.,-1.));
#2485=DIRECTION('ref_axis',(-0.707106781186548,-0.707106781186547,0.));
#2486=DIRECTION('',(0.707106781186547,-0.707106781186548,0.));
#2487=DIRECTION('',(-0.707106781186547,0.707106781186548,0.));
#2488=DIRECTION('center_axis',(1.17652261570705E-11,-1.17652261570705E-11,
1.));
#2489=DIRECTION('ref_axis',(0.707106781186548,0.707106781186547,0.));
#2490=DIRECTION('',(-0.707106781186547,0.707106781186548,0.));
#2491=DIRECTION('',(-0.707106781186547,0.707106781186548,0.));
#2492=DIRECTION('center_axis',(0.,0.,-1.));
#2493=DIRECTION('ref_axis',(0.707106781186548,0.707106781186547,0.));
#2494=DIRECTION('',(0.,0.,-1.));
#2495=DIRECTION('',(0.,0.,1.));
#2496=DIRECTION('center_axis',(0.,0.,1.));
#2497=DIRECTION('ref_axis',(0.707106781186548,0.707106781186547,0.));
#2498=DIRECTION('',(-0.707106781186547,0.707106781186548,0.));
#2499=DIRECTION('',(-0.707106781186547,0.707106781186548,0.));
#2500=DIRECTION('center_axis',(-0.707106781186548,-0.707106781186547,0.));
#2501=DIRECTION('ref_axis',(-1.57009245868377E-16,1.57009245868377E-16,
1.));
#2502=DIRECTION('',(0.707106781186547,-0.707106781186548,0.));
#2503=DIRECTION('',(-1.57009245868377E-16,1.57009245868377E-16,1.));
#2504=DIRECTION('center_axis',(0.,0.,1.));
#2505=DIRECTION('ref_axis',(0.707106781186548,0.707106781186548,0.));
#2506=DIRECTION('center_axis',(0.707106781186548,0.707106781186547,0.));
#2507=DIRECTION('ref_axis',(1.57009245868377E-16,-1.57009245868377E-16,
-1.));
#2508=DIRECTION('',(1.57009245868377E-16,-1.57009245868377E-16,-1.));
#2509=DIRECTION('',(0.,0.,1.));
#2510=DIRECTION('center_axis',(0.,0.,1.));
#2511=DIRECTION('ref_axis',(0.707106781186547,-0.707106781186548,0.));
#2512=DIRECTION('center_axis',(-0.707106781186548,-0.707106781186547,0.));
#2513=DIRECTION('ref_axis',(0.,0.,1.));
#2514=DIRECTION('center_axis',(-0.707106781186548,-0.707106781186547,0.));
#2515=DIRECTION('ref_axis',(-0.707106781186547,0.707106781186548,0.));
#2516=DIRECTION('center_axis',(0.707106781186547,-0.707106781186548,0.));
#2517=DIRECTION('ref_axis',(0.,0.,-1.));
#2518=DIRECTION('center_axis',(0.,0.,-1.));
#2519=DIRECTION('ref_axis',(0.707106781186548,0.707106781186547,0.));
#2520=DIRECTION('',(0.,0.,1.));
#2521=DIRECTION('center_axis',(0.,0.,1.));
#2522=DIRECTION('ref_axis',(-0.707106781186548,0.707106781186547,0.));
#2523=DIRECTION('center_axis',(0.,0.,-1.));
#2524=DIRECTION('ref_axis',(-0.707106781186547,0.707106781186548,0.));
#2525=CARTESIAN_POINT('',(0.,0.,0.));
#2526=CARTESIAN_POINT('Origin',(-160.,1.77635683940025E-14,315.97189121091));
#2527=CARTESIAN_POINT('',(-179.436504620354,-19.4365046203542,241.));
#2528=CARTESIAN_POINT('Origin',(-160.,1.77635683940025E-14,241.));
#2529=CARTESIAN_POINT('',(-179.436505937115,-19.4365059371149,243.172));
#2530=CARTESIAN_POINT('',(-179.436550071571,-19.4365500715707,315.97189121091));
#2531=CARTESIAN_POINT('',(-176.787761271345,-21.7652686197045,243.172));
#2532=CARTESIAN_POINT('Origin',(-160.,1.77635683940025E-14,243.172));
#2533=CARTESIAN_POINT('',(-176.787834852311,-21.765320141652,349.971906034378));
#2534=CARTESIAN_POINT('',(-176.787759431818,-21.7652673316544,247.472));
#2535=CARTESIAN_POINT('',(-135.717874725548,12.8817293890576,349.971906034378));
#2536=CARTESIAN_POINT('Origin',(-160.,0.,349.971906034378));
#2537=CARTESIAN_POINT('',(-135.717941883639,12.8816730367285,243.172));
#2538=CARTESIAN_POINT('',(-135.717943562592,12.8816716279192,247.472));
#2539=CARTESIAN_POINT('',(-143.275174771692,21.8136669928303,243.172));
#2540=CARTESIAN_POINT('Origin',(-160.,1.77635683940025E-14,243.172));
#2541=CARTESIAN_POINT('',(-143.275107493966,21.8137234455447,349.971906034378));
#2542=CARTESIAN_POINT('',(-143.275137423139,21.8136983319871,305.485943620627));
#2543=CARTESIAN_POINT('',(-184.340651478027,-12.7707965891844,349.971906034378));
#2544=CARTESIAN_POINT('Origin',(-160.,0.,349.971906034378));
#2545=CARTESIAN_POINT('',(-184.340580671115,-12.7707470096509,243.172));
#2546=CARTESIAN_POINT('',(-184.34057890094,-12.7707457701615,247.472));
#2547=CARTESIAN_POINT('Origin',(-160.,1.77635683940025E-14,243.172));
#2548=CARTESIAN_POINT('',(-148.97587014185,-25.1799208714889,335.));
#2549=CARTESIAN_POINT('',(-151.008866849291,-25.9753514335016,334.999999999992));
#2550=CARTESIAN_POINT('Origin',(-160.,1.77635683940025E-14,335.));
#2551=CARTESIAN_POINT('',(-151.008873791398,-25.9753443466867,314.));
#2552=CARTESIAN_POINT('',(-151.008873791398,-25.9753443466867,314.));
#2553=CARTESIAN_POINT('',(-148.975883811538,-25.1799072018,314.));
#2554=CARTESIAN_POINT('Origin',(-160.,0.,314.));
#2555=CARTESIAN_POINT('',(-148.975871509483,-25.1799195038556,332.898979485566));
#2556=CARTESIAN_POINT('',(-148.975877203471,-25.1799138098677,324.1516154504));
#2557=CARTESIAN_POINT('',(-148.975877203471,-25.1799138098677,324.1516154504));
#2558=CARTESIAN_POINT('',(-159.650002354383,-27.4852115321575,324.330131778015));
#2559=CARTESIAN_POINT('Ctrl Pts',(-159.650002354383,-27.4852115321575,324.330131778015));
#2560=CARTESIAN_POINT('Ctrl Pts',(-159.650002353218,-27.4852116236548,324.436860495957));
#2561=CARTESIAN_POINT('Ctrl Pts',(-159.671332204297,-27.48550928386,324.550702288102));
#2562=CARTESIAN_POINT('Ctrl Pts',(-159.758077685462,-27.4864098524568,324.760124054023));
#2563=CARTESIAN_POINT('Ctrl Pts',(-159.823493246445,-27.4869772256854,324.855704207725));
#2564=CARTESIAN_POINT('Ctrl Pts',(-159.974433463157,-27.4875321853037,325.006644423731));
#2565=CARTESIAN_POINT('Ctrl Pts',(-160.070020079428,-27.4875507965561,325.072062531476));
#2566=CARTESIAN_POINT('Ctrl Pts',(-160.279446656781,-27.4862195519737,325.158806132324));
#2567=CARTESIAN_POINT('Ctrl Pts',(-160.393286322795,-27.484834169675,325.180131788958));
#2568=CARTESIAN_POINT('Ctrl Pts',(-160.606749341559,-27.4809505895838,325.180131785629));
#2569=CARTESIAN_POINT('Ctrl Pts',(-160.720594848036,-27.4781932981365,325.158795686007));
#2570=CARTESIAN_POINT('Ctrl Pts',(-160.930009224315,-27.4719027848237,325.072047548484));
#2571=CARTESIAN_POINT('Ctrl Pts',(-161.025579452125,-27.4684050121666,325.006636221923));
#2572=CARTESIAN_POINT('Ctrl Pts',(-161.17649583422,-27.4623548863429,324.855719831121));
#2573=CARTESIAN_POINT('Ctrl Pts',(-161.241910463432,-27.4594048672296,324.760152699838));
#2574=CARTESIAN_POINT('Ctrl Pts',(-161.328664170267,-27.4553437223971,324.550733738551));
#2575=CARTESIAN_POINT('Ctrl Pts',(-161.350002358878,-27.4542683381259,324.43688084868));
#2576=CARTESIAN_POINT('Ctrl Pts',(-161.350002349889,-27.4542681553132,324.223395148913));
#2577=CARTESIAN_POINT('Ctrl Pts',(-161.328669105685,-27.4553430900967,324.109554728146));
#2578=CARTESIAN_POINT('Ctrl Pts',(-161.241934038309,-27.4594030481521,323.900154809285));
#2579=CARTESIAN_POINT('Ctrl Pts',(-161.176533103992,-27.4623523451613,323.804594251866));
#2580=CARTESIAN_POINT('Ctrl Pts',(-161.025629957648,-27.4684019717038,323.653664623788));
#2581=CARTESIAN_POINT('Ctrl Pts',(-160.930053159881,-27.4719000608578,323.58823960493));
#2582=CARTESIAN_POINT('Ctrl Pts',(-160.720619757972,-27.4781912597743,323.501472830189));
#2583=CARTESIAN_POINT('Ctrl Pts',(-160.606761795323,-27.4809489052605,323.480131785629));
#2584=CARTESIAN_POINT('Ctrl Pts',(-160.393289533664,-27.4848326535097,323.480131788958));
#2585=CARTESIAN_POINT('Ctrl Pts',(-160.279453100966,-27.4862180560447,323.50145616564));
#2586=CARTESIAN_POINT('Ctrl Pts',(-160.070031463166,-27.4875494859492,323.588194935604));
#2587=CARTESIAN_POINT('Ctrl Pts',(-159.974446553161,-27.4875310358681,323.653609492464));
#2588=CARTESIAN_POINT('Ctrl Pts',(-159.823502910279,-27.4869763974868,323.804546271989));
#2589=CARTESIAN_POINT('Ctrl Pts',(-159.758083801611,-27.4864091727447,323.900128124628));
#2590=CARTESIAN_POINT('Ctrl Pts',(-159.671333489703,-27.4855089247919,324.109554813807));
#2591=CARTESIAN_POINT('Ctrl Pts',(-159.650002355549,-27.4852114406575,324.223399830225));
#2592=CARTESIAN_POINT('Ctrl Pts',(-159.650002354383,-27.4852115321575,324.330131778015));
#2593=CARTESIAN_POINT('',(-162.150002354384,-27.4032231152301,320.000004825373));
#2594=CARTESIAN_POINT('Ctrl Pts',(-162.150002354384,-27.4032231152301,320.000004825373));
#2595=CARTESIAN_POINT('Ctrl Pts',(-162.150002361546,-27.4032232065219,320.106812508002));
#2596=CARTESIAN_POINT('Ctrl Pts',(-162.171366610307,-27.4015733147727,320.220710119006));
#2597=CARTESIAN_POINT('Ctrl Pts',(-162.258157116945,-27.3945576600459,320.43013694485));
#2598=CARTESIAN_POINT('Ctrl Pts',(-162.323581696643,-27.3891559900855,320.525665650757));
#2599=CARTESIAN_POINT('Ctrl Pts',(-162.47458210254,-27.3759271054476,320.676666032398));
#2600=CARTESIAN_POINT('Ctrl Pts',(-162.57029405931,-27.3672037991531,320.742094255702));
#2601=CARTESIAN_POINT('Ctrl Pts',(-162.779752992928,-27.346722522436,320.828760609111));
#2602=CARTESIAN_POINT('Ctrl Pts',(-162.893494023489,-27.3349293107508,320.850004778338));
#2603=CARTESIAN_POINT('Ctrl Pts',(-163.106698832211,-27.311520115452,320.850004758388));
#2604=CARTESIAN_POINT('Ctrl Pts',(-163.220476130535,-27.2983304085516,320.828697010831));
#2605=CARTESIAN_POINT('Ctrl Pts',(-163.429861307973,-27.2728135131657,320.742002610119));
#2606=CARTESIAN_POINT('Ctrl Pts',(-163.525473242142,-27.2605214197934,320.676615424776));
#2607=CARTESIAN_POINT('Ctrl Pts',(-163.676328036916,-27.2405864650006,320.52576059777));
#2608=CARTESIAN_POINT('Ctrl Pts',(-163.741746523005,-27.2316070445019,320.430311585601));
#2609=CARTESIAN_POINT('Ctrl Pts',(-163.828587040673,-27.2195334396882,320.220902440866));
#2610=CARTESIAN_POINT('Ctrl Pts',(-163.850002367224,-27.2164772525646,320.10693733883));
#2611=CARTESIAN_POINT('Ctrl Pts',(-163.850002341568,-27.2164770711964,319.893288121275));
#2612=CARTESIAN_POINT('Ctrl Pts',(-163.828672742084,-27.2195207420372,319.779538223424));
#2613=CARTESIAN_POINT('Ctrl Pts',(-163.742153877995,-27.2315500639812,319.570457065058));
#2614=CARTESIAN_POINT('Ctrl Pts',(-163.676971317921,-27.2404979894365,319.475120861443));
#2615=CARTESIAN_POINT('Ctrl Pts',(-163.526343268127,-27.2604078290419,319.324036463788));
#2616=CARTESIAN_POINT('Ctrl Pts',(-163.430617903944,-27.2727177100009,319.258413203209));
#2617=CARTESIAN_POINT('Ctrl Pts',(-163.22090501788,-27.2982790163869,319.171397614246));
#2618=CARTESIAN_POINT('Ctrl Pts',(-163.106913407391,-27.3114950895273,319.150004758368));
#2619=CARTESIAN_POINT('Ctrl Pts',(-162.893374611696,-27.3349409555107,319.150004778349));
#2620=CARTESIAN_POINT('Ctrl Pts',(-162.77951418528,-27.3467457202349,319.171296204661));
#2621=CARTESIAN_POINT('Ctrl Pts',(-162.569872615648,-27.3672424519852,319.258141354107));
#2622=CARTESIAN_POINT('Ctrl Pts',(-162.474097433277,-27.3759698056556,319.323701110962));
#2623=CARTESIAN_POINT('Ctrl Pts',(-162.323223635126,-27.3891850501871,319.474829172034));
#2624=CARTESIAN_POINT('Ctrl Pts',(-162.257930481376,-27.3945754586007,319.570294973391));
#2625=CARTESIAN_POINT('Ctrl Pts',(-162.171318996129,-27.4015765658266,319.779539199727));
#2626=CARTESIAN_POINT('Ctrl Pts',(-162.150002347229,-27.4032230240408,319.893317123169));
#2627=CARTESIAN_POINT('Ctrl Pts',(-162.150002354384,-27.4032231152301,320.000004825373));
#2628=CARTESIAN_POINT('',(-157.150002354383,-27.3392878591764,320.000004692812));
#2629=CARTESIAN_POINT('Ctrl Pts',(-157.150002354383,-27.3392878591764,320.000004692812));
#2630=CARTESIAN_POINT('Ctrl Pts',(-157.150002344886,-27.3392879502794,320.106840654275));
#2631=CARTESIAN_POINT('Ctrl Pts',(-157.171376947237,-27.3415426065734,320.220746172359));
#2632=CARTESIAN_POINT('Ctrl Pts',(-157.258171218678,-27.3503829092598,320.430159859239));
#2633=CARTESIAN_POINT('Ctrl Pts',(-157.323587182089,-27.3569318282904,320.525671112692));
#2634=CARTESIAN_POINT('Ctrl Pts',(-157.474467213251,-27.3712735522936,320.676551166678));
#2635=CARTESIAN_POINT('Ctrl Pts',(-157.57004838587,-27.3800211487704,320.741949327264));
#2636=CARTESIAN_POINT('Ctrl Pts',(-157.779445122445,-27.3977985078629,320.828676387317));
#2637=CARTESIAN_POINT('Ctrl Pts',(-157.893263894521,-27.4067930264814,320.850004761713));
#2638=CARTESIAN_POINT('Ctrl Pts',(-158.106616307583,-27.4223578950713,320.850004775022));
#2639=CARTESIAN_POINT('Ctrl Pts',(-158.22041137065,-27.4299700754543,320.8287184336));
#2640=CARTESIAN_POINT('Ctrl Pts',(-158.429857067972,-27.4427557128662,320.742009754472));
#2641=CARTESIAN_POINT('Ctrl Pts',(-158.525504274249,-27.4479646313091,320.676584369101));
#2642=CARTESIAN_POINT('Ctrl Pts',(-158.676480381813,-27.4556583127049,320.525608276371));
#2643=CARTESIAN_POINT('Ctrl Pts',(-158.741900214219,-27.4586641696813,320.430044491519));
#2644=CARTESIAN_POINT('Ctrl Pts',(-158.828661396255,-27.462501871782,320.220619345525));
#2645=CARTESIAN_POINT('Ctrl Pts',(-158.850002350554,-27.4633693793176,320.106758475634));
#2646=CARTESIAN_POINT('Ctrl Pts',(-158.850002358211,-27.4633691964622,319.893293732997));
#2647=CARTESIAN_POINT('Ctrl Pts',(-158.828678308006,-27.4625021641969,319.779475392593));
#2648=CARTESIAN_POINT('Ctrl Pts',(-158.741980774488,-27.4586670722797,319.570115172799));
#2649=CARTESIAN_POINT('Ctrl Pts',(-158.676607687312,-27.4556634020482,319.474573783201));
#2650=CARTESIAN_POINT('Ctrl Pts',(-158.525676723265,-27.4479727536528,319.323552410227));
#2651=CARTESIAN_POINT('Ctrl Pts',(-158.430007080047,-27.4427631453701,319.258080264564));
#2652=CARTESIAN_POINT('Ctrl Pts',(-158.220496457177,-27.4299742958857,319.171307970218));
#2653=CARTESIAN_POINT('Ctrl Pts',(-158.106658908591,-27.4223595415951,319.150004775025));
#2654=CARTESIAN_POINT('Ctrl Pts',(-157.893158301744,-27.4067838617059,319.150004761706));
#2655=CARTESIAN_POINT('Ctrl Pts',(-157.779234065154,-27.3977802861749,319.171375031585));
#2656=CARTESIAN_POINT('Ctrl Pts',(-157.569676178208,-27.3799871468823,319.258260028443));
#2657=CARTESIAN_POINT('Ctrl Pts',(-157.474039308078,-27.3712329541196,319.323774229632));
#2658=CARTESIAN_POINT('Ctrl Pts',(-157.323271115402,-27.3568996368947,319.474766783213));
#2659=CARTESIAN_POINT('Ctrl Pts',(-157.257971164639,-27.3503619859113,319.570222473988));
#2660=CARTESIAN_POINT('Ctrl Pts',(-157.171334936469,-27.3415377533562,319.77947491932));
#2661=CARTESIAN_POINT('Ctrl Pts',(-157.150002363871,-27.3392877681638,319.89327474942));
#2662=CARTESIAN_POINT('Ctrl Pts',(-157.150002354384,-27.3392878591764,320.000004692812));
#2663=CARTESIAN_POINT('',(-185.975351433502,8.99113315070903,334.999999999992));
#2664=CARTESIAN_POINT('',(-185.1799072018,11.0241161884616,335.));
#2665=CARTESIAN_POINT('Origin',(-160.,1.77635683940025E-14,335.));
#2666=CARTESIAN_POINT('',(-185.17991335346,11.0241223428428,332.898979485536));
#2667=CARTESIAN_POINT('',(-185.1799072018,11.0241161884616,314.));
#2668=CARTESIAN_POINT('',(-185.1799072018,11.0241161884616,314.));
#2669=CARTESIAN_POINT('',(-185.179913678297,11.0241226649583,323.949489742783));
#2670=CARTESIAN_POINT('',(-185.975344346687,8.9911262086021,314.));
#2671=CARTESIAN_POINT('Origin',(-160.,1.77635683940025E-14,314.));
#2672=CARTESIAN_POINT('',(-185.975351726379,8.99113358829423,324.949489742783));
#2673=CARTESIAN_POINT('',(-185.175748305609,11.0336126818782,315.));
#2674=CARTESIAN_POINT('',(-185.175761322442,11.0336256987109,335.));
#2675=CARTESIAN_POINT('',(-185.175754814025,11.0336191902945,325.));
#2676=CARTESIAN_POINT('',(-172.938304451414,24.2520129503991,335.));
#2677=CARTESIAN_POINT('Origin',(-160.,1.77635683940025E-14,335.));
#2678=CARTESIAN_POINT('',(-172.938291777913,24.252000276898,315.));
#2679=CARTESIAN_POINT('',(-172.938298080749,24.2520065797339,324.946479485566));
#2680=CARTESIAN_POINT('Origin',(-160.,1.77635683940025E-14,315.));
#2681=CARTESIAN_POINT('',(-148.966387834344,-25.1757471277278,310.));
#2682=CARTESIAN_POINT('',(-148.966374301289,-25.1757613224418,335.));
#2683=CARTESIAN_POINT('',(-148.966380809705,-25.1757548140255,325.));
#2684=CARTESIAN_POINT('',(-142.364124602487,-21.0839885898966,310.));
#2685=CARTESIAN_POINT('Origin',(-160.,1.77635683940025E-14,310.));
#2686=CARTESIAN_POINT('',(-139.866049090592,-18.7131690708191,310.));
#2687=CARTESIAN_POINT('Ctrl Pts',(-142.364124602487,-21.0839885898966,310.));
#2688=CARTESIAN_POINT('Ctrl Pts',(-142.188238801146,-20.9368668571221,309.454374772746));
#2689=CARTESIAN_POINT('Ctrl Pts',(-141.969456931689,-20.7510142911758,308.886767838368));
#2690=CARTESIAN_POINT('Ctrl Pts',(-141.611813426351,-20.4314119153071,308.381654195848));
#2691=CARTESIAN_POINT('Ctrl Pts',(-141.525944525236,-20.3539723575203,308.278940027553));
#2692=CARTESIAN_POINT('Ctrl Pts',(-141.337543218705,-20.1813680471172,308.121491741771));
#2693=CARTESIAN_POINT('Ctrl Pts',(-141.234567823912,-20.0857346089425,308.067803901637));
#2694=CARTESIAN_POINT('Ctrl Pts',(-141.035868911949,-19.8981926341276,308.038361309185));
#2695=CARTESIAN_POINT('Ctrl Pts',(-140.933416943029,-19.8000325566957,308.059154482279));
#2696=CARTESIAN_POINT('Ctrl Pts',(-140.744837196269,-19.6166915811086,308.164159004445));
#2697=CARTESIAN_POINT('Ctrl Pts',(-140.658222614508,-19.5311186714282,308.24680486391));
#2698=CARTESIAN_POINT('Ctrl Pts',(-140.41249820821,-19.2859682568868,308.544256457676));
#2699=CARTESIAN_POINT('Ctrl Pts',(-140.273098678974,-19.1425786662505,308.827730253253));
#2700=CARTESIAN_POINT('Ctrl Pts',(-140.039658455066,-18.8989435238677,309.414314487488));
#2701=CARTESIAN_POINT('Ctrl Pts',(-139.94491472966,-18.7980221608526,309.71631643472));
#2702=CARTESIAN_POINT('Ctrl Pts',(-139.866049090592,-18.7131690708191,310.));
#2703=CARTESIAN_POINT('',(-135.752754893091,-12.947191997532,310.));
#2704=CARTESIAN_POINT('Origin',(-160.,1.77635683940025E-14,310.));
#2705=CARTESIAN_POINT('',(-135.752739052983,-12.9472078376402,335.));
#2706=CARTESIAN_POINT('',(-135.752747223416,-12.9471996672065,322.104832909296));
#2707=CARTESIAN_POINT('Origin',(-160.,0.,335.));
#2708=CARTESIAN_POINT('Origin',(-137.764414816239,-23.8971279109045,310.));
#2709=CARTESIAN_POINT('',(-126.208888310016,-22.4910585806071,310.));
#2710=CARTESIAN_POINT('',(-124.794280065385,-23.9056668252381,310.));
#2711=CARTESIAN_POINT('',(-141.414414301109,-24.6577554277627,310.));
#2712=CARTESIAN_POINT('Origin',(-138.939540566956,-22.1828816936098,310.));
#2713=CARTESIAN_POINT('Origin',(-138.939540566956,-22.1828816936098,310.));
#2714=CARTESIAN_POINT('',(-147.08137953917,-27.0607560845698,310.));
#2715=CARTESIAN_POINT('',(-148.966387834344,-25.1757471277278,310.));
#2716=CARTESIAN_POINT('',(-147.09062374596,-27.0651672673786,310.));
#2717=CARTESIAN_POINT('Origin',(-160.,1.77635683940025E-14,310.));
#2718=CARTESIAN_POINT('',(-138.946264105248,-35.2095269080906,310.));
#2719=CARTESIAN_POINT('',(-147.405192713069,-26.750598300269,310.));
#2720=CARTESIAN_POINT('',(-129.453709743597,-25.7310633739649,310.));
#2721=CARTESIAN_POINT('Origin',(-137.363817624258,-11.3361292663647,333.898979485566));
#2722=CARTESIAN_POINT('',(-126.208888310016,-22.4910585806071,314.));
#2723=CARTESIAN_POINT('',(-126.208888310016,-22.4910585806071,323.949489742783));
#2724=CARTESIAN_POINT('',(-125.147833455978,-23.5521134346448,314.));
#2725=CARTESIAN_POINT('',(-139.492934504106,-9.207012386517,314.));
#2726=CARTESIAN_POINT('',(-125.147833455978,-23.5521134346448,335.));
#2727=CARTESIAN_POINT('',(-125.147833455978,-23.5521134346448,324.449489742783));
#2728=CARTESIAN_POINT('',(-139.492934504106,-9.207012386517,335.));
#2729=CARTESIAN_POINT('Origin',(-154.343145750508,-19.7989898732233,335.));
#2730=CARTESIAN_POINT('',(-137.875755517336,-36.2800354960027,335.));
#2731=CARTESIAN_POINT('',(-137.872341669934,-36.2766216486008,335.));
#2732=CARTESIAN_POINT('',(-147.086001641751,-27.0629616763599,335.));
#2733=CARTESIAN_POINT('',(-152.574409956057,-21.5813810572816,335.));
#2734=CARTESIAN_POINT('',(-150.712262007596,-23.4298723416544,335.));
#2735=CARTESIAN_POINT('Origin',(-150.798846466802,-23.356944546536,313.));
#2736=CARTESIAN_POINT('',(-137.875755517336,-36.2800354960027,314.));
#2737=CARTESIAN_POINT('',(-137.875755517336,-36.2800354960027,334.650942314682));
#2738=CARTESIAN_POINT('',(-138.946264105248,-35.2095269080906,314.));
#2739=CARTESIAN_POINT('',(-152.574409956057,-21.5813810572816,314.));
#2740=CARTESIAN_POINT('',(-138.946264105248,-35.2095269080906,313.5));
#2741=CARTESIAN_POINT('',(-147.086000140179,-27.0629622057956,333.898979485566));
#2742=CARTESIAN_POINT('',(-147.09062374596,-27.0651672673787,315.97189121091));
#2743=CARTESIAN_POINT('',(-147.09062374596,-27.0651672673786,315.97189121091));
#2744=CARTESIAN_POINT('Ctrl Pts',(-122.345576698637,-23.5259430672395,327.867014998334));
#2745=CARTESIAN_POINT('Ctrl Pts',(-123.777215309282,-24.9575816778847,328.59371629588));
#2746=CARTESIAN_POINT('Ctrl Pts',(-125.996517383527,-27.17688375213,329.4198136304));
#2747=CARTESIAN_POINT('Ctrl Pts',(-129.79508670351,-30.9754530721127,329.864693573005));
#2748=CARTESIAN_POINT('Ctrl Pts',(-133.602572734709,-34.7829391033117,329.293377201175));
#2749=CARTESIAN_POINT('Ctrl Pts',(-136.500140749112,-37.680507117715,327.913582746543));
#2750=CARTESIAN_POINT('Ctrl Pts',(-137.901925884741,-39.0822922533436,327.078605723052));
#2751=CARTESIAN_POINT('Ctrl Pts',(-121.794059572184,-22.974425940787,330.040048720245));
#2752=CARTESIAN_POINT('Ctrl Pts',(-123.328709392674,-24.5085491534335,330.753498891086));
#2753=CARTESIAN_POINT('Ctrl Pts',(-125.719305871011,-26.8987927160324,331.563684483317));
#2754=CARTESIAN_POINT('Ctrl Pts',(-129.82695053192,-31.0060024381204,331.999713109554));
#2755=CARTESIAN_POINT('Ctrl Pts',(-133.945300546176,-35.1246904692782,331.439842648051));
#2756=CARTESIAN_POINT('Ctrl Pts',(-137.056326200939,-38.2360803168235,330.085939986355));
#2757=CARTESIAN_POINT('Ctrl Pts',(-138.553301245072,-39.7336676136746,329.265703744048));
#2758=CARTESIAN_POINT('Ctrl Pts',(-121.501967826622,-21.3377226931252,333.839873206102));
#2759=CARTESIAN_POINT('Ctrl Pts',(-123.179268223441,-23.0880759264799,334.530692057287));
#2760=CARTESIAN_POINT('Ctrl Pts',(-125.824600472343,-25.8223969810243,335.313541194337));
#2761=CARTESIAN_POINT('Ctrl Pts',(-130.447264346757,-30.494776234866,335.734448659238));
#2762=CARTESIAN_POINT('Ctrl Pts',(-135.142138584234,-35.1251007517086,335.194231737337));
#2763=CARTESIAN_POINT('Ctrl Pts',(-138.698989064616,-38.5378530460652,333.884868376347));
#2764=CARTESIAN_POINT('Ctrl Pts',(-140.403296204901,-40.1614892833077,333.089772434609));
#2765=CARTESIAN_POINT('Ctrl Pts',(-122.434230304982,-18.8278848234036,336.947777167613));
#2766=CARTESIAN_POINT('Ctrl Pts',(-124.162595220082,-20.8026548483973,337.655897805506));
#2767=CARTESIAN_POINT('Ctrl Pts',(-126.942703846315,-23.8863027436905,338.459513018411));
#2768=CARTESIAN_POINT('Ctrl Pts',(-131.959886768445,-29.0738644696316,338.89186103618));
#2769=CARTESIAN_POINT('Ctrl Pts',(-137.192825103241,-34.0850181112828,338.336787429435));
#2770=CARTESIAN_POINT('Ctrl Pts',(-141.214147738853,-37.6169911950997,336.993485619212));
#2771=CARTESIAN_POINT('Ctrl Pts',(-143.136294624768,-39.2686565958431,336.179099324098));
#2772=CARTESIAN_POINT('Ctrl Pts',(-123.033642808062,-17.6569113165925,338.073781488843));
#2773=CARTESIAN_POINT('Ctrl Pts',(-124.766982705923,-19.720189139132,338.800482786389));
#2774=CARTESIAN_POINT('Ctrl Pts',(-127.581535257153,-22.9430442754245,339.626580120909));
#2775=CARTESIAN_POINT('Ctrl Pts',(-132.738252659443,-28.3295371474039,340.071460063514));
#2776=CARTESIAN_POINT('Ctrl Pts',(-138.181417197316,-33.4733753932682,339.500143691685));
#2777=CARTESIAN_POINT('Ctrl Pts',(-142.387595538483,-37.0226800373055,338.120349237052));
#2778=CARTESIAN_POINT('Ctrl Pts',(-144.395028823467,-38.668876769633,337.285372213561));
#2779=CARTESIAN_POINT('',(-137.901925884741,-39.0822922533436,327.078605723052));
#2780=CARTESIAN_POINT('',(-141.084285689079,-35.8999324490056,338.492012416054));
#2781=CARTESIAN_POINT('Ctrl Pts',(-137.901925884741,-39.0822922533436,327.078605723052));
#2782=CARTESIAN_POINT('Ctrl Pts',(-137.901925884741,-39.0822922533436,329.241770098907));
#2783=CARTESIAN_POINT('Ctrl Pts',(-138.182947440029,-38.8012706986242,331.388043713386));
#2784=CARTESIAN_POINT('Ctrl Pts',(-139.290742092736,-37.6934760459178,335.292427660407));
#2785=CARTESIAN_POINT('Ctrl Pts',(-140.077157288726,-36.9070608493588,337.026873600722));
#2786=CARTESIAN_POINT('Ctrl Pts',(-141.084285689079,-35.8999324490055,338.492012416054));
#2787=CARTESIAN_POINT('',(-122.34557669864,-23.5259430672425,327.867014998337));
#2788=CARTESIAN_POINT('Ctrl Pts',(-122.345576698637,-23.5259430672395,327.867014998334));
#2789=CARTESIAN_POINT('Ctrl Pts',(-123.777215309282,-24.9575816778847,328.59371629588));
#2790=CARTESIAN_POINT('Ctrl Pts',(-125.996517383527,-27.17688375213,329.4198136304));
#2791=CARTESIAN_POINT('Ctrl Pts',(-129.79508670351,-30.9754530721127,329.864693573005));
#2792=CARTESIAN_POINT('Ctrl Pts',(-133.602572734709,-34.7829391033117,329.293377201175));
#2793=CARTESIAN_POINT('Ctrl Pts',(-136.500140749112,-37.680507117715,327.913582746543));
#2794=CARTESIAN_POINT('Ctrl Pts',(-137.901925884741,-39.0822922533436,327.078605723052));
#2795=CARTESIAN_POINT('',(-125.423942236064,-20.4475775298124,338.932156550661));
#2796=CARTESIAN_POINT('Ctrl Pts',(-125.423942236064,-20.4475775298124,338.932156550661));
#2797=CARTESIAN_POINT('Ctrl Pts',(-124.450623905847,-21.42089586003,337.496369756601));
#2798=CARTESIAN_POINT('Ctrl Pts',(-123.687919147564,-22.1836006213366,335.805785975689));
#2799=CARTESIAN_POINT('Ctrl Pts',(-122.618230696588,-23.2532890723126,332.021511510203));
#2800=CARTESIAN_POINT('Ctrl Pts',(-122.345576698637,-23.5259430672396,329.953319012646));
#2801=CARTESIAN_POINT('Ctrl Pts',(-122.345576698637,-23.5259430672396,327.867014998334));
#2802=CARTESIAN_POINT('Ctrl Pts',(-141.083870355578,-35.9007253464014,338.492848468992));
#2803=CARTESIAN_POINT('Ctrl Pts',(-140.115816003632,-35.0738530857479,338.795407259811));
#2804=CARTESIAN_POINT('Ctrl Pts',(-137.011011895293,-32.3673321138817,339.622989823943));
#2805=CARTESIAN_POINT('Ctrl Pts',(-132.738252659443,-28.3295371474039,340.071460063514));
#2806=CARTESIAN_POINT('Ctrl Pts',(-128.497014993694,-23.8993163940262,339.705560321078));
#2807=CARTESIAN_POINT('Ctrl Pts',(-126.457022936601,-21.6281749024773,339.240389367903));
#2808=CARTESIAN_POINT('Ctrl Pts',(-125.424438850538,-20.4474352992482,338.931041756398));
#2809=CARTESIAN_POINT('Origin',(-137.875755517336,-36.2800354960027,315.));
#2810=CARTESIAN_POINT('',(-131.508380639255,-29.9126606179219,314.));
#2811=CARTESIAN_POINT('Origin',(-141.61522368915,-7.07106781186548,314.));
#2812=CARTESIAN_POINT('',(-126.211331682321,-22.49349832595,314.));
#2813=CARTESIAN_POINT('Origin',(-197.499080170267,23.3432891569285,334.998979485566));
#2814=CARTESIAN_POINT('',(-195.783364779317,23.328021980536,334.998979485566));
#2815=CARTESIAN_POINT('',(-196.520635826009,22.364844812671,334.998979485566));
#2816=CARTESIAN_POINT('Ctrl Pts',(-195.783364779317,23.328021980536,334.998979485566));
#2817=CARTESIAN_POINT('Ctrl Pts',(-196.033118859559,23.0088702220209,334.998979485566));
#2818=CARTESIAN_POINT('Ctrl Pts',(-196.279083128643,22.687691951106,334.998979485566));
#2819=CARTESIAN_POINT('Ctrl Pts',(-196.520635826009,22.364844812671,334.998979485566));
#2820=CARTESIAN_POINT('',(-183.905666825238,35.2057199346153,334.998979485566));
#2821=CARTESIAN_POINT('',(-196.633588886596,22.4777978732575,334.998979485566));
#2822=CARTESIAN_POINT('',(-175.556349186104,26.8700576850888,335.));
#2823=CARTESIAN_POINT('',(-178.053643687637,29.3536967970142,334.998979485566));
#2824=CARTESIAN_POINT('',(-188.284271247462,14.142135623731,335.));
#2825=CARTESIAN_POINT('',(-188.284271247462,14.142135623731,335.));
#2826=CARTESIAN_POINT('',(-197.499080170267,23.3432891569285,334.998979485566));
#2827=CARTESIAN_POINT('Origin',(-164.5,1.77635683940025E-14,219.472));
#2828=CARTESIAN_POINT('',(-167.25,-4.24999999999998,219.472));
#2829=CARTESIAN_POINT('',(-161.75,-4.24999999999998,219.472));
#2830=CARTESIAN_POINT('',(-165.75,-4.24999999999998,219.472));
#2831=CARTESIAN_POINT('',(-167.25,4.25000000000002,219.472));
#2832=CARTESIAN_POINT('',(-167.25,2.00000000000002,219.472));
#2833=CARTESIAN_POINT('',(-161.75,4.25000000000002,219.472));
#2834=CARTESIAN_POINT('',(-163.25,4.25000000000002,219.472));
#2835=CARTESIAN_POINT('',(-161.75,-1.99999999999998,219.472));
#2836=CARTESIAN_POINT('Origin',(-162.,4.25000000000002,208.972));
#2837=CARTESIAN_POINT('',(-167.25,4.25000000000002,216.472));
#2838=CARTESIAN_POINT('',(-167.25,4.25000000000002,208.972));
#2839=CARTESIAN_POINT('',(-161.75,4.25000000000002,216.472));
#2840=CARTESIAN_POINT('',(-161.,4.25000000000002,216.472));
#2841=CARTESIAN_POINT('',(-161.75,4.25000000000002,208.972));
#2842=CARTESIAN_POINT('Origin',(-167.25,4.00000000000002,208.972));
#2843=CARTESIAN_POINT('',(-167.25,-4.24999999999998,216.472));
#2844=CARTESIAN_POINT('',(-167.25,-4.24999999999998,208.972));
#2845=CARTESIAN_POINT('',(-167.25,2.00000000000002,216.472));
#2846=CARTESIAN_POINT('Origin',(-155.5,1.77635683940025E-14,219.472));
#2847=CARTESIAN_POINT('',(-152.75,4.25000000000002,219.472));
#2848=CARTESIAN_POINT('',(-158.25,4.25000000000002,219.472));
#2849=CARTESIAN_POINT('',(-154.25,4.25000000000002,219.472));
#2850=CARTESIAN_POINT('',(-152.75,-4.24999999999998,219.472));
#2851=CARTESIAN_POINT('',(-152.75,-1.99999999999998,219.472));
#2852=CARTESIAN_POINT('',(-158.25,-4.24999999999998,219.472));
#2853=CARTESIAN_POINT('',(-156.75,-4.24999999999998,219.472));
#2854=CARTESIAN_POINT('',(-158.25,2.00000000000002,219.472));
#2855=CARTESIAN_POINT('Origin',(-158.,-4.24999999999998,208.972));
#2856=CARTESIAN_POINT('',(-152.75,-4.24999999999998,216.472));
#2857=CARTESIAN_POINT('',(-152.75,-4.24999999999998,208.972));
#2858=CARTESIAN_POINT('',(-158.25,-4.24999999999998,216.472));
#2859=CARTESIAN_POINT('',(-159.,-4.24999999999998,216.472));
#2860=CARTESIAN_POINT('',(-158.25,-4.24999999999998,208.972));
#2861=CARTESIAN_POINT('Origin',(-152.75,-3.99999999999998,208.972));
#2862=CARTESIAN_POINT('',(-152.75,4.25000000000002,216.472));
#2863=CARTESIAN_POINT('',(-152.75,4.25000000000002,208.972));
#2864=CARTESIAN_POINT('',(-152.75,-1.99999999999998,216.472));
#2865=CARTESIAN_POINT('Origin',(-163.5,-4.74999999999998,216.472));
#2866=CARTESIAN_POINT('',(-161.25,-4.74999999999998,215.972));
#2867=CARTESIAN_POINT('',(-167.75,-4.74999999999998,215.972));
#2868=CARTESIAN_POINT('',(-163.5,-4.74999999999998,215.972));
#2869=CARTESIAN_POINT('Origin',(-167.75,-4.74999999999998,216.472));
#2870=CARTESIAN_POINT('',(-161.75,-4.24999999999998,216.472));
#2871=CARTESIAN_POINT('',(-163.5,-4.24999999999998,216.472));
#2872=CARTESIAN_POINT('Origin',(-161.25,-4.74999999999998,216.472));
#2873=CARTESIAN_POINT('Origin',(-161.,4.75000000000002,216.472));
#2874=CARTESIAN_POINT('',(-167.75,4.75000000000002,215.972));
#2875=CARTESIAN_POINT('',(-161.25,4.75000000000002,215.972));
#2876=CARTESIAN_POINT('',(-161.,4.75000000000002,215.972));
#2877=CARTESIAN_POINT('Origin',(-161.25,4.75000000000002,216.472));
#2878=CARTESIAN_POINT('Origin',(-167.75,4.75000000000002,216.472));
#2879=CARTESIAN_POINT('Origin',(-161.25,-1.99999999999998,216.472));
#2880=CARTESIAN_POINT('',(-161.75,-1.99999999999998,216.472));
#2881=CARTESIAN_POINT('',(-161.25,-1.99999999999998,215.972));
#2882=CARTESIAN_POINT('Origin',(-167.75,2.00000000000002,216.472));
#2883=CARTESIAN_POINT('',(-167.75,2.00000000000002,215.972));
#2884=CARTESIAN_POINT('Origin',(-160.,1.77635683940025E-14,215.972));
#2885=CARTESIAN_POINT('',(-179.436501572162,-19.4365015721622,215.972));
#2886=CARTESIAN_POINT('Origin',(-160.,1.77635683940025E-14,215.972));
#2887=CARTESIAN_POINT('',(-152.25,-4.74999999999998,215.972));
#2888=CARTESIAN_POINT('',(-158.75,-4.74999999999998,215.972));
#2889=CARTESIAN_POINT('',(-159.,-4.74999999999998,215.972));
#2890=CARTESIAN_POINT('',(-152.25,4.75000000000002,215.972));
#2891=CARTESIAN_POINT('',(-152.25,-1.99999999999998,215.972));
#2892=CARTESIAN_POINT('',(-158.75,4.75000000000002,215.972));
#2893=CARTESIAN_POINT('',(-156.5,4.75000000000002,215.972));
#2894=CARTESIAN_POINT('',(-158.75,2.00000000000002,215.972));
#2895=CARTESIAN_POINT('Origin',(-156.5,4.75000000000002,216.472));
#2896=CARTESIAN_POINT('Origin',(-152.25,4.75000000000002,216.472));
#2897=CARTESIAN_POINT('',(-158.25,4.25000000000002,216.472));
#2898=CARTESIAN_POINT('',(-156.5,4.25000000000002,216.472));
#2899=CARTESIAN_POINT('Origin',(-158.75,4.75000000000002,216.472));
#2900=CARTESIAN_POINT('Origin',(-159.,-4.74999999999998,216.472));
#2901=CARTESIAN_POINT('Origin',(-152.25,-4.74999999999998,216.472));
#2902=CARTESIAN_POINT('Origin',(-158.75,-4.74999999999998,216.472));
#2903=CARTESIAN_POINT('Origin',(-152.25,-1.99999999999998,216.472));
#2904=CARTESIAN_POINT('Origin',(-158.75,2.00000000000002,216.472));
#2905=CARTESIAN_POINT('',(-158.25,2.00000000000002,216.472));
#2906=CARTESIAN_POINT('Origin',(-158.25,4.00000000000002,208.972));
#2907=CARTESIAN_POINT('',(-158.25,4.25000000000002,208.972));
#2908=CARTESIAN_POINT('Origin',(-161.75,-3.99999999999998,208.972));
#2909=CARTESIAN_POINT('',(-161.75,-4.24999999999998,208.972));
#2910=CARTESIAN_POINT('Origin',(-153.,4.25000000000002,208.972));
#2911=CARTESIAN_POINT('Origin',(-167.,-4.24999999999998,208.972));
#2912=CARTESIAN_POINT('Origin',(-160.500002354383,-29.9862514242704,324.330131787294));
#2913=CARTESIAN_POINT('',(-160.,-29.9862514242704,323.642747145619));
#2914=CARTESIAN_POINT('',(-160.,-29.9862514242704,325.017516428969));
#2915=CARTESIAN_POINT('Ctrl Pts',(-160.,-29.9862514242704,323.642747145619));
#2916=CARTESIAN_POINT('Ctrl Pts',(-160.053412133689,-29.9862514242704,323.603895255457));
#2917=CARTESIAN_POINT('Ctrl Pts',(-160.112547760067,-29.9861047046434,323.57058573931));
#2918=CARTESIAN_POINT('Ctrl Pts',(-160.279449842233,-29.9851320992027,323.501456996259));
#2919=CARTESIAN_POINT('Ctrl Pts',(-160.393287135281,-29.9838621764101,323.480131787294));
#2920=CARTESIAN_POINT('Ctrl Pts',(-160.60675676596,-29.9803022062891,323.480131787294));
#2921=CARTESIAN_POINT('Ctrl Pts',(-160.720612147251,-29.9777745393094,323.50147100327));
#2922=CARTESIAN_POINT('Ctrl Pts',(-160.930043795318,-29.972008053103,323.588234399217));
#2923=CARTESIAN_POINT('Ctrl Pts',(-161.025621203743,-29.9688017522824,323.653657981642));
#2924=CARTESIAN_POINT('Ctrl Pts',(-161.176529606007,-29.9632566950122,323.804588640882));
#2925=CARTESIAN_POINT('Ctrl Pts',(-161.241932949688,-29.9605534212107,323.900152407499));
#2926=CARTESIAN_POINT('Ctrl Pts',(-161.328669697338,-29.9568322022404,324.109555930128));
#2927=CARTESIAN_POINT('Ctrl Pts',(-161.350002354383,-29.9558469772216,324.223396575697));
#2928=CARTESIAN_POINT('Ctrl Pts',(-161.350002354383,-29.9558469772216,324.43686699889));
#2929=CARTESIAN_POINT('Ctrl Pts',(-161.328669697338,-29.9568322022404,324.55070764446));
#2930=CARTESIAN_POINT('Ctrl Pts',(-161.241932949688,-29.9605534212107,324.760111167089));
#2931=CARTESIAN_POINT('Ctrl Pts',(-161.176529606007,-29.9632566950122,324.855674933706));
#2932=CARTESIAN_POINT('Ctrl Pts',(-161.025621203743,-29.9688017522824,325.006605592946));
#2933=CARTESIAN_POINT('Ctrl Pts',(-160.930043795318,-29.972008053103,325.07202917537));
#2934=CARTESIAN_POINT('Ctrl Pts',(-160.720612147251,-29.9777745393094,325.158792571318));
#2935=CARTESIAN_POINT('Ctrl Pts',(-160.60675676596,-29.9803022062891,325.180131787294));
#2936=CARTESIAN_POINT('Ctrl Pts',(-160.393287135281,-29.9838621764101,325.180131787294));
#2937=CARTESIAN_POINT('Ctrl Pts',(-160.279449842233,-29.9851320992027,325.158806578328));
#2938=CARTESIAN_POINT('Ctrl Pts',(-160.112547760067,-29.9861047046434,325.089677835278));
#2939=CARTESIAN_POINT('Ctrl Pts',(-160.053412133689,-29.9862514242704,325.056368319131));
#2940=CARTESIAN_POINT('Ctrl Pts',(-160.,-29.9862514242704,325.017516428969));
#2941=CARTESIAN_POINT('',(-159.650002354383,-29.9842087794163,324.330131787294));
#2942=CARTESIAN_POINT('Ctrl Pts',(-159.650002354383,-29.9842087794163,324.330131787294));
#2943=CARTESIAN_POINT('Ctrl Pts',(-159.650002354383,-29.9842087794163,324.223400484339));
#2944=CARTESIAN_POINT('Ctrl Pts',(-159.671333242202,-29.9844815560302,324.109555978249));
#2945=CARTESIAN_POINT('Ctrl Pts',(-159.758082803644,-29.985306936756,323.900129966916));
#2946=CARTESIAN_POINT('Ctrl Pts',(-159.823501419205,-29.9858269648521,323.8045483105));
#2947=CARTESIAN_POINT('Ctrl Pts',(-159.929619302539,-29.9861844895094,323.698434482496));
#2948=CARTESIAN_POINT('Ctrl Pts',(-159.963482500829,-29.9862514242704,323.66930990896));
#2949=CARTESIAN_POINT('Ctrl Pts',(-160.,-29.9862514242704,323.642747145619));
#2950=CARTESIAN_POINT('',(-159.650002354383,-29.9862514242704,324.330131787294));
#2951=CARTESIAN_POINT('Ctrl Pts',(-160.,-29.9862514242704,325.017516428969));
#2952=CARTESIAN_POINT('Ctrl Pts',(-159.963482500829,-29.9862514242704,324.990953665627));
#2953=CARTESIAN_POINT('Ctrl Pts',(-159.929619302539,-29.9861844895094,324.961829092091));
#2954=CARTESIAN_POINT('Ctrl Pts',(-159.823501419205,-29.9858269648521,324.855715264087));
#2955=CARTESIAN_POINT('Ctrl Pts',(-159.758082803644,-29.985306936756,324.760133607671));
#2956=CARTESIAN_POINT('Ctrl Pts',(-159.671333242202,-29.9844815560302,324.550707596338));
#2957=CARTESIAN_POINT('Ctrl Pts',(-159.650002354383,-29.9842087794163,324.436863090249));
#2958=CARTESIAN_POINT('Ctrl Pts',(-159.650002354383,-29.9842087794163,324.330131787294));
#2959=CARTESIAN_POINT('Origin',(-163.000002354383,-29.9862514242704,320.000004768372));
#2960=CARTESIAN_POINT('',(-162.150002354384,-29.9090749498493,320.000004768372));
#2961=CARTESIAN_POINT('Ctrl Pts',(-162.150002354384,-29.9090749498493,320.000004768372));
#2962=CARTESIAN_POINT('Ctrl Pts',(-162.150002354384,-29.9090749498493,319.893310610286));
#2963=CARTESIAN_POINT('Ctrl Pts',(-162.171321090994,-29.9075663638603,319.779522430233));
#2964=CARTESIAN_POINT('Ctrl Pts',(-162.257954101181,-29.9011505525744,319.570249622427));
#2965=CARTESIAN_POINT('Ctrl Pts',(-162.323266966614,-29.896210581327,319.474765416939));
#2966=CARTESIAN_POINT('Ctrl Pts',(-162.474150639348,-29.884102920287,319.323668280765));
#2967=CARTESIAN_POINT('Ctrl Pts',(-162.569894577532,-29.8761106596166,319.258131567692));
#2968=CARTESIAN_POINT('Ctrl Pts',(-162.77950103208,-29.8573394711945,319.17130234206));
#2969=CARTESIAN_POINT('Ctrl Pts',(-162.893358543724,-29.8465280845828,319.150004768372));
#2970=CARTESIAN_POINT('Ctrl Pts',(-163.106883847878,-29.8250580282175,319.150004768372));
#2971=CARTESIAN_POINT('Ctrl Pts',(-163.22085130071,-29.8129588975595,319.171387385843));
#2972=CARTESIAN_POINT('Ctrl Pts',(-163.430517560993,-29.789561101043,319.25835951673));
#2973=CARTESIAN_POINT('Ctrl Pts',(-163.526219791484,-29.7782948691308,319.323949500646));
#2974=CARTESIAN_POINT('Ctrl Pts',(-163.676897339602,-29.7600642093809,319.47501008345));
#2975=CARTESIAN_POINT('Ctrl Pts',(-163.742117483581,-29.7518694287157,319.570385663627));
#2976=CARTESIAN_POINT('Ctrl Pts',(-163.828672798161,-29.7408547686862,319.779521816718));
#2977=CARTESIAN_POINT('Ctrl Pts',(-163.850002354383,-29.7380691429488,319.893286515847));
#2978=CARTESIAN_POINT('Ctrl Pts',(-163.850002354383,-29.7380691429488,320.106723020896));
#2979=CARTESIAN_POINT('Ctrl Pts',(-163.828672798161,-29.7408547686862,320.220487720026));
#2980=CARTESIAN_POINT('Ctrl Pts',(-163.742117483581,-29.7518694287157,320.429623873116));
#2981=CARTESIAN_POINT('Ctrl Pts',(-163.676897339602,-29.7600642093809,320.524999453293));
#2982=CARTESIAN_POINT('Ctrl Pts',(-163.526219791484,-29.7782948691308,320.676060036098));
#2983=CARTESIAN_POINT('Ctrl Pts',(-163.430517560993,-29.789561101043,320.741650020013));
#2984=CARTESIAN_POINT('Ctrl Pts',(-163.22085130071,-29.8129588975595,320.8286221509));
#2985=CARTESIAN_POINT('Ctrl Pts',(-163.106883847878,-29.8250580282175,320.850004768371));
#2986=CARTESIAN_POINT('Ctrl Pts',(-162.893358543724,-29.8465280845828,320.850004768371));
#2987=CARTESIAN_POINT('Ctrl Pts',(-162.77950103208,-29.8573394711945,320.828707194683));
#2988=CARTESIAN_POINT('Ctrl Pts',(-162.569894577532,-29.8761106596166,320.741877969051));
#2989=CARTESIAN_POINT('Ctrl Pts',(-162.474150639348,-29.884102920287,320.676341255978));
#2990=CARTESIAN_POINT('Ctrl Pts',(-162.323266966614,-29.896210581327,320.525244119805));
#2991=CARTESIAN_POINT('Ctrl Pts',(-162.257954101181,-29.9011505525745,320.429759914316));
#2992=CARTESIAN_POINT('Ctrl Pts',(-162.171321090994,-29.9075663638603,320.22048710651));
#2993=CARTESIAN_POINT('Ctrl Pts',(-162.150002354384,-29.9090749498493,320.106698926457));
#2994=CARTESIAN_POINT('Ctrl Pts',(-162.150002354384,-29.9090749498493,320.000004768372));
#2995=CARTESIAN_POINT('',(-162.150002354384,-29.9862514242704,320.000004768372));
#2996=CARTESIAN_POINT('Origin',(-158.000002354383,-29.9862514242704,320.000004768372));
#2997=CARTESIAN_POINT('',(-157.150002354383,-29.8505073306894,320.000004768372));
#2998=CARTESIAN_POINT('Ctrl Pts',(-157.150002354383,-29.8505073306894,320.000004768372));
#2999=CARTESIAN_POINT('Ctrl Pts',(-157.150002354383,-29.8505073306894,319.893275190156));
#3000=CARTESIAN_POINT('Ctrl Pts',(-157.171334431085,-29.8525680492584,319.779468624807));
#3001=CARTESIAN_POINT('Ctrl Pts',(-157.25798817849,-29.8606520224314,319.570188897041));
#3002=CARTESIAN_POINT('Ctrl Pts',(-157.323306740657,-29.8666418881935,319.474713159133));
#3003=CARTESIAN_POINT('Ctrl Pts',(-157.474101832907,-29.8797734053103,319.323729630858));
#3004=CARTESIAN_POINT('Ctrl Pts',(-157.569729728338,-29.8877918832366,319.25823114998));
#3005=CARTESIAN_POINT('Ctrl Pts',(-157.779265922957,-29.9040909811336,319.171368501705));
#3006=CARTESIAN_POINT('Ctrl Pts',(-157.893176924757,-29.9123391541581,319.150004768372));
#3007=CARTESIAN_POINT('Ctrl Pts',(-158.1066702967,-29.926610332706,319.150004768372));
#3008=CARTESIAN_POINT('Ctrl Pts',(-158.220508544922,-29.9335880103156,319.171312189424));
#3009=CARTESIAN_POINT('Ctrl Pts',(-158.43000506636,-29.9453067594614,319.258080217733));
#3010=CARTESIAN_POINT('Ctrl Pts',(-158.525660458117,-29.9500803870482,319.323543382049));
#3011=CARTESIAN_POINT('Ctrl Pts',(-158.676592219999,-29.9571287605963,319.474551075702));
#3012=CARTESIAN_POINT('Ctrl Pts',(-158.741972179217,-29.9598818926341,319.570098737982));
#3013=CARTESIAN_POINT('Ctrl Pts',(-158.8286774125,-29.9633970105769,319.779468909224));
#3014=CARTESIAN_POINT('Ctrl Pts',(-158.850002354383,-29.964191627585,319.893291006634));
#3015=CARTESIAN_POINT('Ctrl Pts',(-158.850002354383,-29.964191627585,320.106718530109));
#3016=CARTESIAN_POINT('Ctrl Pts',(-158.8286774125,-29.9633970105769,320.220540627519));
#3017=CARTESIAN_POINT('Ctrl Pts',(-158.741972179217,-29.9598818926341,320.429910798761));
#3018=CARTESIAN_POINT('Ctrl Pts',(-158.676592219999,-29.9571287605963,320.525458461041));
#3019=CARTESIAN_POINT('Ctrl Pts',(-158.525660458117,-29.9500803870482,320.676466154694));
#3020=CARTESIAN_POINT('Ctrl Pts',(-158.43000506636,-29.9453067594614,320.74192931901));
#3021=CARTESIAN_POINT('Ctrl Pts',(-158.220508544922,-29.9335880103156,320.82869734732));
#3022=CARTESIAN_POINT('Ctrl Pts',(-158.1066702967,-29.926610332706,320.850004768372));
#3023=CARTESIAN_POINT('Ctrl Pts',(-157.893176924757,-29.9123391541581,320.850004768372));
#3024=CARTESIAN_POINT('Ctrl Pts',(-157.779265922957,-29.9040909811336,320.828641035038));
#3025=CARTESIAN_POINT('Ctrl Pts',(-157.569729728338,-29.8877918832366,320.741778386763));
#3026=CARTESIAN_POINT('Ctrl Pts',(-157.474101832907,-29.8797734053103,320.676279905885));
#3027=CARTESIAN_POINT('Ctrl Pts',(-157.323306740657,-29.8666418881935,320.52529637761));
#3028=CARTESIAN_POINT('Ctrl Pts',(-157.25798817849,-29.8606520224314,320.429820639702));
#3029=CARTESIAN_POINT('Ctrl Pts',(-157.171334431085,-29.8525680492584,320.220540911936));
#3030=CARTESIAN_POINT('Ctrl Pts',(-157.150002354383,-29.8505073306894,320.106734346587));
#3031=CARTESIAN_POINT('Ctrl Pts',(-157.150002354383,-29.8505073306894,320.000004768372));
#3032=CARTESIAN_POINT('',(-157.150002354383,-29.9862514242704,320.000004768372));
#3033=CARTESIAN_POINT('Origin',(-106.262805822232,48.3018066146562,243.172));
#3034=CARTESIAN_POINT('',(-134.337429146107,14.0400607656266,243.172));
#3035=CARTESIAN_POINT('',(-100.991947422803,42.0202421810813,243.172));
#3036=CARTESIAN_POINT('',(-142.02426273361,22.8633068226196,243.172));
#3037=CARTESIAN_POINT('',(-139.458759362024,19.9185224390535,243.172));
#3038=CARTESIAN_POINT('',(-108.512562456135,50.982962165573,243.172));
#3039=CARTESIAN_POINT('Origin',(-180.478801107225,-14.3394109087762,243.172));
#3040=CARTESIAN_POINT('',(-186.015538405715,-13.9435650416006,243.172));
#3041=CARTESIAN_POINT('',(-182.486318634454,-11.4723787537647,243.172));
#3042=CARTESIAN_POINT('',(-178.425681650854,-22.9121528164244,243.172));
#3043=CARTESIAN_POINT('',(-183.62744018182,-16.7654718611446,243.172));
#3044=CARTESIAN_POINT('',(-175.775474329146,-21.0564576719458,243.172));
#3045=CARTESIAN_POINT('Origin',(-182.486318634454,-11.4723787537647,325.));
#3046=CARTESIAN_POINT('',(-186.015538405715,-13.9435650416006,349.971906034378));
#3047=CARTESIAN_POINT('',(-160.151854357261,4.1663814950017,349.971906034378));
#3048=CARTESIAN_POINT('',(-186.015538405715,-13.9435650416006,287.5));
#3049=CARTESIAN_POINT('Origin',(-108.512562456135,50.982962165573,255.));
#3050=CARTESIAN_POINT('',(-142.02426273361,22.8633068226196,349.971906034378));
#3051=CARTESIAN_POINT('',(-142.02426273361,22.8633068226196,252.5));
#3052=CARTESIAN_POINT('',(-124.7300056509,37.3749115622071,349.971906034378));
#3053=CARTESIAN_POINT('Origin',(-178.062251739976,-14.5805206024675,314.922291874354));
#3054=CARTESIAN_POINT('',(-183.431402149721,-16.997121068089,314.922291874354));
#3055=CARTESIAN_POINT('Origin',(-182.397802012865,-18.2184792374007,314.922291874354));
#3056=CARTESIAN_POINT('',(-184.229379865536,-17.6667038751179,314.922291874354));
#3057=CARTESIAN_POINT('',(-179.090711915474,-13.3548494934773,314.922291874354));
#3058=CARTESIAN_POINT('Ctrl Pts',(-184.229379865536,-17.6667038751179,314.922291874354));
#3059=CARTESIAN_POINT('Ctrl Pts',(-184.229379865536,-17.6667038751179,315.123237461652));
#3060=CARTESIAN_POINT('Ctrl Pts',(-184.20572421954,-17.6992904178635,315.337536785834));
#3061=CARTESIAN_POINT('Ctrl Pts',(-184.1087962054,-17.831093959825,315.731688491115));
#3062=CARTESIAN_POINT('Ctrl Pts',(-184.035436649257,-17.930233488344,315.91154532874));
#3063=CARTESIAN_POINT('Ctrl Pts',(-183.864300994433,-18.1573853245815,316.195613473493));
#3064=CARTESIAN_POINT('Ctrl Pts',(-183.755076916398,-18.3005599778538,316.318763053422));
#3065=CARTESIAN_POINT('Ctrl Pts',(-183.51229170994,-18.6114565081106,316.482103821442));
#3066=CARTESIAN_POINT('Ctrl Pts',(-183.378639101243,-18.7791085828759,316.522291874354));
#3067=CARTESIAN_POINT('Ctrl Pts',(-183.124840202572,-19.0907674477237,316.522291874354));
#3068=CARTESIAN_POINT('Ctrl Pts',(-182.98780985303,-19.2555114226948,316.482147622709));
#3069=CARTESIAN_POINT('Ctrl Pts',(-182.732704074961,-19.5560294392525,316.318880438475));
#3070=CARTESIAN_POINT('Ctrl Pts',(-182.614716265831,-19.6918783037082,316.195758343316));
#3071=CARTESIAN_POINT('Ctrl Pts',(-182.427075560156,-19.9053196656326,315.911671364342));
#3072=CARTESIAN_POINT('Ctrl Pts',(-182.344930982342,-19.997150035065,315.731758567597));
#3073=CARTESIAN_POINT('Ctrl Pts',(-182.235626023989,-20.1186203666548,315.337536514802));
#3074=CARTESIAN_POINT('Ctrl Pts',(-182.208555055086,-20.1483338478586,315.123225129493));
#3075=CARTESIAN_POINT('Ctrl Pts',(-182.208555055086,-20.1483338478586,314.721358619216));
#3076=CARTESIAN_POINT('Ctrl Pts',(-182.235626023989,-20.1186203666548,314.507047233907));
#3077=CARTESIAN_POINT('Ctrl Pts',(-182.344930982342,-19.997150035065,314.112825181112));
#3078=CARTESIAN_POINT('Ctrl Pts',(-182.427075560156,-19.9053196656326,313.932912384367));
#3079=CARTESIAN_POINT('Ctrl Pts',(-182.614716265831,-19.6918783037082,313.648825405393));
#3080=CARTESIAN_POINT('Ctrl Pts',(-182.732704074961,-19.5560294392525,313.525703310234));
#3081=CARTESIAN_POINT('Ctrl Pts',(-182.98780985303,-19.2555114226948,313.362436126));
#3082=CARTESIAN_POINT('Ctrl Pts',(-183.124840202572,-19.0907674477237,313.322291874355));
#3083=CARTESIAN_POINT('Ctrl Pts',(-183.378639101243,-18.7791085828759,313.322291874355));
#3084=CARTESIAN_POINT('Ctrl Pts',(-183.51229170994,-18.6114565081106,313.362479927267));
#3085=CARTESIAN_POINT('Ctrl Pts',(-183.755076916398,-18.3005599778538,313.525820695287));
#3086=CARTESIAN_POINT('Ctrl Pts',(-183.864300994433,-18.1573853245815,313.648970275216));
#3087=CARTESIAN_POINT('Ctrl Pts',(-184.035436649257,-17.930233488344,313.933038419969));
#3088=CARTESIAN_POINT('Ctrl Pts',(-184.1087962054,-17.831093959825,314.112895257593));
#3089=CARTESIAN_POINT('Ctrl Pts',(-184.20572421954,-17.6992904178635,314.507046962875));
#3090=CARTESIAN_POINT('Ctrl Pts',(-184.229379865536,-17.6667038751179,314.721346287057));
#3091=CARTESIAN_POINT('Ctrl Pts',(-184.229379865536,-17.6667038751179,314.922291874354));
#3092=CARTESIAN_POINT('Origin',(-177.877845816936,-14.8002870237453,259.999994188547));
#3093=CARTESIAN_POINT('',(-183.246074616549,-17.2161141666448,259.999994188547));
#3094=CARTESIAN_POINT('Origin',(-182.212474479694,-18.4374723359565,259.999994188547));
#3095=CARTESIAN_POINT('',(-184.058908057595,-17.8981624072351,259.999994188547));
#3096=CARTESIAN_POINT('',(-178.906305992435,-13.5746159147551,259.999994188547));
#3097=CARTESIAN_POINT('Ctrl Pts',(-184.058908057595,-17.8981624072351,259.999994188547));
#3098=CARTESIAN_POINT('Ctrl Pts',(-184.058908057595,-17.8981624072351,260.200936734793));
#3099=CARTESIAN_POINT('Ctrl Pts',(-184.034957071527,-17.9304991220462,260.415242397513));
#3100=CARTESIAN_POINT('Ctrl Pts',(-183.936814981963,-18.0613080563409,260.809424689513));
#3101=CARTESIAN_POINT('Ctrl Pts',(-183.862536422661,-18.1597036397653,260.989304967365));
#3102=CARTESIAN_POINT('Ctrl Pts',(-183.689287195701,-18.3851341418782,261.273373971517));
#3103=CARTESIAN_POINT('Ctrl Pts',(-183.578739961569,-18.5272008282739,261.396509333373));
#3104=CARTESIAN_POINT('Ctrl Pts',(-183.333071859747,-18.8356551862181,261.55982069043));
#3105=CARTESIAN_POINT('Ctrl Pts',(-183.197860316469,-19.0019719506433,261.599994188547));
#3106=CARTESIAN_POINT('Ctrl Pts',(-182.941116919968,-19.3111573589766,261.599994188547));
#3107=CARTESIAN_POINT('Ctrl Pts',(-182.802505539622,-19.4745955383394,261.559835985298));
#3108=CARTESIAN_POINT('Ctrl Pts',(-182.544508154179,-19.7726903165133,261.39655032275));
#3109=CARTESIAN_POINT('Ctrl Pts',(-182.425208769853,-19.9074228019809,261.273424558636));
#3110=CARTESIAN_POINT('Ctrl Pts',(-182.235502644104,-20.1190928335024,260.989348978165));
#3111=CARTESIAN_POINT('Ctrl Pts',(-182.152460702094,-20.210156837368,260.809449160097));
#3112=CARTESIAN_POINT('Ctrl Pts',(-182.041961170634,-20.3306149023704,260.415242304008));
#3113=CARTESIAN_POINT('Ctrl Pts',(-182.014593534375,-20.3600821706545,260.200932429837));
#3114=CARTESIAN_POINT('Ctrl Pts',(-182.014593534375,-20.3600821706545,259.799055947257));
#3115=CARTESIAN_POINT('Ctrl Pts',(-182.041961170634,-20.3306149023704,259.584746073086));
#3116=CARTESIAN_POINT('Ctrl Pts',(-182.152460702094,-20.210156837368,259.190539216997));
#3117=CARTESIAN_POINT('Ctrl Pts',(-182.235502644104,-20.1190928335024,259.010639398929));
#3118=CARTESIAN_POINT('Ctrl Pts',(-182.425208769853,-19.9074228019809,258.726563818458));
#3119=CARTESIAN_POINT('Ctrl Pts',(-182.544508154179,-19.7726903165133,258.603438054345));
#3120=CARTESIAN_POINT('Ctrl Pts',(-182.802505539622,-19.4745955383394,258.440152391796));
#3121=CARTESIAN_POINT('Ctrl Pts',(-182.941116919968,-19.3111573589766,258.399994188547));
#3122=CARTESIAN_POINT('Ctrl Pts',(-183.197860316469,-19.0019719506433,258.399994188547));
#3123=CARTESIAN_POINT('Ctrl Pts',(-183.333071859747,-18.8356551862181,258.440167686665));
#3124=CARTESIAN_POINT('Ctrl Pts',(-183.578739961569,-18.5272008282739,258.603479043722));
#3125=CARTESIAN_POINT('Ctrl Pts',(-183.689287195701,-18.3851341418782,258.726614405577));
#3126=CARTESIAN_POINT('Ctrl Pts',(-183.862536422661,-18.1597036397653,259.010683409729));
#3127=CARTESIAN_POINT('Ctrl Pts',(-183.936814981963,-18.0613080563409,259.190563687581));
#3128=CARTESIAN_POINT('Ctrl Pts',(-184.034957071527,-17.9304991220462,259.584745979581));
#3129=CARTESIAN_POINT('Ctrl Pts',(-184.058908057595,-17.8981624072351,259.799051642301));
#3130=CARTESIAN_POINT('Ctrl Pts',(-184.058908057595,-17.8981624072351,259.999994188547));
#3131=CARTESIAN_POINT('Origin',(-142.600595219495,15.0619223935686,254.999994300306));
#3132=CARTESIAN_POINT('',(-137.290127324609,17.4292823826146,254.999994300306));
#3133=CARTESIAN_POINT('Origin',(-138.341318242558,18.6358801339982,254.999994300306));
#3134=CARTESIAN_POINT('',(-136.248112493548,18.3036366430392,254.999994300306));
#3135=CARTESIAN_POINT('',(-141.572135043996,13.8362512845782,254.999994300306));
#3136=CARTESIAN_POINT('Ctrl Pts',(-136.248112493548,18.3036366430392,254.999994300306));
#3137=CARTESIAN_POINT('Ctrl Pts',(-136.248112493548,18.3036366430392,255.200929165278));
#3138=CARTESIAN_POINT('Ctrl Pts',(-136.272584759822,18.3355315551638,255.415240338428));
#3139=CARTESIAN_POINT('Ctrl Pts',(-136.37286481166,18.4645724070693,255.809458570679));
#3140=CARTESIAN_POINT('Ctrl Pts',(-136.448760464015,18.5616428943774,255.989367968105));
#3141=CARTESIAN_POINT('Ctrl Pts',(-136.625739255677,18.7840197903503,256.273450957614));
#3142=CARTESIAN_POINT('Ctrl Pts',(-136.738633700755,18.9241370076063,256.396573627313));
#3143=CARTESIAN_POINT('Ctrl Pts',(-136.989412307848,19.2282858739919,256.55984585295));
#3144=CARTESIAN_POINT('Ctrl Pts',(-137.127385639424,19.3922445847078,256.599994300306));
#3145=CARTESIAN_POINT('Ctrl Pts',(-137.389345181008,19.6970547524115,256.599994300306));
#3146=CARTESIAN_POINT('Ctrl Pts',(-137.53076116786,19.8581840130434,256.559810687226));
#3147=CARTESIAN_POINT('Ctrl Pts',(-137.793894441795,20.151998459951,256.396479385102));
#3148=CARTESIAN_POINT('Ctrl Pts',(-137.915526817103,20.28476132145,256.273334648964));
#3149=CARTESIAN_POINT('Ctrl Pts',(-138.108885873546,20.4932820195159,255.989266780121));
#3150=CARTESIAN_POINT('Ctrl Pts',(-138.193510527069,20.5829779481538,255.809402309293));
#3151=CARTESIAN_POINT('Ctrl Pts',(-138.306120000709,20.7016312143228,255.415240554968));
#3152=CARTESIAN_POINT('Ctrl Pts',(-138.334013634173,20.7306610911317,255.200939064923));
#3153=CARTESIAN_POINT('Ctrl Pts',(-138.334013634173,20.7306610911317,254.799049535689));
#3154=CARTESIAN_POINT('Ctrl Pts',(-138.306120000709,20.7016312143228,254.584748045644));
#3155=CARTESIAN_POINT('Ctrl Pts',(-138.193510527069,20.5829779481538,254.190586291318));
#3156=CARTESIAN_POINT('Ctrl Pts',(-138.108885873546,20.4932820195159,254.01072182049));
#3157=CARTESIAN_POINT('Ctrl Pts',(-137.915526817103,20.28476132145,253.726653951647));
#3158=CARTESIAN_POINT('Ctrl Pts',(-137.793894441795,20.151998459951,253.60350921551));
#3159=CARTESIAN_POINT('Ctrl Pts',(-137.53076116786,19.8581840130434,253.440177913386));
#3160=CARTESIAN_POINT('Ctrl Pts',(-137.389345181008,19.6970547524115,253.399994300306));
#3161=CARTESIAN_POINT('Ctrl Pts',(-137.127385639424,19.3922445847078,253.399994300306));
#3162=CARTESIAN_POINT('Ctrl Pts',(-136.989412307848,19.228285873992,253.440142747661));
#3163=CARTESIAN_POINT('Ctrl Pts',(-136.738633700755,18.9241370076063,253.603414973299));
#3164=CARTESIAN_POINT('Ctrl Pts',(-136.625739255677,18.7840197903503,253.726537642998));
#3165=CARTESIAN_POINT('Ctrl Pts',(-136.448760464015,18.5616428943774,254.010620632507));
#3166=CARTESIAN_POINT('Ctrl Pts',(-136.37286481166,18.4645724070693,254.190530029932));
#3167=CARTESIAN_POINT('Ctrl Pts',(-136.272584759822,18.3355315551638,254.584748262183));
#3168=CARTESIAN_POINT('Ctrl Pts',(-136.248112493548,18.3036366430392,254.799059435333));
#3169=CARTESIAN_POINT('Ctrl Pts',(-136.248112493548,18.3036366430392,254.999994300306));
#3170=CARTESIAN_POINT('Origin',(-142.656057062195,15.1280192438587,320.018245687945));
#3171=CARTESIAN_POINT('',(-137.346814969623,17.4943506626357,320.018245687945));
#3172=CARTESIAN_POINT('Origin',(-138.398005887572,18.7009484140193,320.018245687945));
#3173=CARTESIAN_POINT('',(-136.300920767169,18.3719601021652,320.018245687945));
#3174=CARTESIAN_POINT('',(-141.627596886697,13.9023481348683,320.018245687945));
#3175=CARTESIAN_POINT('Ctrl Pts',(-136.300920767169,18.3719601021652,320.018245687945));
#3176=CARTESIAN_POINT('Ctrl Pts',(-136.300920767169,18.3719601021652,320.219178954525));
#3177=CARTESIAN_POINT('Ctrl Pts',(-136.325481393723,18.4037800167732,320.433490339099));
#3178=CARTESIAN_POINT('Ctrl Pts',(-136.426123191281,18.5325195897998,320.827712367782));
#3179=CARTESIAN_POINT('Ctrl Pts',(-136.502292290163,18.6293639602848,321.007625142584));
#3180=CARTESIAN_POINT('Ctrl Pts',(-136.679903127722,18.8512213076862,321.291712092339));
#3181=CARTESIAN_POINT('Ctrl Pts',(-136.793196989919,18.9910088212383,321.414834189873));
#3182=CARTESIAN_POINT('Ctrl Pts',(-137.044844749896,19.2944284559203,321.578101407346));
#3183=CARTESIAN_POINT('Ctrl Pts',(-137.183287550637,19.4579872841235,321.618245687945));
#3184=CARTESIAN_POINT('Ctrl Pts',(-137.446133720312,19.7620545787319,321.618245687945));
#3185=CARTESIAN_POINT('Ctrl Pts',(-137.588026924327,19.9227919127364,321.578057665859));
#3186=CARTESIAN_POINT('Ctrl Pts',(-137.852034929693,20.2158803416456,321.414716965029));
#3187=CARTESIAN_POINT('Ctrl Pts',(-137.974065101931,20.3483094039806,321.291567420234));
#3188=CARTESIAN_POINT('Ctrl Pts',(-138.168044274935,20.5562933689422,321.007499278991));
#3189=CARTESIAN_POINT('Ctrl Pts',(-138.252937030108,20.645755458388,320.827642386936));
#3190=CARTESIAN_POINT('Ctrl Pts',(-138.365904313755,20.7641005129784,320.43349060975));
#3191=CARTESIAN_POINT('Ctrl Pts',(-138.393887410196,20.7930558897981,320.219191269841));
#3192=CARTESIAN_POINT('Ctrl Pts',(-138.393887410196,20.7930558897981,319.817300106049));
#3193=CARTESIAN_POINT('Ctrl Pts',(-138.365904313755,20.7641005129784,319.60300076614));
#3194=CARTESIAN_POINT('Ctrl Pts',(-138.252937030108,20.645755458388,319.208848988955));
#3195=CARTESIAN_POINT('Ctrl Pts',(-138.168044274935,20.5562933689422,319.028992096899));
#3196=CARTESIAN_POINT('Ctrl Pts',(-137.974065101931,20.3483094039806,318.744923955657));
#3197=CARTESIAN_POINT('Ctrl Pts',(-137.852034929693,20.2158803416456,318.621774410861));
#3198=CARTESIAN_POINT('Ctrl Pts',(-137.588026924327,19.9227919127364,318.458433710031));
#3199=CARTESIAN_POINT('Ctrl Pts',(-137.446133720312,19.7620545787319,318.418245687945));
#3200=CARTESIAN_POINT('Ctrl Pts',(-137.183287550637,19.4579872841235,318.418245687945));
#3201=CARTESIAN_POINT('Ctrl Pts',(-137.044844749896,19.2944284559203,318.458389968544));
#3202=CARTESIAN_POINT('Ctrl Pts',(-136.793196989919,18.9910088212383,318.621657186017));
#3203=CARTESIAN_POINT('Ctrl Pts',(-136.679903127722,18.8512213076862,318.744779283551));
#3204=CARTESIAN_POINT('Ctrl Pts',(-136.502292290163,18.6293639602848,319.028866233306));
#3205=CARTESIAN_POINT('Ctrl Pts',(-136.426123191281,18.5325195897998,319.208779008108));
#3206=CARTESIAN_POINT('Ctrl Pts',(-136.325481393723,18.4037800167732,319.603001036792));
#3207=CARTESIAN_POINT('Ctrl Pts',(-136.300920767169,18.3719601021652,319.817312421366));
#3208=CARTESIAN_POINT('Ctrl Pts',(-136.300920767169,18.3719601021652,320.018245687945));
#3209=CARTESIAN_POINT('Origin',(-137.601849985777,18.7736758421977,349.972));
#3210=CARTESIAN_POINT('',(-136.308412117262,16.3024315494709,349.972));
#3211=CARTESIAN_POINT('',(-140.053279762456,20.6009360387752,349.972));
#3212=CARTESIAN_POINT('',(-138.907636727808,19.2859224804477,349.972));
#3213=CARTESIAN_POINT('',(-135.36390247711,17.0949692401658,349.972));
#3214=CARTESIAN_POINT('',(-136.079497231823,16.4945139454138,349.972));
#3215=CARTESIAN_POINT('',(-139.043842676856,21.4479543249982,349.972));
#3216=CARTESIAN_POINT('Origin',(-160.,1.77635683940025E-14,349.972));
#3217=CARTESIAN_POINT('',(-139.279157199227,21.2505019960666,349.972));
#3218=CARTESIAN_POINT('Origin',(-139.724782600597,20.2238742414678,250.));
#3219=CARTESIAN_POINT('',(-139.767104996368,20.272453530633,349.971906034378));
#3220=CARTESIAN_POINT('',(-134.337429146107,14.0400607656266,349.971906034378));
#3221=CARTESIAN_POINT('',(-134.337429146107,14.0400607656266,250.));
#3222=CARTESIAN_POINT('',(-139.767104996368,20.272453530633,349.971906034378));
#3223=CARTESIAN_POINT('Origin',(-138.796518275534,21.2034817244664,349.971906034378));
#3224=CARTESIAN_POINT('',(-178.425681650854,-22.9121528164244,349.971906034378));
#3225=CARTESIAN_POINT('',(-183.693611439192,-16.6872803024524,349.971906034378));
#3226=CARTESIAN_POINT('',(-181.203481724466,-21.2034817244664,349.971906034378));
#3227=CARTESIAN_POINT('Origin',(-160.,0.,349.971906034378));
#3228=CARTESIAN_POINT('Origin',(-160.,0.,349.971906034378));
#3229=CARTESIAN_POINT('',(-117.209390617567,28.4121915777151,349.971906034378));
#3230=CARTESIAN_POINT('',(-153.441010051954,-5.4176974231794,349.971906034378));
#3231=CARTESIAN_POINT('Origin',(-175.775474329146,-21.0564576719458,250.));
#3232=CARTESIAN_POINT('',(-178.425681650854,-22.9121528164244,250.));
#3233=CARTESIAN_POINT('Origin',(-183.745068436312,-16.6264759144111,250.));
#3234=CARTESIAN_POINT('Origin',(-100.991947422803,42.0202421810812,250.));
#3235=CARTESIAN_POINT('Origin',(-160.,1.77635683940025E-14,315.97189121091));
#3236=CARTESIAN_POINT('',(-181.203481724466,-21.2034817244664,235.971876387443));
#3237=CARTESIAN_POINT('',(-181.203481724466,-21.2034817244664,315.97189121091));
#3238=CARTESIAN_POINT('Origin',(-160.,0.,235.971876387443));
#3239=CARTESIAN_POINT('',(-139.549425704226,21.9305559768233,245.148643493652));
#3240=CARTESIAN_POINT('',(-139.549425704226,21.9305559768233,240.148643493652));
#3241=CARTESIAN_POINT('Ctrl Pts',(-139.549425704226,21.9305559768233,245.148643493652));
#3242=CARTESIAN_POINT('Ctrl Pts',(-139.679274678131,22.0516421039095,245.148643493652));
#3243=CARTESIAN_POINT('Ctrl Pts',(-139.809825430283,22.1712029859531,245.129731320953));
#3244=CARTESIAN_POINT('Ctrl Pts',(-140.066134332017,22.4019110842049,245.055218357668));
#3245=CARTESIAN_POINT('Ctrl Pts',(-140.191197881931,22.5124894484028,245.000305557532));
#3246=CARTESIAN_POINT('Ctrl Pts',(-140.536823195902,22.8133527078462,244.794204900702));
#3247=CARTESIAN_POINT('Ctrl Pts',(-140.742885624343,22.9867219078092,244.602806960149));
#3248=CARTESIAN_POINT('Ctrl Pts',(-141.087018045065,23.270654335007,244.13125330297));
#3249=CARTESIAN_POINT('Ctrl Pts',(-141.22288583829,23.3796710184973,243.856873402282));
#3250=CARTESIAN_POINT('Ctrl Pts',(-141.40674951182,23.5261595795476,243.255929096363));
#3251=CARTESIAN_POINT('Ctrl Pts',(-141.452568248308,23.5620048595736,242.934884993971));
#3252=CARTESIAN_POINT('Ctrl Pts',(-141.444951565403,23.5560072159675,242.282893009527));
#3253=CARTESIAN_POINT('Ctrl Pts',(-141.38991206958,23.5129112508997,241.958476840186));
#3254=CARTESIAN_POINT('Ctrl Pts',(-141.186015758843,23.350079694167,241.356484834844));
#3255=CARTESIAN_POINT('Ctrl Pts',(-141.039602825004,23.2321710959337,241.084580504534));
#3256=CARTESIAN_POINT('Ctrl Pts',(-140.68093936662,22.9347458699141,240.632153863087));
#3257=CARTESIAN_POINT('Ctrl Pts',(-140.473156482957,22.7588811993467,240.454369608832));
#3258=CARTESIAN_POINT('Ctrl Pts',(-140.023447717884,22.3652012754005,240.211279539592));
#3259=CARTESIAN_POINT('Ctrl Pts',(-139.785751118794,22.1509329911459,240.148643493652));
#3260=CARTESIAN_POINT('Ctrl Pts',(-139.549425704226,21.9305559768233,240.148643493652));
#3261=CARTESIAN_POINT('Ctrl Pts',(-139.549425704226,21.9305559768233,240.148643493652));
#3262=CARTESIAN_POINT('Ctrl Pts',(-139.319735469126,21.716366367454,240.148643493652));
#3263=CARTESIAN_POINT('Ctrl Pts',(-139.07851781487,21.4839891371107,240.211438641858));
#3264=CARTESIAN_POINT('Ctrl Pts',(-138.641484218023,21.0495607949096,240.466618275645));
#3265=CARTESIAN_POINT('Ctrl Pts',(-138.445468437646,20.8477060333182,240.658994706727));
#3266=CARTESIAN_POINT('Ctrl Pts',(-138.13879283851,20.5258933868573,241.102758738484));
#3267=CARTESIAN_POINT('Ctrl Pts',(-138.007622614633,20.3844790877778,241.383780060702));
#3268=CARTESIAN_POINT('Ctrl Pts',(-137.834440509641,20.1960298887939,241.999685083717));
#3269=CARTESIAN_POINT('Ctrl Pts',(-137.792239455019,20.1492095640589,242.334581212659));
#3270=CARTESIAN_POINT('Ctrl Pts',(-137.792239455019,20.1492095640589,242.962705774645));
#3271=CARTESIAN_POINT('Ctrl Pts',(-137.834440509641,20.1960298887939,243.297601903588));
#3272=CARTESIAN_POINT('Ctrl Pts',(-138.007622614633,20.3844790877777,243.913506926603));
#3273=CARTESIAN_POINT('Ctrl Pts',(-138.13879283851,20.5258933868573,244.19452824882));
#3274=CARTESIAN_POINT('Ctrl Pts',(-138.445468437646,20.8477060333182,244.638292280578));
#3275=CARTESIAN_POINT('Ctrl Pts',(-138.641484218023,21.0495607949096,244.83066871166));
#3276=CARTESIAN_POINT('Ctrl Pts',(-139.07851781487,21.4839891371107,245.085848345446));
#3277=CARTESIAN_POINT('Ctrl Pts',(-139.319735469126,21.716366367454,245.148643493652));
#3278=CARTESIAN_POINT('Ctrl Pts',(-139.549425704226,21.9305559768233,245.148643493652));
#3279=CARTESIAN_POINT('',(-188.837566259718,8.22010016337757,287.746983836126));
#3280=CARTESIAN_POINT('',(-188.837566259718,8.22010016337751,349.113598997175));
#3281=CARTESIAN_POINT('',(-188.837566259718,8.22010016337753,315.97189121091));
#3282=CARTESIAN_POINT('',(-170.073669542271,28.2435206097377,289.194809588164));
#3283=CARTESIAN_POINT('Origin',(-160.,1.77635683940025E-14,245.149101377767));
#3284=CARTESIAN_POINT('',(-170.073669542271,28.2435206097377,349.113598997175));
#3285=CARTESIAN_POINT('',(-170.073669542271,28.2435206097377,315.97189121091));
#3286=CARTESIAN_POINT('',(-172.433691201679,27.2869675409554,349.898979485556));
#3287=CARTESIAN_POINT('Ctrl Pts',(-170.073669542271,28.2435206097377,349.113598997175));
#3288=CARTESIAN_POINT('Ctrl Pts',(-170.076563722278,28.242488337119,349.115698161798));
#3289=CARTESIAN_POINT('Ctrl Pts',(-170.079460075422,28.2414547879526,349.117793678898));
#3290=CARTESIAN_POINT('Ctrl Pts',(-170.419121944686,28.1201891417542,349.362926971504));
#3291=CARTESIAN_POINT('Ctrl Pts',(-170.777146490485,27.9856363233557,349.550763432109));
#3292=CARTESIAN_POINT('Ctrl Pts',(-171.573550642188,27.6663987035495,349.826759417766));
#3293=CARTESIAN_POINT('Ctrl Pts',(-172.004962748376,27.4823237009824,349.898979485566));
#3294=CARTESIAN_POINT('Ctrl Pts',(-172.433691201657,27.2869675409601,349.898979485566));
#3295=CARTESIAN_POINT('',(-188.036138843776,10.6372079624058,349.898979484727));
#3296=CARTESIAN_POINT('Origin',(-160.,1.77635683940025E-14,349.898979485566));
#3297=CARTESIAN_POINT('Ctrl Pts',(-188.036138844032,10.637207960631,349.898979485566));
#3298=CARTESIAN_POINT('Ctrl Pts',(-188.084637961962,10.5093804320984,349.898979485566));
#3299=CARTESIAN_POINT('Ctrl Pts',(-188.132244366102,10.3812641145614,349.892894671967));
#3300=CARTESIAN_POINT('Ctrl Pts',(-188.312912799001,9.88473894537509,349.845563573279));
#3301=CARTESIAN_POINT('Ctrl Pts',(-188.437571587239,9.51928018616083,349.759913868682));
#3302=CARTESIAN_POINT('Ctrl Pts',(-188.656819459493,8.83643089560133,349.49699454124));
#3303=CARTESIAN_POINT('Ctrl Pts',(-188.750769119751,8.52425003057604,349.328592459911));
#3304=CARTESIAN_POINT('Ctrl Pts',(-188.835880203607,8.22601342316539,349.117794317942));
#3305=CARTESIAN_POINT('Ctrl Pts',(-188.836723799794,8.2230556618961,349.115698478093));
#3306=CARTESIAN_POINT('Ctrl Pts',(-188.837566259718,8.22010016337754,349.113598997175));
#3307=CARTESIAN_POINT('',(-151.779899836622,-28.8375662597176,287.746983836126));
#3308=CARTESIAN_POINT('',(-151.779899836622,-28.8375662597176,349.898979485566));
#3309=CARTESIAN_POINT('',(-151.779899836622,-28.8375662597176,315.97189121091));
#3310=CARTESIAN_POINT('',(-131.756479390262,-10.0736695422714,349.898979485566));
#3311=CARTESIAN_POINT('Origin',(-160.,0.,349.898979485566));
#3312=CARTESIAN_POINT('',(-131.756479390262,-10.0736695422714,289.194809588164));
#3313=CARTESIAN_POINT('',(-131.756479390262,-10.0736695422714,315.97189121091));
#3314=CARTESIAN_POINT('Origin',(-160.,0.,245.149101377767));
#3315=CARTESIAN_POINT('Origin',(-123.928788781714,-24.7711581089091,313.667579367907));
#3316=CARTESIAN_POINT('',(-130.582601604463,-15.2889181614139,297.769962952107));
#3317=CARTESIAN_POINT('',(-124.335218438669,-21.5363013272071,310.080098843018));
#3318=CARTESIAN_POINT('',(-122.961339331017,-22.9101804348599,312.787254473473));
#3319=CARTESIAN_POINT('',(-139.891567624773,-37.0926505133112,310.080098843018));
#3320=CARTESIAN_POINT('',(-125.042325219856,-22.2434081083937,310.080098843018));
#3321=CARTESIAN_POINT('',(-146.873721089647,-30.1104970484377,296.322137200069));
#3322=CARTESIAN_POINT('',(-132.655915819077,-44.3283023190076,324.337565469227));
#3323=CARTESIAN_POINT('',(-148.499259059598,-29.0252176575,293.651376562984));
#3324=CARTESIAN_POINT('Origin',(-150.40925499558,-33.6460309543704,296.322137200069));
#3325=CARTESIAN_POINT('',(-139.786266761496,-23.415927094911,296.709216070749));
#3326=CARTESIAN_POINT('Origin',(-162.872319992589,2.87231999258859,248.064501130863));
#3327=CARTESIAN_POINT('',(-139.528278980968,-26.5438907479032,300.045134579388));
#3328=CARTESIAN_POINT('Origin',(-137.053405246816,-24.0690170137502,300.045134579388));
#3329=CARTESIAN_POINT('',(-137.542514574311,-21.2614477653567,296.797169777097));
#3330=CARTESIAN_POINT('Origin',(-137.053405246816,-24.0690170137502,300.045134579388));
#3331=CARTESIAN_POINT('',(-131.819480272494,-13.2447186324308,294.537368007787));
#3332=CARTESIAN_POINT('Origin',(-162.872319992589,2.87231999258859,248.064501130863));
#3333=CARTESIAN_POINT('Origin',(-127.04706769853,-11.7533842554812,297.769962952107));
#3334=CARTESIAN_POINT('Origin',(-129.446337642832,-31.6760846177341,259.895664159885));
#3335=CARTESIAN_POINT('Ctrl Pts',(-137.542514574311,-21.2614477653568,296.797169777097));
#3336=CARTESIAN_POINT('Ctrl Pts',(-137.806575433897,-21.3747108477125,296.648600281638));
#3337=CARTESIAN_POINT('Ctrl Pts',(-138.068090274772,-21.5245064206275,296.518873920959));
#3338=CARTESIAN_POINT('Ctrl Pts',(-138.419002482334,-21.7779743133566,296.402026707018));
#3339=CARTESIAN_POINT('Ctrl Pts',(-138.514924988648,-21.8530326376704,296.376409071824));
#3340=CARTESIAN_POINT('Ctrl Pts',(-138.653815190304,-21.9704476088869,296.350377885918));
#3341=CARTESIAN_POINT('Ctrl Pts',(-138.697939475763,-22.0091078784921,296.343820780286));
#3342=CARTESIAN_POINT('Ctrl Pts',(-138.765828942156,-22.0707406999634,296.336529284925));
#3343=CARTESIAN_POINT('Ctrl Pts',(-138.789926361466,-22.0930514932915,296.334505267493));
#3344=CARTESIAN_POINT('Ctrl Pts',(-138.834120433383,-22.1347797787007,296.331853936655));
#3345=CARTESIAN_POINT('Ctrl Pts',(-138.8542557068,-22.1541100534222,296.331062446902));
#3346=CARTESIAN_POINT('Ctrl Pts',(-138.898169754538,-22.1969746860062,296.330259843839));
#3347=CARTESIAN_POINT('Ctrl Pts',(-138.921861731532,-22.2205647525067,296.330434079798));
#3348=CARTESIAN_POINT('Ctrl Pts',(-138.988472017599,-22.2882225521364,296.332656721036));
#3349=CARTESIAN_POINT('Ctrl Pts',(-139.030723722286,-22.3327431359394,296.336153353324));
#3350=CARTESIAN_POINT('Ctrl Pts',(-139.248220749075,-22.5705598824469,296.365047608879));
#3351=CARTESIAN_POINT('Ctrl Pts',(-139.404528468609,-22.7716219606758,296.424437576382));
#3352=CARTESIAN_POINT('Ctrl Pts',(-139.632596993695,-23.1225579569424,296.565396727947));
#3353=CARTESIAN_POINT('Ctrl Pts',(-139.715090959438,-23.2684187286479,296.634011444001));
#3354=CARTESIAN_POINT('Ctrl Pts',(-139.786266761496,-23.4159270949109,296.709216070749));
#3355=CARTESIAN_POINT('',(-131.921211376984,-34.150958351887,259.895664159885));
#3356=CARTESIAN_POINT('Ctrl Pts',(-151.779899836622,-28.8375662597176,287.746983836126));
#3357=CARTESIAN_POINT('Ctrl Pts',(-149.16939620164,-28.0934465526953,289.892396941142));
#3358=CARTESIAN_POINT('Ctrl Pts',(-144.153678729118,-25.890864105766,293.126102857525));
#3359=CARTESIAN_POINT('Ctrl Pts',(-136.725448325815,-19.8256520919259,294.692895986914));
#3360=CARTESIAN_POINT('Ctrl Pts',(-133.124348858902,-13.9087615479049,292.030888213017));
#3361=CARTESIAN_POINT('Ctrl Pts',(-131.756479390262,-10.0736695422691,289.194809588162));
#3362=CARTESIAN_POINT('Ctrl Pts',(-152.482311456046,-29.0377875202629,288.825203977736));
#3363=CARTESIAN_POINT('Ctrl Pts',(-149.729358107539,-28.3232898257592,290.95534268241));
#3364=CARTESIAN_POINT('Ctrl Pts',(-144.428895500421,-26.1033992493073,294.167714482346));
#3365=CARTESIAN_POINT('Ctrl Pts',(-136.605815532812,-19.7769554071483,295.724751102091));
#3366=CARTESIAN_POINT('Ctrl Pts',(-132.892102517951,-13.5204525160269,293.079480003819));
#3367=CARTESIAN_POINT('Ctrl Pts',(-131.542229749893,-9.47297839313292,290.26310332359));
#3368=CARTESIAN_POINT('Ctrl Pts',(-153.034333544624,-29.749522439178,289.896917163565));
#3369=CARTESIAN_POINT('Ctrl Pts',(-150.11445609599,-28.9805834984076,292.013794706225));
#3370=CARTESIAN_POINT('Ctrl Pts',(-144.508313313585,-26.6169258280165,295.206891758068));
#3371=CARTESIAN_POINT('Ctrl Pts',(-136.249708696334,-19.9300906763933,296.754850422834));
#3372=CARTESIAN_POINT('Ctrl Pts',(-132.316432932759,-13.3259749089272,294.125068426856));
#3373=CARTESIAN_POINT('Ctrl Pts',(-130.872454704041,-9.03817306683798,291.326012705967));
#3374=CARTESIAN_POINT('Ctrl Pts',(-153.281574988168,-30.7737109617818,290.662383589222));
#3375=CARTESIAN_POINT('Ctrl Pts',(-150.235787929785,-29.9055144409401,292.807796694238));
#3376=CARTESIAN_POINT('Ctrl Pts',(-144.383734264127,-27.3356666069897,296.04150261062));
#3377=CARTESIAN_POINT('Ctrl Pts',(-135.716897824644,-20.2591224449554,297.60829574001));
#3378=CARTESIAN_POINT('Ctrl Pts',(-131.51533993164,-13.3556313318429,294.946287966113));
#3379=CARTESIAN_POINT('Ctrl Pts',(-129.919387691118,-8.88106426288999,292.110209341258));
#3380=CARTESIAN_POINT('Ctrl Pts',(-151.779899836622,-28.8375662597175,287.746983836126));
#3381=CARTESIAN_POINT('Ctrl Pts',(-151.77693554571,-28.8367212935372,287.753545551717));
#3382=CARTESIAN_POINT('Ctrl Pts',(-151.773969838907,-28.8358788875914,287.76010696397));
#3383=CARTESIAN_POINT('Ctrl Pts',(-151.253807868854,-28.6886474243282,288.910323908521));
#3384=CARTESIAN_POINT('Ctrl Pts',(-150.675446686816,-28.6147384818956,290.082277364784));
#3385=CARTESIAN_POINT('Ctrl Pts',(-149.579576567041,-28.6922024579571,292.029848968154));
#3386=CARTESIAN_POINT('Ctrl Pts',(-149.049641006208,-28.797719333347,292.884990735044));
#3387=CARTESIAN_POINT('Ctrl Pts',(-148.499259059598,-29.0252176575,293.651376562984));
#3388=CARTESIAN_POINT('Ctrl Pts',(-131.821649154888,-13.2434794435002,294.534010296244));
#3389=CARTESIAN_POINT('Ctrl Pts',(-131.831987004787,-13.2102609517255,294.491023037642));
#3390=CARTESIAN_POINT('Ctrl Pts',(-131.841888703711,-13.177189626285,294.447811948613));
#3391=CARTESIAN_POINT('Ctrl Pts',(-131.851370499009,-13.144273699827,294.404403285388));
#3392=CARTESIAN_POINT('Ctrl Pts',(-131.880827940238,-13.0420125838028,294.269543999194));
#3393=CARTESIAN_POINT('Ctrl Pts',(-131.906385746948,-12.9407019223743,294.132062697439));
#3394=CARTESIAN_POINT('Ctrl Pts',(-131.928419943057,-12.8405149932833,293.992507340725));
#3395=CARTESIAN_POINT('Ctrl Pts',(-131.952497656076,-12.7310364302823,293.840009204983));
#3396=CARTESIAN_POINT('Ctrl Pts',(-131.972368205602,-12.6228999526977,293.685034226751));
#3397=CARTESIAN_POINT('Ctrl Pts',(-131.988478345298,-12.5163077509244,293.528252971491));
#3398=CARTESIAN_POINT('Ctrl Pts',(-132.004941729469,-12.4073783188698,293.368033998544));
#3399=CARTESIAN_POINT('Ctrl Pts',(-132.01747769161,-12.3000615429116,293.205927896769));
#3400=CARTESIAN_POINT('Ctrl Pts',(-132.026519513079,-12.1945483467354,293.042614695791));
#3401=CARTESIAN_POINT('Ctrl Pts',(-132.036427362166,-12.0789290737977,292.863659321086));
#3402=CARTESIAN_POINT('Ctrl Pts',(-132.042139652754,-11.9654755235869,292.683253962614));
#3403=CARTESIAN_POINT('Ctrl Pts',(-132.044176571436,-11.8544087390983,292.502261475335));
#3404=CARTESIAN_POINT('Ctrl Pts',(-132.04573774903,-11.7692826233689,292.363541447658));
#3405=CARTESIAN_POINT('Ctrl Pts',(-132.045138714954,-11.6855578576067,292.224475758106));
#3406=CARTESIAN_POINT('Ctrl Pts',(-132.042597737807,-11.6033237348392,292.085445405718));
#3407=CARTESIAN_POINT('Ctrl Pts',(-132.039090143002,-11.4898067824614,291.893526268504));
#3408=CARTESIAN_POINT('Ctrl Pts',(-132.031841320333,-11.377859466688,291.699535535903));
#3409=CARTESIAN_POINT('Ctrl Pts',(-132.021154758934,-11.2676496316472,291.504008019205));
#3410=CARTESIAN_POINT('Ctrl Pts',(-132.009605825274,-11.1485462057803,291.292702040194));
#3411=CARTESIAN_POINT('Ctrl Pts',(-131.994041758253,-11.0314720740936,291.079600341851));
#3412=CARTESIAN_POINT('Ctrl Pts',(-131.974788665517,-10.916613334029,290.86537695855));
#3413=CARTESIAN_POINT('Ctrl Pts',(-131.954525456973,-10.7957285164588,290.639914319876));
#3414=CARTESIAN_POINT('Ctrl Pts',(-131.930175125447,-10.6772974213239,290.413208178038));
#3415=CARTESIAN_POINT('Ctrl Pts',(-131.902065581289,-10.5615107311495,290.18605894633));
#3416=CARTESIAN_POINT('Ctrl Pts',(-131.871837293994,-10.4369966758583,289.941788452428));
#3417=CARTESIAN_POINT('Ctrl Pts',(-131.837260365279,-10.3155401518776,289.697004304886));
#3418=CARTESIAN_POINT('Ctrl Pts',(-131.798701064202,-10.1973544174148,289.452737087513));
#3419=CARTESIAN_POINT('Ctrl Pts',(-131.786082741338,-10.1586787746085,289.372801960897));
#3420=CARTESIAN_POINT('Ctrl Pts',(-131.773037734959,-10.1203532583784,289.292922535802));
#3421=CARTESIAN_POINT('Ctrl Pts',(-131.759578441405,-10.0823850347224,289.213135985619));
#3422=CARTESIAN_POINT('Ctrl Pts',(-131.758548009587,-10.0794782205173,289.207027596679));
#3423=CARTESIAN_POINT('Ctrl Pts',(-131.757514991597,-10.0765730549894,289.200918792691));
#3424=CARTESIAN_POINT('Ctrl Pts',(-131.756479390262,-10.0736695422691,289.194809588162));
#3425=CARTESIAN_POINT('Origin',(-160.,0.,315.97189121091));
#3426=CARTESIAN_POINT('',(-147.081379539164,-27.060756084567,315.97189121091));
#3427=CARTESIAN_POINT('Origin',(-160.,0.,315.97189121091));
#3428=CARTESIAN_POINT('',(-147.08137953917,-27.0607560845698,314.));
#3429=CARTESIAN_POINT('Origin',(-147.081379539165,-27.0607560845654,314.));
#3430=CARTESIAN_POINT('Origin',(-126.209151108712,-22.4913209892031,314.));
#3431=CARTESIAN_POINT('Ctrl Pts',(-188.837566259718,8.22010016337754,287.746983836126));
#3432=CARTESIAN_POINT('Ctrl Pts',(-188.836902066109,8.22243027211198,287.754614105988));
#3433=CARTESIAN_POINT('Ctrl Pts',(-188.836237526674,8.22476034798827,287.762242522667));
#3434=CARTESIAN_POINT('Ctrl Pts',(-188.692928666259,8.73270457800009,289.423134415513));
#3435=CARTESIAN_POINT('Ctrl Pts',(-188.587647063263,9.47553801783374,291.611490777121));
#3436=CARTESIAN_POINT('Ctrl Pts',(-188.727984077105,10.5834736121991,294.20080401726));
#3437=CARTESIAN_POINT('Ctrl Pts',(-188.861459597969,11.0669659692701,295.188948738525));
#3438=CARTESIAN_POINT('Ctrl Pts',(-188.953716419993,11.3176452072321,295.661964811303));
#3439=CARTESIAN_POINT('Ctrl Pts',(-188.837566259718,8.22010016337755,287.746983836126));
#3440=CARTESIAN_POINT('Ctrl Pts',(-188.836799145789,8.22277743195029,287.75444250683));
#3441=CARTESIAN_POINT('Ctrl Pts',(-188.836036661279,8.22548146485224,287.761920487653));
#3442=CARTESIAN_POINT('Ctrl Pts',(-188.670732648944,8.81021279826217,289.386483196866));
#3443=CARTESIAN_POINT('Ctrl Pts',(-188.56919469221,9.66933796158392,291.522209538183));
#3444=CARTESIAN_POINT('Ctrl Pts',(-188.786642278321,10.8900281550932,294.002231279258));
#3445=CARTESIAN_POINT('Ctrl Pts',(-188.96408935294,11.4024673115627,294.932978388461));
#3446=CARTESIAN_POINT('Ctrl Pts',(-189.079959822456,11.6606724135987,295.372986767652));
#3447=CARTESIAN_POINT('Ctrl Pts',(-188.837566259718,8.22010016337755,287.746983836126));
#3448=CARTESIAN_POINT('Ctrl Pts',(-188.836621556176,8.22339209327,287.754143091561));
#3449=CARTESIAN_POINT('Ctrl Pts',(-188.835681844475,8.22673541962876,287.761356192448));
#3450=CARTESIAN_POINT('Ctrl Pts',(-188.631801288671,8.94661440545054,289.322254739394));
#3451=CARTESIAN_POINT('Ctrl Pts',(-188.495894468914,9.99418188004957,291.365875860803));
#3452=CARTESIAN_POINT('Ctrl Pts',(-188.712616691692,11.4565259790493,293.655099480843));
#3453=CARTESIAN_POINT('Ctrl Pts',(-188.89912726421,12.0608379962817,294.486350753651));
#3454=CARTESIAN_POINT('Ctrl Pts',(-189.020981023423,12.3611723284549,294.86936027945));
#3455=CARTESIAN_POINT('Ctrl Pts',(-188.837566259718,8.22010016337755,287.746983836126));
#3456=CARTESIAN_POINT('Ctrl Pts',(-188.836441945465,8.22402375637496,287.753865160955));
#3457=CARTESIAN_POINT('Ctrl Pts',(-188.835327864811,8.22797183971155,287.760769809942));
#3458=CARTESIAN_POINT('Ctrl Pts',(-188.59237664029,9.08402716208595,289.25968740717));
#3459=CARTESIAN_POINT('Ctrl Pts',(-188.353742072323,10.2954944526409,291.204138596758));
#3460=CARTESIAN_POINT('Ctrl Pts',(-188.350657442035,11.9392313876959,293.389918203492));
#3461=CARTESIAN_POINT('Ctrl Pts',(-188.433381564905,12.6169660447418,294.193932365212));
#3462=CARTESIAN_POINT('Ctrl Pts',(-188.501798628025,12.956202908404,294.569647055201));
#3463=CARTESIAN_POINT('Ctrl Pts',(-188.837566259718,8.22010016337756,287.746983836126));
#3464=CARTESIAN_POINT('Ctrl Pts',(-188.83636940767,8.22429893219219,287.753750288925));
#3465=CARTESIAN_POINT('Ctrl Pts',(-188.835171346539,8.22849722952188,287.760514135394));
#3466=CARTESIAN_POINT('Ctrl Pts',(-188.575794471695,9.14316591453168,289.233227007619));
#3467=CARTESIAN_POINT('Ctrl Pts',(-188.27884933634,10.4201794637281,291.133794033439));
#3468=CARTESIAN_POINT('Ctrl Pts',(-188.154940067036,12.1142000459814,293.300386506499));
#3469=CARTESIAN_POINT('Ctrl Pts',(-188.183767773506,12.8090588180438,294.111345824705));
#3470=CARTESIAN_POINT('Ctrl Pts',(-188.225718603278,13.1573332853922,294.495804910065));
#3471=CARTESIAN_POINT('',(-188.953716419993,11.3176452072321,295.661964811303));
#3472=CARTESIAN_POINT('',(-188.225718603278,13.1573332853922,294.495804910065));
#3473=CARTESIAN_POINT('Origin',(-187.076790606242,12.0084052883568,295.661964811303));
#3474=CARTESIAN_POINT('Ctrl Pts',(-188.225718603278,13.1573332853922,294.495804910065));
#3475=CARTESIAN_POINT('Ctrl Pts',(-188.183767773506,12.8090588180438,294.111345824705));
#3476=CARTESIAN_POINT('Ctrl Pts',(-188.154940067036,12.1142000459814,293.300386506499));
#3477=CARTESIAN_POINT('Ctrl Pts',(-188.27884933634,10.4201794637281,291.133794033439));
#3478=CARTESIAN_POINT('Ctrl Pts',(-188.575794471695,9.14316591453168,289.233227007619));
#3479=CARTESIAN_POINT('Ctrl Pts',(-188.835171346539,8.22849722952188,287.760514135394));
#3480=CARTESIAN_POINT('Ctrl Pts',(-188.83636940767,8.22429893219219,287.753750288925));
#3481=CARTESIAN_POINT('Ctrl Pts',(-188.837566259718,8.22010016337756,287.746983836126));
#3482=CARTESIAN_POINT('Ctrl Pts',(-188.837566259718,8.22010016337754,287.746983836126));
#3483=CARTESIAN_POINT('Ctrl Pts',(-188.836902066109,8.22243027211198,287.754614105988));
#3484=CARTESIAN_POINT('Ctrl Pts',(-188.836237526674,8.22476034798827,287.762242522667));
#3485=CARTESIAN_POINT('Ctrl Pts',(-188.692928666259,8.73270457800009,289.423134415513));
#3486=CARTESIAN_POINT('Ctrl Pts',(-188.587647063263,9.47553801783374,291.611490777121));
#3487=CARTESIAN_POINT('Ctrl Pts',(-188.727984077105,10.5834736121991,294.20080401726));
#3488=CARTESIAN_POINT('Ctrl Pts',(-188.861459597969,11.0669659692701,295.188948738525));
#3489=CARTESIAN_POINT('Ctrl Pts',(-188.953716419993,11.3176452072321,295.661964811303));
#3490=CARTESIAN_POINT('Ctrl Pts',(-189.8452114831,15.6894204697616,298.586038644408));
#3491=CARTESIAN_POINT('Ctrl Pts',(-189.131203072306,14.9754120589673,297.179123087787));
#3492=CARTESIAN_POINT('Ctrl Pts',(-188.574469683656,14.1049559451596,295.773022625314));
#3493=CARTESIAN_POINT('Ctrl Pts',(-188.225718603278,13.1573332853922,294.495804910065));
#3494=CARTESIAN_POINT('Ctrl Pts',(-190.268343191496,15.2662887613656,298.586038644408));
#3495=CARTESIAN_POINT('Ctrl Pts',(-189.541834050844,14.6043233678835,297.221284780149));
#3496=CARTESIAN_POINT('Ctrl Pts',(-188.967910751651,13.7864317800015,295.84530427002));
#3497=CARTESIAN_POINT('Ctrl Pts',(-188.593825302941,12.8891594494079,294.594261103579));
#3498=CARTESIAN_POINT('Ctrl Pts',(-190.712305257845,14.2452784205202,298.87889013751));
#3499=CARTESIAN_POINT('Ctrl Pts',(-190.017207368582,13.717434627936,297.537010928194));
#3500=CARTESIAN_POINT('Ctrl Pts',(-189.446896641627,13.0276432784845,296.179097969288));
#3501=CARTESIAN_POINT('Ctrl Pts',(-189.064764247882,12.2510434861682,294.939114353911));
#3502=CARTESIAN_POINT('Ctrl Pts',(-190.36831588808,13.3840977499952,299.490512875744));
#3503=CARTESIAN_POINT('Ctrl Pts',(-189.801919150027,12.8927371372083,298.102912083803));
#3504=CARTESIAN_POINT('Ctrl Pts',(-189.345887111293,12.2682927785331,296.71137256189));
#3505=CARTESIAN_POINT('Ctrl Pts',(-189.04839897184,11.574915612007,295.445231278565));
#3506=CARTESIAN_POINT('Ctrl Pts',(-190.110497048438,13.1262789103531,299.752198545647));
#3507=CARTESIAN_POINT('Ctrl Pts',(-189.600491040727,12.6162729026428,298.345282989025));
#3508=CARTESIAN_POINT('Ctrl Pts',(-189.202824334549,11.9945185356374,296.939182526553));
#3509=CARTESIAN_POINT('Ctrl Pts',(-188.953716419993,11.3176452072321,295.661964811303));
#3510=CARTESIAN_POINT('',(-190.110497048438,13.1262789103531,299.752198545647));
#3511=CARTESIAN_POINT('',(-189.8452114831,15.6894204697616,298.586038644408));
#3512=CARTESIAN_POINT('Origin',(-188.696283486065,14.5404924727261,299.752198545647));
#3513=CARTESIAN_POINT('Origin',(-194.794958951406,10.7396730014557,298.586038644408));
#3514=CARTESIAN_POINT('Origin',(-193.64603095437,9.5907450044203,299.752198545647));
#3515=CARTESIAN_POINT('Origin',(-201.765160759599,27.6093697462606,325.503725370466));
#3516=CARTESIAN_POINT('',(-195.943722516276,18.9595043781911,311.246258744257));
#3517=CARTESIAN_POINT('',(-195.678436950938,21.5226459375996,310.080098843018));
#3518=CARTESIAN_POINT('Origin',(-194.529508953903,20.3737179405642,311.246258744257));
#3519=CARTESIAN_POINT('',(-202.914088756634,28.758297743296,324.337565469227));
#3520=CARTESIAN_POINT('',(-203.179374321972,26.1951561838875,325.503725370466));
#3521=CARTESIAN_POINT('Origin',(-187.061476973172,12.9056859598338,318.826298102306));
#3522=CARTESIAN_POINT('',(-197.66807869097,20.6838605528858,318.826298102306));
#3523=CARTESIAN_POINT('',(-197.66807869097,23.512287677632,318.826298102306));
#3524=CARTESIAN_POINT('Origin',(-196.253865128597,22.0980741152589,318.826298102306));
#3525=CARTESIAN_POINT('Origin',(-187.061476973172,12.9056859598338,318.826298102306));
#3526=CARTESIAN_POINT('Origin',(-188.475690535545,11.4914723974607,318.826298102306));
#3527=CARTESIAN_POINT('Ctrl Pts',(-188.837566259718,8.22010016337756,287.746983836126));
#3528=CARTESIAN_POINT('Ctrl Pts',(-187.721386699184,12.1358556158509,290.96510349365));
#3529=CARTESIAN_POINT('Ctrl Pts',(-184.511729303083,18.2739009534177,294.331292931992));
#3530=CARTESIAN_POINT('Ctrl Pts',(-177.492645306501,24.8082572561256,293.774097206492));
#3531=CARTESIAN_POINT('Ctrl Pts',(-172.630397546028,27.3316076306441,291.0855286714));
#3532=CARTESIAN_POINT('Ctrl Pts',(-170.073669542271,28.2435206097377,289.194809588164));
#3533=CARTESIAN_POINT('Ctrl Pts',(-189.037787520263,7.51768854395417,288.825203977736));
#3534=CARTESIAN_POINT('Ctrl Pts',(-187.966040978507,11.6471185667137,292.020412034747));
#3535=CARTESIAN_POINT('Ctrl Pts',(-184.685147777456,18.1404028796352,295.365457113127));
#3536=CARTESIAN_POINT('Ctrl Pts',(-177.309546504405,24.9834444864882,294.811652005172));
#3537=CARTESIAN_POINT('Ctrl Pts',(-172.171294475064,27.5578550714003,292.140687777077));
#3538=CARTESIAN_POINT('Ctrl Pts',(-169.472978393135,28.4577702501057,290.263103323592));
#3539=CARTESIAN_POINT('Ctrl Pts',(-189.749522439178,6.96566645537646,289.896917163565));
#3540=CARTESIAN_POINT('Ctrl Pts',(-188.596114028023,11.345482628326,293.072233477555));
#3541=CARTESIAN_POINT('Ctrl Pts',(-185.114164888357,18.2032608840823,296.397671518421));
#3542=CARTESIAN_POINT('Ctrl Pts',(-177.327133702573,25.4313193192381,295.847063502073));
#3543=CARTESIAN_POINT('Ctrl Pts',(-171.896707628233,28.1648931434792,293.192049853228));
#3544=CARTESIAN_POINT('Ctrl Pts',(-169.03817306684,29.1275452959581,291.326012705969));
#3545=CARTESIAN_POINT('Ctrl Pts',(-190.773710961782,6.71842501183173,290.662383589222));
#3546=CARTESIAN_POINT('Ctrl Pts',(-189.471416180519,11.2871055994062,293.880503246746));
#3547=CARTESIAN_POINT('Ctrl Pts',(-185.726570615899,18.448627538086,297.246692685088));
#3548=CARTESIAN_POINT('Ctrl Pts',(-177.537102916255,26.0725425539278,296.689496959588));
#3549=CARTESIAN_POINT('Ctrl Pts',(-171.864108975528,29.0166441485332,294.000928424496));
#3550=CARTESIAN_POINT('Ctrl Pts',(-168.881064262893,30.0806123088816,292.11020934126));
#3551=CARTESIAN_POINT('',(-174.751853094373,27.3506234729821,295.204598922123));
#3552=CARTESIAN_POINT('Origin',(-157.127680007411,-2.87231999258857,248.064501130863));
#3553=CARTESIAN_POINT('Ctrl Pts',(-170.073669542271,28.2435206097377,289.194809588164));
#3554=CARTESIAN_POINT('Ctrl Pts',(-170.077747046874,28.2420662785127,289.201031337414));
#3555=CARTESIAN_POINT('Ctrl Pts',(-170.081825523592,28.2406128780285,289.207252059853));
#3556=CARTESIAN_POINT('Ctrl Pts',(-170.372749604064,28.1370385225619,289.650799828053));
#3557=CARTESIAN_POINT('Ctrl Pts',(-170.958690078412,27.9402023939084,290.518917227847));
#3558=CARTESIAN_POINT('Ctrl Pts',(-172.466437837798,27.5187275146556,292.615984333287));
#3559=CARTESIAN_POINT('Ctrl Pts',(-173.757787092734,27.3035654664235,294.178859209984));
#3560=CARTESIAN_POINT('Ctrl Pts',(-174.751853094373,27.350623472982,295.204598922123));
#3561=CARTESIAN_POINT('Origin',(-184.771158108909,36.0712112182864,313.667579367907));
#3562=CARTESIAN_POINT('',(-182.95051488958,34.2505679989575,310.080098843018));
#3563=CARTESIAN_POINT('',(-182.243408108394,34.957674780144,310.080098843018));
#3564=CARTESIAN_POINT('',(-177.852059720822,29.1521128301998,300.033864396446));
#3565=CARTESIAN_POINT('',(-184.324393997233,35.6244471066102,312.787254473473));
#3566=CARTESIAN_POINT('Origin',(-172.902312252517,34.1018602985056,300.033864396446));
#3567=CARTESIAN_POINT('Origin',(-173.626448130628,26.3407148023782,318.826298102306));
#3568=CARTESIAN_POINT('',(-184.940156629613,36.2402097389899,318.826298102306));
#3569=CARTESIAN_POINT('',(-184.233049848426,36.9473165201765,318.826298102306));
#3570=CARTESIAN_POINT('Origin',(-174.333554911814,25.6336080211917,318.826298102306));
#3571=CARTESIAN_POINT('Origin',(-196.253865128597,22.0980741152589,333.5));
#3572=CARTESIAN_POINT('',(-197.66807869097,20.6838605528858,327.860077553966));
#3573=CARTESIAN_POINT('',(-197.66807869097,20.6838605528858,333.5));
#3574=CARTESIAN_POINT('',(-197.668078690971,23.512287677632,327.860077553966));
#3575=CARTESIAN_POINT('Origin',(-196.253865128597,22.0980741152589,327.860077553966));
#3576=CARTESIAN_POINT('',(-197.667783349444,23.5119923361055,322.));
#3577=CARTESIAN_POINT('',(-197.66807869097,23.512287677632,333.5));
#3578=CARTESIAN_POINT('',(-197.66807869097,23.512287677632,333.5));
#3579=CARTESIAN_POINT('Ctrl Pts',(-188.323625035039,8.07360207449932,350.47450119591));
#3580=CARTESIAN_POINT('Ctrl Pts',(-188.200958158877,8.50393918705251,350.47450119591));
#3581=CARTESIAN_POINT('Ctrl Pts',(-187.945601733563,9.83241598566091,350.312113286159));
#3582=CARTESIAN_POINT('Ctrl Pts',(-188.093996160236,11.8691887785628,349.366392455637));
#3583=CARTESIAN_POINT('Ctrl Pts',(-188.845663842069,13.786744433579,347.767551582853));
#3584=CARTESIAN_POINT('Ctrl Pts',(-189.587229944637,14.7752120588241,346.577225019916));
#3585=CARTESIAN_POINT('Ctrl Pts',(-190.003620365433,15.2029239706374,345.969031134649));
#3586=CARTESIAN_POINT('Ctrl Pts',(-188.510187847139,8.12678149291522,350.265584410195));
#3587=CARTESIAN_POINT('Ctrl Pts',(-188.395435548401,8.52935286704988,350.265584410195));
#3588=CARTESIAN_POINT('Ctrl Pts',(-188.164049004475,9.7744273764095,350.10692170427));
#3589=CARTESIAN_POINT('Ctrl Pts',(-188.349387750833,11.6879886236444,349.184822359373));
#3590=CARTESIAN_POINT('Ctrl Pts',(-189.130523204596,13.4831249428129,347.629755129545));
#3591=CARTESIAN_POINT('Ctrl Pts',(-189.879338046006,14.3992811099477,346.475550703616));
#3592=CARTESIAN_POINT('Ctrl Pts',(-190.296373066643,14.7923693330206,345.887642421073));
#3593=CARTESIAN_POINT('Ctrl Pts',(-188.760056674425,8.19800618537029,349.826397963447));
#3594=CARTESIAN_POINT('Ctrl Pts',(-188.659475737016,8.55086191575737,349.826397963447));
#3595=CARTESIAN_POINT('Ctrl Pts',(-188.466272066118,9.64498972439514,349.66942080917));
#3596=CARTESIAN_POINT('Ctrl Pts',(-188.684907946775,11.3245201956929,348.755689054444));
#3597=CARTESIAN_POINT('Ctrl Pts',(-189.460394034442,12.8731112955787,347.217387331464));
#3598=CARTESIAN_POINT('Ctrl Pts',(-190.177478591746,13.6385569949466,346.079650696577));
#3599=CARTESIAN_POINT('Ctrl Pts',(-190.570276301405,13.958910034915,345.501048197247));
#3600=CARTESIAN_POINT('Ctrl Pts',(-188.837566259718,8.2201001633775,349.327421296468));
#3601=CARTESIAN_POINT('Ctrl Pts',(-188.74951516569,8.52899898550796,349.327421296468));
#3602=CARTESIAN_POINT('Ctrl Pts',(-188.576434758652,9.48576216891654,349.166679161686));
#3603=CARTESIAN_POINT('Ctrl Pts',(-188.743422134905,10.9570889156301,348.230560231713));
#3604=CARTESIAN_POINT('Ctrl Pts',(-189.379233368764,12.3301798889266,346.649820026842));
#3605=CARTESIAN_POINT('Ctrl Pts',(-189.975471397913,13.0243576312941,345.475222923315));
#3606=CARTESIAN_POINT('Ctrl Pts',(-190.304243023752,13.3200248856658,344.875845005299));
#3607=CARTESIAN_POINT('Ctrl Pts',(-188.837566259718,8.2201001633775,349.113598997175));
#3608=CARTESIAN_POINT('Ctrl Pts',(-188.754307182639,8.5121877419054,349.113598997175));
#3609=CARTESIAN_POINT('Ctrl Pts',(-188.586170031856,9.41528735821333,348.951211087425));
#3610=CARTESIAN_POINT('Ctrl Pts',(-188.715794976231,10.8096747403007,348.005490256903));
#3611=CARTESIAN_POINT('Ctrl Pts',(-189.272781576091,12.1358559247617,346.406649384119));
#3612=CARTESIAN_POINT('Ctrl Pts',(-189.810355742036,12.826137603955,345.216322821182));
#3613=CARTESIAN_POINT('Ctrl Pts',(-190.110497048456,13.1262789103716,344.608128935915));
#3614=CARTESIAN_POINT('',(-190.003620365433,15.2029239706374,345.969031134649));
#3615=CARTESIAN_POINT('Ctrl Pts',(-188.036426284562,10.6370544972577,349.898667375027));
#3616=CARTESIAN_POINT('Ctrl Pts',(-188.059143838029,11.0368899324275,349.722994072184));
#3617=CARTESIAN_POINT('Ctrl Pts',(-188.219981322788,12.1905855430349,349.098414688174));
#3618=CARTESIAN_POINT('Ctrl Pts',(-188.845663842069,13.786744433579,347.767551582853));
#3619=CARTESIAN_POINT('Ctrl Pts',(-189.587229944637,14.7752120588241,346.577225019916));
#3620=CARTESIAN_POINT('Ctrl Pts',(-190.003620365433,15.2029239706374,345.969031134649));
#3621=CARTESIAN_POINT('',(-190.110497048447,13.1262789103623,344.608128935915));
#3622=CARTESIAN_POINT('Origin',(-188.696283486091,14.5404924727521,344.608128935915));
#3623=CARTESIAN_POINT('Ctrl Pts',(-190.110497048456,13.1262789103716,344.608128935915));
#3624=CARTESIAN_POINT('Ctrl Pts',(-189.810355742036,12.826137603955,345.216322821182));
#3625=CARTESIAN_POINT('Ctrl Pts',(-189.272781576091,12.1358559247617,346.406649384119));
#3626=CARTESIAN_POINT('Ctrl Pts',(-188.715794976231,10.8096747403007,348.005490256903));
#3627=CARTESIAN_POINT('Ctrl Pts',(-188.586170031856,9.41528735821333,348.951211087425));
#3628=CARTESIAN_POINT('Ctrl Pts',(-188.754307182639,8.5121877419054,349.113598997175));
#3629=CARTESIAN_POINT('Ctrl Pts',(-188.837566259718,8.2201001633775,349.113598997175));
#3630=CARTESIAN_POINT('Ctrl Pts',(-194.983539926418,17.9993217883331,337.490997426695));
#3631=CARTESIAN_POINT('Ctrl Pts',(-193.36541841047,16.3812002723855,339.871882046801));
#3632=CARTESIAN_POINT('Ctrl Pts',(-191.74239391819,14.7581757801053,342.246123163661));
#3633=CARTESIAN_POINT('Ctrl Pts',(-190.110497048464,13.126278910379,344.608128935915));
#3634=CARTESIAN_POINT('Ctrl Pts',(-195.251649591195,18.2674314531099,337.855428372693));
#3635=CARTESIAN_POINT('Ctrl Pts',(-193.630757496222,16.6467091002495,340.234149357707));
#3636=CARTESIAN_POINT('Ctrl Pts',(-192.004871184928,15.02042590542,342.606039769359));
#3637=CARTESIAN_POINT('Ctrl Pts',(-190.368825015523,13.3846068774384,344.965083695093));
#3638=CARTESIAN_POINT('Ctrl Pts',(-195.447026717783,19.004169538322,338.488922187058));
#3639=CARTESIAN_POINT('Ctrl Pts',(-193.826273135977,17.3743414866745,340.864122197524));
#3640=CARTESIAN_POINT('Ctrl Pts',(-192.199943052811,15.7376886125374,343.231836059972));
#3641=CARTESIAN_POINT('Ctrl Pts',(-190.56360147518,14.08860136445,345.586039626573));
#3642=CARTESIAN_POINT('Ctrl Pts',(-195.073866777782,19.8353404525535,338.800200358913));
#3643=CARTESIAN_POINT('Ctrl Pts',(-193.462369825301,18.1988271461516,341.178418282073));
#3644=CARTESIAN_POINT('Ctrl Pts',(-191.846754090057,16.5543309252346,343.54967497455));
#3645=CARTESIAN_POINT('Ctrl Pts',(-190.22318489134,14.8950079924264,345.907989599466));
#3646=CARTESIAN_POINT('Ctrl Pts',(-194.838033396759,20.1472435151832,338.851899625429));
#3647=CARTESIAN_POINT('Ctrl Pts',(-193.231087790161,18.5097969385707,341.232784245536));
#3648=CARTESIAN_POINT('Ctrl Pts',(-191.620730634463,16.8640028289495,343.607025362396));
#3649=CARTESIAN_POINT('Ctrl Pts',(-190.003620365433,15.2029239706374,345.969031134649));
#3650=CARTESIAN_POINT('',(-194.838033396759,20.1472435151832,338.851899625429));
#3651=CARTESIAN_POINT('Ctrl Pts',(-190.003620365433,15.2029239706374,345.969031134649));
#3652=CARTESIAN_POINT('Ctrl Pts',(-191.620730634463,16.8640028289495,343.607025362396));
#3653=CARTESIAN_POINT('Ctrl Pts',(-193.231087790161,18.5097969385707,341.232784245536));
#3654=CARTESIAN_POINT('Ctrl Pts',(-194.838033396759,20.1472435151832,338.851899625429));
#3655=CARTESIAN_POINT('',(-194.983539926418,17.9993217883331,337.490997426695));
#3656=CARTESIAN_POINT('Origin',(-193.569326364045,19.4135353507062,337.490997426695));
#3657=CARTESIAN_POINT('Ctrl Pts',(-194.983539926418,17.9993217883331,337.490997426695));
#3658=CARTESIAN_POINT('Ctrl Pts',(-193.36541841047,16.3812002723855,339.871882046801));
#3659=CARTESIAN_POINT('Ctrl Pts',(-191.74239391819,14.7581757801053,342.246123163661));
#3660=CARTESIAN_POINT('Ctrl Pts',(-190.110497048464,13.126278910379,344.608128935915));
#3661=CARTESIAN_POINT('Ctrl Pts',(-197.66807869097,20.6838605528858,327.860077553966));
#3662=CARTESIAN_POINT('Ctrl Pts',(-197.66807869097,20.6838605528858,329.375666637463));
#3663=CARTESIAN_POINT('Ctrl Pts',(-197.279102780789,20.2948846427046,332.914989992916));
#3664=CARTESIAN_POINT('Ctrl Pts',(-195.973718679738,18.9895005416533,336.034060267339));
#3665=CARTESIAN_POINT('Ctrl Pts',(-194.983539926418,17.9993217883331,337.490997426695));
#3666=CARTESIAN_POINT('Ctrl Pts',(-198.091210399367,21.1069922612819,327.860077553966));
#3667=CARTESIAN_POINT('Ctrl Pts',(-198.080570441509,21.0971890424314,329.437719842482));
#3668=CARTESIAN_POINT('Ctrl Pts',(-197.654944033068,20.6717834677388,333.114379795822));
#3669=CARTESIAN_POINT('Ctrl Pts',(-196.286241754833,19.3016626285058,336.346202976444));
#3670=CARTESIAN_POINT('Ctrl Pts',(-195.251649591194,18.2674314531099,337.855428372693));
#3671=CARTESIAN_POINT('Ctrl Pts',(-198.468545796442,22.194622976937,327.860077553966));
#3672=CARTESIAN_POINT('Ctrl Pts',(-198.459950125492,22.1502436471569,329.544299703988));
#3673=CARTESIAN_POINT('Ctrl Pts',(-198.007768542652,21.6275723390143,333.459232793433));
#3674=CARTESIAN_POINT('Ctrl Pts',(-196.548452360652,20.124180652437,336.888881029177));
#3675=CARTESIAN_POINT('Ctrl Pts',(-195.447320166895,19.0040847958196,338.489064030411));
#3676=CARTESIAN_POINT('Ctrl Pts',(-197.985427472268,23.194938896335,327.860077553966));
#3677=CARTESIAN_POINT('Ctrl Pts',(-198.018659355995,23.1379405466755,329.582301141737));
#3678=CARTESIAN_POINT('Ctrl Pts',(-197.639464789686,22.5747437699877,333.602603545381));
#3679=CARTESIAN_POINT('Ctrl Pts',(-196.188597358907,21.0024055607679,337.145175762371));
#3680=CARTESIAN_POINT('Ctrl Pts',(-195.073866777782,19.8353404525534,338.800200358913));
#3681=CARTESIAN_POINT('Ctrl Pts',(-197.66807869097,23.512287677632,327.860077553966));
#3682=CARTESIAN_POINT('Ctrl Pts',(-197.720572405509,23.4597939630938,329.582142551893));
#3683=CARTESIAN_POINT('Ctrl Pts',(-197.380810778968,22.901918873832,333.614561078892));
#3684=CARTESIAN_POINT('Ctrl Pts',(-195.948649877047,21.3216549271731,337.183357842829));
#3685=CARTESIAN_POINT('Ctrl Pts',(-194.838033396759,20.1472435151832,338.851899625429));
#3686=CARTESIAN_POINT('Ctrl Pts',(-194.838033396759,20.1472435151832,338.851899625429));
#3687=CARTESIAN_POINT('Ctrl Pts',(-195.948649877047,21.3216549271731,337.183357842829));
#3688=CARTESIAN_POINT('Ctrl Pts',(-197.380810778968,22.901918873832,333.614561078892));
#3689=CARTESIAN_POINT('Ctrl Pts',(-197.720572405509,23.4597939630938,329.582142551893));
#3690=CARTESIAN_POINT('Ctrl Pts',(-197.66807869097,23.512287677632,327.860077553966));
#3691=CARTESIAN_POINT('Ctrl Pts',(-197.66807869097,20.6838605528858,327.860077553966));
#3692=CARTESIAN_POINT('Ctrl Pts',(-197.66807869097,20.6838605528858,329.375666637463));
#3693=CARTESIAN_POINT('Ctrl Pts',(-197.279102780789,20.2948846427046,332.914989992916));
#3694=CARTESIAN_POINT('Ctrl Pts',(-195.973718679738,18.9895005416533,336.034060267339));
#3695=CARTESIAN_POINT('Ctrl Pts',(-194.983539926418,17.9993217883331,337.490997426695));
#3696=CARTESIAN_POINT('Origin',(-193.64603095437,9.5907450044203,315.97189121091));
#3697=CARTESIAN_POINT('',(-190.110497048438,13.1262789103531,315.97189121091));
#3698=CARTESIAN_POINT('Origin',(-198.91329373264,21.9290755945554,346.));
#3699=CARTESIAN_POINT('Ctrl Pts',(-173.074484856807,28.1306202832391,296.370758823361));
#3700=CARTESIAN_POINT('Ctrl Pts',(-172.343251173197,27.9302945358641,295.085847042365));
#3701=CARTESIAN_POINT('Ctrl Pts',(-171.485159624948,27.9163062276156,293.179350081213));
#3702=CARTESIAN_POINT('Ctrl Pts',(-170.578536353422,28.081965139035,290.71974457071));
#3703=CARTESIAN_POINT('Ctrl Pts',(-170.242009523131,28.183752044693,289.717297021872));
#3704=CARTESIAN_POINT('Ctrl Pts',(-170.078258231925,28.2418858053054,289.209064402522));
#3705=CARTESIAN_POINT('Ctrl Pts',(-170.075963288637,28.2427024949134,289.201937218046));
#3706=CARTESIAN_POINT('Ctrl Pts',(-170.073669542271,28.2435206097377,289.194809588164));
#3707=CARTESIAN_POINT('Ctrl Pts',(-173.361204999185,28.2091689443532,296.125175704089));
#3708=CARTESIAN_POINT('Ctrl Pts',(-172.607039024485,27.9547573852488,294.919578311633));
#3709=CARTESIAN_POINT('Ctrl Pts',(-171.660840890628,27.8953504852662,293.082212754612));
#3710=CARTESIAN_POINT('Ctrl Pts',(-170.644411301998,28.064027810109,290.686500948244));
#3711=CARTESIAN_POINT('Ctrl Pts',(-170.263829271618,28.1760235988016,289.706215640892));
#3712=CARTESIAN_POINT('Ctrl Pts',(-170.078852946401,28.2416743413126,289.208762335001));
#3713=CARTESIAN_POINT('Ctrl Pts',(-170.076260581677,28.2425964588466,289.201786237941));
#3714=CARTESIAN_POINT('Ctrl Pts',(-170.073669542271,28.2435206097377,289.194809588164));
#3715=CARTESIAN_POINT('Ctrl Pts',(-173.994590352642,28.144502552732,295.634653540612));
#3716=CARTESIAN_POINT('Ctrl Pts',(-173.135324695454,27.8692715180163,294.586274771016));
#3717=CARTESIAN_POINT('Ctrl Pts',(-172.005087551952,27.8072555628622,292.887859414164));
#3718=CARTESIAN_POINT('Ctrl Pts',(-170.773846782779,28.0230331468007,290.619843462384));
#3719=CARTESIAN_POINT('Ctrl Pts',(-170.307436462261,28.1605578953366,289.684043522579));
#3720=CARTESIAN_POINT('Ctrl Pts',(-170.080042238591,28.2412502743886,289.208158285603));
#3721=CARTESIAN_POINT('Ctrl Pts',(-170.076855167756,28.242384386713,289.20148427773));
#3722=CARTESIAN_POINT('Ctrl Pts',(-170.073669542271,28.2435206097377,289.194809588164));
#3723=CARTESIAN_POINT('Ctrl Pts',(-174.543238709673,27.6595087664934,295.303388165603));
#3724=CARTESIAN_POINT('Ctrl Pts',(-173.576509708481,27.5258349600332,294.299475404442));
#3725=CARTESIAN_POINT('Ctrl Pts',(-172.319955871166,27.6283761892607,292.703830449307));
#3726=CARTESIAN_POINT('Ctrl Pts',(-170.897825286303,27.9695545393806,290.552730456147));
#3727=CARTESIAN_POINT('Ctrl Pts',(-170.350977622702,28.1448865629766,289.661892128748));
#3728=CARTESIAN_POINT('Ctrl Pts',(-170.081231252351,28.2408256729166,289.207554032618));
#3729=CARTESIAN_POINT('Ctrl Pts',(-170.077449753835,28.2421723145795,289.201182317519));
#3730=CARTESIAN_POINT('Ctrl Pts',(-170.073669542271,28.2435206097377,289.194809588164));
#3731=CARTESIAN_POINT('Ctrl Pts',(-174.751853094373,27.350623472982,295.204598922123));
#3732=CARTESIAN_POINT('Ctrl Pts',(-173.757787092734,27.3035654664235,294.178859209984));
#3733=CARTESIAN_POINT('Ctrl Pts',(-172.466437837798,27.5187275146556,292.615984333287));
#3734=CARTESIAN_POINT('Ctrl Pts',(-170.958690078412,27.9402023939084,290.518917227847));
#3735=CARTESIAN_POINT('Ctrl Pts',(-170.372749604064,28.1370385225619,289.650799828053));
#3736=CARTESIAN_POINT('Ctrl Pts',(-170.081825523592,28.2406128780285,289.207252059853));
#3737=CARTESIAN_POINT('Ctrl Pts',(-170.077747046874,28.2420662785127,289.201031337414));
#3738=CARTESIAN_POINT('Ctrl Pts',(-170.073669542271,28.2435206097377,289.194809588164));
#3739=CARTESIAN_POINT('',(-173.074484856807,28.1306202832391,296.370758823361));
#3740=CARTESIAN_POINT('Ctrl Pts',(-173.074484856807,28.1306202832391,296.370758823361));
#3741=CARTESIAN_POINT('Ctrl Pts',(-172.343251173197,27.9302945358641,295.085847042365));
#3742=CARTESIAN_POINT('Ctrl Pts',(-171.485159624948,27.9163062276156,293.179350081213));
#3743=CARTESIAN_POINT('Ctrl Pts',(-170.578536353422,28.081965139035,290.71974457071));
#3744=CARTESIAN_POINT('Ctrl Pts',(-170.242009523131,28.183752044693,289.717297021872));
#3745=CARTESIAN_POINT('Ctrl Pts',(-170.078258231925,28.2418858053054,289.209064402522));
#3746=CARTESIAN_POINT('Ctrl Pts',(-170.075963288637,28.2427024949134,289.201937218046));
#3747=CARTESIAN_POINT('Ctrl Pts',(-170.073669542271,28.2435206097377,289.194809588164));
#3748=CARTESIAN_POINT('Origin',(-173.602925097338,26.2016954759466,296.370758823361));
#3749=CARTESIAN_POINT('Ctrl Pts',(-174.751853094373,27.3506234729821,295.204598922123));
#3750=CARTESIAN_POINT('Ctrl Pts',(-175.917573284325,27.6699793417232,296.667730573063));
#3751=CARTESIAN_POINT('Ctrl Pts',(-176.997398462732,28.2974515721096,298.349799893185));
#3752=CARTESIAN_POINT('Ctrl Pts',(-177.852059720822,29.1521128301998,300.033864396446));
#3753=CARTESIAN_POINT('Ctrl Pts',(-174.513436654715,27.7036352369951,295.317500914672));
#3754=CARTESIAN_POINT('Ctrl Pts',(-175.619496570594,28.0554748461318,296.752325986845));
#3755=CARTESIAN_POINT('Ctrl Pts',(-176.636561749715,28.7056200260874,298.400267036839));
#3756=CARTESIAN_POINT('Ctrl Pts',(-177.428928012426,29.5752445385958,300.033864396446));
#3757=CARTESIAN_POINT('Ctrl Pts',(-173.945502531473,28.1673994112574,295.668765589271));
#3758=CARTESIAN_POINT('Ctrl Pts',(-174.911011550805,28.5364419290803,297.092166525716));
#3759=CARTESIAN_POINT('Ctrl Pts',(-175.776093690951,29.1871806651594,298.72049947201));
#3760=CARTESIAN_POINT('Ctrl Pts',(-176.40791767653,30.0192062093299,300.326716087811));
#3761=CARTESIAN_POINT('Ctrl Pts',(-173.320244978845,28.1979477070512,296.160259006842));
#3762=CARTESIAN_POINT('Ctrl Pts',(-174.179153918284,28.4790241203936,297.611565188532));
#3763=CARTESIAN_POINT('Ctrl Pts',(-174.958583033747,28.9972457415608,299.277393713635));
#3764=CARTESIAN_POINT('Ctrl Pts',(-175.546737001056,29.6752172351796,300.938338627782));
#3765=CARTESIAN_POINT('Ctrl Pts',(-173.074484856807,28.1306202832391,296.370758823361));
#3766=CARTESIAN_POINT('Ctrl Pts',(-173.907142135344,28.3587316180542,297.833890474301));
#3767=CARTESIAN_POINT('Ctrl Pts',(-174.678445834207,28.8069260683301,299.515959794423));
#3768=CARTESIAN_POINT('Ctrl Pts',(-175.288918161414,29.4173983955374,301.200024297685));
#3769=CARTESIAN_POINT('',(-175.288918161414,29.4173983955374,301.200024297685));
#3770=CARTESIAN_POINT('Origin',(-176.703131723787,28.0031848331643,301.200024297685));
#3771=CARTESIAN_POINT('Origin',(-171.753384255481,32.9529323014701,301.200024297685));
#3772=CARTESIAN_POINT('Origin',(-183.175466000198,34.4755191095748,313.953414374712));
#3773=CARTESIAN_POINT('',(-180.387373330172,34.5158535642951,311.246258744257));
#3774=CARTESIAN_POINT('Origin',(-181.801586892545,33.101640001922,311.246258744257));
#3775=CARTESIAN_POINT('',(-181.761252437824,35.8897326719479,313.953414374712));
#3776=CARTESIAN_POINT('Origin',(-174.333554911814,25.6336080211917,318.826298102306));
#3777=CARTESIAN_POINT('',(-182.111729504866,36.2402097389899,318.826298102306));
#3778=CARTESIAN_POINT('Origin',(-183.525943067239,34.8259961766168,318.826298102306));
#3779=CARTESIAN_POINT('Origin',(-172.919341349441,27.0478215835648,318.826298102306));
#3780=CARTESIAN_POINT('Origin',(-171.753384255481,32.9529323014701,315.97189121091));
#3781=CARTESIAN_POINT('',(-175.288918161479,29.4173983956024,344.138126225706));
#3782=CARTESIAN_POINT('',(-175.288918161414,29.4173983955374,315.97189121091));
#3783=CARTESIAN_POINT('Ctrl Pts',(-170.073669542271,28.2435206097377,349.113598997175));
#3784=CARTESIAN_POINT('Ctrl Pts',(-170.380714535132,28.1340062954485,349.113598997175));
#3785=CARTESIAN_POINT('Ctrl Pts',(-171.338788765758,27.8981900194334,348.924795105536));
#3786=CARTESIAN_POINT('Ctrl Pts',(-172.823012514455,27.9791703372187,347.854342928173));
#3787=CARTESIAN_POINT('Ctrl Pts',(-174.234166136115,28.535189840852,346.093140741821));
#3788=CARTESIAN_POINT('Ctrl Pts',(-174.970098812229,29.0985790463387,344.797185257027));
#3789=CARTESIAN_POINT('Ctrl Pts',(-175.288918161488,29.4173983956118,344.138126225744));
#3790=CARTESIAN_POINT('Origin',(-183.356944546536,37.4854247806595,311.));
#3791=CARTESIAN_POINT('',(-182.111729504866,36.2402097389899,328.51961289172));
#3792=CARTESIAN_POINT('',(-182.111729504866,36.2402097389899,316.));
#3793=CARTESIAN_POINT('',(-179.508167966976,33.6366482010999,337.878166171238));
#3794=CARTESIAN_POINT('Ctrl Pts',(-179.508167966976,33.6366482010999,337.878166171238));
#3795=CARTESIAN_POINT('Ctrl Pts',(-180.224680552908,34.3531607870314,336.810779866799));
#3796=CARTESIAN_POINT('Ctrl Pts',(-181.596695327856,35.7251755619799,333.918367404491));
#3797=CARTESIAN_POINT('Ctrl Pts',(-182.111729504866,36.2402097389894,330.48196707631));
#3798=CARTESIAN_POINT('Ctrl Pts',(-182.111729504866,36.2402097389899,328.51961289172));
#3799=CARTESIAN_POINT('Ctrl Pts',(-175.288918161544,29.4173983956675,344.138126225706));
#3800=CARTESIAN_POINT('Ctrl Pts',(-176.698869544923,30.8273497790464,342.056245967408));
#3801=CARTESIAN_POINT('Ctrl Pts',(-178.104741613167,32.2332218472906,339.968845523923));
#3802=CARTESIAN_POINT('Ctrl Pts',(-179.508167966976,33.6366482010999,337.878166171239));
#3803=CARTESIAN_POINT('Origin',(-183.525943067239,34.8259961766168,316.));
#3804=CARTESIAN_POINT('',(-184.939861288086,36.2399143974634,322.));
#3805=CARTESIAN_POINT('',(-184.940156629613,36.2402097389899,316.));
#3806=CARTESIAN_POINT('',(-184.940156629619,36.2402097389832,328.51961289172));
#3807=CARTESIAN_POINT('',(-184.940156629613,36.2402097389899,316.));
#3808=CARTESIAN_POINT('Origin',(-183.525943067239,34.8259961766168,328.51961289172));
#3809=CARTESIAN_POINT('Ctrl Pts',(-179.508167966976,33.6366482010999,337.878166171238));
#3810=CARTESIAN_POINT('Ctrl Pts',(-180.224680552908,34.3531607870314,336.810779866799));
#3811=CARTESIAN_POINT('Ctrl Pts',(-181.596695327856,35.7251755619799,333.918367404491));
#3812=CARTESIAN_POINT('Ctrl Pts',(-182.111729504866,36.2402097389894,330.48196707631));
#3813=CARTESIAN_POINT('Ctrl Pts',(-182.111729504866,36.2402097389899,328.51961289172));
#3814=CARTESIAN_POINT('Ctrl Pts',(-179.785150330834,33.9136305649577,338.250030320066));
#3815=CARTESIAN_POINT('Ctrl Pts',(-180.533875308424,34.6625863856788,337.142136235841));
#3816=CARTESIAN_POINT('Ctrl Pts',(-181.971430214183,36.0997954806451,334.139254054333));
#3817=CARTESIAN_POINT('Ctrl Pts',(-182.524103889962,36.6516659489275,330.565525501964));
#3818=CARTESIAN_POINT('Ctrl Pts',(-182.534861213262,36.6633414473859,328.51961289172));
#3819=CARTESIAN_POINT('Ctrl Pts',(-180.552450280883,34.1088067807329,338.896119073129));
#3820=CARTESIAN_POINT('Ctrl Pts',(-181.362742031585,34.9074878377753,337.717904136864));
#3821=CARTESIAN_POINT('Ctrl Pts',(-182.930204997847,36.441288998155,334.522249278235));
#3822=CARTESIAN_POINT('Ctrl Pts',(-183.57379335921,37.0312445252821,330.709041786595));
#3823=CARTESIAN_POINT('Ctrl Pts',(-183.622491935217,37.0406767753229,328.51961289172));
#3824=CARTESIAN_POINT('Ctrl Pts',(-181.405762050436,33.7030651264128,339.196562894937));
#3825=CARTESIAN_POINT('Ctrl Pts',(-182.247455193382,34.5132480459179,337.979319232352));
#3826=CARTESIAN_POINT('Ctrl Pts',(-183.879004778089,36.0536901346303,334.680732647546));
#3827=CARTESIAN_POINT('Ctrl Pts',(-184.560262098371,36.5940247180301,330.760213040521));
#3828=CARTESIAN_POINT('Ctrl Pts',(-184.622807848315,36.557558520287,328.51961289172));
#3829=CARTESIAN_POINT('Ctrl Pts',(-181.720513902581,33.4516335324293,339.239068369973));
#3830=CARTESIAN_POINT('Ctrl Pts',(-182.566303586434,34.2593344314952,338.0135011097));
#3831=CARTESIAN_POINT('Ctrl Pts',(-184.204428590437,35.7873973696814,334.694071265122));
#3832=CARTESIAN_POINT('Ctrl Pts',(-184.88255393124,36.297812437361,330.759999489622));
#3833=CARTESIAN_POINT('Ctrl Pts',(-184.940156629612,36.24020973899,328.51961289172));
#3834=CARTESIAN_POINT('',(-181.720513902581,33.4516335324296,339.239068369973));
#3835=CARTESIAN_POINT('Ctrl Pts',(-184.940156629612,36.24020973899,328.51961289172));
#3836=CARTESIAN_POINT('Ctrl Pts',(-184.88255393124,36.297812437361,330.759999489622));
#3837=CARTESIAN_POINT('Ctrl Pts',(-184.204428590437,35.7873973696814,334.694071265122));
#3838=CARTESIAN_POINT('Ctrl Pts',(-182.566303586434,34.2593344314952,338.0135011097));
#3839=CARTESIAN_POINT('Ctrl Pts',(-181.720513902581,33.4516335324293,339.239068369973));
#3840=CARTESIAN_POINT('Origin',(-180.92238152935,32.2224346387268,337.878166171238));
#3841=CARTESIAN_POINT('Ctrl Pts',(-175.288918161544,29.4173983956675,344.138126225706));
#3842=CARTESIAN_POINT('Ctrl Pts',(-176.698869544923,30.8273497790464,342.056245967408));
#3843=CARTESIAN_POINT('Ctrl Pts',(-178.104741613167,32.2332218472906,339.968845523923));
#3844=CARTESIAN_POINT('Ctrl Pts',(-179.508167966976,33.6366482010999,337.878166171239));
#3845=CARTESIAN_POINT('Ctrl Pts',(-175.559374680902,29.6878549150256,344.504459055938));
#3846=CARTESIAN_POINT('Ctrl Pts',(-176.971865603727,31.1005164813646,342.424742867213));
#3847=CARTESIAN_POINT('Ctrl Pts',(-178.379943916461,32.5082942827542,340.339084637155));
#3848=CARTESIAN_POINT('Ctrl Pts',(-179.785150330834,33.9136305649577,338.250030320066));
#3849=CARTESIAN_POINT('Ctrl Pts',(-176.304127656263,29.8831967320567,345.141137341232));
#3850=CARTESIAN_POINT('Ctrl Pts',(-177.725587084764,31.2956385257415,343.064939114434));
#3851=CARTESIAN_POINT('Ctrl Pts',(-179.140885555576,32.7034727957491,340.982379374225));
#3852=CARTESIAN_POINT('Ctrl Pts',(-180.552538415502,34.1084798241532,338.895958757281));
#3853=CARTESIAN_POINT('Ctrl Pts',(-177.141171859529,29.5017500882025,345.449690345947));
#3854=CARTESIAN_POINT('Ctrl Pts',(-178.569132586614,30.9049589173621,343.370469963554));
#3855=CARTESIAN_POINT('Ctrl Pts',(-179.989607101441,32.3049260818651,341.285260638313));
#3856=CARTESIAN_POINT('Ctrl Pts',(-181.405762050436,33.7030651264127,339.196562894937));
#3857=CARTESIAN_POINT('Ctrl Pts',(-177.453902815572,29.261869850848,345.49902842444));
#3858=CARTESIAN_POINT('Ctrl Pts',(-178.882716634057,30.6605703090171,343.417148166143));
#3859=CARTESIAN_POINT('Ctrl Pts',(-180.303880776378,32.056782481321,341.329747722657));
#3860=CARTESIAN_POINT('Ctrl Pts',(-181.720513902581,33.4516335324293,339.239068369973));
#3861=CARTESIAN_POINT('',(-177.453902815572,29.261869850848,345.49902842444));
#3862=CARTESIAN_POINT('Ctrl Pts',(-181.720513902581,33.4516335324293,339.239068369973));
#3863=CARTESIAN_POINT('Ctrl Pts',(-180.303880776378,32.056782481321,341.329747722657));
#3864=CARTESIAN_POINT('Ctrl Pts',(-178.882716634057,30.6605703090171,343.417148166143));
#3865=CARTESIAN_POINT('Ctrl Pts',(-177.453902815572,29.261869850848,345.49902842444));
#3866=CARTESIAN_POINT('Origin',(-176.703131723917,28.0031848332943,344.138126225706));
#3867=CARTESIAN_POINT('Ctrl Pts',(-177.453902815546,29.2618698508223,345.499028424478));
#3868=CARTESIAN_POINT('Ctrl Pts',(-177.001584461829,28.8190844574943,346.158087455762));
#3869=CARTESIAN_POINT('Ctrl Pts',(-175.951980444045,28.0417514172839,347.454042940556));
#3870=CARTESIAN_POINT('Ctrl Pts',(-173.918387653003,27.2953743269573,349.215245126908));
#3871=CARTESIAN_POINT('Ctrl Pts',(-171.755071379511,27.2226773127101,350.28569730427));
#3872=CARTESIAN_POINT('Ctrl Pts',(-170.346511361503,27.5788173077574,350.47450119591));
#3873=CARTESIAN_POINT('Ctrl Pts',(-169.894137260839,27.7401664278808,350.47450119591));
#3874=CARTESIAN_POINT('Ctrl Pts',(-177.036928207479,29.5817101672946,345.433244319826));
#3875=CARTESIAN_POINT('Ctrl Pts',(-176.620957457613,29.1378212016297,346.069475172776));
#3876=CARTESIAN_POINT('Ctrl Pts',(-175.646827995286,28.3508768803933,347.325061229863));
#3877=CARTESIAN_POINT('Ctrl Pts',(-173.739384977928,27.5672928564256,349.037431711103));
#3878=CARTESIAN_POINT('Ctrl Pts',(-171.703432894622,27.4473142087566,350.081100475454));
#3879=CARTESIAN_POINT('Ctrl Pts',(-170.382494745096,27.7719473697487,350.265584410195));
#3880=CARTESIAN_POINT('Ctrl Pts',(-169.959308229188,27.9228860991976,350.265584410195));
#3881=CARTESIAN_POINT('Ctrl Pts',(-176.166401187209,29.8930908709587,345.054563019867));
#3882=CARTESIAN_POINT('Ctrl Pts',(-175.828825124602,29.4745614224044,345.679943239272));
#3883=CARTESIAN_POINT('Ctrl Pts',(-175.016163998888,28.7180880519625,346.916510133202));
#3884=CARTESIAN_POINT('Ctrl Pts',(-173.369327490417,27.9303601293493,348.609779955346));
#3885=CARTESIAN_POINT('Ctrl Pts',(-171.579311525073,27.7617187381329,349.643876233351));
#3886=CARTESIAN_POINT('Ctrl Pts',(-170.417518540732,28.0353091778894,349.826397961489));
#3887=CARTESIAN_POINT('Ctrl Pts',(-170.046593540211,28.1676076944888,349.826397961489));
#3888=CARTESIAN_POINT('Ctrl Pts',(-175.491760551005,29.6202407851374,344.41287584842));
#3889=CARTESIAN_POINT('Ctrl Pts',(-175.179149864013,29.2707927087728,345.061902550757));
#3890=CARTESIAN_POINT('Ctrl Pts',(-174.4410577916,28.6442338754615,346.340096029242));
#3891=CARTESIAN_POINT('Ctrl Pts',(-172.980984334838,28.0034959151948,348.080989618182));
#3892=CARTESIAN_POINT('Ctrl Pts',(-171.413926466753,27.8837032321446,349.140528512213));
#3893=CARTESIAN_POINT('Ctrl Pts',(-170.39838666004,28.127703145466,349.327421296468));
#3894=CARTESIAN_POINT('Ctrl Pts',(-170.073669542271,28.2435206097377,349.327421296468));
#3895=CARTESIAN_POINT('Ctrl Pts',(-175.288918161488,29.4173983956118,344.138126225744));
#3896=CARTESIAN_POINT('Ctrl Pts',(-174.970098812229,29.0985790463387,344.797185257027));
#3897=CARTESIAN_POINT('Ctrl Pts',(-174.234166136115,28.535189840852,346.093140741821));
#3898=CARTESIAN_POINT('Ctrl Pts',(-172.823012514455,27.9791703372187,347.854342928173));
#3899=CARTESIAN_POINT('Ctrl Pts',(-171.338788765758,27.8981900194334,348.924795105536));
#3900=CARTESIAN_POINT('Ctrl Pts',(-170.380714535132,28.1340062954485,349.113598997175));
#3901=CARTESIAN_POINT('Ctrl Pts',(-170.073669542271,28.2435206097377,349.113598997175));
#3902=CARTESIAN_POINT('Ctrl Pts',(-177.453902815546,29.2618698508223,345.499028424478));
#3903=CARTESIAN_POINT('Ctrl Pts',(-177.001584461829,28.8190844574943,346.158087455762));
#3904=CARTESIAN_POINT('Ctrl Pts',(-175.951980444045,28.0417514172839,347.454042940556));
#3905=CARTESIAN_POINT('Ctrl Pts',(-174.212871514293,27.4034569325338,348.960206053877));
#3906=CARTESIAN_POINT('Ctrl Pts',(-172.921890674953,27.2832151723101,349.684585326395));
#3907=CARTESIAN_POINT('Ctrl Pts',(-172.433601537892,27.2871852543707,349.898771049136));
#3908=CARTESIAN_POINT('Origin',(-160.,1.77635683940025E-14,342.898979485566));
#3909=CARTESIAN_POINT('Ctrl Pts',(-194.838012819761,20.1472648254539,338.851755529046));
#3910=CARTESIAN_POINT('Ctrl Pts',(-194.079637076839,21.0187095928783,339.088926791171));
#3911=CARTESIAN_POINT('Ctrl Pts',(-191.757462469211,23.634946351894,339.690104168242));
#3912=CARTESIAN_POINT('Ctrl Pts',(-187.372108457509,28.2420325805988,340.115203758877));
#3913=CARTESIAN_POINT('Ctrl Pts',(-183.649793010624,31.7265196549449,339.659096499823));
#3914=CARTESIAN_POINT('Ctrl Pts',(-181.720091593426,33.4507148422696,339.237245285074));
#3915=CARTESIAN_POINT('Ctrl Pts',(-184.940156629613,36.2402097389897,328.519612891715));
#3916=CARTESIAN_POINT('Ctrl Pts',(-186.717932188812,34.4624341797907,329.256251243259));
#3917=CARTESIAN_POINT('Ctrl Pts',(-189.795942327396,31.3844240412066,329.971832138988));
#3918=CARTESIAN_POINT('Ctrl Pts',(-194.121953806738,27.0584125618642,329.403290745816));
#3919=CARTESIAN_POINT('Ctrl Pts',(-196.505991733426,24.6743746351768,328.450967403628));
#3920=CARTESIAN_POINT('Ctrl Pts',(-197.66807869097,23.512287677632,327.860077553966));
#3921=CARTESIAN_POINT('Ctrl Pts',(-184.492433489987,36.6879328786155,330.680649588341));
#3922=CARTESIAN_POINT('Ctrl Pts',(-186.403288951603,34.7765506944903,331.403485226989));
#3923=CARTESIAN_POINT('Ctrl Pts',(-189.730274920378,31.4489929871216,332.104747510683));
#3924=CARTESIAN_POINT('Ctrl Pts',(-194.409701663579,26.7698704255736,331.547561358525));
#3925=CARTESIAN_POINT('Ctrl Pts',(-196.974910447848,24.2050276765112,330.613355338993));
#3926=CARTESIAN_POINT('Ctrl Pts',(-198.22057516331,22.9597912052927,330.033237052177));
#3927=CARTESIAN_POINT('Ctrl Pts',(-183.070465457336,36.8318817704481,334.459775166378));
#3928=CARTESIAN_POINT('Ctrl Pts',(-185.252837403377,34.7260830288584,335.159009113325));
#3929=CARTESIAN_POINT('Ctrl Pts',(-189.056679660703,31.0028357883473,335.835751278668));
#3930=CARTESIAN_POINT('Ctrl Pts',(-194.321618387435,25.6738914806247,335.298073345458));
#3931=CARTESIAN_POINT('Ctrl Pts',(-197.152678618734,22.741752005894,334.394998072469));
#3932=CARTESIAN_POINT('Ctrl Pts',(-198.514026320191,21.3210250912716,333.833276079657));
#3933=CARTESIAN_POINT('Ctrl Pts',(-180.781746247638,35.8375022748034,337.583486420512));
#3934=CARTESIAN_POINT('Ctrl Pts',(-183.240507745835,33.6383499870444,338.300707044352));
#3935=CARTESIAN_POINT('Ctrl Pts',(-187.508222097037,29.6472097954876,338.995991196717));
#3936=CARTESIAN_POINT('Ctrl Pts',(-193.217076822658,23.7185606478846,338.44355973454));
#3937=CARTESIAN_POINT('Ctrl Pts',(-196.179637724294,20.4119385990533,337.516803040518));
#3938=CARTESIAN_POINT('Ctrl Pts',(-197.582253018459,18.8090496723779,336.941016501476));
#3939=CARTESIAN_POINT('Ctrl Pts',(-179.698175395804,35.2275000818196,338.726379382224));
#3940=CARTESIAN_POINT('Ctrl Pts',(-182.266264696393,33.007804469836,339.463017733768));
#3941=CARTESIAN_POINT('Ctrl Pts',(-186.718123000171,28.9290848427958,340.178598629497));
#3942=CARTESIAN_POINT('Ctrl Pts',(-192.583231634225,22.7674246562508,339.610057236326));
#3943=CARTESIAN_POINT('Ctrl Pts',(-195.576321006178,19.3119597813387,338.657733894137));
#3944=CARTESIAN_POINT('Ctrl Pts',(-196.982887849722,17.637231587523,338.066844044475));
#3945=CARTESIAN_POINT('Ctrl Pts',(-184.940156629613,36.2402097389897,328.519612891715));
#3946=CARTESIAN_POINT('Ctrl Pts',(-186.717932188812,34.4624341797907,329.256251243259));
#3947=CARTESIAN_POINT('Ctrl Pts',(-189.795942327396,31.3844240412066,329.971832138988));
#3948=CARTESIAN_POINT('Ctrl Pts',(-194.121953806738,27.0584125618642,329.403290745816));
#3949=CARTESIAN_POINT('Ctrl Pts',(-196.505991733426,24.6743746351768,328.450967403628));
#3950=CARTESIAN_POINT('Ctrl Pts',(-197.66807869097,23.512287677632,327.860077553966));
#3951=CARTESIAN_POINT('',(-196.633588886596,22.4777978732575,334.660387323951));
#3952=CARTESIAN_POINT('Ctrl Pts',(-196.520646796646,22.3649309963362,334.998684464258));
#3953=CARTESIAN_POINT('Ctrl Pts',(-196.549873293403,22.3941606146157,334.91367277334));
#3954=CARTESIAN_POINT('Ctrl Pts',(-196.578549039424,22.4228393092749,334.828293153739));
#3955=CARTESIAN_POINT('Ctrl Pts',(-196.606669845239,22.4509643015822,334.742555524833));
#3956=CARTESIAN_POINT('Ctrl Pts',(-196.615670487356,22.4599662836721,334.715113433777));
#3957=CARTESIAN_POINT('Ctrl Pts',(-196.624614276948,22.4689115410016,334.687634664368));
#3958=CARTESIAN_POINT('Ctrl Pts',(-196.633501226362,22.477800101275,334.660119614424));
#3959=CARTESIAN_POINT('Ctrl Pts',(-196.633501226362,22.477800101275,334.660119614424));
#3960=CARTESIAN_POINT('Ctrl Pts',(-196.351305286452,22.7600043584113,334.77933339965));
#3961=CARTESIAN_POINT('Ctrl Pts',(-196.068018631858,23.0432990012374,334.892245409839));
#3962=CARTESIAN_POINT('Ctrl Pts',(-195.783554889681,23.327767463122,334.998599130318));
#3963=CARTESIAN_POINT('Origin',(-139.754025212245,21.7111498663376,242.648643493652));
#3964=CARTESIAN_POINT('',(-139.958624720263,21.4917437558518,240.148643493652));
#3965=CARTESIAN_POINT('',(-139.754025212245,21.7111498663376,240.148643493652));
#3966=CARTESIAN_POINT('Origin',(-139.958624720263,21.4917437558518,242.648643493652));
#3967=CARTESIAN_POINT('Origin',(-139.958624720263,21.4917437558518,242.648643493652));
#3968=CARTESIAN_POINT('Origin',(-138.070924405445,-38.9132937326401,322.));
#3969=CARTESIAN_POINT('',(-137.902221226268,-39.0819969118171,322.));
#3970=CARTESIAN_POINT('',(-136.488007663894,-37.667783349444,322.));
#3971=CARTESIAN_POINT('',(-130.831153414402,-32.0109290999516,322.));
#3972=CARTESIAN_POINT('',(-130.831153414402,-32.0109290999516,322.));
#3973=CARTESIAN_POINT('Origin',(-160.,0.,314.));
#3974=CARTESIAN_POINT('Origin',(-150.40925499558,-33.6460309543704,315.97189121091));
#3975=CARTESIAN_POINT('',(-146.873721089647,-30.1104970484378,346.817913965272));
#3976=CARTESIAN_POINT('Ctrl Pts',(-151.779899836622,-28.8375662597176,349.898979485566));
#3977=CARTESIAN_POINT('Ctrl Pts',(-151.242549303765,-28.6843953865881,349.898979485566));
#3978=CARTESIAN_POINT('Ctrl Pts',(-150.663978261599,-28.6229721629921,349.773394205899));
#3979=CARTESIAN_POINT('Ctrl Pts',(-149.577669637556,-28.6857421044603,349.328176750952));
#3980=CARTESIAN_POINT('Ctrl Pts',(-149.06859120302,-28.8078572485775,349.011531660347));
#3981=CARTESIAN_POINT('Ctrl Pts',(-147.98556710447,-29.2163674604228,348.176276967085));
#3982=CARTESIAN_POINT('Ctrl Pts',(-147.399638080135,-29.5987453045691,347.549212790545));
#3983=CARTESIAN_POINT('Ctrl Pts',(-146.907647435436,-30.0768128080885,346.865763579447));
#3984=CARTESIAN_POINT('Ctrl Pts',(-146.890612170171,-30.0936059679133,346.841857955322));
#3985=CARTESIAN_POINT('Ctrl Pts',(-146.873721089647,-30.1104970484377,346.817913965272));
#3986=CARTESIAN_POINT('',(-146.873721089647,-30.1104970484377,315.97189121091));
#3987=CARTESIAN_POINT('Origin',(-122.514575219341,-23.356944546536,311.));
#3988=CARTESIAN_POINT('',(-122.345872040163,-23.5256477257131,318.826298102306));
#3989=CARTESIAN_POINT('',(-122.345872040164,-23.525647725713,322.));
#3990=CARTESIAN_POINT('',(-122.345872040163,-23.5256477257131,312.5));
#3991=CARTESIAN_POINT('Origin',(-132.952178416435,-12.9193413494414,318.826298102306));
#3992=CARTESIAN_POINT('',(-130.582601604463,-15.288918161414,346.488424732366));
#3993=CARTESIAN_POINT('',(-130.582601604463,-15.288918161414,315.97189121091));
#3994=CARTESIAN_POINT('Ctrl Pts',(-130.582601604463,-15.2889181614139,346.488424732366));
#3995=CARTESIAN_POINT('Ctrl Pts',(-128.250097266341,-17.6214224995356,343.101148281794));
#3996=CARTESIAN_POINT('Ctrl Pts',(-125.423942236064,-20.4475775298124,338.932156550661));
#3997=CARTESIAN_POINT('',(-122.345576698637,-23.5259430672395,322.420566128019));
#3998=CARTESIAN_POINT('Origin',(-127.04706769853,-11.7533842554812,315.97189121091));
#3999=CARTESIAN_POINT('Ctrl Pts',(-130.582601604463,-15.2889181614139,346.488424732366));
#4000=CARTESIAN_POINT('Ctrl Pts',(-130.675271994075,-15.196247771802,346.623001214505));
#4001=CARTESIAN_POINT('Ctrl Pts',(-130.76508249477,-15.0991419521178,346.756973348949));
#4002=CARTESIAN_POINT('Ctrl Pts',(-131.28108095701,-14.4940861429246,347.549212790545));
#4003=CARTESIAN_POINT('Ctrl Pts',(-131.624640085964,-13.8845840820876,348.176276967085));
#4004=CARTESIAN_POINT('Ctrl Pts',(-131.962026630145,-12.7773388016611,349.011531660347));
#4005=CARTESIAN_POINT('Ctrl Pts',(-132.050857172425,-12.2614104193339,349.328176750952));
#4006=CARTESIAN_POINT('Ctrl Pts',(-132.043018732733,-11.1733180284558,349.773394205899));
#4007=CARTESIAN_POINT('Ctrl Pts',(-131.944189117485,-10.599950807227,349.898979485566));
#4008=CARTESIAN_POINT('Ctrl Pts',(-131.756479390262,-10.0736695422714,349.898979485566));
#4009=CARTESIAN_POINT('Origin',(-160.,0.,342.898979485566));
#4010=CARTESIAN_POINT('Ctrl Pts',(-146.873721089647,-30.1104970484377,346.817913965272));
#4011=CARTESIAN_POINT('Ctrl Pts',(-144.283796292897,-32.7004218451881,343.146560112332));
#4012=CARTESIAN_POINT('Ctrl Pts',(-141.084285689079,-35.8999324490056,338.492012416054));
#4013=CARTESIAN_POINT('Origin',(-138.070924405445,-38.9132937326401,346.));
#4014=CARTESIAN_POINT('',(-137.901925884741,-39.0822922533436,339.920566128019));
#4015=CARTESIAN_POINT('',(-137.902221226268,-39.0819969118171,318.826298102306));
#4016=CARTESIAN_POINT('Origin',(-148.508527602539,-28.4756905355454,318.826298102306));
#4017=CARTESIAN_POINT('',(-137.902221226268,-39.0819969118171,330.));
#4018=CARTESIAN_POINT('Origin',(-122.345576698637,-23.5259430672396,321.));
#4019=CARTESIAN_POINT('',(-123.052683479824,-24.2330498484261,318.826298102306));
#4020=CARTESIAN_POINT('',(-123.759790349828,-24.940156540795,322.));
#4021=CARTESIAN_POINT('',(-133.659285197622,-34.8396515662244,322.));
#4022=CARTESIAN_POINT('Origin',(-133.659285197622,-13.6264481306279,318.826298102306));
#4023=CARTESIAN_POINT('Origin',(-196.633588886596,22.4777978732575,315.));
#4024=CARTESIAN_POINT('',(-183.905666825238,35.2057199346153,315.));
#4025=CARTESIAN_POINT('',(-196.633588886596,22.4777978732575,315.));
#4026=CARTESIAN_POINT('',(-190.266214008515,28.8451727513383,315.));
#4027=CARTESIAN_POINT('',(-183.905666825238,35.2057199346153,324.449489742783));
#4028=CARTESIAN_POINT('',(-196.633588886596,22.4777978732575,316.));
#4029=CARTESIAN_POINT('Origin',(-167.071067811865,18.3847763108503,315.));
#4030=CARTESIAN_POINT('',(-175.559763033506,26.8666438376869,315.));
#4031=CARTESIAN_POINT('',(-173.061476346646,24.3615294560235,315.));
#4032=CARTESIAN_POINT('',(-187.065167267379,12.9093762540402,314.999999999989));
#4033=CARTESIAN_POINT('',(-196.414385784428,22.2585947710897,315.));
#4034=CARTESIAN_POINT('',(-187.060756084567,12.918620460836,315.));
#4035=CARTESIAN_POINT('Origin',(-160.,1.77635683940025E-14,315.));
#4036=CARTESIAN_POINT('',(-179.798989873223,5.6568542494924,315.));
#4037=CARTESIAN_POINT('',(-167.071067811865,18.3847763108503,315.));
#4038=CARTESIAN_POINT('Origin',(-160.,1.77635683940025E-14,315.97189121091));
#4039=CARTESIAN_POINT('',(-187.060882469314,12.9183556051747,333.898979485566));
#4040=CARTESIAN_POINT('',(-187.060756084567,12.918620460836,315.97189121091));
#4041=CARTESIAN_POINT('',(-187.065167267379,12.9093762540402,315.97189121091));
#4042=CARTESIAN_POINT('Origin',(-179.798989873223,5.6568542494924,335.));
#4043=CARTESIAN_POINT('',(-179.798989873223,5.6568542494924,335.));
#4044=CARTESIAN_POINT('',(-167.071067811865,18.3847763108503,335.));
#4045=CARTESIAN_POINT('Origin',(-179.798989873223,5.6568542494924,315.));
#4046=CARTESIAN_POINT('',(-188.284271247462,14.142135623731,333.898979485566));
#4047=CARTESIAN_POINT('',(-188.645621174343,14.5034855506123,333.898979485566));
#4048=CARTESIAN_POINT('',(-188.284271247462,14.142135623731,315.));
#4049=CARTESIAN_POINT('Origin',(-160.,1.77635683940025E-14,314.));
#4050=CARTESIAN_POINT('Origin',(-167.071067811865,18.3847763108503,335.));
#4051=CARTESIAN_POINT('',(-175.563176880908,26.863229990285,333.898979485566));
#4052=CARTESIAN_POINT('',(-175.556349186104,26.8700576850888,335.));
#4053=CARTESIAN_POINT('',(-175.563176880908,26.863229990285,329.449489742783));
#4054=CARTESIAN_POINT('Origin',(-160.,1.77635683940025E-14,241.));
#4055=CARTESIAN_POINT('Origin',(-183.356944546536,9.20115353319757,313.));
#4056=CARTESIAN_POINT('Origin',(-171.336129266365,22.636182375742,333.898979485566));
#4057=CARTESIAN_POINT('Origin',(-183.525943067239,37.654423301363,321.));
#4058=CARTESIAN_POINT('Origin',(-160.,1.77635683940025E-14,235.972));
#4059=CARTESIAN_POINT('',(-179.436501572162,-19.4365015721622,235.971876387443));
#4060=CARTESIAN_POINT('',(-179.436501572162,-19.4365015721622,235.972));
#4061=CARTESIAN_POINT('Origin',(-160.,0.,235.971876387443));
#4062=CARTESIAN_POINT('Origin',(-140.563498427913,19.4365015720873,235.971876387443));
#4063=UNCERTAINTY_MEASURE_WITH_UNIT(LENGTH_MEASURE(0.01),#4067,
'DISTANCE_ACCURACY_VALUE',
'Maximum model space distance between geometric entities at asserted c
onnectivities');
#4064=UNCERTAINTY_MEASURE_WITH_UNIT(LENGTH_MEASURE(0.01),#4067,
'DISTANCE_ACCURACY_VALUE',
'Maximum model space distance between geometric entities at asserted c
onnectivities');
#4065=(
GEOMETRIC_REPRESENTATION_CONTEXT(3)
GLOBAL_UNCERTAINTY_ASSIGNED_CONTEXT((#4063))
GLOBAL_UNIT_ASSIGNED_CONTEXT((#4067,#4069,#4070))
REPRESENTATION_CONTEXT('','3D')
);
#4066=(
GEOMETRIC_REPRESENTATION_CONTEXT(3)
GLOBAL_UNCERTAINTY_ASSIGNED_CONTEXT((#4064))
GLOBAL_UNIT_ASSIGNED_CONTEXT((#4067,#4069,#4070))
REPRESENTATION_CONTEXT('','3D')
);
#4067=(
LENGTH_UNIT()
NAMED_UNIT(*)
SI_UNIT(.MILLI.,.METRE.)
);
#4068=(
LENGTH_UNIT()
NAMED_UNIT(*)
SI_UNIT($,.METRE.)
);
#4069=(
NAMED_UNIT(*)
PLANE_ANGLE_UNIT()
SI_UNIT($,.RADIAN.)
);
#4070=(
NAMED_UNIT(*)
SI_UNIT($,.STERADIAN.)
SOLID_ANGLE_UNIT()
);
#4071=SHAPE_DEFINITION_REPRESENTATION(#4072,#4073);
#4072=PRODUCT_DEFINITION_SHAPE('',$,#4075);
#4073=SHAPE_REPRESENTATION('',(#1891),#4065);
#4074=PRODUCT_DEFINITION_CONTEXT('part definition',#4079,'design');
#4075=PRODUCT_DEFINITION('2026-06-29-16-52-42-069','ROCKET_v1',#4076,#4074);
#4076=PRODUCT_DEFINITION_FORMATION('',$,#4081);
#4077=PRODUCT_RELATED_PRODUCT_CATEGORY('ROCKET_v1','ROCKET_v1',(#4081));
#4078=APPLICATION_PROTOCOL_DEFINITION('international standard',
'automotive_design',2009,#4079);
#4079=APPLICATION_CONTEXT(
'Core Data for Automotive Mechanical Design Process');
#4080=PRODUCT_CONTEXT('part definition',#4079,'mechanical');
#4081=PRODUCT('2026-06-29-16-52-42-069','ROCKET_v1',$,(#4080));
#4082=PRESENTATION_STYLE_ASSIGNMENT((#4083));
#4083=SURFACE_STYLE_USAGE(.BOTH.,#4084);
#4084=SURFACE_SIDE_STYLE('',(#4085));
#4085=SURFACE_STYLE_FILL_AREA(#4086);
#4086=FILL_AREA_STYLE('Steel - Satin',(#4087));
#4087=FILL_AREA_STYLE_COLOUR('Steel - Satin',#4088);
#4088=COLOUR_RGB('Steel - Satin',0.627450980392157,0.627450980392157,0.627450980392157);
ENDSEC;
END-ISO-10303-21;
