ISO-10303-21;
HEADER;
/* Generated by software containing ST-Developer
 * from STEP Tools, Inc. (www.steptools.com) 
 */

FILE_DESCRIPTION(
/* description */ (''),
/* implementation_level */ '2;1');

FILE_NAME(
/* name */ 'nose_cone.step',
/* time_stamp */ '2026-08-14T23:38:06+02:00',
/* author */ (''),
/* organization */ (''),
/* preprocessor_version */ 'ST-DEVELOPER v20.1',
/* originating_system */ 'Autodesk Translation Framework v15.8.0.0',
/* authorisation */ '');

FILE_SCHEMA (('AUTOMOTIVE_DESIGN { 1 0 10303 214 3 1 1 }'));
ENDSEC;

DATA;
#10=MECHANICAL_DESIGN_GEOMETRIC_PRESENTATION_REPRESENTATION('',(#13,#14),
#3107);
#11=SHAPE_REPRESENTATION_RELATIONSHIP('SRR','None',#3114,#12);
#12=ADVANCED_BREP_SHAPE_REPRESENTATION('',(#15,#16),#3106);
#13=STYLED_ITEM('',(#3123),#15);
#14=STYLED_ITEM('',(#3123),#16);
#15=MANIFOLD_SOLID_BREP('nose_cone',#112);
#16=MANIFOLD_SOLID_BREP('bottom_nose_closure',#113);
#17=(
BOUNDED_CURVE()
B_SPLINE_CURVE(5,(#2806,#2807,#2808,#2809,#2810,#2811,#2812,#2813,#2814,
#2815,#2816,#2817,#2818,#2819,#2820,#2821,#2822,#2823,#2824,#2825,#2826,
#2827,#2828,#2829,#2830,#2831,#2832,#2833,#2834,#2835,#2836,#2837,#2838,
#2839,#2840,#2841,#2842,#2843,#2844,#2845,#2846,#2847,#2848,#2849,#2850,
#2851,#2852,#2853,#2854,#2855,#2856,#2857,#2858,#2859,#2860,#2861,#2862,
#2863,#2864,#2865,#2866,#2867,#2868,#2869,#2870,#2871,#2872,#2873,#2874,
#2875,#2876,#2877,#2878,#2879,#2880,#2881,#2882,#2883,#2884,#2885,#2886,
#2887,#2888,#2889,#2890,#2891,#2892,#2893,#2894,#2895,#2896,#2897,#2898,
#2899,#2900,#2901,#2902,#2903,#2904,#2905,#2906,#2907,#2908,#2909,#2910,
#2911,#2912,#2913,#2914,#2915,#2916,#2917,#2918,#2919,#2920,#2921,#2922,
#2923,#2924,#2925,#2926,#2927,#2928,#2929,#2930,#2931,#2932,#2933,#2934,
#2935,#2936,#2937,#2938,#2939,#2940,#2941,#2942,#2943,#2944,#2945,#2946,
#2947,#2948,#2949,#2950,#2951,#2952,#2953,#2954,#2955,#2956,#2957,#2958,
#2959,#2960,#2961,#2962,#2963,#2964,#2965,#2966,#2967,#2968,#2969,#2970,
#2971,#2972,#2973,#2974,#2975,#2976,#2977,#2978,#2979,#2980,#2981,#2982,
#2983,#2984,#2985,#2986,#2987,#2988,#2989,#2990,#2991,#2992,#2993,#2994,
#2995,#2996,#2997,#2998,#2999,#3000,#3001,#3002,#3003,#3004,#3005,#3006,
#3007,#3008,#3009,#3010,#3011,#3012,#3013,#3014,#3015,#3016,#3017,#3018,
#3019,#3020,#3021,#3022,#3023,#3024,#3025,#3026,#3027,#3028,#3029,#3030,
#3031,#3032,#3033,#3034,#3035,#3036,#3037,#3038,#3039,#3040,#3041,#3042,
#3043,#3044,#3045,#3046,#3047,#3048,#3049,#3050,#3051,#3052,#3053,#3054,
#3055,#3056,#3057,#3058,#3059,#3060,#3061,#3062,#3063,#3064,#3065,#3066,
#3067,#3068,#3069,#3070,#3071,#3072,#3073,#3074,#3075,#3076,#3077,#3078,
#3079,#3080,#3081,#3082,#3083,#3084,#3085,#3086,#3087,#3088,#3089,#3090,
#3091,#3092,#3093,#3094,#3095),.UNSPECIFIED.,.F.,.F.)
B_SPLINE_CURVE_WITH_KNOTS((6,1,1,1,1,1,1,1,1,1,1,1,1,1,1,1,1,1,1,1,1,1,
1,1,1,1,1,1,1,1,1,1,1,1,1,1,1,1,1,1,1,1,1,1,1,1,1,1,1,1,1,1,1,1,1,1,1,1,
1,1,1,1,1,1,1,1,1,1,1,1,1,1,1,1,1,1,1,1,1,1,1,1,1,1,1,1,1,1,1,1,1,1,1,1,
1,1,1,1,1,1,1,1,1,1,1,1,1,1,1,1,1,1,1,1,1,1,1,1,1,1,1,1,1,1,1,1,1,1,1,1,
1,1,1,1,1,1,1,1,1,1,1,1,1,1,1,1,1,1,1,1,1,1,1,1,1,1,1,1,1,1,1,1,1,1,1,1,
1,1,1,1,1,1,1,1,1,1,1,1,1,1,1,1,1,1,1,1,1,1,1,1,1,1,1,1,1,1,1,1,1,1,1,1,
1,1,1,1,1,1,1,1,1,1,1,1,1,1,1,1,1,1,1,1,1,1,1,1,1,1,1,1,1,1,1,1,1,1,1,1,
1,1,1,1,1,1,1,1,1,1,1,1,1,1,1,1,1,1,1,1,1,1,1,1,1,1,1,1,1,1,1,1,1,1,1,1,
1,1,1,1,1,1,1,1,1,1,1,6),(0.,0.00350877192982456,0.00701754385964912,0.0105263157894737,
0.0140350877192982,0.0175438596491228,0.0210526315789474,0.0245614035087719,
0.0280701754385965,0.0315789473684211,0.0350877192982456,0.0385964912280702,
0.0421052631578947,0.0456140350877193,0.0491228070175438,0.0526315789473684,
0.056140350877193,0.0596491228070175,0.0631578947368421,0.0666666666666666,
0.0701754385964912,0.0736842105263158,0.0771929824561403,0.0807017543859649,
0.0842105263157894,0.087719298245614,0.0912280701754385,0.0947368421052631,
0.0982456140350877,0.101754385964912,0.105263157894737,0.108771929824561,
0.112280701754386,0.11578947368421,0.119298245614035,0.12280701754386,0.126315789473684,
0.129824561403509,0.133333333333333,0.136842105263158,0.140350877192982,
0.143859649122807,0.147368421052632,0.150877192982456,0.154385964912281,
0.157894736842105,0.16140350877193,0.164912280701754,0.168421052631579,
0.171929824561404,0.175438596491228,0.178947368421053,0.182456140350877,
0.185964912280702,0.189473684210526,0.192982456140351,0.196491228070176,
0.2,0.203508771929825,0.207017543859649,0.210526315789474,0.214035087719298,
0.217543859649123,0.221052631578948,0.224561403508772,0.228070175438597,
0.231578947368421,0.235087719298246,0.23859649122807,0.242105263157895,
0.24561403508772,0.249122807017544,0.252631578947369,0.256140350877193,
0.259649122807018,0.263157894736842,0.266666666666667,0.270175438596492,
0.273684210526316,0.277192982456141,0.280701754385965,0.28421052631579,
0.287719298245614,0.291228070175439,0.294736842105264,0.298245614035088,
0.301754385964913,0.305263157894737,0.308771929824562,0.312280701754386,
0.315789473684211,0.319298245614036,0.32280701754386,0.326315789473685,
0.329824561403509,0.333333333333334,0.336842105263158,0.340350877192983,
0.343859649122808,0.347368421052632,0.350877192982457,0.354385964912281,
0.357894736842106,0.36140350877193,0.364912280701755,0.36842105263158,0.371929824561404,
0.375438596491229,0.378947368421053,0.382456140350878,0.385964912280702,
0.389473684210527,0.392982456140352,0.396491228070176,0.400000000000001,
0.403508771929825,0.40701754385965,0.410526315789474,0.414035087719299,
0.417543859649124,0.421052631578948,0.424561403508773,0.428070175438597,
0.431578947368422,0.435087719298246,0.438596491228071,0.442105263157896,
0.44561403508772,0.449122807017545,0.452631578947369,0.456140350877194,
0.459649122807018,0.463157894736843,0.466666666666668,0.470175438596492,
0.473684210526317,0.477192982456141,0.480701754385966,0.48421052631579,
0.487719298245615,0.49122807017544,0.494736842105264,0.498245614035089,
0.501754385964913,0.505263157894738,0.508771929824562,0.512280701754387,
0.515789473684212,0.519298245614036,0.522807017543861,0.526315789473685,
0.52982456140351,0.533333333333334,0.536842105263159,0.540350877192984,
0.543859649122808,0.547368421052633,0.550877192982457,0.554385964912282,
0.557894736842106,0.561403508771931,0.564912280701756,0.56842105263158,
0.571929824561405,0.575438596491229,0.578947368421054,0.582456140350878,
0.585964912280703,0.589473684210528,0.592982456140352,0.596491228070177,
0.600000000000001,0.603508771929826,0.60701754385965,0.610526315789475,
0.6140350877193,0.617543859649124,0.621052631578949,0.624561403508773,0.628070175438598,
0.631578947368422,0.635087719298247,0.638596491228072,0.642105263157896,
0.645614035087721,0.649122807017545,0.65263157894737,0.656140350877194,
0.659649122807019,0.663157894736844,0.666666666666668,0.670175438596493,
0.673684210526317,0.677192982456142,0.680701754385966,0.684210526315791,
0.687719298245616,0.69122807017544,0.694736842105265,0.698245614035089,
0.701754385964914,0.705263157894738,0.708771929824563,0.712280701754388,
0.715789473684212,0.719298245614037,0.722807017543861,0.726315789473686,
0.72982456140351,0.733333333333335,0.73684210526316,0.740350877192984,0.743859649122809,
0.747368421052633,0.750877192982458,0.754385964912282,0.757894736842107,
0.761403508771932,0.764912280701756,0.768421052631581,0.771929824561405,
0.77543859649123,0.778947368421054,0.782456140350879,0.785964912280704,
0.789473684210528,0.792982456140353,0.796491228070177,0.800000000000002,
0.803508771929827,0.807017543859651,0.810526315789476,0.8140350877193,0.817543859649125,
0.821052631578949,0.824561403508774,0.828070175438599,0.831578947368423,
0.835087719298248,0.838596491228072,0.842105263157897,0.845614035087721,
0.849122807017546,0.852631578947371,0.856140350877195,0.85964912280702,
0.863157894736844,0.866666666666669,0.870175438596493,0.873684210526318,
0.877192982456143,0.880701754385967,0.884210526315792,0.887719298245616,
0.891228070175441,0.894736842105265,0.89824561403509,0.901754385964915,
0.905263157894739,0.908771929824564,0.912280701754388,0.915789473684213,
0.919298245614037,0.922807017543862,0.926315789473687,0.929824561403511,
0.933333333333336,0.93684210526316,0.940350877192985,0.943859649122809,
0.947368421052634,0.950877192982459,0.954385964912283,0.957894736842108,
0.961403508771932,0.964912280701757,0.968421052631581,0.971929824561406,
0.975438596491231,0.978947368421055,0.98245614035088,0.985964912280704,
0.989473684210529,0.992982456140353,0.996491228070178,1.),.UNSPECIFIED.)
CURVE()
GEOMETRIC_REPRESENTATION_ITEM()
RATIONAL_B_SPLINE_CURVE((1.,1.,1.,1.,1.,1.,1.,1.,1.,1.,1.,1.,1.,1.,1.,1.,
1.,1.,1.,1.,1.,1.,1.,1.,1.,1.,1.,1.,1.,1.,1.,1.,1.,1.,1.,1.,1.,1.,1.,1.,
1.,1.,1.,1.,1.,1.,1.,1.,1.,1.,1.,1.,1.,1.,1.,1.,1.,1.,1.,1.,1.,1.,1.,1.,
1.,1.,1.,1.,1.,1.,1.,1.,1.,1.,1.,1.,1.,1.,1.,1.,1.,1.,1.,1.,1.,1.,1.,1.,
1.,1.,1.,1.,1.,1.,1.,1.,1.,1.,1.,1.,1.,1.,1.,1.,1.,1.,1.,1.,1.,1.,1.,1.,
1.,1.,1.,1.,1.,1.,1.,1.,1.,1.,1.,1.,1.,1.,1.,1.,1.,1.,1.,1.,1.,1.,1.,1.,
1.,1.,1.,1.,1.,1.,1.,1.,1.,1.,1.,1.,1.,1.,1.,1.,1.,1.,1.,1.,1.,1.,1.,1.,
1.,1.,1.,1.,1.,1.,1.,1.,1.,1.,1.,1.,1.,1.,1.,1.,1.,1.,1.,1.,1.,1.,1.,1.,
1.,1.,1.,1.,1.,1.,1.,1.,1.,1.,1.,1.,1.,1.,1.,1.,1.,1.,1.,1.,1.,1.,1.,1.,
1.,1.,1.,1.,1.,1.,1.,1.,1.,1.,1.,1.,1.,1.,1.,1.,1.,1.,1.,1.,1.,1.,1.,1.,
1.,1.,1.,1.,1.,1.,1.,1.,1.,1.,1.,1.,1.,1.,1.,1.,1.,1.,1.,1.,1.,1.,1.,1.,
1.,1.,1.,1.,1.,1.,1.,1.,1.,1.,1.,1.,1.,1.,1.,1.,1.,1.,1.,1.,1.,1.,1.,1.,
1.,1.,1.,1.,1.,1.,1.,1.,1.,1.))
REPRESENTATION_ITEM('')
);
#18=(
BOUNDED_SURFACE()
B_SPLINE_SURFACE(5,2,((#195,#196,#197,#198,#199,#200,#201,#202,#203),(#204,
#205,#206,#207,#208,#209,#210,#211,#212),(#213,#214,#215,#216,#217,#218,
#219,#220,#221),(#222,#223,#224,#225,#226,#227,#228,#229,#230),(#231,#232,
#233,#234,#235,#236,#237,#238,#239),(#240,#241,#242,#243,#244,#245,#246,
#247,#248),(#249,#250,#251,#252,#253,#254,#255,#256,#257),(#258,#259,#260,
#261,#262,#263,#264,#265,#266),(#267,#268,#269,#270,#271,#272,#273,#274,
#275),(#276,#277,#278,#279,#280,#281,#282,#283,#284),(#285,#286,#287,#288,
#289,#290,#291,#292,#293),(#294,#295,#296,#297,#298,#299,#300,#301,#302),
(#303,#304,#305,#306,#307,#308,#309,#310,#311),(#312,#313,#314,#315,#316,
#317,#318,#319,#320),(#321,#322,#323,#324,#325,#326,#327,#328,#329),(#330,
#331,#332,#333,#334,#335,#336,#337,#338),(#339,#340,#341,#342,#343,#344,
#345,#346,#347),(#348,#349,#350,#351,#352,#353,#354,#355,#356),(#357,#358,
#359,#360,#361,#362,#363,#364,#365),(#366,#367,#368,#369,#370,#371,#372,
#373,#374),(#375,#376,#377,#378,#379,#380,#381,#382,#383),(#384,#385,#386,
#387,#388,#389,#390,#391,#392),(#393,#394,#395,#396,#397,#398,#399,#400,
#401),(#402,#403,#404,#405,#406,#407,#408,#409,#410),(#411,#412,#413,#414,
#415,#416,#417,#418,#419),(#420,#421,#422,#423,#424,#425,#426,#427,#428),
(#429,#430,#431,#432,#433,#434,#435,#436,#437),(#438,#439,#440,#441,#442,
#443,#444,#445,#446),(#447,#448,#449,#450,#451,#452,#453,#454,#455),(#456,
#457,#458,#459,#460,#461,#462,#463,#464),(#465,#466,#467,#468,#469,#470,
#471,#472,#473),(#474,#475,#476,#477,#478,#479,#480,#481,#482),(#483,#484,
#485,#486,#487,#488,#489,#490,#491),(#492,#493,#494,#495,#496,#497,#498,
#499,#500),(#501,#502,#503,#504,#505,#506,#507,#508,#509),(#510,#511,#512,
#513,#514,#515,#516,#517,#518),(#519,#520,#521,#522,#523,#524,#525,#526,
#527),(#528,#529,#530,#531,#532,#533,#534,#535,#536),(#537,#538,#539,#540,
#541,#542,#543,#544,#545),(#546,#547,#548,#549,#550,#551,#552,#553,#554),
(#555,#556,#557,#558,#559,#560,#561,#562,#563),(#564,#565,#566,#567,#568,
#569,#570,#571,#572),(#573,#574,#575,#576,#577,#578,#579,#580,#581),(#582,
#583,#584,#585,#586,#587,#588,#589,#590),(#591,#592,#593,#594,#595,#596,
#597,#598,#599),(#600,#601,#602,#603,#604,#605,#606,#607,#608),(#609,#610,
#611,#612,#613,#614,#615,#616,#617),(#618,#619,#620,#621,#622,#623,#624,
#625,#626),(#627,#628,#629,#630,#631,#632,#633,#634,#635),(#636,#637,#638,
#639,#640,#641,#642,#643,#644),(#645,#646,#647,#648,#649,#650,#651,#652,
#653),(#654,#655,#656,#657,#658,#659,#660,#661,#662),(#663,#664,#665,#666,
#667,#668,#669,#670,#671),(#672,#673,#674,#675,#676,#677,#678,#679,#680),
(#681,#682,#683,#684,#685,#686,#687,#688,#689),(#690,#691,#692,#693,#694,
#695,#696,#697,#698),(#699,#700,#701,#702,#703,#704,#705,#706,#707),(#708,
#709,#710,#711,#712,#713,#714,#715,#716),(#717,#718,#719,#720,#721,#722,
#723,#724,#725),(#726,#727,#728,#729,#730,#731,#732,#733,#734),(#735,#736,
#737,#738,#739,#740,#741,#742,#743),(#744,#745,#746,#747,#748,#749,#750,
#751,#752),(#753,#754,#755,#756,#757,#758,#759,#760,#761),(#762,#763,#764,
#765,#766,#767,#768,#769,#770),(#771,#772,#773,#774,#775,#776,#777,#778,
#779),(#780,#781,#782,#783,#784,#785,#786,#787,#788),(#789,#790,#791,#792,
#793,#794,#795,#796,#797),(#798,#799,#800,#801,#802,#803,#804,#805,#806),
(#807,#808,#809,#810,#811,#812,#813,#814,#815),(#816,#817,#818,#819,#820,
#821,#822,#823,#824),(#825,#826,#827,#828,#829,#830,#831,#832,#833),(#834,
#835,#836,#837,#838,#839,#840,#841,#842),(#843,#844,#845,#846,#847,#848,
#849,#850,#851),(#852,#853,#854,#855,#856,#857,#858,#859,#860),(#861,#862,
#863,#864,#865,#866,#867,#868,#869),(#870,#871,#872,#873,#874,#875,#876,
#877,#878),(#879,#880,#881,#882,#883,#884,#885,#886,#887),(#888,#889,#890,
#891,#892,#893,#894,#895,#896),(#897,#898,#899,#900,#901,#902,#903,#904,
#905),(#906,#907,#908,#909,#910,#911,#912,#913,#914),(#915,#916,#917,#918,
#919,#920,#921,#922,#923),(#924,#925,#926,#927,#928,#929,#930,#931,#932),
(#933,#934,#935,#936,#937,#938,#939,#940,#941),(#942,#943,#944,#945,#946,
#947,#948,#949,#950),(#951,#952,#953,#954,#955,#956,#957,#958,#959),(#960,
#961,#962,#963,#964,#965,#966,#967,#968),(#969,#970,#971,#972,#973,#974,
#975,#976,#977),(#978,#979,#980,#981,#982,#983,#984,#985,#986),(#987,#988,
#989,#990,#991,#992,#993,#994,#995),(#996,#997,#998,#999,#1000,#1001,#1002,
#1003,#1004),(#1005,#1006,#1007,#1008,#1009,#1010,#1011,#1012,#1013),(#1014,
#1015,#1016,#1017,#1018,#1019,#1020,#1021,#1022),(#1023,#1024,#1025,#1026,
#1027,#1028,#1029,#1030,#1031),(#1032,#1033,#1034,#1035,#1036,#1037,#1038,
#1039,#1040),(#1041,#1042,#1043,#1044,#1045,#1046,#1047,#1048,#1049),(#1050,
#1051,#1052,#1053,#1054,#1055,#1056,#1057,#1058),(#1059,#1060,#1061,#1062,
#1063,#1064,#1065,#1066,#1067),(#1068,#1069,#1070,#1071,#1072,#1073,#1074,
#1075,#1076),(#1077,#1078,#1079,#1080,#1081,#1082,#1083,#1084,#1085),(#1086,
#1087,#1088,#1089,#1090,#1091,#1092,#1093,#1094),(#1095,#1096,#1097,#1098,
#1099,#1100,#1101,#1102,#1103),(#1104,#1105,#1106,#1107,#1108,#1109,#1110,
#1111,#1112),(#1113,#1114,#1115,#1116,#1117,#1118,#1119,#1120,#1121),(#1122,
#1123,#1124,#1125,#1126,#1127,#1128,#1129,#1130),(#1131,#1132,#1133,#1134,
#1135,#1136,#1137,#1138,#1139),(#1140,#1141,#1142,#1143,#1144,#1145,#1146,
#1147,#1148),(#1149,#1150,#1151,#1152,#1153,#1154,#1155,#1156,#1157),(#1158,
#1159,#1160,#1161,#1162,#1163,#1164,#1165,#1166),(#1167,#1168,#1169,#1170,
#1171,#1172,#1173,#1174,#1175),(#1176,#1177,#1178,#1179,#1180,#1181,#1182,
#1183,#1184),(#1185,#1186,#1187,#1188,#1189,#1190,#1191,#1192,#1193),(#1194,
#1195,#1196,#1197,#1198,#1199,#1200,#1201,#1202),(#1203,#1204,#1205,#1206,
#1207,#1208,#1209,#1210,#1211),(#1212,#1213,#1214,#1215,#1216,#1217,#1218,
#1219,#1220),(#1221,#1222,#1223,#1224,#1225,#1226,#1227,#1228,#1229),(#1230,
#1231,#1232,#1233,#1234,#1235,#1236,#1237,#1238),(#1239,#1240,#1241,#1242,
#1243,#1244,#1245,#1246,#1247),(#1248,#1249,#1250,#1251,#1252,#1253,#1254,
#1255,#1256),(#1257,#1258,#1259,#1260,#1261,#1262,#1263,#1264,#1265),(#1266,
#1267,#1268,#1269,#1270,#1271,#1272,#1273,#1274),(#1275,#1276,#1277,#1278,
#1279,#1280,#1281,#1282,#1283),(#1284,#1285,#1286,#1287,#1288,#1289,#1290,
#1291,#1292),(#1293,#1294,#1295,#1296,#1297,#1298,#1299,#1300,#1301),(#1302,
#1303,#1304,#1305,#1306,#1307,#1308,#1309,#1310),(#1311,#1312,#1313,#1314,
#1315,#1316,#1317,#1318,#1319),(#1320,#1321,#1322,#1323,#1324,#1325,#1326,
#1327,#1328),(#1329,#1330,#1331,#1332,#1333,#1334,#1335,#1336,#1337),(#1338,
#1339,#1340,#1341,#1342,#1343,#1344,#1345,#1346),(#1347,#1348,#1349,#1350,
#1351,#1352,#1353,#1354,#1355),(#1356,#1357,#1358,#1359,#1360,#1361,#1362,
#1363,#1364),(#1365,#1366,#1367,#1368,#1369,#1370,#1371,#1372,#1373),(#1374,
#1375,#1376,#1377,#1378,#1379,#1380,#1381,#1382),(#1383,#1384,#1385,#1386,
#1387,#1388,#1389,#1390,#1391),(#1392,#1393,#1394,#1395,#1396,#1397,#1398,
#1399,#1400),(#1401,#1402,#1403,#1404,#1405,#1406,#1407,#1408,#1409),(#1410,
#1411,#1412,#1413,#1414,#1415,#1416,#1417,#1418),(#1419,#1420,#1421,#1422,
#1423,#1424,#1425,#1426,#1427),(#1428,#1429,#1430,#1431,#1432,#1433,#1434,
#1435,#1436),(#1437,#1438,#1439,#1440,#1441,#1442,#1443,#1444,#1445),(#1446,
#1447,#1448,#1449,#1450,#1451,#1452,#1453,#1454),(#1455,#1456,#1457,#1458,
#1459,#1460,#1461,#1462,#1463),(#1464,#1465,#1466,#1467,#1468,#1469,#1470,
#1471,#1472),(#1473,#1474,#1475,#1476,#1477,#1478,#1479,#1480,#1481),(#1482,
#1483,#1484,#1485,#1486,#1487,#1488,#1489,#1490),(#1491,#1492,#1493,#1494,
#1495,#1496,#1497,#1498,#1499),(#1500,#1501,#1502,#1503,#1504,#1505,#1506,
#1507,#1508),(#1509,#1510,#1511,#1512,#1513,#1514,#1515,#1516,#1517),(#1518,
#1519,#1520,#1521,#1522,#1523,#1524,#1525,#1526),(#1527,#1528,#1529,#1530,
#1531,#1532,#1533,#1534,#1535),(#1536,#1537,#1538,#1539,#1540,#1541,#1542,
#1543,#1544),(#1545,#1546,#1547,#1548,#1549,#1550,#1551,#1552,#1553),(#1554,
#1555,#1556,#1557,#1558,#1559,#1560,#1561,#1562),(#1563,#1564,#1565,#1566,
#1567,#1568,#1569,#1570,#1571),(#1572,#1573,#1574,#1575,#1576,#1577,#1578,
#1579,#1580),(#1581,#1582,#1583,#1584,#1585,#1586,#1587,#1588,#1589),(#1590,
#1591,#1592,#1593,#1594,#1595,#1596,#1597,#1598),(#1599,#1600,#1601,#1602,
#1603,#1604,#1605,#1606,#1607),(#1608,#1609,#1610,#1611,#1612,#1613,#1614,
#1615,#1616),(#1617,#1618,#1619,#1620,#1621,#1622,#1623,#1624,#1625),(#1626,
#1627,#1628,#1629,#1630,#1631,#1632,#1633,#1634),(#1635,#1636,#1637,#1638,
#1639,#1640,#1641,#1642,#1643),(#1644,#1645,#1646,#1647,#1648,#1649,#1650,
#1651,#1652),(#1653,#1654,#1655,#1656,#1657,#1658,#1659,#1660,#1661),(#1662,
#1663,#1664,#1665,#1666,#1667,#1668,#1669,#1670),(#1671,#1672,#1673,#1674,
#1675,#1676,#1677,#1678,#1679),(#1680,#1681,#1682,#1683,#1684,#1685,#1686,
#1687,#1688),(#1689,#1690,#1691,#1692,#1693,#1694,#1695,#1696,#1697),(#1698,
#1699,#1700,#1701,#1702,#1703,#1704,#1705,#1706),(#1707,#1708,#1709,#1710,
#1711,#1712,#1713,#1714,#1715),(#1716,#1717,#1718,#1719,#1720,#1721,#1722,
#1723,#1724),(#1725,#1726,#1727,#1728,#1729,#1730,#1731,#1732,#1733),(#1734,
#1735,#1736,#1737,#1738,#1739,#1740,#1741,#1742),(#1743,#1744,#1745,#1746,
#1747,#1748,#1749,#1750,#1751),(#1752,#1753,#1754,#1755,#1756,#1757,#1758,
#1759,#1760),(#1761,#1762,#1763,#1764,#1765,#1766,#1767,#1768,#1769),(#1770,
#1771,#1772,#1773,#1774,#1775,#1776,#1777,#1778),(#1779,#1780,#1781,#1782,
#1783,#1784,#1785,#1786,#1787),(#1788,#1789,#1790,#1791,#1792,#1793,#1794,
#1795,#1796),(#1797,#1798,#1799,#1800,#1801,#1802,#1803,#1804,#1805),(#1806,
#1807,#1808,#1809,#1810,#1811,#1812,#1813,#1814),(#1815,#1816,#1817,#1818,
#1819,#1820,#1821,#1822,#1823),(#1824,#1825,#1826,#1827,#1828,#1829,#1830,
#1831,#1832),(#1833,#1834,#1835,#1836,#1837,#1838,#1839,#1840,#1841),(#1842,
#1843,#1844,#1845,#1846,#1847,#1848,#1849,#1850),(#1851,#1852,#1853,#1854,
#1855,#1856,#1857,#1858,#1859),(#1860,#1861,#1862,#1863,#1864,#1865,#1866,
#1867,#1868),(#1869,#1870,#1871,#1872,#1873,#1874,#1875,#1876,#1877),(#1878,
#1879,#1880,#1881,#1882,#1883,#1884,#1885,#1886),(#1887,#1888,#1889,#1890,
#1891,#1892,#1893,#1894,#1895),(#1896,#1897,#1898,#1899,#1900,#1901,#1902,
#1903,#1904),(#1905,#1906,#1907,#1908,#1909,#1910,#1911,#1912,#1913),(#1914,
#1915,#1916,#1917,#1918,#1919,#1920,#1921,#1922),(#1923,#1924,#1925,#1926,
#1927,#1928,#1929,#1930,#1931),(#1932,#1933,#1934,#1935,#1936,#1937,#1938,
#1939,#1940),(#1941,#1942,#1943,#1944,#1945,#1946,#1947,#1948,#1949),(#1950,
#1951,#1952,#1953,#1954,#1955,#1956,#1957,#1958),(#1959,#1960,#1961,#1962,
#1963,#1964,#1965,#1966,#1967),(#1968,#1969,#1970,#1971,#1972,#1973,#1974,
#1975,#1976),(#1977,#1978,#1979,#1980,#1981,#1982,#1983,#1984,#1985),(#1986,
#1987,#1988,#1989,#1990,#1991,#1992,#1993,#1994),(#1995,#1996,#1997,#1998,
#1999,#2000,#2001,#2002,#2003),(#2004,#2005,#2006,#2007,#2008,#2009,#2010,
#2011,#2012),(#2013,#2014,#2015,#2016,#2017,#2018,#2019,#2020,#2021),(#2022,
#2023,#2024,#2025,#2026,#2027,#2028,#2029,#2030),(#2031,#2032,#2033,#2034,
#2035,#2036,#2037,#2038,#2039),(#2040,#2041,#2042,#2043,#2044,#2045,#2046,
#2047,#2048),(#2049,#2050,#2051,#2052,#2053,#2054,#2055,#2056,#2057),(#2058,
#2059,#2060,#2061,#2062,#2063,#2064,#2065,#2066),(#2067,#2068,#2069,#2070,
#2071,#2072,#2073,#2074,#2075),(#2076,#2077,#2078,#2079,#2080,#2081,#2082,
#2083,#2084),(#2085,#2086,#2087,#2088,#2089,#2090,#2091,#2092,#2093),(#2094,
#2095,#2096,#2097,#2098,#2099,#2100,#2101,#2102),(#2103,#2104,#2105,#2106,
#2107,#2108,#2109,#2110,#2111),(#2112,#2113,#2114,#2115,#2116,#2117,#2118,
#2119,#2120),(#2121,#2122,#2123,#2124,#2125,#2126,#2127,#2128,#2129),(#2130,
#2131,#2132,#2133,#2134,#2135,#2136,#2137,#2138),(#2139,#2140,#2141,#2142,
#2143,#2144,#2145,#2146,#2147),(#2148,#2149,#2150,#2151,#2152,#2153,#2154,
#2155,#2156),(#2157,#2158,#2159,#2160,#2161,#2162,#2163,#2164,#2165),(#2166,
#2167,#2168,#2169,#2170,#2171,#2172,#2173,#2174),(#2175,#2176,#2177,#2178,
#2179,#2180,#2181,#2182,#2183),(#2184,#2185,#2186,#2187,#2188,#2189,#2190,
#2191,#2192),(#2193,#2194,#2195,#2196,#2197,#2198,#2199,#2200,#2201),(#2202,
#2203,#2204,#2205,#2206,#2207,#2208,#2209,#2210),(#2211,#2212,#2213,#2214,
#2215,#2216,#2217,#2218,#2219),(#2220,#2221,#2222,#2223,#2224,#2225,#2226,
#2227,#2228),(#2229,#2230,#2231,#2232,#2233,#2234,#2235,#2236,#2237),(#2238,
#2239,#2240,#2241,#2242,#2243,#2244,#2245,#2246),(#2247,#2248,#2249,#2250,
#2251,#2252,#2253,#2254,#2255),(#2256,#2257,#2258,#2259,#2260,#2261,#2262,
#2263,#2264),(#2265,#2266,#2267,#2268,#2269,#2270,#2271,#2272,#2273),(#2274,
#2275,#2276,#2277,#2278,#2279,#2280,#2281,#2282),(#2283,#2284,#2285,#2286,
#2287,#2288,#2289,#2290,#2291),(#2292,#2293,#2294,#2295,#2296,#2297,#2298,
#2299,#2300),(#2301,#2302,#2303,#2304,#2305,#2306,#2307,#2308,#2309),(#2310,
#2311,#2312,#2313,#2314,#2315,#2316,#2317,#2318),(#2319,#2320,#2321,#2322,
#2323,#2324,#2325,#2326,#2327),(#2328,#2329,#2330,#2331,#2332,#2333,#2334,
#2335,#2336),(#2337,#2338,#2339,#2340,#2341,#2342,#2343,#2344,#2345),(#2346,
#2347,#2348,#2349,#2350,#2351,#2352,#2353,#2354),(#2355,#2356,#2357,#2358,
#2359,#2360,#2361,#2362,#2363),(#2364,#2365,#2366,#2367,#2368,#2369,#2370,
#2371,#2372),(#2373,#2374,#2375,#2376,#2377,#2378,#2379,#2380,#2381),(#2382,
#2383,#2384,#2385,#2386,#2387,#2388,#2389,#2390),(#2391,#2392,#2393,#2394,
#2395,#2396,#2397,#2398,#2399),(#2400,#2401,#2402,#2403,#2404,#2405,#2406,
#2407,#2408),(#2409,#2410,#2411,#2412,#2413,#2414,#2415,#2416,#2417),(#2418,
#2419,#2420,#2421,#2422,#2423,#2424,#2425,#2426),(#2427,#2428,#2429,#2430,
#2431,#2432,#2433,#2434,#2435),(#2436,#2437,#2438,#2439,#2440,#2441,#2442,
#2443,#2444),(#2445,#2446,#2447,#2448,#2449,#2450,#2451,#2452,#2453),(#2454,
#2455,#2456,#2457,#2458,#2459,#2460,#2461,#2462),(#2463,#2464,#2465,#2466,
#2467,#2468,#2469,#2470,#2471),(#2472,#2473,#2474,#2475,#2476,#2477,#2478,
#2479,#2480),(#2481,#2482,#2483,#2484,#2485,#2486,#2487,#2488,#2489),(#2490,
#2491,#2492,#2493,#2494,#2495,#2496,#2497,#2498),(#2499,#2500,#2501,#2502,
#2503,#2504,#2505,#2506,#2507),(#2508,#2509,#2510,#2511,#2512,#2513,#2514,
#2515,#2516),(#2517,#2518,#2519,#2520,#2521,#2522,#2523,#2524,#2525),(#2526,
#2527,#2528,#2529,#2530,#2531,#2532,#2533,#2534),(#2535,#2536,#2537,#2538,
#2539,#2540,#2541,#2542,#2543),(#2544,#2545,#2546,#2547,#2548,#2549,#2550,
#2551,#2552),(#2553,#2554,#2555,#2556,#2557,#2558,#2559,#2560,#2561),(#2562,
#2563,#2564,#2565,#2566,#2567,#2568,#2569,#2570),(#2571,#2572,#2573,#2574,
#2575,#2576,#2577,#2578,#2579),(#2580,#2581,#2582,#2583,#2584,#2585,#2586,
#2587,#2588),(#2589,#2590,#2591,#2592,#2593,#2594,#2595,#2596,#2597),(#2598,
#2599,#2600,#2601,#2602,#2603,#2604,#2605,#2606),(#2607,#2608,#2609,#2610,
#2611,#2612,#2613,#2614,#2615),(#2616,#2617,#2618,#2619,#2620,#2621,#2622,
#2623,#2624),(#2625,#2626,#2627,#2628,#2629,#2630,#2631,#2632,#2633),(#2634,
#2635,#2636,#2637,#2638,#2639,#2640,#2641,#2642),(#2643,#2644,#2645,#2646,
#2647,#2648,#2649,#2650,#2651),(#2652,#2653,#2654,#2655,#2656,#2657,#2658,
#2659,#2660),(#2661,#2662,#2663,#2664,#2665,#2666,#2667,#2668,#2669),(#2670,
#2671,#2672,#2673,#2674,#2675,#2676,#2677,#2678),(#2679,#2680,#2681,#2682,
#2683,#2684,#2685,#2686,#2687),(#2688,#2689,#2690,#2691,#2692,#2693,#2694,
#2695,#2696),(#2697,#2698,#2699,#2700,#2701,#2702,#2703,#2704,#2705),(#2706,
#2707,#2708,#2709,#2710,#2711,#2712,#2713,#2714),(#2715,#2716,#2717,#2718,
#2719,#2720,#2721,#2722,#2723),(#2724,#2725,#2726,#2727,#2728,#2729,#2730,
#2731,#2732),(#2733,#2734,#2735,#2736,#2737,#2738,#2739,#2740,#2741),(#2742,
#2743,#2744,#2745,#2746,#2747,#2748,#2749,#2750),(#2751,#2752,#2753,#2754,
#2755,#2756,#2757,#2758,#2759),(#2760,#2761,#2762,#2763,#2764,#2765,#2766,
#2767,#2768),(#2769,#2770,#2771,#2772,#2773,#2774,#2775,#2776,#2777),(#2778,
#2779,#2780,#2781,#2782,#2783,#2784,#2785,#2786),(#2787,#2788,#2789,#2790,
#2791,#2792,#2793,#2794,#2795),(#2796,#2797,#2798,#2799,#2800,#2801,#2802,
#2803,#2804)),.UNSPECIFIED.,.F.,.T.,.F.)
B_SPLINE_SURFACE_WITH_KNOTS((6,1,1,1,1,1,1,1,1,1,1,1,1,1,1,1,1,1,1,1,1,
1,1,1,1,1,1,1,1,1,1,1,1,1,1,1,1,1,1,1,1,1,1,1,1,1,1,1,1,1,1,1,1,1,1,1,1,
1,1,1,1,1,1,1,1,1,1,1,1,1,1,1,1,1,1,1,1,1,1,1,1,1,1,1,1,1,1,1,1,1,1,1,1,
1,1,1,1,1,1,1,1,1,1,1,1,1,1,1,1,1,1,1,1,1,1,1,1,1,1,1,1,1,1,1,1,1,1,1,1,
1,1,1,1,1,1,1,1,1,1,1,1,1,1,1,1,1,1,1,1,1,1,1,1,1,1,1,1,1,1,1,1,1,1,1,1,
1,1,1,1,1,1,1,1,1,1,1,1,1,1,1,1,1,1,1,1,1,1,1,1,1,1,1,1,1,1,1,1,1,1,1,1,
1,1,1,1,1,1,1,1,1,1,1,1,1,1,1,1,1,1,1,1,1,1,1,1,1,1,1,1,1,1,1,1,1,1,1,1,
1,1,1,1,1,1,1,1,1,1,1,1,1,1,1,1,1,1,1,1,1,1,1,1,1,1,1,1,1,1,1,1,1,1,1,1,
1,1,1,1,1,1,1,1,1,1,1,1,6),(3,2,2,2,3),(-1.,-0.996491228070178,-0.992982456140353,
-0.989473684210529,-0.985964912280704,-0.98245614035088,-0.978947368421055,
-0.975438596491231,-0.971929824561406,-0.968421052631581,-0.964912280701757,
-0.961403508771932,-0.957894736842108,-0.954385964912283,-0.950877192982459,
-0.947368421052634,-0.943859649122809,-0.940350877192985,-0.93684210526316,
-0.933333333333336,-0.929824561403511,-0.926315789473687,-0.922807017543862,
-0.919298245614037,-0.915789473684213,-0.912280701754388,-0.908771929824564,
-0.905263157894739,-0.901754385964915,-0.89824561403509,-0.894736842105265,
-0.891228070175441,-0.887719298245616,-0.884210526315792,-0.880701754385967,
-0.877192982456143,-0.873684210526318,-0.870175438596493,-0.866666666666669,
-0.863157894736844,-0.85964912280702,-0.856140350877195,-0.852631578947371,
-0.849122807017546,-0.845614035087721,-0.842105263157897,-0.838596491228072,
-0.835087719298248,-0.831578947368423,-0.828070175438599,-0.824561403508774,
-0.821052631578949,-0.817543859649125,-0.8140350877193,-0.810526315789476,
-0.807017543859651,-0.803508771929827,-0.800000000000002,-0.796491228070177,
-0.792982456140353,-0.789473684210528,-0.785964912280704,-0.782456140350879,
-0.778947368421054,-0.77543859649123,-0.771929824561405,-0.768421052631581,
-0.764912280701756,-0.761403508771932,-0.757894736842107,-0.754385964912282,
-0.750877192982458,-0.747368421052633,-0.743859649122809,-0.740350877192984,
-0.73684210526316,-0.733333333333335,-0.72982456140351,-0.726315789473686,
-0.722807017543861,-0.719298245614037,-0.715789473684212,-0.712280701754388,
-0.708771929824563,-0.705263157894738,-0.701754385964914,-0.698245614035089,
-0.694736842105265,-0.69122807017544,-0.687719298245616,-0.684210526315791,
-0.680701754385966,-0.677192982456142,-0.673684210526317,-0.670175438596493,
-0.666666666666668,-0.663157894736844,-0.659649122807019,-0.656140350877194,
-0.65263157894737,-0.649122807017545,-0.645614035087721,-0.642105263157896,
-0.638596491228072,-0.635087719298247,-0.631578947368422,-0.628070175438598,
-0.624561403508773,-0.621052631578949,-0.617543859649124,-0.6140350877193,
-0.610526315789475,-0.60701754385965,-0.603508771929826,-0.600000000000001,
-0.596491228070177,-0.592982456140352,-0.589473684210528,-0.585964912280703,
-0.582456140350878,-0.578947368421054,-0.575438596491229,-0.571929824561405,
-0.56842105263158,-0.564912280701756,-0.561403508771931,-0.557894736842106,
-0.554385964912282,-0.550877192982457,-0.547368421052633,-0.543859649122808,
-0.540350877192984,-0.536842105263159,-0.533333333333334,-0.52982456140351,
-0.526315789473685,-0.522807017543861,-0.519298245614036,-0.515789473684212,
-0.512280701754387,-0.508771929824562,-0.505263157894738,-0.501754385964913,
-0.498245614035089,-0.494736842105264,-0.49122807017544,-0.487719298245615,
-0.48421052631579,-0.480701754385966,-0.477192982456141,-0.473684210526317,
-0.470175438596492,-0.466666666666668,-0.463157894736843,-0.459649122807018,
-0.456140350877194,-0.452631578947369,-0.449122807017545,-0.44561403508772,
-0.442105263157896,-0.438596491228071,-0.435087719298246,-0.431578947368422,
-0.428070175438597,-0.424561403508773,-0.421052631578948,-0.417543859649124,
-0.414035087719299,-0.410526315789474,-0.40701754385965,-0.403508771929825,
-0.400000000000001,-0.396491228070176,-0.392982456140352,-0.389473684210527,
-0.385964912280702,-0.382456140350878,-0.378947368421053,-0.375438596491229,
-0.371929824561404,-0.36842105263158,-0.364912280701755,-0.36140350877193,
-0.357894736842106,-0.354385964912281,-0.350877192982457,-0.347368421052632,
-0.343859649122808,-0.340350877192983,-0.336842105263158,-0.333333333333334,
-0.329824561403509,-0.326315789473685,-0.32280701754386,-0.319298245614036,
-0.315789473684211,-0.312280701754386,-0.308771929824562,-0.305263157894737,
-0.301754385964913,-0.298245614035088,-0.294736842105264,-0.291228070175439,
-0.287719298245614,-0.28421052631579,-0.280701754385965,-0.277192982456141,
-0.273684210526316,-0.270175438596492,-0.266666666666667,-0.263157894736842,
-0.259649122807018,-0.256140350877193,-0.252631578947369,-0.249122807017544,
-0.24561403508772,-0.242105263157895,-0.23859649122807,-0.235087719298246,
-0.231578947368421,-0.228070175438597,-0.224561403508772,-0.221052631578948,
-0.217543859649123,-0.214035087719298,-0.210526315789474,-0.207017543859649,
-0.203508771929825,-0.2,-0.196491228070176,-0.192982456140351,-0.189473684210526,
-0.185964912280702,-0.182456140350877,-0.178947368421053,-0.175438596491228,
-0.171929824561404,-0.168421052631579,-0.164912280701754,-0.16140350877193,
-0.157894736842105,-0.154385964912281,-0.150877192982456,-0.147368421052632,
-0.143859649122807,-0.140350877192982,-0.136842105263158,-0.133333333333333,
-0.129824561403509,-0.126315789473684,-0.12280701754386,-0.119298245614035,
-0.11578947368421,-0.112280701754386,-0.108771929824561,-0.105263157894737,
-0.101754385964912,-0.0982456140350877,-0.0947368421052631,-0.0912280701754385,
-0.087719298245614,-0.0842105263157894,-0.0807017543859649,-0.0771929824561403,
-0.0736842105263158,-0.0701754385964912,-0.0666666666666666,-0.0631578947368421,
-0.0596491228070175,-0.056140350877193,-0.0526315789473684,-0.0491228070175438,
-0.0456140350877193,-0.0421052631578947,-0.0385964912280702,-0.0350877192982456,
-0.0315789473684211,-0.0280701754385965,-0.0245614035087719,-0.0210526315789474,
-0.0175438596491228,-0.0140350877192982,-0.0105263157894737,-0.00701754385964912,
-0.00350877192982456,0.),(0.,1.5707963267949,3.14159265358979,4.71238898038469,
6.28318530717959),.UNSPECIFIED.)
GEOMETRIC_REPRESENTATION_ITEM()
RATIONAL_B_SPLINE_SURFACE(((1.,0.707106781186548,1.,0.707106781186548,1.,
0.707106781186548,1.,0.707106781186548,1.),(1.,0.707106781186548,1.,0.707106781186548,
1.,0.707106781186548,1.,0.707106781186548,1.),(1.,0.707106781186548,1.,
0.707106781186548,1.,0.707106781186548,1.,0.707106781186548,1.),(1.,0.707106781186548,
1.,0.707106781186548,1.,0.707106781186548,1.,0.707106781186548,1.),(1.,
0.707106781186548,1.,0.707106781186548,1.,0.707106781186548,1.,0.707106781186548,
1.),(1.,0.707106781186548,1.,0.707106781186548,1.,0.707106781186548,1.,
0.707106781186548,1.),(1.,0.707106781186548,1.,0.707106781186548,1.,0.707106781186548,
1.,0.707106781186548,1.),(1.,0.707106781186548,1.,0.707106781186548,1.,
0.707106781186548,1.,0.707106781186548,1.),(1.,0.707106781186548,1.,0.707106781186548,
1.,0.707106781186548,1.,0.707106781186548,1.),(1.,0.707106781186548,1.,
0.707106781186548,1.,0.707106781186548,1.,0.707106781186548,1.),(1.,0.707106781186548,
1.,0.707106781186548,1.,0.707106781186548,1.,0.707106781186548,1.),(1.,
0.707106781186548,1.,0.707106781186548,1.,0.707106781186548,1.,0.707106781186548,
1.),(1.,0.707106781186548,1.,0.707106781186548,1.,0.707106781186548,1.,
0.707106781186548,1.),(1.,0.707106781186548,1.,0.707106781186548,1.,0.707106781186548,
1.,0.707106781186548,1.),(1.,0.707106781186548,1.,0.707106781186548,1.,
0.707106781186548,1.,0.707106781186548,1.),(1.,0.707106781186548,1.,0.707106781186548,
1.,0.707106781186548,1.,0.707106781186548,1.),(1.,0.707106781186548,1.,
0.707106781186548,1.,0.707106781186548,1.,0.707106781186548,1.),(1.,0.707106781186548,
1.,0.707106781186548,1.,0.707106781186548,1.,0.707106781186548,1.),(1.,
0.707106781186548,1.,0.707106781186548,1.,0.707106781186548,1.,0.707106781186548,
1.),(1.,0.707106781186548,1.,0.707106781186548,1.,0.707106781186548,1.,
0.707106781186548,1.),(1.,0.707106781186548,1.,0.707106781186548,1.,0.707106781186548,
1.,0.707106781186548,1.),(1.,0.707106781186548,1.,0.707106781186548,1.,
0.707106781186548,1.,0.707106781186548,1.),(1.,0.707106781186548,1.,0.707106781186548,
1.,0.707106781186548,1.,0.707106781186548,1.),(1.,0.707106781186548,1.,
0.707106781186548,1.,0.707106781186548,1.,0.707106781186548,1.),(1.,0.707106781186548,
1.,0.707106781186548,1.,0.707106781186548,1.,0.707106781186548,1.),(1.,
0.707106781186548,1.,0.707106781186548,1.,0.707106781186548,1.,0.707106781186548,
1.),(1.,0.707106781186548,1.,0.707106781186548,1.,0.707106781186548,1.,
0.707106781186548,1.),(1.,0.707106781186548,1.,0.707106781186548,1.,0.707106781186548,
1.,0.707106781186548,1.),(1.,0.707106781186548,1.,0.707106781186548,1.,
0.707106781186548,1.,0.707106781186548,1.),(1.,0.707106781186548,1.,0.707106781186548,
1.,0.707106781186548,1.,0.707106781186548,1.),(1.,0.707106781186548,1.,
0.707106781186548,1.,0.707106781186548,1.,0.707106781186548,1.),(1.,0.707106781186548,
1.,0.707106781186548,1.,0.707106781186548,1.,0.707106781186548,1.),(1.,
0.707106781186548,1.,0.707106781186548,1.,0.707106781186548,1.,0.707106781186548,
1.),(1.,0.707106781186548,1.,0.707106781186548,1.,0.707106781186548,1.,
0.707106781186548,1.),(1.,0.707106781186548,1.,0.707106781186548,1.,0.707106781186548,
1.,0.707106781186548,1.),(1.,0.707106781186548,1.,0.707106781186548,1.,
0.707106781186548,1.,0.707106781186548,1.),(1.,0.707106781186548,1.,0.707106781186548,
1.,0.707106781186548,1.,0.707106781186548,1.),(1.,0.707106781186548,1.,
0.707106781186548,1.,0.707106781186548,1.,0.707106781186548,1.),(1.,0.707106781186548,
1.,0.707106781186548,1.,0.707106781186548,1.,0.707106781186548,1.),(1.,
0.707106781186548,1.,0.707106781186548,1.,0.707106781186548,1.,0.707106781186548,
1.),(1.,0.707106781186548,1.,0.707106781186548,1.,0.707106781186548,1.,
0.707106781186548,1.),(1.,0.707106781186548,1.,0.707106781186548,1.,0.707106781186548,
1.,0.707106781186548,1.),(1.,0.707106781186548,1.,0.707106781186548,1.,
0.707106781186548,1.,0.707106781186548,1.),(1.,0.707106781186548,1.,0.707106781186548,
1.,0.707106781186548,1.,0.707106781186548,1.),(1.,0.707106781186548,1.,
0.707106781186548,1.,0.707106781186548,1.,0.707106781186548,1.),(1.,0.707106781186548,
1.,0.707106781186548,1.,0.707106781186548,1.,0.707106781186548,1.),(1.,
0.707106781186548,1.,0.707106781186548,1.,0.707106781186548,1.,0.707106781186548,
1.),(1.,0.707106781186548,1.,0.707106781186548,1.,0.707106781186548,1.,
0.707106781186548,1.),(1.,0.707106781186548,1.,0.707106781186548,1.,0.707106781186548,
1.,0.707106781186548,1.),(1.,0.707106781186548,1.,0.707106781186548,1.,
0.707106781186548,1.,0.707106781186548,1.),(1.,0.707106781186548,1.,0.707106781186548,
1.,0.707106781186548,1.,0.707106781186548,1.),(1.,0.707106781186548,1.,
0.707106781186548,1.,0.707106781186548,1.,0.707106781186548,1.),(1.,0.707106781186548,
1.,0.707106781186548,1.,0.707106781186548,1.,0.707106781186548,1.),(1.,
0.707106781186548,1.,0.707106781186548,1.,0.707106781186548,1.,0.707106781186548,
1.),(1.,0.707106781186548,1.,0.707106781186548,1.,0.707106781186548,1.,
0.707106781186548,1.),(1.,0.707106781186548,1.,0.707106781186548,1.,0.707106781186548,
1.,0.707106781186548,1.),(1.,0.707106781186548,1.,0.707106781186548,1.,
0.707106781186548,1.,0.707106781186548,1.),(1.,0.707106781186548,1.,0.707106781186548,
1.,0.707106781186548,1.,0.707106781186548,1.),(1.,0.707106781186548,1.,
0.707106781186548,1.,0.707106781186548,1.,0.707106781186548,1.),(1.,0.707106781186548,
1.,0.707106781186548,1.,0.707106781186548,1.,0.707106781186548,1.),(1.,
0.707106781186548,1.,0.707106781186548,1.,0.707106781186548,1.,0.707106781186548,
1.),(1.,0.707106781186548,1.,0.707106781186548,1.,0.707106781186548,1.,
0.707106781186548,1.),(1.,0.707106781186548,1.,0.707106781186548,1.,0.707106781186548,
1.,0.707106781186548,1.),(1.,0.707106781186548,1.,0.707106781186548,1.,
0.707106781186548,1.,0.707106781186548,1.),(1.,0.707106781186548,1.,0.707106781186548,
1.,0.707106781186548,1.,0.707106781186548,1.),(1.,0.707106781186548,1.,
0.707106781186548,1.,0.707106781186548,1.,0.707106781186548,1.),(1.,0.707106781186548,
1.,0.707106781186548,1.,0.707106781186548,1.,0.707106781186548,1.),(1.,
0.707106781186548,1.,0.707106781186548,1.,0.707106781186548,1.,0.707106781186548,
1.),(1.,0.707106781186548,1.,0.707106781186548,1.,0.707106781186548,1.,
0.707106781186548,1.),(1.,0.707106781186548,1.,0.707106781186548,1.,0.707106781186548,
1.,0.707106781186548,1.),(1.,0.707106781186548,1.,0.707106781186548,1.,
0.707106781186548,1.,0.707106781186548,1.),(1.,0.707106781186548,1.,0.707106781186548,
1.,0.707106781186548,1.,0.707106781186548,1.),(1.,0.707106781186548,1.,
0.707106781186548,1.,0.707106781186548,1.,0.707106781186548,1.),(1.,0.707106781186548,
1.,0.707106781186548,1.,0.707106781186548,1.,0.707106781186548,1.),(1.,
0.707106781186548,1.,0.707106781186548,1.,0.707106781186548,1.,0.707106781186548,
1.),(1.,0.707106781186548,1.,0.707106781186548,1.,0.707106781186548,1.,
0.707106781186548,1.),(1.,0.707106781186548,1.,0.707106781186548,1.,0.707106781186548,
1.,0.707106781186548,1.),(1.,0.707106781186548,1.,0.707106781186548,1.,
0.707106781186548,1.,0.707106781186548,1.),(1.,0.707106781186548,1.,0.707106781186548,
1.,0.707106781186548,1.,0.707106781186548,1.),(1.,0.707106781186548,1.,
0.707106781186548,1.,0.707106781186548,1.,0.707106781186548,1.),(1.,0.707106781186548,
1.,0.707106781186548,1.,0.707106781186548,1.,0.707106781186548,1.),(1.,
0.707106781186548,1.,0.707106781186548,1.,0.707106781186548,1.,0.707106781186548,
1.),(1.,0.707106781186548,1.,0.707106781186548,1.,0.707106781186548,1.,
0.707106781186548,1.),(1.,0.707106781186548,1.,0.707106781186548,1.,0.707106781186548,
1.,0.707106781186548,1.),(1.,0.707106781186548,1.,0.707106781186548,1.,
0.707106781186548,1.,0.707106781186548,1.),(1.,0.707106781186548,1.,0.707106781186548,
1.,0.707106781186548,1.,0.707106781186548,1.),(1.,0.707106781186548,1.,
0.707106781186548,1.,0.707106781186548,1.,0.707106781186548,1.),(1.,0.707106781186548,
1.,0.707106781186548,1.,0.707106781186548,1.,0.707106781186548,1.),(1.,
0.707106781186548,1.,0.707106781186548,1.,0.707106781186548,1.,0.707106781186548,
1.),(1.,0.707106781186548,1.,0.707106781186548,1.,0.707106781186548,1.,
0.707106781186548,1.),(1.,0.707106781186548,1.,0.707106781186548,1.,0.707106781186548,
1.,0.707106781186548,1.),(1.,0.707106781186548,1.,0.707106781186548,1.,
0.707106781186548,1.,0.707106781186548,1.),(1.,0.707106781186548,1.,0.707106781186548,
1.,0.707106781186548,1.,0.707106781186548,1.),(1.,0.707106781186548,1.,
0.707106781186548,1.,0.707106781186548,1.,0.707106781186548,1.),(1.,0.707106781186548,
1.,0.707106781186548,1.,0.707106781186548,1.,0.707106781186548,1.),(1.,
0.707106781186548,1.,0.707106781186548,1.,0.707106781186548,1.,0.707106781186548,
1.),(1.,0.707106781186548,1.,0.707106781186548,1.,0.707106781186548,1.,
0.707106781186548,1.),(1.,0.707106781186548,1.,0.707106781186548,1.,0.707106781186548,
1.,0.707106781186548,1.),(1.,0.707106781186548,1.,0.707106781186548,1.,
0.707106781186548,1.,0.707106781186548,1.),(1.,0.707106781186548,1.,0.707106781186548,
1.,0.707106781186548,1.,0.707106781186548,1.),(1.,0.707106781186548,1.,
0.707106781186548,1.,0.707106781186548,1.,0.707106781186548,1.),(1.,0.707106781186548,
1.,0.707106781186548,1.,0.707106781186548,1.,0.707106781186548,1.),(1.,
0.707106781186548,1.,0.707106781186548,1.,0.707106781186548,1.,0.707106781186548,
1.),(1.,0.707106781186548,1.,0.707106781186548,1.,0.707106781186548,1.,
0.707106781186548,1.),(1.,0.707106781186548,1.,0.707106781186548,1.,0.707106781186548,
1.,0.707106781186548,1.),(1.,0.707106781186548,1.,0.707106781186548,1.,
0.707106781186548,1.,0.707106781186548,1.),(1.,0.707106781186548,1.,0.707106781186548,
1.,0.707106781186548,1.,0.707106781186548,1.),(1.,0.707106781186548,1.,
0.707106781186548,1.,0.707106781186548,1.,0.707106781186548,1.),(1.,0.707106781186548,
1.,0.707106781186548,1.,0.707106781186548,1.,0.707106781186548,1.),(1.,
0.707106781186548,1.,0.707106781186548,1.,0.707106781186548,1.,0.707106781186548,
1.),(1.,0.707106781186548,1.,0.707106781186548,1.,0.707106781186548,1.,
0.707106781186548,1.),(1.,0.707106781186548,1.,0.707106781186548,1.,0.707106781186548,
1.,0.707106781186548,1.),(1.,0.707106781186548,1.,0.707106781186548,1.,
0.707106781186548,1.,0.707106781186548,1.),(1.,0.707106781186548,1.,0.707106781186548,
1.,0.707106781186548,1.,0.707106781186548,1.),(1.,0.707106781186548,1.,
0.707106781186548,1.,0.707106781186548,1.,0.707106781186548,1.),(1.,0.707106781186548,
1.,0.707106781186548,1.,0.707106781186548,1.,0.707106781186548,1.),(1.,
0.707106781186548,1.,0.707106781186548,1.,0.707106781186548,1.,0.707106781186548,
1.),(1.,0.707106781186548,1.,0.707106781186548,1.,0.707106781186548,1.,
0.707106781186548,1.),(1.,0.707106781186548,1.,0.707106781186548,1.,0.707106781186548,
1.,0.707106781186548,1.),(1.,0.707106781186548,1.,0.707106781186548,1.,
0.707106781186548,1.,0.707106781186548,1.),(1.,0.707106781186548,1.,0.707106781186548,
1.,0.707106781186548,1.,0.707106781186548,1.),(1.,0.707106781186548,1.,
0.707106781186548,1.,0.707106781186548,1.,0.707106781186548,1.),(1.,0.707106781186548,
1.,0.707106781186548,1.,0.707106781186548,1.,0.707106781186548,1.),(1.,
0.707106781186548,1.,0.707106781186548,1.,0.707106781186548,1.,0.707106781186548,
1.),(1.,0.707106781186548,1.,0.707106781186548,1.,0.707106781186548,1.,
0.707106781186548,1.),(1.,0.707106781186548,1.,0.707106781186548,1.,0.707106781186548,
1.,0.707106781186548,1.),(1.,0.707106781186548,1.,0.707106781186548,1.,
0.707106781186548,1.,0.707106781186548,1.),(1.,0.707106781186548,1.,0.707106781186548,
1.,0.707106781186548,1.,0.707106781186548,1.),(1.,0.707106781186548,1.,
0.707106781186548,1.,0.707106781186548,1.,0.707106781186548,1.),(1.,0.707106781186548,
1.,0.707106781186548,1.,0.707106781186548,1.,0.707106781186548,1.),(1.,
0.707106781186548,1.,0.707106781186548,1.,0.707106781186548,1.,0.707106781186548,
1.),(1.,0.707106781186548,1.,0.707106781186548,1.,0.707106781186548,1.,
0.707106781186548,1.),(1.,0.707106781186548,1.,0.707106781186548,1.,0.707106781186548,
1.,0.707106781186548,1.),(1.,0.707106781186548,1.,0.707106781186548,1.,
0.707106781186548,1.,0.707106781186548,1.),(1.,0.707106781186548,1.,0.707106781186548,
1.,0.707106781186548,1.,0.707106781186548,1.),(1.,0.707106781186548,1.,
0.707106781186548,1.,0.707106781186548,1.,0.707106781186548,1.),(1.,0.707106781186548,
1.,0.707106781186548,1.,0.707106781186548,1.,0.707106781186548,1.),(1.,
0.707106781186548,1.,0.707106781186548,1.,0.707106781186548,1.,0.707106781186548,
1.),(1.,0.707106781186548,1.,0.707106781186548,1.,0.707106781186548,1.,
0.707106781186548,1.),(1.,0.707106781186548,1.,0.707106781186548,1.,0.707106781186548,
1.,0.707106781186548,1.),(1.,0.707106781186548,1.,0.707106781186548,1.,
0.707106781186548,1.,0.707106781186548,1.),(1.,0.707106781186548,1.,0.707106781186548,
1.,0.707106781186548,1.,0.707106781186548,1.),(1.,0.707106781186548,1.,
0.707106781186548,1.,0.707106781186548,1.,0.707106781186548,1.),(1.,0.707106781186548,
1.,0.707106781186548,1.,0.707106781186548,1.,0.707106781186548,1.),(1.,
0.707106781186548,1.,0.707106781186548,1.,0.707106781186548,1.,0.707106781186548,
1.),(1.,0.707106781186548,1.,0.707106781186548,1.,0.707106781186548,1.,
0.707106781186548,1.),(1.,0.707106781186548,1.,0.707106781186548,1.,0.707106781186548,
1.,0.707106781186548,1.),(1.,0.707106781186548,1.,0.707106781186548,1.,
0.707106781186548,1.,0.707106781186548,1.),(1.,0.707106781186548,1.,0.707106781186548,
1.,0.707106781186548,1.,0.707106781186548,1.),(1.,0.707106781186548,1.,
0.707106781186548,1.,0.707106781186548,1.,0.707106781186548,1.),(1.,0.707106781186548,
1.,0.707106781186548,1.,0.707106781186548,1.,0.707106781186548,1.),(1.,
0.707106781186548,1.,0.707106781186548,1.,0.707106781186548,1.,0.707106781186548,
1.),(1.,0.707106781186548,1.,0.707106781186548,1.,0.707106781186548,1.,
0.707106781186548,1.),(1.,0.707106781186548,1.,0.707106781186548,1.,0.707106781186548,
1.,0.707106781186548,1.),(1.,0.707106781186548,1.,0.707106781186548,1.,
0.707106781186548,1.,0.707106781186548,1.),(1.,0.707106781186548,1.,0.707106781186548,
1.,0.707106781186548,1.,0.707106781186548,1.),(1.,0.707106781186548,1.,
0.707106781186548,1.,0.707106781186548,1.,0.707106781186548,1.),(1.,0.707106781186548,
1.,0.707106781186548,1.,0.707106781186548,1.,0.707106781186548,1.),(1.,
0.707106781186548,1.,0.707106781186548,1.,0.707106781186548,1.,0.707106781186548,
1.),(1.,0.707106781186548,1.,0.707106781186548,1.,0.707106781186548,1.,
0.707106781186548,1.),(1.,0.707106781186548,1.,0.707106781186548,1.,0.707106781186548,
1.,0.707106781186548,1.),(1.,0.707106781186548,1.,0.707106781186548,1.,
0.707106781186548,1.,0.707106781186548,1.),(1.,0.707106781186548,1.,0.707106781186548,
1.,0.707106781186548,1.,0.707106781186548,1.),(1.,0.707106781186548,1.,
0.707106781186548,1.,0.707106781186548,1.,0.707106781186548,1.),(1.,0.707106781186548,
1.,0.707106781186548,1.,0.707106781186548,1.,0.707106781186548,1.),(1.,
0.707106781186548,1.,0.707106781186548,1.,0.707106781186548,1.,0.707106781186548,
1.),(1.,0.707106781186548,1.,0.707106781186548,1.,0.707106781186548,1.,
0.707106781186548,1.),(1.,0.707106781186548,1.,0.707106781186548,1.,0.707106781186548,
1.,0.707106781186548,1.),(1.,0.707106781186548,1.,0.707106781186548,1.,
0.707106781186548,1.,0.707106781186548,1.),(1.,0.707106781186548,1.,0.707106781186548,
1.,0.707106781186548,1.,0.707106781186548,1.),(1.,0.707106781186548,1.,
0.707106781186548,1.,0.707106781186548,1.,0.707106781186548,1.),(1.,0.707106781186548,
1.,0.707106781186548,1.,0.707106781186548,1.,0.707106781186548,1.),(1.,
0.707106781186548,1.,0.707106781186548,1.,0.707106781186548,1.,0.707106781186548,
1.),(1.,0.707106781186548,1.,0.707106781186548,1.,0.707106781186548,1.,
0.707106781186548,1.),(1.,0.707106781186548,1.,0.707106781186548,1.,0.707106781186548,
1.,0.707106781186548,1.),(1.,0.707106781186548,1.,0.707106781186548,1.,
0.707106781186548,1.,0.707106781186548,1.),(1.,0.707106781186548,1.,0.707106781186548,
1.,0.707106781186548,1.,0.707106781186548,1.),(1.,0.707106781186548,1.,
0.707106781186548,1.,0.707106781186548,1.,0.707106781186548,1.),(1.,0.707106781186548,
1.,0.707106781186548,1.,0.707106781186548,1.,0.707106781186548,1.),(1.,
0.707106781186548,1.,0.707106781186548,1.,0.707106781186548,1.,0.707106781186548,
1.),(1.,0.707106781186548,1.,0.707106781186548,1.,0.707106781186548,1.,
0.707106781186548,1.),(1.,0.707106781186548,1.,0.707106781186548,1.,0.707106781186548,
1.,0.707106781186548,1.),(1.,0.707106781186548,1.,0.707106781186548,1.,
0.707106781186548,1.,0.707106781186548,1.),(1.,0.707106781186548,1.,0.707106781186548,
1.,0.707106781186548,1.,0.707106781186548,1.),(1.,0.707106781186548,1.,
0.707106781186548,1.,0.707106781186548,1.,0.707106781186548,1.),(1.,0.707106781186548,
1.,0.707106781186548,1.,0.707106781186548,1.,0.707106781186548,1.),(1.,
0.707106781186548,1.,0.707106781186548,1.,0.707106781186548,1.,0.707106781186548,
1.),(1.,0.707106781186548,1.,0.707106781186548,1.,0.707106781186548,1.,
0.707106781186548,1.),(1.,0.707106781186548,1.,0.707106781186548,1.,0.707106781186548,
1.,0.707106781186548,1.),(1.,0.707106781186548,1.,0.707106781186548,1.,
0.707106781186548,1.,0.707106781186548,1.),(1.,0.707106781186548,1.,0.707106781186548,
1.,0.707106781186548,1.,0.707106781186548,1.),(1.,0.707106781186548,1.,
0.707106781186548,1.,0.707106781186548,1.,0.707106781186548,1.),(1.,0.707106781186548,
1.,0.707106781186548,1.,0.707106781186548,1.,0.707106781186548,1.),(1.,
0.707106781186548,1.,0.707106781186548,1.,0.707106781186548,1.,0.707106781186548,
1.),(1.,0.707106781186548,1.,0.707106781186548,1.,0.707106781186548,1.,
0.707106781186548,1.),(1.,0.707106781186548,1.,0.707106781186548,1.,0.707106781186548,
1.,0.707106781186548,1.),(1.,0.707106781186548,1.,0.707106781186548,1.,
0.707106781186548,1.,0.707106781186548,1.),(1.,0.707106781186548,1.,0.707106781186548,
1.,0.707106781186548,1.,0.707106781186548,1.),(1.,0.707106781186548,1.,
0.707106781186548,1.,0.707106781186548,1.,0.707106781186548,1.),(1.,0.707106781186548,
1.,0.707106781186548,1.,0.707106781186548,1.,0.707106781186548,1.),(1.,
0.707106781186548,1.,0.707106781186548,1.,0.707106781186548,1.,0.707106781186548,
1.),(1.,0.707106781186548,1.,0.707106781186548,1.,0.707106781186548,1.,
0.707106781186548,1.),(1.,0.707106781186548,1.,0.707106781186548,1.,0.707106781186548,
1.,0.707106781186548,1.),(1.,0.707106781186548,1.,0.707106781186548,1.,
0.707106781186548,1.,0.707106781186548,1.),(1.,0.707106781186548,1.,0.707106781186548,
1.,0.707106781186548,1.,0.707106781186548,1.),(1.,0.707106781186548,1.,
0.707106781186548,1.,0.707106781186548,1.,0.707106781186548,1.),(1.,0.707106781186548,
1.,0.707106781186548,1.,0.707106781186548,1.,0.707106781186548,1.),(1.,
0.707106781186548,1.,0.707106781186548,1.,0.707106781186548,1.,0.707106781186548,
1.),(1.,0.707106781186548,1.,0.707106781186548,1.,0.707106781186548,1.,
0.707106781186548,1.),(1.,0.707106781186548,1.,0.707106781186548,1.,0.707106781186548,
1.,0.707106781186548,1.),(1.,0.707106781186548,1.,0.707106781186548,1.,
0.707106781186548,1.,0.707106781186548,1.),(1.,0.707106781186548,1.,0.707106781186548,
1.,0.707106781186548,1.,0.707106781186548,1.),(1.,0.707106781186548,1.,
0.707106781186548,1.,0.707106781186548,1.,0.707106781186548,1.),(1.,0.707106781186548,
1.,0.707106781186548,1.,0.707106781186548,1.,0.707106781186548,1.),(1.,
0.707106781186548,1.,0.707106781186548,1.,0.707106781186548,1.,0.707106781186548,
1.),(1.,0.707106781186548,1.,0.707106781186548,1.,0.707106781186548,1.,
0.707106781186548,1.),(1.,0.707106781186548,1.,0.707106781186548,1.,0.707106781186548,
1.,0.707106781186548,1.),(1.,0.707106781186548,1.,0.707106781186548,1.,
0.707106781186548,1.,0.707106781186548,1.),(1.,0.707106781186548,1.,0.707106781186548,
1.,0.707106781186548,1.,0.707106781186548,1.),(1.,0.707106781186548,1.,
0.707106781186548,1.,0.707106781186548,1.,0.707106781186548,1.),(1.,0.707106781186548,
1.,0.707106781186548,1.,0.707106781186548,1.,0.707106781186548,1.),(1.,
0.707106781186548,1.,0.707106781186548,1.,0.707106781186548,1.,0.707106781186548,
1.),(1.,0.707106781186548,1.,0.707106781186548,1.,0.707106781186548,1.,
0.707106781186548,1.),(1.,0.707106781186548,1.,0.707106781186548,1.,0.707106781186548,
1.,0.707106781186548,1.),(1.,0.707106781186548,1.,0.707106781186548,1.,
0.707106781186548,1.,0.707106781186548,1.),(1.,0.707106781186548,1.,0.707106781186548,
1.,0.707106781186548,1.,0.707106781186548,1.),(1.,0.707106781186548,1.,
0.707106781186548,1.,0.707106781186548,1.,0.707106781186548,1.),(1.,0.707106781186548,
1.,0.707106781186548,1.,0.707106781186548,1.,0.707106781186548,1.),(1.,
0.707106781186548,1.,0.707106781186548,1.,0.707106781186548,1.,0.707106781186548,
1.),(1.,0.707106781186548,1.,0.707106781186548,1.,0.707106781186548,1.,
0.707106781186548,1.),(1.,0.707106781186548,1.,0.707106781186548,1.,0.707106781186548,
1.,0.707106781186548,1.),(1.,0.707106781186548,1.,0.707106781186548,1.,
0.707106781186548,1.,0.707106781186548,1.),(1.,0.707106781186548,1.,0.707106781186548,
1.,0.707106781186548,1.,0.707106781186548,1.),(1.,0.707106781186548,1.,
0.707106781186548,1.,0.707106781186548,1.,0.707106781186548,1.),(1.,0.707106781186548,
1.,0.707106781186548,1.,0.707106781186548,1.,0.707106781186548,1.),(1.,
0.707106781186548,1.,0.707106781186548,1.,0.707106781186548,1.,0.707106781186548,
1.),(1.,0.707106781186548,1.,0.707106781186548,1.,0.707106781186548,1.,
0.707106781186548,1.),(1.,0.707106781186548,1.,0.707106781186548,1.,0.707106781186548,
1.,0.707106781186548,1.),(1.,0.707106781186548,1.,0.707106781186548,1.,
0.707106781186548,1.,0.707106781186548,1.),(1.,0.707106781186548,1.,0.707106781186548,
1.,0.707106781186548,1.,0.707106781186548,1.),(1.,0.707106781186548,1.,
0.707106781186548,1.,0.707106781186548,1.,0.707106781186548,1.),(1.,0.707106781186548,
1.,0.707106781186548,1.,0.707106781186548,1.,0.707106781186548,1.),(1.,
0.707106781186548,1.,0.707106781186548,1.,0.707106781186548,1.,0.707106781186548,
1.),(1.,0.707106781186548,1.,0.707106781186548,1.,0.707106781186548,1.,
0.707106781186548,1.),(1.,0.707106781186548,1.,0.707106781186548,1.,0.707106781186548,
1.,0.707106781186548,1.),(1.,0.707106781186548,1.,0.707106781186548,1.,
0.707106781186548,1.,0.707106781186548,1.),(1.,0.707106781186548,1.,0.707106781186548,
1.,0.707106781186548,1.,0.707106781186548,1.),(1.,0.707106781186548,1.,
0.707106781186548,1.,0.707106781186548,1.,0.707106781186548,1.),(1.,0.707106781186548,
1.,0.707106781186548,1.,0.707106781186548,1.,0.707106781186548,1.),(1.,
0.707106781186548,1.,0.707106781186548,1.,0.707106781186548,1.,0.707106781186548,
1.),(1.,0.707106781186548,1.,0.707106781186548,1.,0.707106781186548,1.,
0.707106781186548,1.),(1.,0.707106781186548,1.,0.707106781186548,1.,0.707106781186548,
1.,0.707106781186548,1.),(1.,0.707106781186548,1.,0.707106781186548,1.,
0.707106781186548,1.,0.707106781186548,1.),(1.,0.707106781186548,1.,0.707106781186548,
1.,0.707106781186548,1.,0.707106781186548,1.),(1.,0.707106781186548,1.,
0.707106781186548,1.,0.707106781186548,1.,0.707106781186548,1.),(1.,0.707106781186548,
1.,0.707106781186548,1.,0.707106781186548,1.,0.707106781186548,1.),(1.,
0.707106781186548,1.,0.707106781186548,1.,0.707106781186548,1.,0.707106781186548,
1.),(1.,0.707106781186548,1.,0.707106781186548,1.,0.707106781186548,1.,
0.707106781186548,1.),(1.,0.707106781186548,1.,0.707106781186548,1.,0.707106781186548,
1.,0.707106781186548,1.),(1.,0.707106781186548,1.,0.707106781186548,1.,
0.707106781186548,1.,0.707106781186548,1.),(1.,0.707106781186548,1.,0.707106781186548,
1.,0.707106781186548,1.,0.707106781186548,1.),(1.,0.707106781186548,1.,
0.707106781186548,1.,0.707106781186548,1.,0.707106781186548,1.),(1.,0.707106781186548,
1.,0.707106781186548,1.,0.707106781186548,1.,0.707106781186548,1.),(1.,
0.707106781186548,1.,0.707106781186548,1.,0.707106781186548,1.,0.707106781186548,
1.),(1.,0.707106781186548,1.,0.707106781186548,1.,0.707106781186548,1.,
0.707106781186548,1.),(1.,0.707106781186548,1.,0.707106781186548,1.,0.707106781186548,
1.,0.707106781186548,1.),(1.,0.707106781186548,1.,0.707106781186548,1.,
0.707106781186548,1.,0.707106781186548,1.),(1.,0.707106781186548,1.,0.707106781186548,
1.,0.707106781186548,1.,0.707106781186548,1.),(1.,0.707106781186548,1.,
0.707106781186548,1.,0.707106781186548,1.,0.707106781186548,1.),(1.,0.707106781186548,
1.,0.707106781186548,1.,0.707106781186548,1.,0.707106781186548,1.),(1.,
0.707106781186548,1.,0.707106781186548,1.,0.707106781186548,1.,0.707106781186548,
1.),(1.,0.707106781186548,1.,0.707106781186548,1.,0.707106781186548,1.,
0.707106781186548,1.),(1.,0.707106781186548,1.,0.707106781186548,1.,0.707106781186548,
1.,0.707106781186548,1.),(1.,0.707106781186548,1.,0.707106781186548,1.,
0.707106781186548,1.,0.707106781186548,1.),(1.,0.707106781186548,1.,0.707106781186548,
1.,0.707106781186548,1.,0.707106781186548,1.),(1.,0.707106781186548,1.,
0.707106781186548,1.,0.707106781186548,1.,0.707106781186548,1.),(1.,0.707106781186548,
1.,0.707106781186548,1.,0.707106781186548,1.,0.707106781186548,1.),(1.,
0.707106781186548,1.,0.707106781186548,1.,0.707106781186548,1.,0.707106781186548,
1.),(1.,0.707106781186548,1.,0.707106781186548,1.,0.707106781186548,1.,
0.707106781186548,1.),(1.,0.707106781186548,1.,0.707106781186548,1.,0.707106781186548,
1.,0.707106781186548,1.),(1.,0.707106781186548,1.,0.707106781186548,1.,
0.707106781186548,1.,0.707106781186548,1.),(1.,0.707106781186548,1.,0.707106781186548,
1.,0.707106781186548,1.,0.707106781186548,1.),(1.,0.707106781186548,1.,
0.707106781186548,1.,0.707106781186548,1.,0.707106781186548,1.),(1.,0.707106781186548,
1.,0.707106781186548,1.,0.707106781186548,1.,0.707106781186548,1.),(1.,
0.707106781186548,1.,0.707106781186548,1.,0.707106781186548,1.,0.707106781186548,
1.),(1.,0.707106781186548,1.,0.707106781186548,1.,0.707106781186548,1.,
0.707106781186548,1.),(1.,0.707106781186548,1.,0.707106781186548,1.,0.707106781186548,
1.,0.707106781186548,1.),(1.,0.707106781186548,1.,0.707106781186548,1.,
0.707106781186548,1.,0.707106781186548,1.),(1.,0.707106781186548,1.,0.707106781186548,
1.,0.707106781186548,1.,0.707106781186548,1.),(1.,0.707106781186548,1.,
0.707106781186548,1.,0.707106781186548,1.,0.707106781186548,1.)))
REPRESENTATION_ITEM('')
SURFACE()
);
#19=FACE_BOUND('',#43,.T.);
#20=FACE_BOUND('',#45,.T.);
#21=LINE('',#185,#24);
#22=LINE('',#190,#25);
#23=LINE('',#3100,#26);
#24=VECTOR('',#152,27.2337512935337);
#25=VECTOR('',#159,10.);
#26=VECTOR('',#170,9.75);
#27=CYLINDRICAL_SURFACE('',#129,27.2337512935337);
#28=CYLINDRICAL_SURFACE('',#132,10.);
#29=CYLINDRICAL_SURFACE('',#137,9.75);
#30=FACE_OUTER_BOUND('',#39,.T.);
#31=FACE_OUTER_BOUND('',#40,.T.);
#32=FACE_OUTER_BOUND('',#41,.T.);
#33=FACE_OUTER_BOUND('',#42,.T.);
#34=FACE_OUTER_BOUND('',#44,.T.);
#35=FACE_OUTER_BOUND('',#46,.T.);
#36=FACE_OUTER_BOUND('',#47,.T.);
#37=FACE_OUTER_BOUND('',#48,.T.);
#38=FACE_OUTER_BOUND('',#49,.T.);
#39=EDGE_LOOP('',(#76));
#40=EDGE_LOOP('',(#77,#78,#79,#80));
#41=EDGE_LOOP('',(#81,#82,#83,#84));
#42=EDGE_LOOP('',(#85));
#43=EDGE_LOOP('',(#86));
#44=EDGE_LOOP('',(#87));
#45=EDGE_LOOP('',(#88));
#46=EDGE_LOOP('',(#89,#90,#91));
#47=EDGE_LOOP('',(#92,#93,#94,#95));
#48=EDGE_LOOP('',(#96));
#49=EDGE_LOOP('',(#97));
#50=CIRCLE('',#128,10.);
#51=CIRCLE('',#130,27.2337512935337);
#52=CIRCLE('',#131,27.2337512935337);
#53=CIRCLE('',#133,10.);
#54=CIRCLE('',#136,29.9819090139233);
#55=CIRCLE('',#138,9.75);
#56=CIRCLE('',#139,9.75);
#57=VERTEX_POINT('',#179);
#58=VERTEX_POINT('',#182);
#59=VERTEX_POINT('',#184);
#60=VERTEX_POINT('',#188);
#61=VERTEX_POINT('',#193);
#62=VERTEX_POINT('',#2805);
#63=VERTEX_POINT('',#3097);
#64=VERTEX_POINT('',#3099);
#65=EDGE_CURVE('',#57,#57,#50,.T.);
#66=EDGE_CURVE('',#58,#58,#51,.T.);
#67=EDGE_CURVE('',#58,#59,#21,.T.);
#68=EDGE_CURVE('',#59,#59,#52,.T.);
#69=EDGE_CURVE('',#60,#60,#53,.T.);
#70=EDGE_CURVE('',#60,#57,#22,.T.);
#71=EDGE_CURVE('',#61,#61,#54,.T.);
#72=EDGE_CURVE('',#61,#62,#17,.T.);
#73=EDGE_CURVE('',#63,#63,#55,.T.);
#74=EDGE_CURVE('',#63,#64,#23,.T.);
#75=EDGE_CURVE('',#64,#64,#56,.T.);
#76=ORIENTED_EDGE('',*,*,#65,.F.);
#77=ORIENTED_EDGE('',*,*,#66,.F.);
#78=ORIENTED_EDGE('',*,*,#67,.T.);
#79=ORIENTED_EDGE('',*,*,#68,.T.);
#80=ORIENTED_EDGE('',*,*,#67,.F.);
#81=ORIENTED_EDGE('',*,*,#69,.F.);
#82=ORIENTED_EDGE('',*,*,#70,.T.);
#83=ORIENTED_EDGE('',*,*,#65,.T.);
#84=ORIENTED_EDGE('',*,*,#70,.F.);
#85=ORIENTED_EDGE('',*,*,#68,.F.);
#86=ORIENTED_EDGE('',*,*,#69,.T.);
#87=ORIENTED_EDGE('',*,*,#71,.F.);
#88=ORIENTED_EDGE('',*,*,#66,.T.);
#89=ORIENTED_EDGE('',*,*,#72,.F.);
#90=ORIENTED_EDGE('',*,*,#71,.T.);
#91=ORIENTED_EDGE('',*,*,#72,.T.);
#92=ORIENTED_EDGE('',*,*,#73,.F.);
#93=ORIENTED_EDGE('',*,*,#74,.T.);
#94=ORIENTED_EDGE('',*,*,#75,.T.);
#95=ORIENTED_EDGE('',*,*,#74,.F.);
#96=ORIENTED_EDGE('',*,*,#73,.T.);
#97=ORIENTED_EDGE('',*,*,#75,.F.);
#98=PLANE('',#127);
#99=PLANE('',#134);
#100=PLANE('',#135);
#101=PLANE('',#140);
#102=PLANE('',#141);
#103=ADVANCED_FACE('',(#30),#98,.T.);
#104=ADVANCED_FACE('',(#31),#27,.T.);
#105=ADVANCED_FACE('',(#32),#28,.F.);
#106=ADVANCED_FACE('',(#33,#19),#99,.T.);
#107=ADVANCED_FACE('',(#34,#20),#100,.T.);
#108=ADVANCED_FACE('',(#35),#18,.T.);
#109=ADVANCED_FACE('',(#36),#29,.T.);
#110=ADVANCED_FACE('',(#37),#101,.T.);
#111=ADVANCED_FACE('',(#38),#102,.F.);
#112=CLOSED_SHELL('',(#103,#104,#105,#106,#107,#108));
#113=CLOSED_SHELL('',(#109,#110,#111));
#114=DERIVED_UNIT_ELEMENT(#116,1.);
#115=DERIVED_UNIT_ELEMENT(#3109,-3.);
#116=(
MASS_UNIT()
NAMED_UNIT(*)
SI_UNIT(.KILO.,.GRAM.)
);
#117=DERIVED_UNIT((#114,#115));
#118=MEASURE_REPRESENTATION_ITEM('density measure',
POSITIVE_RATIO_MEASURE(7850.),#117);
#119=PROPERTY_DEFINITION_REPRESENTATION(#124,#121);
#120=PROPERTY_DEFINITION_REPRESENTATION(#125,#122);
#121=REPRESENTATION('material name',(#123),#3106);
#122=REPRESENTATION('density',(#118),#3106);
#123=DESCRIPTIVE_REPRESENTATION_ITEM('Steel','Steel');
#124=PROPERTY_DEFINITION('material property','material name',#3116);
#125=PROPERTY_DEFINITION('material property','density of part',#3116);
#126=AXIS2_PLACEMENT_3D('',#177,#142,#143);
#127=AXIS2_PLACEMENT_3D('',#178,#144,#145);
#128=AXIS2_PLACEMENT_3D('',#180,#146,#147);
#129=AXIS2_PLACEMENT_3D('',#181,#148,#149);
#130=AXIS2_PLACEMENT_3D('',#183,#150,#151);
#131=AXIS2_PLACEMENT_3D('',#186,#153,#154);
#132=AXIS2_PLACEMENT_3D('',#187,#155,#156);
#133=AXIS2_PLACEMENT_3D('',#189,#157,#158);
#134=AXIS2_PLACEMENT_3D('',#191,#160,#161);
#135=AXIS2_PLACEMENT_3D('',#192,#162,#163);
#136=AXIS2_PLACEMENT_3D('',#194,#164,#165);
#137=AXIS2_PLACEMENT_3D('',#3096,#166,#167);
#138=AXIS2_PLACEMENT_3D('',#3098,#168,#169);
#139=AXIS2_PLACEMENT_3D('',#3101,#171,#172);
#140=AXIS2_PLACEMENT_3D('',#3102,#173,#174);
#141=AXIS2_PLACEMENT_3D('',#3103,#175,#176);
#142=DIRECTION('axis',(0.,0.,1.));
#143=DIRECTION('refdir',(1.,0.,0.));
#144=DIRECTION('center_axis',(0.,0.,-1.));
#145=DIRECTION('ref_axis',(1.,0.,0.));
#146=DIRECTION('center_axis',(0.,0.,1.));
#147=DIRECTION('ref_axis',(1.,0.,0.));
#148=DIRECTION('center_axis',(0.,0.,1.));
#149=DIRECTION('ref_axis',(0.,-1.,0.));
#150=DIRECTION('center_axis',(0.,0.,1.));
#151=DIRECTION('ref_axis',(1.,0.,0.));
#152=DIRECTION('',(0.,0.,-1.));
#153=DIRECTION('center_axis',(0.,0.,1.));
#154=DIRECTION('ref_axis',(0.,-1.,0.));
#155=DIRECTION('center_axis',(0.,0.,1.));
#156=DIRECTION('ref_axis',(1.,0.,0.));
#157=DIRECTION('center_axis',(0.,0.,1.));
#158=DIRECTION('ref_axis',(1.,0.,0.));
#159=DIRECTION('',(0.,0.,1.));
#160=DIRECTION('center_axis',(0.,0.,-1.));
#161=DIRECTION('ref_axis',(-1.,0.,0.));
#162=DIRECTION('center_axis',(0.,0.,-1.));
#163=DIRECTION('ref_axis',(-1.,0.,0.));
#164=DIRECTION('center_axis',(0.,0.,1.));
#165=DIRECTION('ref_axis',(1.,0.,0.));
#166=DIRECTION('center_axis',(0.,0.,1.));
#167=DIRECTION('ref_axis',(1.,0.,0.));
#168=DIRECTION('center_axis',(0.,0.,1.));
#169=DIRECTION('ref_axis',(1.,0.,0.));
#170=DIRECTION('',(0.,0.,-1.));
#171=DIRECTION('center_axis',(0.,0.,1.));
#172=DIRECTION('ref_axis',(1.,0.,0.));
#173=DIRECTION('center_axis',(0.,0.,1.));
#174=DIRECTION('ref_axis',(1.,0.,0.));
#175=DIRECTION('center_axis',(0.,0.,1.));
#176=DIRECTION('ref_axis',(1.,0.,0.));
#177=CARTESIAN_POINT('',(0.,0.,0.));
#178=CARTESIAN_POINT('Origin',(-160.,0.,357.5));
#179=CARTESIAN_POINT('',(-170.,0.,357.5));
#180=CARTESIAN_POINT('Origin',(-160.,0.,357.5));
#181=CARTESIAN_POINT('Origin',(-160.,0.,346.750000154367));
#182=CARTESIAN_POINT('',(-160.,27.2337512935337,350.000000308733));
#183=CARTESIAN_POINT('Origin',(-160.,0.,350.000000308733));
#184=CARTESIAN_POINT('',(-160.,27.2337512935337,337.5));
#185=CARTESIAN_POINT('',(-160.,27.2337512935337,346.750000154367));
#186=CARTESIAN_POINT('Origin',(-160.,0.,337.5));
#187=CARTESIAN_POINT('Origin',(-160.,0.,330.));
#188=CARTESIAN_POINT('',(-170.,-1.22464679914735E-15,337.5));
#189=CARTESIAN_POINT('Origin',(-160.,0.,337.5));
#190=CARTESIAN_POINT('',(-170.,-1.22464679914735E-15,330.));
#191=CARTESIAN_POINT('Origin',(-160.,-27.2337512935337,337.5));
#192=CARTESIAN_POINT('Origin',(-160.,-29.9819090139233,350.000000308733));
#193=CARTESIAN_POINT('',(-160.,-29.9819090139233,350.000000308733));
#194=CARTESIAN_POINT('Origin',(-160.,0.,350.000000308733));
#195=CARTESIAN_POINT('Ctrl Pts',(-160.,0.,440.000004583504));
#196=CARTESIAN_POINT('Ctrl Pts',(-160.,0.,440.000004583504));
#197=CARTESIAN_POINT('Ctrl Pts',(-160.,0.,440.000004583504));
#198=CARTESIAN_POINT('Ctrl Pts',(-160.,0.,440.000004583504));
#199=CARTESIAN_POINT('Ctrl Pts',(-160.,0.,440.000004583504));
#200=CARTESIAN_POINT('Ctrl Pts',(-160.,0.,440.000004583504));
#201=CARTESIAN_POINT('Ctrl Pts',(-160.,0.,440.000004583504));
#202=CARTESIAN_POINT('Ctrl Pts',(-160.,0.,440.000004583504));
#203=CARTESIAN_POINT('Ctrl Pts',(-160.,0.,440.000004583504));
#204=CARTESIAN_POINT('Ctrl Pts',(-160.,-0.00128780771945003,439.99729015143));
#205=CARTESIAN_POINT('Ctrl Pts',(-159.998712192281,-0.00128780771945003,
439.99729015143));
#206=CARTESIAN_POINT('Ctrl Pts',(-159.998712192281,0.,439.99729015143));
#207=CARTESIAN_POINT('Ctrl Pts',(-159.998712192281,0.00128780771945003,
439.99729015143));
#208=CARTESIAN_POINT('Ctrl Pts',(-160.,0.00128780771945003,439.99729015143));
#209=CARTESIAN_POINT('Ctrl Pts',(-160.001287807719,0.00128780771945003,
439.99729015143));
#210=CARTESIAN_POINT('Ctrl Pts',(-160.001287807719,0.,439.99729015143));
#211=CARTESIAN_POINT('Ctrl Pts',(-160.001287807719,-0.00128780771945003,
439.99729015143));
#212=CARTESIAN_POINT('Ctrl Pts',(-160.,-0.00128780771945003,439.99729015143));
#213=CARTESIAN_POINT('Ctrl Pts',(-160.,-0.00675246944510377,439.988532022096));
#214=CARTESIAN_POINT('Ctrl Pts',(-159.993247530555,-0.00675246944510377,
439.988532022096));
#215=CARTESIAN_POINT('Ctrl Pts',(-159.993247530555,0.,439.988532022096));
#216=CARTESIAN_POINT('Ctrl Pts',(-159.993247530555,0.00675246944510377,
439.988532022096));
#217=CARTESIAN_POINT('Ctrl Pts',(-160.,0.00675246944510377,439.988532022096));
#218=CARTESIAN_POINT('Ctrl Pts',(-160.006752469445,0.00675246944510377,
439.988532022096));
#219=CARTESIAN_POINT('Ctrl Pts',(-160.006752469445,0.,439.988532022096));
#220=CARTESIAN_POINT('Ctrl Pts',(-160.006752469445,-0.00675246944510377,
439.988532022096));
#221=CARTESIAN_POINT('Ctrl Pts',(-160.,-0.00675246944510377,439.988532022096));
#222=CARTESIAN_POINT('Ctrl Pts',(-160.,-0.0236011172821193,439.965417391211));
#223=CARTESIAN_POINT('Ctrl Pts',(-159.976398882718,-0.0236011172821193,
439.965417391211));
#224=CARTESIAN_POINT('Ctrl Pts',(-159.976398882718,0.,439.965417391211));
#225=CARTESIAN_POINT('Ctrl Pts',(-159.976398882718,0.0236011172821193,439.965417391211));
#226=CARTESIAN_POINT('Ctrl Pts',(-160.,0.0236011172821193,439.965417391211));
#227=CARTESIAN_POINT('Ctrl Pts',(-160.023601117282,0.0236011172821193,439.965417391211));
#228=CARTESIAN_POINT('Ctrl Pts',(-160.023601117282,0.,439.965417391211));
#229=CARTESIAN_POINT('Ctrl Pts',(-160.023601117282,-0.0236011172821193,
439.965417391211));
#230=CARTESIAN_POINT('Ctrl Pts',(-160.,-0.0236011172821193,439.965417391211));
#231=CARTESIAN_POINT('Ctrl Pts',(-160.,-0.0635144782562946,439.914545773703));
#232=CARTESIAN_POINT('Ctrl Pts',(-159.936485521744,-0.0635144782562946,
439.914545773703));
#233=CARTESIAN_POINT('Ctrl Pts',(-159.936485521744,0.,439.914545773703));
#234=CARTESIAN_POINT('Ctrl Pts',(-159.936485521744,0.0635144782562946,439.914545773703));
#235=CARTESIAN_POINT('Ctrl Pts',(-160.,0.0635144782562946,439.914545773703));
#236=CARTESIAN_POINT('Ctrl Pts',(-160.063514478256,0.0635144782562946,439.914545773703));
#237=CARTESIAN_POINT('Ctrl Pts',(-160.063514478256,0.,439.914545773703));
#238=CARTESIAN_POINT('Ctrl Pts',(-160.063514478256,-0.0635144782562946,
439.914545773703));
#239=CARTESIAN_POINT('Ctrl Pts',(-160.,-0.0635144782562946,439.914545773703));
#240=CARTESIAN_POINT('Ctrl Pts',(-160.,-0.135291556675838,439.822343697255));
#241=CARTESIAN_POINT('Ctrl Pts',(-159.864708443324,-0.135291556675838,439.822343697255));
#242=CARTESIAN_POINT('Ctrl Pts',(-159.864708443324,0.,439.822343697255));
#243=CARTESIAN_POINT('Ctrl Pts',(-159.864708443324,0.135291556675838,439.822343697255));
#244=CARTESIAN_POINT('Ctrl Pts',(-160.,0.135291556675838,439.822343697255));
#245=CARTESIAN_POINT('Ctrl Pts',(-160.135291556676,0.135291556675838,439.822343697255));
#246=CARTESIAN_POINT('Ctrl Pts',(-160.135291556676,0.,439.822343697255));
#247=CARTESIAN_POINT('Ctrl Pts',(-160.135291556676,-0.135291556675838,439.822343697255));
#248=CARTESIAN_POINT('Ctrl Pts',(-160.,-0.135291556675838,439.822343697255));
#249=CARTESIAN_POINT('Ctrl Pts',(-160.,-0.221546588558326,439.706537826173));
#250=CARTESIAN_POINT('Ctrl Pts',(-159.778453411442,-0.221546588558326,439.706537826173));
#251=CARTESIAN_POINT('Ctrl Pts',(-159.778453411442,0.,439.706537826173));
#252=CARTESIAN_POINT('Ctrl Pts',(-159.778453411442,0.221546588558326,439.706537826173));
#253=CARTESIAN_POINT('Ctrl Pts',(-160.,0.221546588558326,439.706537826173));
#254=CARTESIAN_POINT('Ctrl Pts',(-160.221546588558,0.221546588558326,439.706537826173));
#255=CARTESIAN_POINT('Ctrl Pts',(-160.221546588558,0.,439.706537826173));
#256=CARTESIAN_POINT('Ctrl Pts',(-160.221546588558,-0.221546588558326,439.706537826173));
#257=CARTESIAN_POINT('Ctrl Pts',(-160.,-0.221546588558326,439.706537826173));
#258=CARTESIAN_POINT('Ctrl Pts',(-160.,-0.322781276455402,439.5670218353));
#259=CARTESIAN_POINT('Ctrl Pts',(-159.677218723545,-0.322781276455402,439.5670218353));
#260=CARTESIAN_POINT('Ctrl Pts',(-159.677218723545,0.,439.5670218353));
#261=CARTESIAN_POINT('Ctrl Pts',(-159.677218723545,0.322781276455402,439.5670218353));
#262=CARTESIAN_POINT('Ctrl Pts',(-160.,0.322781276455402,439.5670218353));
#263=CARTESIAN_POINT('Ctrl Pts',(-160.322781276455,0.322781276455402,439.5670218353));
#264=CARTESIAN_POINT('Ctrl Pts',(-160.322781276455,0.,439.5670218353));
#265=CARTESIAN_POINT('Ctrl Pts',(-160.322781276455,-0.322781276455402,439.5670218353));
#266=CARTESIAN_POINT('Ctrl Pts',(-160.,-0.322781276455402,439.5670218353));
#267=CARTESIAN_POINT('Ctrl Pts',(-160.,-0.442181948989919,439.402522243386));
#268=CARTESIAN_POINT('Ctrl Pts',(-159.55781805101,-0.442181948989919,439.402522243386));
#269=CARTESIAN_POINT('Ctrl Pts',(-159.55781805101,0.,439.402522243386));
#270=CARTESIAN_POINT('Ctrl Pts',(-159.55781805101,0.442181948989919,439.402522243386));
#271=CARTESIAN_POINT('Ctrl Pts',(-160.,0.442181948989919,439.402522243386));
#272=CARTESIAN_POINT('Ctrl Pts',(-160.44218194899,0.442181948989919,439.402522243386));
#273=CARTESIAN_POINT('Ctrl Pts',(-160.44218194899,0.,439.402522243386));
#274=CARTESIAN_POINT('Ctrl Pts',(-160.44218194899,-0.442181948989919,439.402522243386));
#275=CARTESIAN_POINT('Ctrl Pts',(-160.,-0.442181948989919,439.402522243386));
#276=CARTESIAN_POINT('Ctrl Pts',(-160.,-0.580414976947665,439.214646258331));
#277=CARTESIAN_POINT('Ctrl Pts',(-159.419585023052,-0.580414976947665,439.214646258331));
#278=CARTESIAN_POINT('Ctrl Pts',(-159.419585023052,0.,439.214646258331));
#279=CARTESIAN_POINT('Ctrl Pts',(-159.419585023052,0.580414976947665,439.214646258331));
#280=CARTESIAN_POINT('Ctrl Pts',(-160.,0.580414976947665,439.214646258331));
#281=CARTESIAN_POINT('Ctrl Pts',(-160.580414976948,0.580414976947665,439.214646258331));
#282=CARTESIAN_POINT('Ctrl Pts',(-160.580414976948,0.,439.214646258331));
#283=CARTESIAN_POINT('Ctrl Pts',(-160.580414976948,-0.580414976947665,439.214646258331));
#284=CARTESIAN_POINT('Ctrl Pts',(-160.,-0.580414976947665,439.214646258331));
#285=CARTESIAN_POINT('Ctrl Pts',(-160.,-0.732277617264181,439.010307010272));
#286=CARTESIAN_POINT('Ctrl Pts',(-159.267722382736,-0.732277617264181,439.010307010272));
#287=CARTESIAN_POINT('Ctrl Pts',(-159.267722382736,0.,439.010307010272));
#288=CARTESIAN_POINT('Ctrl Pts',(-159.267722382736,0.732277617264181,439.010307010272));
#289=CARTESIAN_POINT('Ctrl Pts',(-160.,0.732277617264181,439.010307010272));
#290=CARTESIAN_POINT('Ctrl Pts',(-160.732277617264,0.732277617264181,439.010307010272));
#291=CARTESIAN_POINT('Ctrl Pts',(-160.732277617264,0.,439.010307010272));
#292=CARTESIAN_POINT('Ctrl Pts',(-160.732277617264,-0.732277617264181,439.010307010272));
#293=CARTESIAN_POINT('Ctrl Pts',(-160.,-0.732277617264181,439.010307010272));
#294=CARTESIAN_POINT('Ctrl Pts',(-160.,-0.89041843702276,438.798118650459));
#295=CARTESIAN_POINT('Ctrl Pts',(-159.109581562977,-0.89041843702276,438.798118650459));
#296=CARTESIAN_POINT('Ctrl Pts',(-159.109581562977,0.,438.798118650459));
#297=CARTESIAN_POINT('Ctrl Pts',(-159.109581562977,0.89041843702276,438.798118650459));
#298=CARTESIAN_POINT('Ctrl Pts',(-160.,0.89041843702276,438.798118650459));
#299=CARTESIAN_POINT('Ctrl Pts',(-160.890418437023,0.89041843702276,438.798118650459));
#300=CARTESIAN_POINT('Ctrl Pts',(-160.890418437023,0.,438.798118650459));
#301=CARTESIAN_POINT('Ctrl Pts',(-160.890418437023,-0.89041843702276,438.798118650459));
#302=CARTESIAN_POINT('Ctrl Pts',(-160.,-0.89041843702276,438.798118650459));
#303=CARTESIAN_POINT('Ctrl Pts',(-160.,-1.04761494721053,438.586056148583));
#304=CARTESIAN_POINT('Ctrl Pts',(-158.952385052789,-1.04761494721053,438.586056148583));
#305=CARTESIAN_POINT('Ctrl Pts',(-158.952385052789,0.,438.586056148583));
#306=CARTESIAN_POINT('Ctrl Pts',(-158.952385052789,1.04761494721053,438.586056148583));
#307=CARTESIAN_POINT('Ctrl Pts',(-160.,1.04761494721053,438.586056148583));
#308=CARTESIAN_POINT('Ctrl Pts',(-161.047614947211,1.04761494721053,438.586056148583));
#309=CARTESIAN_POINT('Ctrl Pts',(-161.047614947211,0.,438.586056148583));
#310=CARTESIAN_POINT('Ctrl Pts',(-161.047614947211,-1.04761494721053,438.586056148583));
#311=CARTESIAN_POINT('Ctrl Pts',(-160.,-1.04761494721053,438.586056148583));
#312=CARTESIAN_POINT('Ctrl Pts',(-160.,-1.20005857895826,438.378157619045));
#313=CARTESIAN_POINT('Ctrl Pts',(-158.799941421042,-1.20005857895826,438.378157619045));
#314=CARTESIAN_POINT('Ctrl Pts',(-158.799941421042,0.,438.378157619045));
#315=CARTESIAN_POINT('Ctrl Pts',(-158.799941421042,1.20005857895826,438.378157619045));
#316=CARTESIAN_POINT('Ctrl Pts',(-160.,1.20005857895826,438.378157619045));
#317=CARTESIAN_POINT('Ctrl Pts',(-161.200058578958,1.20005857895826,438.378157619045));
#318=CARTESIAN_POINT('Ctrl Pts',(-161.200058578958,0.,438.378157619045));
#319=CARTESIAN_POINT('Ctrl Pts',(-161.200058578958,-1.20005857895826,438.378157619045));
#320=CARTESIAN_POINT('Ctrl Pts',(-160.,-1.20005857895826,438.378157619045));
#321=CARTESIAN_POINT('Ctrl Pts',(-160.,-1.34880620105132,438.173106088447));
#322=CARTESIAN_POINT('Ctrl Pts',(-158.651193798949,-1.34880620105132,438.173106088447));
#323=CARTESIAN_POINT('Ctrl Pts',(-158.651193798949,0.,438.173106088447));
#324=CARTESIAN_POINT('Ctrl Pts',(-158.651193798949,1.34880620105132,438.173106088447));
#325=CARTESIAN_POINT('Ctrl Pts',(-160.,1.34880620105132,438.173106088447));
#326=CARTESIAN_POINT('Ctrl Pts',(-161.348806201051,1.34880620105132,438.173106088447));
#327=CARTESIAN_POINT('Ctrl Pts',(-161.348806201051,0.,438.173106088447));
#328=CARTESIAN_POINT('Ctrl Pts',(-161.348806201051,-1.34880620105132,438.173106088447));
#329=CARTESIAN_POINT('Ctrl Pts',(-160.,-1.34880620105132,438.173106088447));
#330=CARTESIAN_POINT('Ctrl Pts',(-160.,-1.49725882086727,437.966998628492));
#331=CARTESIAN_POINT('Ctrl Pts',(-158.502741179133,-1.49725882086727,437.966998628492));
#332=CARTESIAN_POINT('Ctrl Pts',(-158.502741179133,0.,437.966998628492));
#333=CARTESIAN_POINT('Ctrl Pts',(-158.502741179133,1.49725882086727,437.966998628492));
#334=CARTESIAN_POINT('Ctrl Pts',(-160.,1.49725882086727,437.966998628492));
#335=CARTESIAN_POINT('Ctrl Pts',(-161.497258820867,1.49725882086727,437.966998628492));
#336=CARTESIAN_POINT('Ctrl Pts',(-161.497258820867,0.,437.966998628492));
#337=CARTESIAN_POINT('Ctrl Pts',(-161.497258820867,-1.49725882086727,437.966998628492));
#338=CARTESIAN_POINT('Ctrl Pts',(-160.,-1.49725882086727,437.966998628492));
#339=CARTESIAN_POINT('Ctrl Pts',(-160.,-1.64949146589262,437.755208102544));
#340=CARTESIAN_POINT('Ctrl Pts',(-158.350508534107,-1.64949146589262,437.755208102544));
#341=CARTESIAN_POINT('Ctrl Pts',(-158.350508534107,0.,437.755208102544));
#342=CARTESIAN_POINT('Ctrl Pts',(-158.350508534107,1.64949146589262,437.755208102544));
#343=CARTESIAN_POINT('Ctrl Pts',(-160.,1.64949146589262,437.755208102544));
#344=CARTESIAN_POINT('Ctrl Pts',(-161.649491465893,1.64949146589262,437.755208102544));
#345=CARTESIAN_POINT('Ctrl Pts',(-161.649491465893,0.,437.755208102544));
#346=CARTESIAN_POINT('Ctrl Pts',(-161.649491465893,-1.64949146589262,437.755208102544));
#347=CARTESIAN_POINT('Ctrl Pts',(-160.,-1.64949146589262,437.755208102544));
#348=CARTESIAN_POINT('Ctrl Pts',(-160.,-1.80803227655773,437.53484247825));
#349=CARTESIAN_POINT('Ctrl Pts',(-158.191967723442,-1.80803227655773,437.53484247825));
#350=CARTESIAN_POINT('Ctrl Pts',(-158.191967723442,0.,437.53484247825));
#351=CARTESIAN_POINT('Ctrl Pts',(-158.191967723442,1.80803227655773,437.53484247825));
#352=CARTESIAN_POINT('Ctrl Pts',(-160.,1.80803227655773,437.53484247825));
#353=CARTESIAN_POINT('Ctrl Pts',(-161.808032276558,1.80803227655773,437.53484247825));
#354=CARTESIAN_POINT('Ctrl Pts',(-161.808032276558,0.,437.53484247825));
#355=CARTESIAN_POINT('Ctrl Pts',(-161.808032276558,-1.80803227655773,437.53484247825));
#356=CARTESIAN_POINT('Ctrl Pts',(-160.,-1.80803227655773,437.53484247825));
#357=CARTESIAN_POINT('Ctrl Pts',(-160.,-1.97252380740174,437.306228666566));
#358=CARTESIAN_POINT('Ctrl Pts',(-158.027476192598,-1.97252380740174,437.306228666566));
#359=CARTESIAN_POINT('Ctrl Pts',(-158.027476192598,0.,437.306228666566));
#360=CARTESIAN_POINT('Ctrl Pts',(-158.027476192598,1.97252380740174,437.306228666566));
#361=CARTESIAN_POINT('Ctrl Pts',(-160.,1.97252380740174,437.306228666566));
#362=CARTESIAN_POINT('Ctrl Pts',(-161.972523807402,1.97252380740174,437.306228666566));
#363=CARTESIAN_POINT('Ctrl Pts',(-161.972523807402,0.,437.306228666566));
#364=CARTESIAN_POINT('Ctrl Pts',(-161.972523807402,-1.97252380740174,437.306228666566));
#365=CARTESIAN_POINT('Ctrl Pts',(-160.,-1.97252380740174,437.306228666566));
#366=CARTESIAN_POINT('Ctrl Pts',(-160.,-2.14110240457888,437.071369183457));
#367=CARTESIAN_POINT('Ctrl Pts',(-157.858897595421,-2.14110240457888,437.071369183457));
#368=CARTESIAN_POINT('Ctrl Pts',(-157.858897595421,0.,437.071369183457));
#369=CARTESIAN_POINT('Ctrl Pts',(-157.858897595421,2.14110240457888,437.071369183457));
#370=CARTESIAN_POINT('Ctrl Pts',(-160.,2.14110240457888,437.071369183457));
#371=CARTESIAN_POINT('Ctrl Pts',(-162.141102404579,2.14110240457888,437.071369183457));
#372=CARTESIAN_POINT('Ctrl Pts',(-162.141102404579,0.,437.071369183457));
#373=CARTESIAN_POINT('Ctrl Pts',(-162.141102404579,-2.14110240457888,437.071369183457));
#374=CARTESIAN_POINT('Ctrl Pts',(-160.,-2.14110240457888,437.071369183457));
#375=CARTESIAN_POINT('Ctrl Pts',(-160.,-2.3114153707828,436.832801670864));
#376=CARTESIAN_POINT('Ctrl Pts',(-157.688584629217,-2.3114153707828,436.832801670864));
#377=CARTESIAN_POINT('Ctrl Pts',(-157.688584629217,0.,436.832801670864));
#378=CARTESIAN_POINT('Ctrl Pts',(-157.688584629217,2.3114153707828,436.832801670864));
#379=CARTESIAN_POINT('Ctrl Pts',(-160.,2.3114153707828,436.832801670864));
#380=CARTESIAN_POINT('Ctrl Pts',(-162.311415370783,2.3114153707828,436.832801670864));
#381=CARTESIAN_POINT('Ctrl Pts',(-162.311415370783,0.,436.832801670864));
#382=CARTESIAN_POINT('Ctrl Pts',(-162.311415370783,-2.3114153707828,436.832801670864));
#383=CARTESIAN_POINT('Ctrl Pts',(-160.,-2.3114153707828,436.832801670864));
#384=CARTESIAN_POINT('Ctrl Pts',(-160.,-2.48168428526981,436.592409981477));
#385=CARTESIAN_POINT('Ctrl Pts',(-157.51831571473,-2.48168428526981,436.592409981477));
#386=CARTESIAN_POINT('Ctrl Pts',(-157.51831571473,0.,436.592409981477));
#387=CARTESIAN_POINT('Ctrl Pts',(-157.51831571473,2.48168428526981,436.592409981477));
#388=CARTESIAN_POINT('Ctrl Pts',(-160.,2.48168428526981,436.592409981477));
#389=CARTESIAN_POINT('Ctrl Pts',(-162.48168428527,2.48168428526981,436.592409981477));
#390=CARTESIAN_POINT('Ctrl Pts',(-162.48168428527,0.,436.592409981477));
#391=CARTESIAN_POINT('Ctrl Pts',(-162.48168428527,-2.48168428526981,436.592409981477));
#392=CARTESIAN_POINT('Ctrl Pts',(-160.,-2.48168428526981,436.592409981477));
#393=CARTESIAN_POINT('Ctrl Pts',(-160.,-2.65198975803344,436.349980251021));
#394=CARTESIAN_POINT('Ctrl Pts',(-157.348010241967,-2.65198975803344,436.349980251021));
#395=CARTESIAN_POINT('Ctrl Pts',(-157.348010241967,0.,436.349980251021));
#396=CARTESIAN_POINT('Ctrl Pts',(-157.348010241967,2.65198975803344,436.349980251021));
#397=CARTESIAN_POINT('Ctrl Pts',(-160.,2.65198975803344,436.349980251021));
#398=CARTESIAN_POINT('Ctrl Pts',(-162.651989758033,2.65198975803344,436.349980251021));
#399=CARTESIAN_POINT('Ctrl Pts',(-162.651989758033,0.,436.349980251021));
#400=CARTESIAN_POINT('Ctrl Pts',(-162.651989758033,-2.65198975803344,436.349980251021));
#401=CARTESIAN_POINT('Ctrl Pts',(-160.,-2.65198975803344,436.349980251021));
#402=CARTESIAN_POINT('Ctrl Pts',(-160.,-2.82381453930483,436.103748990013));
#403=CARTESIAN_POINT('Ctrl Pts',(-157.176185460695,-2.82381453930483,436.103748990013));
#404=CARTESIAN_POINT('Ctrl Pts',(-157.176185460695,0.,436.103748990013));
#405=CARTESIAN_POINT('Ctrl Pts',(-157.176185460695,2.82381453930483,436.103748990013));
#406=CARTESIAN_POINT('Ctrl Pts',(-160.,2.82381453930483,436.103748990013));
#407=CARTESIAN_POINT('Ctrl Pts',(-162.823814539305,2.82381453930483,436.103748990013));
#408=CARTESIAN_POINT('Ctrl Pts',(-162.823814539305,0.,436.103748990013));
#409=CARTESIAN_POINT('Ctrl Pts',(-162.823814539305,-2.82381453930483,436.103748990013));
#410=CARTESIAN_POINT('Ctrl Pts',(-160.,-2.82381453930483,436.103748990013));
#411=CARTESIAN_POINT('Ctrl Pts',(-160.,-2.99905598391849,435.851557494064));
#412=CARTESIAN_POINT('Ctrl Pts',(-157.000944016082,-2.99905598391849,435.851557494064));
#413=CARTESIAN_POINT('Ctrl Pts',(-157.000944016082,0.,435.851557494064));
#414=CARTESIAN_POINT('Ctrl Pts',(-157.000944016082,2.99905598391849,435.851557494064));
#415=CARTESIAN_POINT('Ctrl Pts',(-160.,2.99905598391849,435.851557494064));
#416=CARTESIAN_POINT('Ctrl Pts',(-162.999055983918,2.99905598391849,435.851557494064));
#417=CARTESIAN_POINT('Ctrl Pts',(-162.999055983918,0.,435.851557494064));
#418=CARTESIAN_POINT('Ctrl Pts',(-162.999055983918,-2.99905598391849,435.851557494064));
#419=CARTESIAN_POINT('Ctrl Pts',(-160.,-2.99905598391849,435.851557494064));
#420=CARTESIAN_POINT('Ctrl Pts',(-160.,-3.17921709722636,435.591802297985));
#421=CARTESIAN_POINT('Ctrl Pts',(-156.820782902774,-3.17921709722636,435.591802297985));
#422=CARTESIAN_POINT('Ctrl Pts',(-156.820782902774,0.,435.591802297985));
#423=CARTESIAN_POINT('Ctrl Pts',(-156.820782902774,3.17921709722636,435.591802297985));
#424=CARTESIAN_POINT('Ctrl Pts',(-160.,3.17921709722636,435.591802297985));
#425=CARTESIAN_POINT('Ctrl Pts',(-163.179217097226,3.17921709722636,435.591802297985));
#426=CARTESIAN_POINT('Ctrl Pts',(-163.179217097226,0.,435.591802297985));
#427=CARTESIAN_POINT('Ctrl Pts',(-163.179217097226,-3.17921709722636,435.591802297985));
#428=CARTESIAN_POINT('Ctrl Pts',(-160.,-3.17921709722636,435.591802297985));
#429=CARTESIAN_POINT('Ctrl Pts',(-160.,-3.36452417723773,435.324469346728));
#430=CARTESIAN_POINT('Ctrl Pts',(-156.635475822762,-3.36452417723773,435.324469346728));
#431=CARTESIAN_POINT('Ctrl Pts',(-156.635475822762,0.,435.324469346728));
#432=CARTESIAN_POINT('Ctrl Pts',(-156.635475822762,3.36452417723773,435.324469346728));
#433=CARTESIAN_POINT('Ctrl Pts',(-160.,3.36452417723773,435.324469346728));
#434=CARTESIAN_POINT('Ctrl Pts',(-163.364524177238,3.36452417723773,435.324469346728));
#435=CARTESIAN_POINT('Ctrl Pts',(-163.364524177238,0.,435.324469346728));
#436=CARTESIAN_POINT('Ctrl Pts',(-163.364524177238,-3.36452417723773,435.324469346728));
#437=CARTESIAN_POINT('Ctrl Pts',(-160.,-3.36452417723773,435.324469346728));
#438=CARTESIAN_POINT('Ctrl Pts',(-160.,-3.55307229658084,435.052136739318));
#439=CARTESIAN_POINT('Ctrl Pts',(-156.446927703419,-3.55307229658084,435.052136739318));
#440=CARTESIAN_POINT('Ctrl Pts',(-156.446927703419,0.,435.052136739318));
#441=CARTESIAN_POINT('Ctrl Pts',(-156.446927703419,3.55307229658084,435.052136739318));
#442=CARTESIAN_POINT('Ctrl Pts',(-160.,3.55307229658084,435.052136739318));
#443=CARTESIAN_POINT('Ctrl Pts',(-163.553072296581,3.55307229658084,435.052136739318));
#444=CARTESIAN_POINT('Ctrl Pts',(-163.553072296581,0.,435.052136739318));
#445=CARTESIAN_POINT('Ctrl Pts',(-163.553072296581,-3.55307229658084,435.052136739318));
#446=CARTESIAN_POINT('Ctrl Pts',(-160.,-3.55307229658084,435.052136739318));
#447=CARTESIAN_POINT('Ctrl Pts',(-160.,-3.74175011695495,434.778824708921));
#448=CARTESIAN_POINT('Ctrl Pts',(-156.258249883045,-3.74175011695495,434.778824708921));
#449=CARTESIAN_POINT('Ctrl Pts',(-156.258249883045,0.,434.778824708921));
#450=CARTESIAN_POINT('Ctrl Pts',(-156.258249883045,3.74175011695495,434.778824708921));
#451=CARTESIAN_POINT('Ctrl Pts',(-160.,3.74175011695495,434.778824708921));
#452=CARTESIAN_POINT('Ctrl Pts',(-163.741750116955,3.74175011695495,434.778824708921));
#453=CARTESIAN_POINT('Ctrl Pts',(-163.741750116955,0.,434.778824708921));
#454=CARTESIAN_POINT('Ctrl Pts',(-163.741750116955,-3.74175011695495,434.778824708921));
#455=CARTESIAN_POINT('Ctrl Pts',(-160.,-3.74175011695495,434.778824708921));
#456=CARTESIAN_POINT('Ctrl Pts',(-160.,-3.92716294574829,434.508848567133));
#457=CARTESIAN_POINT('Ctrl Pts',(-156.072837054252,-3.92716294574829,434.508848567133));
#458=CARTESIAN_POINT('Ctrl Pts',(-156.072837054252,0.,434.508848567133));
#459=CARTESIAN_POINT('Ctrl Pts',(-156.072837054252,3.92716294574829,434.508848567133));
#460=CARTESIAN_POINT('Ctrl Pts',(-160.,3.92716294574829,434.508848567133));
#461=CARTESIAN_POINT('Ctrl Pts',(-163.927162945748,3.92716294574829,434.508848567133));
#462=CARTESIAN_POINT('Ctrl Pts',(-163.927162945748,0.,434.508848567133));
#463=CARTESIAN_POINT('Ctrl Pts',(-163.927162945748,-3.92716294574829,434.508848567133));
#464=CARTESIAN_POINT('Ctrl Pts',(-160.,-3.92716294574829,434.508848567133));
#465=CARTESIAN_POINT('Ctrl Pts',(-160.,-4.10657582615272,434.24564622397));
#466=CARTESIAN_POINT('Ctrl Pts',(-155.893424173847,-4.10657582615272,434.24564622397));
#467=CARTESIAN_POINT('Ctrl Pts',(-155.893424173847,0.,434.24564622397));
#468=CARTESIAN_POINT('Ctrl Pts',(-155.893424173847,4.10657582615272,434.24564622397));
#469=CARTESIAN_POINT('Ctrl Pts',(-160.,4.10657582615272,434.24564622397));
#470=CARTESIAN_POINT('Ctrl Pts',(-164.106575826153,4.10657582615272,434.24564622397));
#471=CARTESIAN_POINT('Ctrl Pts',(-164.106575826153,0.,434.24564622397));
#472=CARTESIAN_POINT('Ctrl Pts',(-164.106575826153,-4.10657582615272,434.24564622397));
#473=CARTESIAN_POINT('Ctrl Pts',(-160.,-4.10657582615272,434.24564622397));
#474=CARTESIAN_POINT('Ctrl Pts',(-160.,-4.27880275535347,433.990673332399));
#475=CARTESIAN_POINT('Ctrl Pts',(-155.721197244647,-4.27880275535347,433.990673332399));
#476=CARTESIAN_POINT('Ctrl Pts',(-155.721197244647,0.,433.990673332399));
#477=CARTESIAN_POINT('Ctrl Pts',(-155.721197244647,4.27880275535347,433.990673332399));
#478=CARTESIAN_POINT('Ctrl Pts',(-160.,4.27880275535347,433.990673332399));
#479=CARTESIAN_POINT('Ctrl Pts',(-164.278802755353,4.27880275535347,433.990673332399));
#480=CARTESIAN_POINT('Ctrl Pts',(-164.278802755353,0.,433.990673332399));
#481=CARTESIAN_POINT('Ctrl Pts',(-164.278802755353,-4.27880275535347,433.990673332399));
#482=CARTESIAN_POINT('Ctrl Pts',(-160.,-4.27880275535347,433.990673332399));
#483=CARTESIAN_POINT('Ctrl Pts',(-160.,-4.44524137501482,433.742116133495));
#484=CARTESIAN_POINT('Ctrl Pts',(-155.554758624985,-4.44524137501482,433.742116133495));
#485=CARTESIAN_POINT('Ctrl Pts',(-155.554758624985,0.,433.742116133495));
#486=CARTESIAN_POINT('Ctrl Pts',(-155.554758624985,4.44524137501482,433.742116133495));
#487=CARTESIAN_POINT('Ctrl Pts',(-160.,4.44524137501482,433.742116133495));
#488=CARTESIAN_POINT('Ctrl Pts',(-164.445241375015,4.44524137501482,433.742116133495));
#489=CARTESIAN_POINT('Ctrl Pts',(-164.445241375015,0.,433.742116133495));
#490=CARTESIAN_POINT('Ctrl Pts',(-164.445241375015,-4.44524137501482,433.742116133495));
#491=CARTESIAN_POINT('Ctrl Pts',(-160.,-4.44524137501482,433.742116133495));
#492=CARTESIAN_POINT('Ctrl Pts',(-160.,-4.60896167636623,433.496041719339));
#493=CARTESIAN_POINT('Ctrl Pts',(-155.391038323634,-4.60896167636623,433.496041719339));
#494=CARTESIAN_POINT('Ctrl Pts',(-155.391038323634,0.,433.496041719339));
#495=CARTESIAN_POINT('Ctrl Pts',(-155.391038323634,4.60896167636623,433.496041719339));
#496=CARTESIAN_POINT('Ctrl Pts',(-160.,4.60896167636623,433.496041719339));
#497=CARTESIAN_POINT('Ctrl Pts',(-164.608961676366,4.60896167636623,433.496041719339));
#498=CARTESIAN_POINT('Ctrl Pts',(-164.608961676366,0.,433.496041719339));
#499=CARTESIAN_POINT('Ctrl Pts',(-164.608961676366,-4.60896167636623,433.496041719339));
#500=CARTESIAN_POINT('Ctrl Pts',(-160.,-4.60896167636623,433.496041719339));
#501=CARTESIAN_POINT('Ctrl Pts',(-160.,-4.77358402525194,433.247811962985));
#502=CARTESIAN_POINT('Ctrl Pts',(-155.226415974748,-4.77358402525194,433.247811962985));
#503=CARTESIAN_POINT('Ctrl Pts',(-155.226415974748,0.,433.247811962985));
#504=CARTESIAN_POINT('Ctrl Pts',(-155.226415974748,4.77358402525194,433.247811962985));
#505=CARTESIAN_POINT('Ctrl Pts',(-160.,4.77358402525194,433.247811962985));
#506=CARTESIAN_POINT('Ctrl Pts',(-164.773584025252,4.77358402525194,433.247811962985));
#507=CARTESIAN_POINT('Ctrl Pts',(-164.773584025252,0.,433.247811962985));
#508=CARTESIAN_POINT('Ctrl Pts',(-164.773584025252,-4.77358402525194,433.247811962985));
#509=CARTESIAN_POINT('Ctrl Pts',(-160.,-4.77358402525194,433.247811962985));
#510=CARTESIAN_POINT('Ctrl Pts',(-160.,-4.94227483675846,432.99335054824));
#511=CARTESIAN_POINT('Ctrl Pts',(-155.057725163242,-4.94227483675846,432.99335054824));
#512=CARTESIAN_POINT('Ctrl Pts',(-155.057725163242,0.,432.99335054824));
#513=CARTESIAN_POINT('Ctrl Pts',(-155.057725163242,4.94227483675846,432.99335054824));
#514=CARTESIAN_POINT('Ctrl Pts',(-160.,4.94227483675846,432.99335054824));
#515=CARTESIAN_POINT('Ctrl Pts',(-164.942274836758,4.94227483675846,432.99335054824));
#516=CARTESIAN_POINT('Ctrl Pts',(-164.942274836758,0.,432.99335054824));
#517=CARTESIAN_POINT('Ctrl Pts',(-164.942274836758,-4.94227483675846,432.99335054824));
#518=CARTESIAN_POINT('Ctrl Pts',(-160.,-4.94227483675846,432.99335054824));
#519=CARTESIAN_POINT('Ctrl Pts',(-160.,-5.11659528142708,432.730593003432));
#520=CARTESIAN_POINT('Ctrl Pts',(-154.883404718573,-5.11659528142708,432.730593003432));
#521=CARTESIAN_POINT('Ctrl Pts',(-154.883404718573,0.,432.730593003432));
#522=CARTESIAN_POINT('Ctrl Pts',(-154.883404718573,5.11659528142708,432.730593003432));
#523=CARTESIAN_POINT('Ctrl Pts',(-160.,5.11659528142708,432.730593003432));
#524=CARTESIAN_POINT('Ctrl Pts',(-165.116595281427,5.11659528142708,432.730593003432));
#525=CARTESIAN_POINT('Ctrl Pts',(-165.116595281427,0.,432.730593003432));
#526=CARTESIAN_POINT('Ctrl Pts',(-165.116595281427,-5.11659528142708,432.730593003432));
#527=CARTESIAN_POINT('Ctrl Pts',(-160.,-5.11659528142708,432.730593003432));
#528=CARTESIAN_POINT('Ctrl Pts',(-160.,-5.29570267554615,432.460498044243));
#529=CARTESIAN_POINT('Ctrl Pts',(-154.704297324454,-5.29570267554615,432.460498044243));
#530=CARTESIAN_POINT('Ctrl Pts',(-154.704297324454,0.,432.460498044243));
#531=CARTESIAN_POINT('Ctrl Pts',(-154.704297324454,5.29570267554615,432.460498044243));
#532=CARTESIAN_POINT('Ctrl Pts',(-160.,5.29570267554615,432.460498044243));
#533=CARTESIAN_POINT('Ctrl Pts',(-165.295702675546,5.29570267554615,432.460498044243));
#534=CARTESIAN_POINT('Ctrl Pts',(-165.295702675546,0.,432.460498044243));
#535=CARTESIAN_POINT('Ctrl Pts',(-165.295702675546,-5.29570267554615,432.460498044243));
#536=CARTESIAN_POINT('Ctrl Pts',(-160.,-5.29570267554615,432.460498044243));
#537=CARTESIAN_POINT('Ctrl Pts',(-160.,-5.47731597895329,432.185864008345));
#538=CARTESIAN_POINT('Ctrl Pts',(-154.522684021047,-5.47731597895329,432.185864008345));
#539=CARTESIAN_POINT('Ctrl Pts',(-154.522684021047,0.,432.185864008345));
#540=CARTESIAN_POINT('Ctrl Pts',(-154.522684021047,5.47731597895329,432.185864008345));
#541=CARTESIAN_POINT('Ctrl Pts',(-160.,5.47731597895329,432.185864008345));
#542=CARTESIAN_POINT('Ctrl Pts',(-165.477315978953,5.47731597895329,432.185864008345));
#543=CARTESIAN_POINT('Ctrl Pts',(-165.477315978953,0.,432.185864008345));
#544=CARTESIAN_POINT('Ctrl Pts',(-165.477315978953,-5.47731597895329,432.185864008345));
#545=CARTESIAN_POINT('Ctrl Pts',(-160.,-5.47731597895329,432.185864008345));
#546=CARTESIAN_POINT('Ctrl Pts',(-160.,-5.65846967658118,431.910409381433));
#547=CARTESIAN_POINT('Ctrl Pts',(-154.341530323419,-5.65846967658118,431.910409381433));
#548=CARTESIAN_POINT('Ctrl Pts',(-154.341530323419,0.,431.910409381433));
#549=CARTESIAN_POINT('Ctrl Pts',(-154.341530323419,5.65846967658118,431.910409381433));
#550=CARTESIAN_POINT('Ctrl Pts',(-160.,5.65846967658118,431.910409381433));
#551=CARTESIAN_POINT('Ctrl Pts',(-165.658469676581,5.65846967658118,431.910409381433));
#552=CARTESIAN_POINT('Ctrl Pts',(-165.658469676581,0.,431.910409381433));
#553=CARTESIAN_POINT('Ctrl Pts',(-165.658469676581,-5.65846967658118,431.910409381433));
#554=CARTESIAN_POINT('Ctrl Pts',(-160.,-5.65846967658118,431.910409381433));
#555=CARTESIAN_POINT('Ctrl Pts',(-160.,-5.83633103189069,431.637772516355));
#556=CARTESIAN_POINT('Ctrl Pts',(-154.163668968109,-5.83633103189069,431.637772516355));
#557=CARTESIAN_POINT('Ctrl Pts',(-154.163668968109,0.,431.637772516355));
#558=CARTESIAN_POINT('Ctrl Pts',(-154.163668968109,5.83633103189069,431.637772516355));
#559=CARTESIAN_POINT('Ctrl Pts',(-160.,5.83633103189069,431.637772516355));
#560=CARTESIAN_POINT('Ctrl Pts',(-165.836331031891,5.83633103189069,431.637772516355));
#561=CARTESIAN_POINT('Ctrl Pts',(-165.836331031891,0.,431.637772516355));
#562=CARTESIAN_POINT('Ctrl Pts',(-165.836331031891,-5.83633103189069,431.637772516355));
#563=CARTESIAN_POINT('Ctrl Pts',(-160.,-5.83633103189069,431.637772516355));
#564=CARTESIAN_POINT('Ctrl Pts',(-160.,-6.00903343112989,431.370496032038));
#565=CARTESIAN_POINT('Ctrl Pts',(-153.99096656887,-6.00903343112989,431.370496032038));
#566=CARTESIAN_POINT('Ctrl Pts',(-153.99096656887,0.,431.370496032038));
#567=CARTESIAN_POINT('Ctrl Pts',(-153.99096656887,6.00903343112989,431.370496032038));
#568=CARTESIAN_POINT('Ctrl Pts',(-160.,6.00903343112989,431.370496032038));
#569=CARTESIAN_POINT('Ctrl Pts',(-166.00903343113,6.00903343112989,431.370496032038));
#570=CARTESIAN_POINT('Ctrl Pts',(-166.00903343113,0.,431.370496032038));
#571=CARTESIAN_POINT('Ctrl Pts',(-166.00903343113,-6.00903343112989,431.370496032038));
#572=CARTESIAN_POINT('Ctrl Pts',(-160.,-6.00903343112989,431.370496032038));
#573=CARTESIAN_POINT('Ctrl Pts',(-160.,-6.17637864687811,431.109161306875));
#574=CARTESIAN_POINT('Ctrl Pts',(-153.823621353122,-6.17637864687811,431.109161306875));
#575=CARTESIAN_POINT('Ctrl Pts',(-153.823621353122,0.,431.109161306875));
#576=CARTESIAN_POINT('Ctrl Pts',(-153.823621353122,6.17637864687811,431.109161306875));
#577=CARTESIAN_POINT('Ctrl Pts',(-160.,6.17637864687811,431.109161306875));
#578=CARTESIAN_POINT('Ctrl Pts',(-166.176378646878,6.17637864687811,431.109161306875));
#579=CARTESIAN_POINT('Ctrl Pts',(-166.176378646878,0.,431.109161306875));
#580=CARTESIAN_POINT('Ctrl Pts',(-166.176378646878,-6.17637864687811,431.109161306875));
#581=CARTESIAN_POINT('Ctrl Pts',(-160.,-6.17637864687811,431.109161306875));
#582=CARTESIAN_POINT('Ctrl Pts',(-160.,-6.33926241651658,430.853006824316));
#583=CARTESIAN_POINT('Ctrl Pts',(-153.660737583483,-6.33926241651658,430.853006824316));
#584=CARTESIAN_POINT('Ctrl Pts',(-153.660737583483,0.,430.853006824316));
#585=CARTESIAN_POINT('Ctrl Pts',(-153.660737583483,6.33926241651658,430.853006824316));
#586=CARTESIAN_POINT('Ctrl Pts',(-160.,6.33926241651658,430.853006824316));
#587=CARTESIAN_POINT('Ctrl Pts',(-166.339262416517,6.33926241651658,430.853006824316));
#588=CARTESIAN_POINT('Ctrl Pts',(-166.339262416517,0.,430.853006824316));
#589=CARTESIAN_POINT('Ctrl Pts',(-166.339262416517,-6.33926241651658,430.853006824316));
#590=CARTESIAN_POINT('Ctrl Pts',(-160.,-6.33926241651658,430.853006824316));
#591=CARTESIAN_POINT('Ctrl Pts',(-160.,-6.49919962660437,430.600426782874));
#592=CARTESIAN_POINT('Ctrl Pts',(-153.500800373396,-6.49919962660437,430.600426782874));
#593=CARTESIAN_POINT('Ctrl Pts',(-153.500800373396,0.,430.600426782874));
#594=CARTESIAN_POINT('Ctrl Pts',(-153.500800373396,6.49919962660437,430.600426782874));
#595=CARTESIAN_POINT('Ctrl Pts',(-160.,6.49919962660437,430.600426782874));
#596=CARTESIAN_POINT('Ctrl Pts',(-166.499199626604,6.49919962660437,430.600426782874));
#597=CARTESIAN_POINT('Ctrl Pts',(-166.499199626604,0.,430.600426782874));
#598=CARTESIAN_POINT('Ctrl Pts',(-166.499199626604,-6.49919962660437,430.600426782874));
#599=CARTESIAN_POINT('Ctrl Pts',(-160.,-6.49919962660437,430.600426782874));
#600=CARTESIAN_POINT('Ctrl Pts',(-160.,-6.65783824346569,430.349491937598));
#601=CARTESIAN_POINT('Ctrl Pts',(-153.342161756534,-6.65783824346569,430.349491937598));
#602=CARTESIAN_POINT('Ctrl Pts',(-153.342161756534,0.,430.349491937598));
#603=CARTESIAN_POINT('Ctrl Pts',(-153.342161756534,6.65783824346569,430.349491937598));
#604=CARTESIAN_POINT('Ctrl Pts',(-160.,6.65783824346569,430.349491937598));
#605=CARTESIAN_POINT('Ctrl Pts',(-166.657838243466,6.65783824346569,430.349491937598));
#606=CARTESIAN_POINT('Ctrl Pts',(-166.657838243466,0.,430.349491937598));
#607=CARTESIAN_POINT('Ctrl Pts',(-166.657838243466,-6.65783824346569,430.349491937598));
#608=CARTESIAN_POINT('Ctrl Pts',(-160.,-6.65783824346569,430.349491937598));
#609=CARTESIAN_POINT('Ctrl Pts',(-160.,-6.81641456987119,430.098516720926));
#610=CARTESIAN_POINT('Ctrl Pts',(-153.183585430129,-6.81641456987119,430.098516720926));
#611=CARTESIAN_POINT('Ctrl Pts',(-153.183585430129,0.,430.098516720926));
#612=CARTESIAN_POINT('Ctrl Pts',(-153.183585430129,6.81641456987119,430.098516720926));
#613=CARTESIAN_POINT('Ctrl Pts',(-160.,6.81641456987119,430.098516720926));
#614=CARTESIAN_POINT('Ctrl Pts',(-166.816414569871,6.81641456987119,430.098516720926));
#615=CARTESIAN_POINT('Ctrl Pts',(-166.816414569871,0.,430.098516720926));
#616=CARTESIAN_POINT('Ctrl Pts',(-166.816414569871,-6.81641456987119,430.098516720926));
#617=CARTESIAN_POINT('Ctrl Pts',(-160.,-6.81641456987119,430.098516720926));
#618=CARTESIAN_POINT('Ctrl Pts',(-160.,-6.97543865765848,429.846426066978));
#619=CARTESIAN_POINT('Ctrl Pts',(-153.024561342342,-6.97543865765848,429.846426066978));
#620=CARTESIAN_POINT('Ctrl Pts',(-153.024561342342,0.,429.846426066978));
#621=CARTESIAN_POINT('Ctrl Pts',(-153.024561342342,6.97543865765848,429.846426066978));
#622=CARTESIAN_POINT('Ctrl Pts',(-160.,6.97543865765848,429.846426066978));
#623=CARTESIAN_POINT('Ctrl Pts',(-166.975438657658,6.97543865765848,429.846426066978));
#624=CARTESIAN_POINT('Ctrl Pts',(-166.975438657658,0.,429.846426066978));
#625=CARTESIAN_POINT('Ctrl Pts',(-166.975438657658,-6.97543865765848,429.846426066978));
#626=CARTESIAN_POINT('Ctrl Pts',(-160.,-6.97543865765848,429.846426066978));
#627=CARTESIAN_POINT('Ctrl Pts',(-160.,-7.13496355748656,429.592602432404));
#628=CARTESIAN_POINT('Ctrl Pts',(-152.865036442513,-7.13496355748656,429.592602432404));
#629=CARTESIAN_POINT('Ctrl Pts',(-152.865036442513,0.,429.592602432404));
#630=CARTESIAN_POINT('Ctrl Pts',(-152.865036442513,7.13496355748656,429.592602432404));
#631=CARTESIAN_POINT('Ctrl Pts',(-160.,7.13496355748656,429.592602432404));
#632=CARTESIAN_POINT('Ctrl Pts',(-167.134963557487,7.13496355748656,429.592602432404));
#633=CARTESIAN_POINT('Ctrl Pts',(-167.134963557487,0.,429.592602432404));
#634=CARTESIAN_POINT('Ctrl Pts',(-167.134963557487,-7.13496355748656,429.592602432404));
#635=CARTESIAN_POINT('Ctrl Pts',(-160.,-7.13496355748656,429.592602432404));
#636=CARTESIAN_POINT('Ctrl Pts',(-160.,-7.29474886048074,429.336832458399));
#637=CARTESIAN_POINT('Ctrl Pts',(-152.705251139519,-7.29474886048074,429.336832458399));
#638=CARTESIAN_POINT('Ctrl Pts',(-152.705251139519,0.,429.336832458399));
#639=CARTESIAN_POINT('Ctrl Pts',(-152.705251139519,7.29474886048074,429.336832458399));
#640=CARTESIAN_POINT('Ctrl Pts',(-160.,7.29474886048074,429.336832458399));
#641=CARTESIAN_POINT('Ctrl Pts',(-167.294748860481,7.29474886048074,429.336832458399));
#642=CARTESIAN_POINT('Ctrl Pts',(-167.294748860481,0.,429.336832458399));
#643=CARTESIAN_POINT('Ctrl Pts',(-167.294748860481,-7.29474886048074,429.336832458399));
#644=CARTESIAN_POINT('Ctrl Pts',(-160.,-7.29474886048074,429.336832458399));
#645=CARTESIAN_POINT('Ctrl Pts',(-160.,-7.45444912624809,429.079218049787));
#646=CARTESIAN_POINT('Ctrl Pts',(-152.545550873752,-7.45444912624809,429.079218049787));
#647=CARTESIAN_POINT('Ctrl Pts',(-152.545550873752,0.,429.079218049787));
#648=CARTESIAN_POINT('Ctrl Pts',(-152.545550873752,7.45444912624809,429.079218049787));
#649=CARTESIAN_POINT('Ctrl Pts',(-160.,7.45444912624809,429.079218049787));
#650=CARTESIAN_POINT('Ctrl Pts',(-167.454449126248,7.45444912624809,429.079218049787));
#651=CARTESIAN_POINT('Ctrl Pts',(-167.454449126248,0.,429.079218049787));
#652=CARTESIAN_POINT('Ctrl Pts',(-167.454449126248,-7.45444912624809,429.079218049787));
#653=CARTESIAN_POINT('Ctrl Pts',(-160.,-7.45444912624809,429.079218049787));
#654=CARTESIAN_POINT('Ctrl Pts',(-160.,-7.61383388637057,428.820092823854));
#655=CARTESIAN_POINT('Ctrl Pts',(-152.386166113629,-7.61383388637057,428.820092823854));
#656=CARTESIAN_POINT('Ctrl Pts',(-152.386166113629,0.,428.820092823854));
#657=CARTESIAN_POINT('Ctrl Pts',(-152.386166113629,7.61383388637057,428.820092823854));
#658=CARTESIAN_POINT('Ctrl Pts',(-160.,7.61383388637057,428.820092823854));
#659=CARTESIAN_POINT('Ctrl Pts',(-167.613833886371,7.61383388637057,428.820092823854));
#660=CARTESIAN_POINT('Ctrl Pts',(-167.613833886371,0.,428.820092823854));
#661=CARTESIAN_POINT('Ctrl Pts',(-167.613833886371,-7.61383388637057,428.820092823854));
#662=CARTESIAN_POINT('Ctrl Pts',(-160.,-7.61383388637057,428.820092823854));
#663=CARTESIAN_POINT('Ctrl Pts',(-160.,-7.77280304757909,428.559979944851));
#664=CARTESIAN_POINT('Ctrl Pts',(-152.227196952421,-7.77280304757909,428.559979944851));
#665=CARTESIAN_POINT('Ctrl Pts',(-152.227196952421,0.,428.559979944851));
#666=CARTESIAN_POINT('Ctrl Pts',(-152.227196952421,7.77280304757909,428.559979944851));
#667=CARTESIAN_POINT('Ctrl Pts',(-160.,7.77280304757909,428.559979944851));
#668=CARTESIAN_POINT('Ctrl Pts',(-167.772803047579,7.77280304757909,428.559979944851));
#669=CARTESIAN_POINT('Ctrl Pts',(-167.772803047579,0.,428.559979944851));
#670=CARTESIAN_POINT('Ctrl Pts',(-167.772803047579,-7.77280304757909,428.559979944851));
#671=CARTESIAN_POINT('Ctrl Pts',(-160.,-7.77280304757909,428.559979944851));
#672=CARTESIAN_POINT('Ctrl Pts',(-160.,-7.93126190269518,428.299581018251));
#673=CARTESIAN_POINT('Ctrl Pts',(-152.068738097305,-7.93126190269518,428.299581018251));
#674=CARTESIAN_POINT('Ctrl Pts',(-152.068738097305,0.,428.299581018251));
#675=CARTESIAN_POINT('Ctrl Pts',(-152.068738097305,7.93126190269518,428.299581018251));
#676=CARTESIAN_POINT('Ctrl Pts',(-160.,7.93126190269518,428.299581018251));
#677=CARTESIAN_POINT('Ctrl Pts',(-167.931261902695,7.93126190269518,428.299581018251));
#678=CARTESIAN_POINT('Ctrl Pts',(-167.931261902695,0.,428.299581018251));
#679=CARTESIAN_POINT('Ctrl Pts',(-167.931261902695,-7.93126190269518,428.299581018251));
#680=CARTESIAN_POINT('Ctrl Pts',(-160.,-7.93126190269518,428.299581018251));
#681=CARTESIAN_POINT('Ctrl Pts',(-160.,-8.08903112946957,428.039762511195));
#682=CARTESIAN_POINT('Ctrl Pts',(-151.91096887053,-8.08903112946957,428.039762511195));
#683=CARTESIAN_POINT('Ctrl Pts',(-151.91096887053,0.,428.039762511195));
#684=CARTESIAN_POINT('Ctrl Pts',(-151.91096887053,8.08903112946957,428.039762511195));
#685=CARTESIAN_POINT('Ctrl Pts',(-160.,8.08903112946957,428.039762511195));
#686=CARTESIAN_POINT('Ctrl Pts',(-168.08903112947,8.08903112946957,428.039762511195));
#687=CARTESIAN_POINT('Ctrl Pts',(-168.08903112947,0.,428.039762511195));
#688=CARTESIAN_POINT('Ctrl Pts',(-168.08903112947,-8.08903112946957,428.039762511195));
#689=CARTESIAN_POINT('Ctrl Pts',(-160.,-8.08903112946957,428.039762511195));
#690=CARTESIAN_POINT('Ctrl Pts',(-160.,-8.2457586801354,427.78152721938));
#691=CARTESIAN_POINT('Ctrl Pts',(-151.754241319865,-8.2457586801354,427.78152721938));
#692=CARTESIAN_POINT('Ctrl Pts',(-151.754241319865,0.,427.78152721938));
#693=CARTESIAN_POINT('Ctrl Pts',(-151.754241319865,8.2457586801354,427.78152721938));
#694=CARTESIAN_POINT('Ctrl Pts',(-160.,8.2457586801354,427.78152721938));
#695=CARTESIAN_POINT('Ctrl Pts',(-168.245758680135,8.2457586801354,427.78152721938));
#696=CARTESIAN_POINT('Ctrl Pts',(-168.245758680135,0.,427.78152721938));
#697=CARTESIAN_POINT('Ctrl Pts',(-168.245758680135,-8.2457586801354,427.78152721938));
#698=CARTESIAN_POINT('Ctrl Pts',(-160.,-8.2457586801354,427.78152721938));
#699=CARTESIAN_POINT('Ctrl Pts',(-160.,-8.40078773879405,427.526034599086));
#700=CARTESIAN_POINT('Ctrl Pts',(-151.599212261206,-8.40078773879405,427.526034599086));
#701=CARTESIAN_POINT('Ctrl Pts',(-151.599212261206,0.,427.526034599086));
#702=CARTESIAN_POINT('Ctrl Pts',(-151.599212261206,8.40078773879405,427.526034599086));
#703=CARTESIAN_POINT('Ctrl Pts',(-160.,8.40078773879405,427.526034599086));
#704=CARTESIAN_POINT('Ctrl Pts',(-168.400787738794,8.40078773879405,427.526034599086));
#705=CARTESIAN_POINT('Ctrl Pts',(-168.400787738794,0.,427.526034599086));
#706=CARTESIAN_POINT('Ctrl Pts',(-168.400787738794,-8.40078773879405,427.526034599086));
#707=CARTESIAN_POINT('Ctrl Pts',(-160.,-8.40078773879405,427.526034599086));
#708=CARTESIAN_POINT('Ctrl Pts',(-160.,-8.55344313761293,427.274193987381));
#709=CARTESIAN_POINT('Ctrl Pts',(-151.446556862387,-8.55344313761293,427.274193987381));
#710=CARTESIAN_POINT('Ctrl Pts',(-151.446556862387,0.,427.274193987381));
#711=CARTESIAN_POINT('Ctrl Pts',(-151.446556862387,8.55344313761293,427.274193987381));
#712=CARTESIAN_POINT('Ctrl Pts',(-160.,8.55344313761293,427.274193987381));
#713=CARTESIAN_POINT('Ctrl Pts',(-168.553443137613,8.55344313761293,427.274193987381));
#714=CARTESIAN_POINT('Ctrl Pts',(-168.553443137613,0.,427.274193987381));
#715=CARTESIAN_POINT('Ctrl Pts',(-168.553443137613,-8.55344313761293,427.274193987381));
#716=CARTESIAN_POINT('Ctrl Pts',(-160.,-8.55344313761293,427.274193987381));
#717=CARTESIAN_POINT('Ctrl Pts',(-160.,-8.70342696027766,427.026134688767));
#718=CARTESIAN_POINT('Ctrl Pts',(-151.296573039722,-8.70342696027766,427.026134688767));
#719=CARTESIAN_POINT('Ctrl Pts',(-151.296573039722,0.,427.026134688767));
#720=CARTESIAN_POINT('Ctrl Pts',(-151.296573039722,8.70342696027766,427.026134688767));
#721=CARTESIAN_POINT('Ctrl Pts',(-160.,8.70342696027766,427.026134688767));
#722=CARTESIAN_POINT('Ctrl Pts',(-168.703426960278,8.70342696027766,427.026134688767));
#723=CARTESIAN_POINT('Ctrl Pts',(-168.703426960278,0.,427.026134688767));
#724=CARTESIAN_POINT('Ctrl Pts',(-168.703426960278,-8.70342696027766,427.026134688767));
#725=CARTESIAN_POINT('Ctrl Pts',(-160.,-8.70342696027766,427.026134688767));
#726=CARTESIAN_POINT('Ctrl Pts',(-160.,-8.85113243549355,426.78078763979));
#727=CARTESIAN_POINT('Ctrl Pts',(-151.148867564506,-8.85113243549355,426.78078763979));
#728=CARTESIAN_POINT('Ctrl Pts',(-151.148867564506,0.,426.78078763979));
#729=CARTESIAN_POINT('Ctrl Pts',(-151.148867564506,8.85113243549355,426.78078763979));
#730=CARTESIAN_POINT('Ctrl Pts',(-160.,8.85113243549355,426.78078763979));
#731=CARTESIAN_POINT('Ctrl Pts',(-168.851132435494,8.85113243549355,426.78078763979));
#732=CARTESIAN_POINT('Ctrl Pts',(-168.851132435494,0.,426.78078763979));
#733=CARTESIAN_POINT('Ctrl Pts',(-168.851132435494,-8.85113243549355,426.78078763979));
#734=CARTESIAN_POINT('Ctrl Pts',(-160.,-8.85113243549355,426.78078763979));
#735=CARTESIAN_POINT('Ctrl Pts',(-160.,-8.99809303336376,426.535261416753));
#736=CARTESIAN_POINT('Ctrl Pts',(-151.001906966636,-8.99809303336376,426.535261416753));
#737=CARTESIAN_POINT('Ctrl Pts',(-151.001906966636,0.,426.535261416753));
#738=CARTESIAN_POINT('Ctrl Pts',(-151.001906966636,8.99809303336376,426.535261416753));
#739=CARTESIAN_POINT('Ctrl Pts',(-160.,8.99809303336376,426.535261416753));
#740=CARTESIAN_POINT('Ctrl Pts',(-168.998093033364,8.99809303336376,426.535261416753));
#741=CARTESIAN_POINT('Ctrl Pts',(-168.998093033364,0.,426.535261416753));
#742=CARTESIAN_POINT('Ctrl Pts',(-168.998093033364,-8.99809303336376,426.535261416753));
#743=CARTESIAN_POINT('Ctrl Pts',(-160.,-8.99809303336376,426.535261416753));
#744=CARTESIAN_POINT('Ctrl Pts',(-160.,-9.14707407809889,426.284777419034));
#745=CARTESIAN_POINT('Ctrl Pts',(-150.852925921901,-9.14707407809889,426.284777419034));
#746=CARTESIAN_POINT('Ctrl Pts',(-150.852925921901,0.,426.284777419034));
#747=CARTESIAN_POINT('Ctrl Pts',(-150.852925921901,9.14707407809889,426.284777419034));
#748=CARTESIAN_POINT('Ctrl Pts',(-160.,9.14707407809889,426.284777419034));
#749=CARTESIAN_POINT('Ctrl Pts',(-169.147074078099,9.14707407809889,426.284777419034));
#750=CARTESIAN_POINT('Ctrl Pts',(-169.147074078099,0.,426.284777419034));
#751=CARTESIAN_POINT('Ctrl Pts',(-169.147074078099,-9.14707407809889,426.284777419034));
#752=CARTESIAN_POINT('Ctrl Pts',(-160.,-9.14707407809889,426.284777419034));
#753=CARTESIAN_POINT('Ctrl Pts',(-160.,-9.30078655452849,426.024761877748));
#754=CARTESIAN_POINT('Ctrl Pts',(-150.699213445472,-9.30078655452849,426.024761877748));
#755=CARTESIAN_POINT('Ctrl Pts',(-150.699213445472,0.,426.024761877748));
#756=CARTESIAN_POINT('Ctrl Pts',(-150.699213445472,9.30078655452849,426.024761877748));
#757=CARTESIAN_POINT('Ctrl Pts',(-160.,9.30078655452849,426.024761877748));
#758=CARTESIAN_POINT('Ctrl Pts',(-169.300786554528,9.30078655452849,426.024761877748));
#759=CARTESIAN_POINT('Ctrl Pts',(-169.300786554528,0.,426.024761877748));
#760=CARTESIAN_POINT('Ctrl Pts',(-169.300786554528,-9.30078655452849,426.024761877748));
#761=CARTESIAN_POINT('Ctrl Pts',(-160.,-9.30078655452849,426.024761877748));
#762=CARTESIAN_POINT('Ctrl Pts',(-160.,-9.46068665785543,425.752812845651));
#763=CARTESIAN_POINT('Ctrl Pts',(-150.539313342145,-9.46068665785539,425.752812845651));
#764=CARTESIAN_POINT('Ctrl Pts',(-150.539313342145,0.,425.752812845651));
#765=CARTESIAN_POINT('Ctrl Pts',(-150.539313342145,9.46068665785539,425.752812845651));
#766=CARTESIAN_POINT('Ctrl Pts',(-160.,9.46068665785543,425.752812845651));
#767=CARTESIAN_POINT('Ctrl Pts',(-169.460686657855,9.46068665785539,425.752812845651));
#768=CARTESIAN_POINT('Ctrl Pts',(-169.460686657855,0.,425.752812845651));
#769=CARTESIAN_POINT('Ctrl Pts',(-169.460686657855,-9.46068665785539,425.752812845651));
#770=CARTESIAN_POINT('Ctrl Pts',(-160.,-9.46068665785543,425.752812845651));
#771=CARTESIAN_POINT('Ctrl Pts',(-160.,-9.62596863909265,425.470341229514));
#772=CARTESIAN_POINT('Ctrl Pts',(-150.374031360907,-9.62596863909265,425.470341229514));
#773=CARTESIAN_POINT('Ctrl Pts',(-150.374031360907,0.,425.470341229514));
#774=CARTESIAN_POINT('Ctrl Pts',(-150.374031360907,9.62596863909265,425.470341229514));
#775=CARTESIAN_POINT('Ctrl Pts',(-160.,9.62596863909265,425.470341229514));
#776=CARTESIAN_POINT('Ctrl Pts',(-169.625968639093,9.62596863909265,425.470341229514));
#777=CARTESIAN_POINT('Ctrl Pts',(-169.625968639093,0.,425.470341229514));
#778=CARTESIAN_POINT('Ctrl Pts',(-169.625968639093,-9.62596863909265,425.470341229514));
#779=CARTESIAN_POINT('Ctrl Pts',(-160.,-9.62596863909265,425.470341229514));
#780=CARTESIAN_POINT('Ctrl Pts',(-160.,-9.79192844665793,425.1852545525));
#781=CARTESIAN_POINT('Ctrl Pts',(-150.208071553342,-9.79192844665793,425.1852545525));
#782=CARTESIAN_POINT('Ctrl Pts',(-150.208071553342,0.,425.1852545525));
#783=CARTESIAN_POINT('Ctrl Pts',(-150.208071553342,9.79192844665793,425.1852545525));
#784=CARTESIAN_POINT('Ctrl Pts',(-160.,9.79192844665793,425.1852545525));
#785=CARTESIAN_POINT('Ctrl Pts',(-169.791928446658,9.79192844665793,425.1852545525));
#786=CARTESIAN_POINT('Ctrl Pts',(-169.791928446658,0.,425.1852545525));
#787=CARTESIAN_POINT('Ctrl Pts',(-169.791928446658,-9.79192844665793,425.1852545525));
#788=CARTESIAN_POINT('Ctrl Pts',(-160.,-9.79192844665793,425.1852545525));
#789=CARTESIAN_POINT('Ctrl Pts',(-160.,-9.95064259640177,424.91081275774));
#790=CARTESIAN_POINT('Ctrl Pts',(-150.049357403598,-9.95064259640177,424.91081275774));
#791=CARTESIAN_POINT('Ctrl Pts',(-150.049357403598,0.,424.91081275774));
#792=CARTESIAN_POINT('Ctrl Pts',(-150.049357403598,9.95064259640177,424.91081275774));
#793=CARTESIAN_POINT('Ctrl Pts',(-160.,9.95064259640177,424.91081275774));
#794=CARTESIAN_POINT('Ctrl Pts',(-169.950642596402,9.95064259640177,424.91081275774));
#795=CARTESIAN_POINT('Ctrl Pts',(-169.950642596402,0.,424.91081275774));
#796=CARTESIAN_POINT('Ctrl Pts',(-169.950642596402,-9.95064259640177,424.91081275774));
#797=CARTESIAN_POINT('Ctrl Pts',(-160.,-9.95064259640177,424.91081275774));
#798=CARTESIAN_POINT('Ctrl Pts',(-160.,-10.0942812349257,424.660129863521));
#799=CARTESIAN_POINT('Ctrl Pts',(-149.905718765074,-10.0942812349257,424.660129863521));
#800=CARTESIAN_POINT('Ctrl Pts',(-149.905718765074,0.,424.660129863521));
#801=CARTESIAN_POINT('Ctrl Pts',(-149.905718765074,10.0942812349257,424.660129863521));
#802=CARTESIAN_POINT('Ctrl Pts',(-160.,10.0942812349257,424.660129863521));
#803=CARTESIAN_POINT('Ctrl Pts',(-170.094281234926,10.0942812349257,424.660129863521));
#804=CARTESIAN_POINT('Ctrl Pts',(-170.094281234926,0.,424.660129863521));
#805=CARTESIAN_POINT('Ctrl Pts',(-170.094281234926,-10.0942812349257,424.660129863521));
#806=CARTESIAN_POINT('Ctrl Pts',(-160.,-10.0942812349257,424.660129863521));
#807=CARTESIAN_POINT('Ctrl Pts',(-160.,-10.2178887577377,424.441556569945));
#808=CARTESIAN_POINT('Ctrl Pts',(-149.782111242262,-10.2178887577377,424.441556569945));
#809=CARTESIAN_POINT('Ctrl Pts',(-149.782111242262,0.,424.441556569945));
#810=CARTESIAN_POINT('Ctrl Pts',(-149.782111242262,10.2178887577377,424.441556569945));
#811=CARTESIAN_POINT('Ctrl Pts',(-160.,10.2178887577377,424.441556569945));
#812=CARTESIAN_POINT('Ctrl Pts',(-170.217888757738,10.2178887577377,424.441556569945));
#813=CARTESIAN_POINT('Ctrl Pts',(-170.217888757738,0.,424.441556569945));
#814=CARTESIAN_POINT('Ctrl Pts',(-170.217888757738,-10.2178887577377,424.441556569945));
#815=CARTESIAN_POINT('Ctrl Pts',(-160.,-10.2178887577377,424.441556569945));
#816=CARTESIAN_POINT('Ctrl Pts',(-160.,-10.3220540141502,424.254242979254));
#817=CARTESIAN_POINT('Ctrl Pts',(-149.67794598585,-10.3220540141502,424.254242979254));
#818=CARTESIAN_POINT('Ctrl Pts',(-149.67794598585,0.,424.254242979254));
#819=CARTESIAN_POINT('Ctrl Pts',(-149.67794598585,10.3220540141502,424.254242979254));
#820=CARTESIAN_POINT('Ctrl Pts',(-160.,10.3220540141502,424.254242979254));
#821=CARTESIAN_POINT('Ctrl Pts',(-170.32205401415,10.3220540141502,424.254242979254));
#822=CARTESIAN_POINT('Ctrl Pts',(-170.32205401415,0.,424.254242979254));
#823=CARTESIAN_POINT('Ctrl Pts',(-170.32205401415,-10.3220540141502,424.254242979254));
#824=CARTESIAN_POINT('Ctrl Pts',(-160.,-10.3220540141502,424.254242979254));
#825=CARTESIAN_POINT('Ctrl Pts',(-160.,-10.4164719166447,424.082234061191));
#826=CARTESIAN_POINT('Ctrl Pts',(-149.583528083355,-10.4164719166446,424.082234061191));
#827=CARTESIAN_POINT('Ctrl Pts',(-149.583528083355,0.,424.082234061191));
#828=CARTESIAN_POINT('Ctrl Pts',(-149.583528083355,10.4164719166446,424.082234061191));
#829=CARTESIAN_POINT('Ctrl Pts',(-160.,10.4164719166447,424.082234061191));
#830=CARTESIAN_POINT('Ctrl Pts',(-170.416471916645,10.4164719166446,424.082234061191));
#831=CARTESIAN_POINT('Ctrl Pts',(-170.416471916645,0.,424.082234061191));
#832=CARTESIAN_POINT('Ctrl Pts',(-170.416471916645,-10.4164719166446,424.082234061191));
#833=CARTESIAN_POINT('Ctrl Pts',(-160.,-10.4164719166447,424.082234061191));
#834=CARTESIAN_POINT('Ctrl Pts',(-160.,-10.5160932098894,423.900777013734));
#835=CARTESIAN_POINT('Ctrl Pts',(-149.483906790111,-10.5160932098894,423.900777013734));
#836=CARTESIAN_POINT('Ctrl Pts',(-149.483906790111,0.,423.900777013734));
#837=CARTESIAN_POINT('Ctrl Pts',(-149.483906790111,10.5160932098894,423.900777013734));
#838=CARTESIAN_POINT('Ctrl Pts',(-160.,10.5160932098894,423.900777013734));
#839=CARTESIAN_POINT('Ctrl Pts',(-170.516093209889,10.5160932098894,423.900777013734));
#840=CARTESIAN_POINT('Ctrl Pts',(-170.516093209889,0.,423.900777013734));
#841=CARTESIAN_POINT('Ctrl Pts',(-170.516093209889,-10.5160932098894,423.900777013734));
#842=CARTESIAN_POINT('Ctrl Pts',(-160.,-10.5160932098894,423.900777013734));
#843=CARTESIAN_POINT('Ctrl Pts',(-160.,-10.6361292243404,423.684522648268));
#844=CARTESIAN_POINT('Ctrl Pts',(-149.36387077566,-10.6361292243404,423.684522648268));
#845=CARTESIAN_POINT('Ctrl Pts',(-149.36387077566,0.,423.684522648268));
#846=CARTESIAN_POINT('Ctrl Pts',(-149.36387077566,10.6361292243404,423.684522648268));
#847=CARTESIAN_POINT('Ctrl Pts',(-160.,10.6361292243404,423.684522648268));
#848=CARTESIAN_POINT('Ctrl Pts',(-170.63612922434,10.6361292243404,423.684522648268));
#849=CARTESIAN_POINT('Ctrl Pts',(-170.63612922434,0.,423.684522648268));
#850=CARTESIAN_POINT('Ctrl Pts',(-170.63612922434,-10.6361292243404,423.684522648268));
#851=CARTESIAN_POINT('Ctrl Pts',(-160.,-10.6361292243404,423.684522648268));
#852=CARTESIAN_POINT('Ctrl Pts',(-160.,-10.7867505992654,423.416214504898));
#853=CARTESIAN_POINT('Ctrl Pts',(-149.213249400735,-10.7867505992654,423.416214504898));
#854=CARTESIAN_POINT('Ctrl Pts',(-149.213249400735,0.,423.416214504898));
#855=CARTESIAN_POINT('Ctrl Pts',(-149.213249400735,10.7867505992654,423.416214504898));
#856=CARTESIAN_POINT('Ctrl Pts',(-160.,10.7867505992654,423.416214504898));
#857=CARTESIAN_POINT('Ctrl Pts',(-170.786750599265,10.7867505992654,423.416214504898));
#858=CARTESIAN_POINT('Ctrl Pts',(-170.786750599265,0.,423.416214504898));
#859=CARTESIAN_POINT('Ctrl Pts',(-170.786750599265,-10.7867505992654,423.416214504898));
#860=CARTESIAN_POINT('Ctrl Pts',(-160.,-10.7867505992654,423.416214504898));
#861=CARTESIAN_POINT('Ctrl Pts',(-160.,-10.970176302069,423.091491123924));
#862=CARTESIAN_POINT('Ctrl Pts',(-149.029823697931,-10.970176302069,423.091491123924));
#863=CARTESIAN_POINT('Ctrl Pts',(-149.029823697931,0.,423.091491123924));
#864=CARTESIAN_POINT('Ctrl Pts',(-149.029823697931,10.970176302069,423.091491123924));
#865=CARTESIAN_POINT('Ctrl Pts',(-160.,10.970176302069,423.091491123924));
#866=CARTESIAN_POINT('Ctrl Pts',(-170.970176302069,10.970176302069,423.091491123924));
#867=CARTESIAN_POINT('Ctrl Pts',(-170.970176302069,0.,423.091491123924));
#868=CARTESIAN_POINT('Ctrl Pts',(-170.970176302069,-10.970176302069,423.091491123924));
#869=CARTESIAN_POINT('Ctrl Pts',(-160.,-10.970176302069,423.091491123924));
#870=CARTESIAN_POINT('Ctrl Pts',(-160.,-11.1832360810448,422.714775394295));
#871=CARTESIAN_POINT('Ctrl Pts',(-148.816763918955,-11.1832360810448,422.714775394295));
#872=CARTESIAN_POINT('Ctrl Pts',(-148.816763918955,0.,422.714775394295));
#873=CARTESIAN_POINT('Ctrl Pts',(-148.816763918955,11.1832360810448,422.714775394295));
#874=CARTESIAN_POINT('Ctrl Pts',(-160.,11.1832360810448,422.714775394295));
#875=CARTESIAN_POINT('Ctrl Pts',(-171.183236081045,11.1832360810448,422.714775394295));
#876=CARTESIAN_POINT('Ctrl Pts',(-171.183236081045,0.,422.714775394295));
#877=CARTESIAN_POINT('Ctrl Pts',(-171.183236081045,-11.1832360810448,422.714775394295));
#878=CARTESIAN_POINT('Ctrl Pts',(-160.,-11.1832360810448,422.714775394295));
#879=CARTESIAN_POINT('Ctrl Pts',(-160.,-11.4187749568152,422.297050711796));
#880=CARTESIAN_POINT('Ctrl Pts',(-148.581225043185,-11.4187749568152,422.297050711796));
#881=CARTESIAN_POINT('Ctrl Pts',(-148.581225043185,0.,422.297050711796));
#882=CARTESIAN_POINT('Ctrl Pts',(-148.581225043185,11.4187749568152,422.297050711796));
#883=CARTESIAN_POINT('Ctrl Pts',(-160.,11.4187749568152,422.297050711796));
#884=CARTESIAN_POINT('Ctrl Pts',(-171.418774956815,11.4187749568152,422.297050711796));
#885=CARTESIAN_POINT('Ctrl Pts',(-171.418774956815,0.,422.297050711796));
#886=CARTESIAN_POINT('Ctrl Pts',(-171.418774956815,-11.4187749568152,422.297050711796));
#887=CARTESIAN_POINT('Ctrl Pts',(-160.,-11.4187749568152,422.297050711796));
#888=CARTESIAN_POINT('Ctrl Pts',(-160.,-11.6674962025385,421.852920952821));
#889=CARTESIAN_POINT('Ctrl Pts',(-148.332503797461,-11.6674962025385,421.852920952821));
#890=CARTESIAN_POINT('Ctrl Pts',(-148.332503797461,0.,421.852920952821));
#891=CARTESIAN_POINT('Ctrl Pts',(-148.332503797461,11.6674962025385,421.852920952821));
#892=CARTESIAN_POINT('Ctrl Pts',(-160.,11.6674962025385,421.852920952821));
#893=CARTESIAN_POINT('Ctrl Pts',(-171.667496202539,11.6674962025385,421.852920952821));
#894=CARTESIAN_POINT('Ctrl Pts',(-171.667496202539,0.,421.852920952821));
#895=CARTESIAN_POINT('Ctrl Pts',(-171.667496202539,-11.6674962025385,421.852920952821));
#896=CARTESIAN_POINT('Ctrl Pts',(-160.,-11.6674962025385,421.852920952821));
#897=CARTESIAN_POINT('Ctrl Pts',(-160.,-11.9196739857623,421.397887413917));
#898=CARTESIAN_POINT('Ctrl Pts',(-148.080326014238,-11.9196739857623,421.397887413917));
#899=CARTESIAN_POINT('Ctrl Pts',(-148.080326014238,0.,421.397887413917));
#900=CARTESIAN_POINT('Ctrl Pts',(-148.080326014238,11.9196739857623,421.397887413917));
#901=CARTESIAN_POINT('Ctrl Pts',(-160.,11.9196739857623,421.397887413917));
#902=CARTESIAN_POINT('Ctrl Pts',(-171.919673985762,11.9196739857623,421.397887413917));
#903=CARTESIAN_POINT('Ctrl Pts',(-171.919673985762,0.,421.397887413917));
#904=CARTESIAN_POINT('Ctrl Pts',(-171.919673985762,-11.9196739857623,421.397887413917));
#905=CARTESIAN_POINT('Ctrl Pts',(-160.,-11.9196739857623,421.397887413917));
#906=CARTESIAN_POINT('Ctrl Pts',(-160.,-12.1667879105913,420.945742032442));
#907=CARTESIAN_POINT('Ctrl Pts',(-147.833212089409,-12.1667879105913,420.945742032442));
#908=CARTESIAN_POINT('Ctrl Pts',(-147.833212089409,0.,420.945742032442));
#909=CARTESIAN_POINT('Ctrl Pts',(-147.833212089409,12.1667879105913,420.945742032442));
#910=CARTESIAN_POINT('Ctrl Pts',(-160.,12.1667879105913,420.945742032442));
#911=CARTESIAN_POINT('Ctrl Pts',(-172.166787910591,12.1667879105913,420.945742032442));
#912=CARTESIAN_POINT('Ctrl Pts',(-172.166787910591,0.,420.945742032442));
#913=CARTESIAN_POINT('Ctrl Pts',(-172.166787910591,-12.1667879105913,420.945742032442));
#914=CARTESIAN_POINT('Ctrl Pts',(-160.,-12.1667879105913,420.945742032442));
#915=CARTESIAN_POINT('Ctrl Pts',(-160.,-12.4035320315667,420.505378091962));
#916=CARTESIAN_POINT('Ctrl Pts',(-147.596467968433,-12.4035320315666,420.505378091962));
#917=CARTESIAN_POINT('Ctrl Pts',(-147.596467968433,0.,420.505378091962));
#918=CARTESIAN_POINT('Ctrl Pts',(-147.596467968433,12.4035320315666,420.505378091962));
#919=CARTESIAN_POINT('Ctrl Pts',(-160.,12.4035320315667,420.505378091962));
#920=CARTESIAN_POINT('Ctrl Pts',(-172.403532031567,12.4035320315666,420.505378091962));
#921=CARTESIAN_POINT('Ctrl Pts',(-172.403532031567,0.,420.505378091962));
#922=CARTESIAN_POINT('Ctrl Pts',(-172.403532031567,-12.4035320315666,420.505378091962));
#923=CARTESIAN_POINT('Ctrl Pts',(-160.,-12.4035320315667,420.505378091962));
#924=CARTESIAN_POINT('Ctrl Pts',(-160.,-12.6278607914782,420.080666709222));
#925=CARTESIAN_POINT('Ctrl Pts',(-147.372139208522,-12.6278607914782,420.080666709222));
#926=CARTESIAN_POINT('Ctrl Pts',(-147.372139208522,0.,420.080666709222));
#927=CARTESIAN_POINT('Ctrl Pts',(-147.372139208522,12.6278607914782,420.080666709222));
#928=CARTESIAN_POINT('Ctrl Pts',(-160.,12.6278607914782,420.080666709222));
#929=CARTESIAN_POINT('Ctrl Pts',(-172.627860791478,12.6278607914782,420.080666709222));
#930=CARTESIAN_POINT('Ctrl Pts',(-172.627860791478,0.,420.080666709222));
#931=CARTESIAN_POINT('Ctrl Pts',(-172.627860791478,-12.6278607914782,420.080666709222));
#932=CARTESIAN_POINT('Ctrl Pts',(-160.,-12.6278607914782,420.080666709222));
#933=CARTESIAN_POINT('Ctrl Pts',(-160.,-12.8400951316776,419.671802402485));
#934=CARTESIAN_POINT('Ctrl Pts',(-147.159904868322,-12.8400951316776,419.671802402485));
#935=CARTESIAN_POINT('Ctrl Pts',(-147.159904868322,0.,419.671802402485));
#936=CARTESIAN_POINT('Ctrl Pts',(-147.159904868322,12.8400951316776,419.671802402485));
#937=CARTESIAN_POINT('Ctrl Pts',(-160.,12.8400951316776,419.671802402485));
#938=CARTESIAN_POINT('Ctrl Pts',(-172.840095131678,12.8400951316776,419.671802402485));
#939=CARTESIAN_POINT('Ctrl Pts',(-172.840095131678,0.,419.671802402485));
#940=CARTESIAN_POINT('Ctrl Pts',(-172.840095131678,-12.8400951316776,419.671802402485));
#941=CARTESIAN_POINT('Ctrl Pts',(-160.,-12.8400951316776,419.671802402485));
#942=CARTESIAN_POINT('Ctrl Pts',(-160.,-13.0423224101656,419.2761887381));
#943=CARTESIAN_POINT('Ctrl Pts',(-146.957677589834,-13.0423224101656,419.2761887381));
#944=CARTESIAN_POINT('Ctrl Pts',(-146.957677589834,0.,419.2761887381));
#945=CARTESIAN_POINT('Ctrl Pts',(-146.957677589834,13.0423224101656,419.2761887381));
#946=CARTESIAN_POINT('Ctrl Pts',(-160.,13.0423224101656,419.2761887381));
#947=CARTESIAN_POINT('Ctrl Pts',(-173.042322410166,13.0423224101656,419.2761887381));
#948=CARTESIAN_POINT('Ctrl Pts',(-173.042322410166,0.,419.2761887381));
#949=CARTESIAN_POINT('Ctrl Pts',(-173.042322410166,-13.0423224101656,419.2761887381));
#950=CARTESIAN_POINT('Ctrl Pts',(-160.,-13.0423224101656,419.2761887381));
#951=CARTESIAN_POINT('Ctrl Pts',(-160.,-13.2376842603909,418.889500765084));
#952=CARTESIAN_POINT('Ctrl Pts',(-146.762315739609,-13.2376842603909,418.889500765084));
#953=CARTESIAN_POINT('Ctrl Pts',(-146.762315739609,0.,418.889500765084));
#954=CARTESIAN_POINT('Ctrl Pts',(-146.762315739609,13.2376842603909,418.889500765084));
#955=CARTESIAN_POINT('Ctrl Pts',(-160.,13.2376842603909,418.889500765084));
#956=CARTESIAN_POINT('Ctrl Pts',(-173.237684260391,13.2376842603909,418.889500765084));
#957=CARTESIAN_POINT('Ctrl Pts',(-173.237684260391,0.,418.889500765084));
#958=CARTESIAN_POINT('Ctrl Pts',(-173.237684260391,-13.2376842603909,418.889500765084));
#959=CARTESIAN_POINT('Ctrl Pts',(-160.,-13.2376842603909,418.889500765084));
#960=CARTESIAN_POINT('Ctrl Pts',(-160.,-13.4296897351605,418.506704112502));
#961=CARTESIAN_POINT('Ctrl Pts',(-146.570310264839,-13.4296897351605,418.506704112502));
#962=CARTESIAN_POINT('Ctrl Pts',(-146.570310264839,0.,418.506704112502));
#963=CARTESIAN_POINT('Ctrl Pts',(-146.570310264839,13.4296897351605,418.506704112502));
#964=CARTESIAN_POINT('Ctrl Pts',(-160.,13.4296897351605,418.506704112502));
#965=CARTESIAN_POINT('Ctrl Pts',(-173.429689735161,13.4296897351605,418.506704112502));
#966=CARTESIAN_POINT('Ctrl Pts',(-173.429689735161,0.,418.506704112502));
#967=CARTESIAN_POINT('Ctrl Pts',(-173.429689735161,-13.4296897351605,418.506704112502));
#968=CARTESIAN_POINT('Ctrl Pts',(-160.,-13.4296897351605,418.506704112502));
#969=CARTESIAN_POINT('Ctrl Pts',(-160.,-13.6215711413988,418.12301625627));
#970=CARTESIAN_POINT('Ctrl Pts',(-146.378428858601,-13.6215711413988,418.12301625627));
#971=CARTESIAN_POINT('Ctrl Pts',(-146.378428858601,0.,418.12301625627));
#972=CARTESIAN_POINT('Ctrl Pts',(-146.378428858601,13.6215711413988,418.12301625627));
#973=CARTESIAN_POINT('Ctrl Pts',(-160.,13.6215711413988,418.12301625627));
#974=CARTESIAN_POINT('Ctrl Pts',(-173.621571141399,13.6215711413988,418.12301625627));
#975=CARTESIAN_POINT('Ctrl Pts',(-173.621571141399,0.,418.12301625627));
#976=CARTESIAN_POINT('Ctrl Pts',(-173.621571141399,-13.6215711413988,418.12301625627));
#977=CARTESIAN_POINT('Ctrl Pts',(-160.,-13.6215711413988,418.12301625627));
#978=CARTESIAN_POINT('Ctrl Pts',(-160.,-13.815488496234,417.735082503867));
#979=CARTESIAN_POINT('Ctrl Pts',(-146.184511503766,-13.815488496234,417.735082503867));
#980=CARTESIAN_POINT('Ctrl Pts',(-146.184511503766,0.,417.735082503867));
#981=CARTESIAN_POINT('Ctrl Pts',(-146.184511503766,13.815488496234,417.735082503867));
#982=CARTESIAN_POINT('Ctrl Pts',(-160.,13.815488496234,417.735082503867));
#983=CARTESIAN_POINT('Ctrl Pts',(-173.815488496234,13.815488496234,417.735082503867));
#984=CARTESIAN_POINT('Ctrl Pts',(-173.815488496234,0.,417.735082503867));
#985=CARTESIAN_POINT('Ctrl Pts',(-173.815488496234,-13.815488496234,417.735082503867));
#986=CARTESIAN_POINT('Ctrl Pts',(-160.,-13.815488496234,417.735082503867));
#987=CARTESIAN_POINT('Ctrl Pts',(-160.,-14.0123507140287,417.341272204735));
#988=CARTESIAN_POINT('Ctrl Pts',(-145.987649285971,-14.0123507140287,417.341272204735));
#989=CARTESIAN_POINT('Ctrl Pts',(-145.987649285971,0.,417.341272204735));
#990=CARTESIAN_POINT('Ctrl Pts',(-145.987649285971,14.0123507140287,417.341272204735));
#991=CARTESIAN_POINT('Ctrl Pts',(-160.,14.0123507140287,417.341272204735));
#992=CARTESIAN_POINT('Ctrl Pts',(-174.012350714029,14.0123507140287,417.341272204735));
#993=CARTESIAN_POINT('Ctrl Pts',(-174.012350714029,0.,417.341272204735));
#994=CARTESIAN_POINT('Ctrl Pts',(-174.012350714029,-14.0123507140287,417.341272204735));
#995=CARTESIAN_POINT('Ctrl Pts',(-160.,-14.0123507140287,417.341272204735));
#996=CARTESIAN_POINT('Ctrl Pts',(-160.,-14.2121721284505,416.941210221774));
#997=CARTESIAN_POINT('Ctrl Pts',(-145.787827871549,-14.2121721284505,416.941210221774));
#998=CARTESIAN_POINT('Ctrl Pts',(-145.787827871549,0.,416.941210221774));
#999=CARTESIAN_POINT('Ctrl Pts',(-145.787827871549,14.2121721284505,416.941210221774));
#1000=CARTESIAN_POINT('Ctrl Pts',(-160.,14.2121721284505,416.941210221774));
#1001=CARTESIAN_POINT('Ctrl Pts',(-174.212172128451,14.2121721284505,416.941210221774));
#1002=CARTESIAN_POINT('Ctrl Pts',(-174.212172128451,0.,416.941210221774));
#1003=CARTESIAN_POINT('Ctrl Pts',(-174.212172128451,-14.2121721284505,416.941210221774));
#1004=CARTESIAN_POINT('Ctrl Pts',(-160.,-14.2121721284505,416.941210221774));
#1005=CARTESIAN_POINT('Ctrl Pts',(-160.,-14.4142795481978,416.53552244593));
#1006=CARTESIAN_POINT('Ctrl Pts',(-145.585720451802,-14.4142795481978,416.53552244593));
#1007=CARTESIAN_POINT('Ctrl Pts',(-145.585720451802,0.,416.53552244593));
#1008=CARTESIAN_POINT('Ctrl Pts',(-145.585720451802,14.4142795481978,416.53552244593));
#1009=CARTESIAN_POINT('Ctrl Pts',(-160.,14.4142795481978,416.53552244593));
#1010=CARTESIAN_POINT('Ctrl Pts',(-174.414279548198,14.4142795481978,416.53552244593));
#1011=CARTESIAN_POINT('Ctrl Pts',(-174.414279548198,0.,416.53552244593));
#1012=CARTESIAN_POINT('Ctrl Pts',(-174.414279548198,-14.4142795481978,416.53552244593));
#1013=CARTESIAN_POINT('Ctrl Pts',(-160.,-14.4142795481978,416.53552244593));
#1014=CARTESIAN_POINT('Ctrl Pts',(-160.,-14.6175769859459,416.12549763366));
#1015=CARTESIAN_POINT('Ctrl Pts',(-145.382423014054,-14.6175769859459,416.12549763366));
#1016=CARTESIAN_POINT('Ctrl Pts',(-145.382423014054,0.,416.12549763366));
#1017=CARTESIAN_POINT('Ctrl Pts',(-145.382423014054,14.6175769859459,416.12549763366));
#1018=CARTESIAN_POINT('Ctrl Pts',(-160.,14.6175769859459,416.12549763366));
#1019=CARTESIAN_POINT('Ctrl Pts',(-174.617576985946,14.6175769859459,416.12549763366));
#1020=CARTESIAN_POINT('Ctrl Pts',(-174.617576985946,0.,416.12549763366));
#1021=CARTESIAN_POINT('Ctrl Pts',(-174.617576985946,-14.6175769859459,416.12549763366));
#1022=CARTESIAN_POINT('Ctrl Pts',(-160.,-14.6175769859459,416.12549763366));
#1023=CARTESIAN_POINT('Ctrl Pts',(-160.,-14.8207939242655,415.712775786672));
#1024=CARTESIAN_POINT('Ctrl Pts',(-145.179206075735,-14.8207939242655,415.712775786672));
#1025=CARTESIAN_POINT('Ctrl Pts',(-145.179206075735,0.,415.712775786672));
#1026=CARTESIAN_POINT('Ctrl Pts',(-145.179206075735,14.8207939242655,415.712775786672));
#1027=CARTESIAN_POINT('Ctrl Pts',(-160.,14.8207939242655,415.712775786672));
#1028=CARTESIAN_POINT('Ctrl Pts',(-174.820793924265,14.8207939242655,415.712775786672));
#1029=CARTESIAN_POINT('Ctrl Pts',(-174.820793924265,0.,415.712775786672));
#1030=CARTESIAN_POINT('Ctrl Pts',(-174.820793924265,-14.8207939242655,415.712775786672));
#1031=CARTESIAN_POINT('Ctrl Pts',(-160.,-14.8207939242655,415.712775786672));
#1032=CARTESIAN_POINT('Ctrl Pts',(-160.,-15.0227212510692,415.299047079436));
#1033=CARTESIAN_POINT('Ctrl Pts',(-144.977278748931,-15.0227212510692,415.299047079436));
#1034=CARTESIAN_POINT('Ctrl Pts',(-144.977278748931,0.,415.299047079436));
#1035=CARTESIAN_POINT('Ctrl Pts',(-144.977278748931,15.0227212510692,415.299047079436));
#1036=CARTESIAN_POINT('Ctrl Pts',(-160.,15.0227212510692,415.299047079436));
#1037=CARTESIAN_POINT('Ctrl Pts',(-175.022721251069,15.0227212510692,415.299047079436));
#1038=CARTESIAN_POINT('Ctrl Pts',(-175.022721251069,0.,415.299047079436));
#1039=CARTESIAN_POINT('Ctrl Pts',(-175.022721251069,-15.0227212510692,415.299047079436));
#1040=CARTESIAN_POINT('Ctrl Pts',(-160.,-15.0227212510692,415.299047079436));
#1041=CARTESIAN_POINT('Ctrl Pts',(-160.,-15.2225012290437,414.885691152862));
#1042=CARTESIAN_POINT('Ctrl Pts',(-144.777498770956,-15.2225012290437,414.885691152862));
#1043=CARTESIAN_POINT('Ctrl Pts',(-144.777498770956,0.,414.885691152862));
#1044=CARTESIAN_POINT('Ctrl Pts',(-144.777498770956,15.2225012290437,414.885691152862));
#1045=CARTESIAN_POINT('Ctrl Pts',(-160.,15.2225012290437,414.885691152862));
#1046=CARTESIAN_POINT('Ctrl Pts',(-175.222501229044,15.2225012290437,414.885691152862));
#1047=CARTESIAN_POINT('Ctrl Pts',(-175.222501229044,0.,414.885691152862));
#1048=CARTESIAN_POINT('Ctrl Pts',(-175.222501229044,-15.2225012290437,414.885691152862));
#1049=CARTESIAN_POINT('Ctrl Pts',(-160.,-15.2225012290437,414.885691152862));
#1050=CARTESIAN_POINT('Ctrl Pts',(-160.,-15.4196679611655,414.473698004003));
#1051=CARTESIAN_POINT('Ctrl Pts',(-144.580332038834,-15.4196679611655,414.473698004003));
#1052=CARTESIAN_POINT('Ctrl Pts',(-144.580332038834,0.,414.473698004003));
#1053=CARTESIAN_POINT('Ctrl Pts',(-144.580332038834,15.4196679611655,414.473698004003));
#1054=CARTESIAN_POINT('Ctrl Pts',(-160.,15.4196679611655,414.473698004003));
#1055=CARTESIAN_POINT('Ctrl Pts',(-175.419667961166,15.4196679611655,414.473698004003));
#1056=CARTESIAN_POINT('Ctrl Pts',(-175.419667961166,0.,414.473698004003));
#1057=CARTESIAN_POINT('Ctrl Pts',(-175.419667961166,-15.4196679611655,414.473698004003));
#1058=CARTESIAN_POINT('Ctrl Pts',(-160.,-15.4196679611655,414.473698004003));
#1059=CARTESIAN_POINT('Ctrl Pts',(-160.,-15.6140278141433,414.063770380453));
#1060=CARTESIAN_POINT('Ctrl Pts',(-144.385972185857,-15.6140278141433,414.063770380453));
#1061=CARTESIAN_POINT('Ctrl Pts',(-144.385972185857,0.,414.063770380453));
#1062=CARTESIAN_POINT('Ctrl Pts',(-144.385972185857,15.6140278141433,414.063770380453));
#1063=CARTESIAN_POINT('Ctrl Pts',(-160.,15.6140278141433,414.063770380453));
#1064=CARTESIAN_POINT('Ctrl Pts',(-175.614027814143,15.6140278141433,414.063770380453));
#1065=CARTESIAN_POINT('Ctrl Pts',(-175.614027814143,0.,414.063770380453));
#1066=CARTESIAN_POINT('Ctrl Pts',(-175.614027814143,-15.6140278141433,414.063770380453));
#1067=CARTESIAN_POINT('Ctrl Pts',(-160.,-15.6140278141433,414.063770380453));
#1068=CARTESIAN_POINT('Ctrl Pts',(-160.,-15.8055873615656,413.656371927874));
#1069=CARTESIAN_POINT('Ctrl Pts',(-144.194412638434,-15.8055873615656,413.656371927874));
#1070=CARTESIAN_POINT('Ctrl Pts',(-144.194412638434,0.,413.656371927874));
#1071=CARTESIAN_POINT('Ctrl Pts',(-144.194412638434,15.8055873615656,413.656371927874));
#1072=CARTESIAN_POINT('Ctrl Pts',(-160.,15.8055873615656,413.656371927874));
#1073=CARTESIAN_POINT('Ctrl Pts',(-175.805587361566,15.8055873615656,413.656371927874));
#1074=CARTESIAN_POINT('Ctrl Pts',(-175.805587361566,0.,413.656371927874));
#1075=CARTESIAN_POINT('Ctrl Pts',(-175.805587361566,-15.8055873615656,413.656371927874));
#1076=CARTESIAN_POINT('Ctrl Pts',(-160.,-15.8055873615656,413.656371927874));
#1077=CARTESIAN_POINT('Ctrl Pts',(-160.,-15.9944634250969,413.25179649481));
#1078=CARTESIAN_POINT('Ctrl Pts',(-144.005536574903,-15.9944634250969,413.25179649481));
#1079=CARTESIAN_POINT('Ctrl Pts',(-144.005536574903,0.,413.25179649481));
#1080=CARTESIAN_POINT('Ctrl Pts',(-144.005536574903,15.9944634250969,413.25179649481));
#1081=CARTESIAN_POINT('Ctrl Pts',(-160.,15.9944634250969,413.25179649481));
#1082=CARTESIAN_POINT('Ctrl Pts',(-175.994463425097,15.9944634250969,413.25179649481));
#1083=CARTESIAN_POINT('Ctrl Pts',(-175.994463425097,0.,413.25179649481));
#1084=CARTESIAN_POINT('Ctrl Pts',(-175.994463425097,-15.9944634250969,413.25179649481));
#1085=CARTESIAN_POINT('Ctrl Pts',(-160.,-15.9944634250969,413.25179649481));
#1086=CARTESIAN_POINT('Ctrl Pts',(-160.,-16.1807968323789,412.85023122461));
#1087=CARTESIAN_POINT('Ctrl Pts',(-143.819203167621,-16.1807968323789,412.85023122461));
#1088=CARTESIAN_POINT('Ctrl Pts',(-143.819203167621,0.,412.85023122461));
#1089=CARTESIAN_POINT('Ctrl Pts',(-143.819203167621,16.1807968323789,412.85023122461));
#1090=CARTESIAN_POINT('Ctrl Pts',(-160.,16.1807968323789,412.85023122461));
#1091=CARTESIAN_POINT('Ctrl Pts',(-176.180796832379,16.1807968323789,412.85023122461));
#1092=CARTESIAN_POINT('Ctrl Pts',(-176.180796832379,0.,412.85023122461));
#1093=CARTESIAN_POINT('Ctrl Pts',(-176.180796832379,-16.1807968323789,412.85023122461));
#1094=CARTESIAN_POINT('Ctrl Pts',(-160.,-16.1807968323789,412.85023122461));
#1095=CARTESIAN_POINT('Ctrl Pts',(-160.,-16.3646738736923,412.451815580747));
#1096=CARTESIAN_POINT('Ctrl Pts',(-143.635326126308,-16.3646738736923,412.451815580747));
#1097=CARTESIAN_POINT('Ctrl Pts',(-143.635326126308,0.,412.451815580747));
#1098=CARTESIAN_POINT('Ctrl Pts',(-143.635326126308,16.3646738736923,412.451815580747));
#1099=CARTESIAN_POINT('Ctrl Pts',(-160.,16.3646738736923,412.451815580747));
#1100=CARTESIAN_POINT('Ctrl Pts',(-176.364673873692,16.3646738736923,412.451815580747));
#1101=CARTESIAN_POINT('Ctrl Pts',(-176.364673873692,0.,412.451815580747));
#1102=CARTESIAN_POINT('Ctrl Pts',(-176.364673873692,-16.3646738736923,412.451815580747));
#1103=CARTESIAN_POINT('Ctrl Pts',(-160.,-16.3646738736923,412.451815580747));
#1104=CARTESIAN_POINT('Ctrl Pts',(-160.,-16.5460210267641,412.056719071969));
#1105=CARTESIAN_POINT('Ctrl Pts',(-143.453978973236,-16.5460210267641,412.056719071969));
#1106=CARTESIAN_POINT('Ctrl Pts',(-143.453978973236,0.,412.056719071969));
#1107=CARTESIAN_POINT('Ctrl Pts',(-143.453978973236,16.5460210267641,412.056719071969));
#1108=CARTESIAN_POINT('Ctrl Pts',(-160.,16.5460210267641,412.056719071969));
#1109=CARTESIAN_POINT('Ctrl Pts',(-176.546021026764,16.5460210267641,412.056719071969));
#1110=CARTESIAN_POINT('Ctrl Pts',(-176.546021026764,0.,412.056719071969));
#1111=CARTESIAN_POINT('Ctrl Pts',(-176.546021026764,-16.5460210267641,412.056719071969));
#1112=CARTESIAN_POINT('Ctrl Pts',(-160.,-16.5460210267641,412.056719071969));
#1113=CARTESIAN_POINT('Ctrl Pts',(-160.,-16.7246230680453,411.665129895583));
#1114=CARTESIAN_POINT('Ctrl Pts',(-143.275376931955,-16.7246230680453,411.665129895583));
#1115=CARTESIAN_POINT('Ctrl Pts',(-143.275376931955,0.,411.665129895583));
#1116=CARTESIAN_POINT('Ctrl Pts',(-143.275376931955,16.7246230680453,411.665129895583));
#1117=CARTESIAN_POINT('Ctrl Pts',(-160.,16.7246230680453,411.665129895583));
#1118=CARTESIAN_POINT('Ctrl Pts',(-176.724623068045,16.7246230680453,411.665129895583));
#1119=CARTESIAN_POINT('Ctrl Pts',(-176.724623068045,0.,411.665129895583));
#1120=CARTESIAN_POINT('Ctrl Pts',(-176.724623068045,-16.7246230680453,411.665129895583));
#1121=CARTESIAN_POINT('Ctrl Pts',(-160.,-16.7246230680453,411.665129895583));
#1122=CARTESIAN_POINT('Ctrl Pts',(-160.,-16.9002152222436,411.277189794856));
#1123=CARTESIAN_POINT('Ctrl Pts',(-143.099784777756,-16.9002152222436,411.277189794856));
#1124=CARTESIAN_POINT('Ctrl Pts',(-143.099784777756,0.,411.277189794856));
#1125=CARTESIAN_POINT('Ctrl Pts',(-143.099784777756,16.9002152222436,411.277189794856));
#1126=CARTESIAN_POINT('Ctrl Pts',(-160.,16.9002152222436,411.277189794856));
#1127=CARTESIAN_POINT('Ctrl Pts',(-176.900215222244,16.9002152222436,411.277189794856));
#1128=CARTESIAN_POINT('Ctrl Pts',(-176.900215222244,0.,411.277189794856));
#1129=CARTESIAN_POINT('Ctrl Pts',(-176.900215222244,-16.9002152222436,411.277189794856));
#1130=CARTESIAN_POINT('Ctrl Pts',(-160.,-16.9002152222436,411.277189794856));
#1131=CARTESIAN_POINT('Ctrl Pts',(-160.,-17.0725525020337,410.892945561087));
#1132=CARTESIAN_POINT('Ctrl Pts',(-142.927447497966,-17.0725525020337,410.892945561087));
#1133=CARTESIAN_POINT('Ctrl Pts',(-142.927447497966,0.,410.892945561087));
#1134=CARTESIAN_POINT('Ctrl Pts',(-142.927447497966,17.0725525020337,410.892945561087));
#1135=CARTESIAN_POINT('Ctrl Pts',(-160.,17.0725525020337,410.892945561087));
#1136=CARTESIAN_POINT('Ctrl Pts',(-177.072552502034,17.0725525020337,410.892945561087));
#1137=CARTESIAN_POINT('Ctrl Pts',(-177.072552502034,0.,410.892945561087));
#1138=CARTESIAN_POINT('Ctrl Pts',(-177.072552502034,-17.0725525020337,410.892945561087));
#1139=CARTESIAN_POINT('Ctrl Pts',(-160.,-17.0725525020337,410.892945561087));
#1140=CARTESIAN_POINT('Ctrl Pts',(-160.,-17.2414889428009,410.512293164534));
#1141=CARTESIAN_POINT('Ctrl Pts',(-142.758511057199,-17.2414889428009,410.512293164534));
#1142=CARTESIAN_POINT('Ctrl Pts',(-142.758511057199,0.,410.512293164534));
#1143=CARTESIAN_POINT('Ctrl Pts',(-142.758511057199,17.2414889428009,410.512293164534));
#1144=CARTESIAN_POINT('Ctrl Pts',(-160.,17.2414889428009,410.512293164534));
#1145=CARTESIAN_POINT('Ctrl Pts',(-177.241488942801,17.2414889428009,410.512293164534));
#1146=CARTESIAN_POINT('Ctrl Pts',(-177.241488942801,0.,410.512293164534));
#1147=CARTESIAN_POINT('Ctrl Pts',(-177.241488942801,-17.2414889428009,410.512293164534));
#1148=CARTESIAN_POINT('Ctrl Pts',(-160.,-17.2414889428009,410.512293164534));
#1149=CARTESIAN_POINT('Ctrl Pts',(-160.,-17.4070515523167,410.134926129374));
#1150=CARTESIAN_POINT('Ctrl Pts',(-142.592948447683,-17.4070515523167,410.134926129374));
#1151=CARTESIAN_POINT('Ctrl Pts',(-142.592948447683,0.,410.134926129374));
#1152=CARTESIAN_POINT('Ctrl Pts',(-142.592948447683,17.4070515523167,410.134926129374));
#1153=CARTESIAN_POINT('Ctrl Pts',(-160.,17.4070515523167,410.134926129374));
#1154=CARTESIAN_POINT('Ctrl Pts',(-177.407051552317,17.4070515523167,410.134926129374));
#1155=CARTESIAN_POINT('Ctrl Pts',(-177.407051552317,0.,410.134926129374));
#1156=CARTESIAN_POINT('Ctrl Pts',(-177.407051552317,-17.4070515523167,410.134926129374));
#1157=CARTESIAN_POINT('Ctrl Pts',(-160.,-17.4070515523167,410.134926129374));
#1158=CARTESIAN_POINT('Ctrl Pts',(-160.,-17.5695190306736,409.760279474717));
#1159=CARTESIAN_POINT('Ctrl Pts',(-142.430480969326,-17.5695190306736,409.760279474717));
#1160=CARTESIAN_POINT('Ctrl Pts',(-142.430480969326,0.,409.760279474717));
#1161=CARTESIAN_POINT('Ctrl Pts',(-142.430480969326,17.5695190306736,409.760279474717));
#1162=CARTESIAN_POINT('Ctrl Pts',(-160.,17.5695190306736,409.760279474717));
#1163=CARTESIAN_POINT('Ctrl Pts',(-177.569519030674,17.5695190306736,409.760279474717));
#1164=CARTESIAN_POINT('Ctrl Pts',(-177.569519030674,0.,409.760279474717));
#1165=CARTESIAN_POINT('Ctrl Pts',(-177.569519030674,-17.5695190306736,409.760279474717));
#1166=CARTESIAN_POINT('Ctrl Pts',(-160.,-17.5695190306736,409.760279474717));
#1167=CARTESIAN_POINT('Ctrl Pts',(-160.,-17.729491530249,409.387482747746));
#1168=CARTESIAN_POINT('Ctrl Pts',(-142.270508469751,-17.729491530249,409.387482747746));
#1169=CARTESIAN_POINT('Ctrl Pts',(-142.270508469751,0.,409.387482747746));
#1170=CARTESIAN_POINT('Ctrl Pts',(-142.270508469751,17.729491530249,409.387482747746));
#1171=CARTESIAN_POINT('Ctrl Pts',(-160.,17.729491530249,409.387482747746));
#1172=CARTESIAN_POINT('Ctrl Pts',(-177.729491530249,17.729491530249,409.387482747746));
#1173=CARTESIAN_POINT('Ctrl Pts',(-177.729491530249,0.,409.387482747746));
#1174=CARTESIAN_POINT('Ctrl Pts',(-177.729491530249,-17.729491530249,409.387482747746));
#1175=CARTESIAN_POINT('Ctrl Pts',(-160.,-17.729491530249,409.387482747746));
#1176=CARTESIAN_POINT('Ctrl Pts',(-160.,-17.8877433527474,409.015534700143));
#1177=CARTESIAN_POINT('Ctrl Pts',(-142.112256647253,-17.8877433527474,409.015534700143));
#1178=CARTESIAN_POINT('Ctrl Pts',(-142.112256647253,0.,409.015534700143));
#1179=CARTESIAN_POINT('Ctrl Pts',(-142.112256647253,17.8877433527474,409.015534700143));
#1180=CARTESIAN_POINT('Ctrl Pts',(-160.,17.8877433527474,409.015534700143));
#1181=CARTESIAN_POINT('Ctrl Pts',(-177.887743352747,17.8877433527474,409.015534700143));
#1182=CARTESIAN_POINT('Ctrl Pts',(-177.887743352747,0.,409.015534700143));
#1183=CARTESIAN_POINT('Ctrl Pts',(-177.887743352747,-17.8877433527474,409.015534700143));
#1184=CARTESIAN_POINT('Ctrl Pts',(-160.,-17.8877433527474,409.015534700143));
#1185=CARTESIAN_POINT('Ctrl Pts',(-160.,-18.0450808331788,408.643473443825));
#1186=CARTESIAN_POINT('Ctrl Pts',(-141.954919166821,-18.0450808331788,408.643473443825));
#1187=CARTESIAN_POINT('Ctrl Pts',(-141.954919166821,0.,408.643473443825));
#1188=CARTESIAN_POINT('Ctrl Pts',(-141.954919166821,18.0450808331788,408.643473443825));
#1189=CARTESIAN_POINT('Ctrl Pts',(-160.,18.0450808331788,408.643473443825));
#1190=CARTESIAN_POINT('Ctrl Pts',(-178.045080833179,18.0450808331788,408.643473443825));
#1191=CARTESIAN_POINT('Ctrl Pts',(-178.045080833179,0.,408.643473443825));
#1192=CARTESIAN_POINT('Ctrl Pts',(-178.045080833179,-18.0450808331788,408.643473443825));
#1193=CARTESIAN_POINT('Ctrl Pts',(-160.,-18.0450808331788,408.643473443825));
#1194=CARTESIAN_POINT('Ctrl Pts',(-160.,-18.2022019327638,408.27054297768));
#1195=CARTESIAN_POINT('Ctrl Pts',(-141.797798067236,-18.2022019327638,408.27054297768));
#1196=CARTESIAN_POINT('Ctrl Pts',(-141.797798067236,0.,408.27054297768));
#1197=CARTESIAN_POINT('Ctrl Pts',(-141.797798067236,18.2022019327638,408.27054297768));
#1198=CARTESIAN_POINT('Ctrl Pts',(-160.,18.2022019327638,408.27054297768));
#1199=CARTESIAN_POINT('Ctrl Pts',(-178.202201932764,18.2022019327638,408.27054297768));
#1200=CARTESIAN_POINT('Ctrl Pts',(-178.202201932764,0.,408.27054297768));
#1201=CARTESIAN_POINT('Ctrl Pts',(-178.202201932764,-18.2022019327638,408.27054297768));
#1202=CARTESIAN_POINT('Ctrl Pts',(-160.,-18.2022019327638,408.27054297768));
#1203=CARTESIAN_POINT('Ctrl Pts',(-160.,-18.3595468510211,407.896373319337));
#1204=CARTESIAN_POINT('Ctrl Pts',(-141.640453148979,-18.3595468510211,407.896373319337));
#1205=CARTESIAN_POINT('Ctrl Pts',(-141.640453148979,0.,407.896373319337));
#1206=CARTESIAN_POINT('Ctrl Pts',(-141.640453148979,18.3595468510211,407.896373319337));
#1207=CARTESIAN_POINT('Ctrl Pts',(-160.,18.3595468510211,407.896373319337));
#1208=CARTESIAN_POINT('Ctrl Pts',(-178.359546851021,18.3595468510211,407.896373319337));
#1209=CARTESIAN_POINT('Ctrl Pts',(-178.359546851021,0.,407.896373319337));
#1210=CARTESIAN_POINT('Ctrl Pts',(-178.359546851021,-18.3595468510211,407.896373319337));
#1211=CARTESIAN_POINT('Ctrl Pts',(-160.,-18.3595468510211,407.896373319337));
#1212=CARTESIAN_POINT('Ctrl Pts',(-160.,-18.5171717993122,407.521126593098));
#1213=CARTESIAN_POINT('Ctrl Pts',(-141.482828200688,-18.5171717993122,407.521126593098));
#1214=CARTESIAN_POINT('Ctrl Pts',(-141.482828200688,0.,407.521126593098));
#1215=CARTESIAN_POINT('Ctrl Pts',(-141.482828200688,18.5171717993122,407.521126593098));
#1216=CARTESIAN_POINT('Ctrl Pts',(-160.,18.5171717993122,407.521126593098));
#1217=CARTESIAN_POINT('Ctrl Pts',(-178.517171799312,18.5171717993122,407.521126593098));
#1218=CARTESIAN_POINT('Ctrl Pts',(-178.517171799312,0.,407.521126593098));
#1219=CARTESIAN_POINT('Ctrl Pts',(-178.517171799312,-18.5171717993122,407.521126593098));
#1220=CARTESIAN_POINT('Ctrl Pts',(-160.,-18.5171717993122,407.521126593098));
#1221=CARTESIAN_POINT('Ctrl Pts',(-160.,-18.6745628977072,407.145730706923));
#1222=CARTESIAN_POINT('Ctrl Pts',(-141.325437102293,-18.6745628977072,407.145730706923));
#1223=CARTESIAN_POINT('Ctrl Pts',(-141.325437102293,0.,407.145730706923));
#1224=CARTESIAN_POINT('Ctrl Pts',(-141.325437102293,18.6745628977072,407.145730706923));
#1225=CARTESIAN_POINT('Ctrl Pts',(-160.,18.6745628977072,407.145730706923));
#1226=CARTESIAN_POINT('Ctrl Pts',(-178.674562897707,18.6745628977072,407.145730706923));
#1227=CARTESIAN_POINT('Ctrl Pts',(-178.674562897707,0.,407.145730706923));
#1228=CARTESIAN_POINT('Ctrl Pts',(-178.674562897707,-18.6745628977072,407.145730706923));
#1229=CARTESIAN_POINT('Ctrl Pts',(-160.,-18.6745628977072,407.145730706923));
#1230=CARTESIAN_POINT('Ctrl Pts',(-160.,-18.830797475602,406.771604322898));
#1231=CARTESIAN_POINT('Ctrl Pts',(-141.169202524398,-18.830797475602,406.771604322898));
#1232=CARTESIAN_POINT('Ctrl Pts',(-141.169202524398,0.,406.771604322898));
#1233=CARTESIAN_POINT('Ctrl Pts',(-141.169202524398,18.830797475602,406.771604322898));
#1234=CARTESIAN_POINT('Ctrl Pts',(-160.,18.830797475602,406.771604322898));
#1235=CARTESIAN_POINT('Ctrl Pts',(-178.830797475602,18.830797475602,406.771604322898));
#1236=CARTESIAN_POINT('Ctrl Pts',(-178.830797475602,0.,406.771604322898));
#1237=CARTESIAN_POINT('Ctrl Pts',(-178.830797475602,-18.830797475602,406.771604322898));
#1238=CARTESIAN_POINT('Ctrl Pts',(-160.,-18.830797475602,406.771604322898));
#1239=CARTESIAN_POINT('Ctrl Pts',(-160.,-18.9848236785292,406.400206862658));
#1240=CARTESIAN_POINT('Ctrl Pts',(-141.015176321471,-18.9848236785292,406.400206862658));
#1241=CARTESIAN_POINT('Ctrl Pts',(-141.015176321471,0.,406.400206862658));
#1242=CARTESIAN_POINT('Ctrl Pts',(-141.015176321471,18.9848236785292,406.400206862658));
#1243=CARTESIAN_POINT('Ctrl Pts',(-160.,18.9848236785292,406.400206862658));
#1244=CARTESIAN_POINT('Ctrl Pts',(-178.984823678529,18.9848236785292,406.400206862658));
#1245=CARTESIAN_POINT('Ctrl Pts',(-178.984823678529,0.,406.400206862658));
#1246=CARTESIAN_POINT('Ctrl Pts',(-178.984823678529,-18.9848236785292,406.400206862658));
#1247=CARTESIAN_POINT('Ctrl Pts',(-160.,-18.9848236785292,406.400206862658));
#1248=CARTESIAN_POINT('Ctrl Pts',(-160.,-19.135693489721,406.032660345443));
#1249=CARTESIAN_POINT('Ctrl Pts',(-140.864306510279,-19.135693489721,406.032660345443));
#1250=CARTESIAN_POINT('Ctrl Pts',(-140.864306510279,0.,406.032660345443));
#1251=CARTESIAN_POINT('Ctrl Pts',(-140.864306510279,19.135693489721,406.032660345443));
#1252=CARTESIAN_POINT('Ctrl Pts',(-160.,19.135693489721,406.032660345443));
#1253=CARTESIAN_POINT('Ctrl Pts',(-179.135693489721,19.135693489721,406.032660345443));
#1254=CARTESIAN_POINT('Ctrl Pts',(-179.135693489721,0.,406.032660345443));
#1255=CARTESIAN_POINT('Ctrl Pts',(-179.135693489721,-19.135693489721,406.032660345443));
#1256=CARTESIAN_POINT('Ctrl Pts',(-160.,-19.135693489721,406.032660345443));
#1257=CARTESIAN_POINT('Ctrl Pts',(-160.,-19.2828315710958,405.669310451938));
#1258=CARTESIAN_POINT('Ctrl Pts',(-140.717168428904,-19.2828315710958,405.669310451938));
#1259=CARTESIAN_POINT('Ctrl Pts',(-140.717168428904,0.,405.669310451938));
#1260=CARTESIAN_POINT('Ctrl Pts',(-140.717168428904,19.2828315710958,405.669310451938));
#1261=CARTESIAN_POINT('Ctrl Pts',(-160.,19.2828315710958,405.669310451938));
#1262=CARTESIAN_POINT('Ctrl Pts',(-179.282831571096,19.2828315710958,405.669310451938));
#1263=CARTESIAN_POINT('Ctrl Pts',(-179.282831571096,0.,405.669310451938));
#1264=CARTESIAN_POINT('Ctrl Pts',(-179.282831571096,-19.2828315710958,405.669310451938));
#1265=CARTESIAN_POINT('Ctrl Pts',(-160.,-19.2828315710958,405.669310451938));
#1266=CARTESIAN_POINT('Ctrl Pts',(-160.,-19.4262507478665,405.309385074483));
#1267=CARTESIAN_POINT('Ctrl Pts',(-140.573749252134,-19.4262507478665,405.309385074483));
#1268=CARTESIAN_POINT('Ctrl Pts',(-140.573749252134,0.,405.309385074483));
#1269=CARTESIAN_POINT('Ctrl Pts',(-140.573749252134,19.4262507478665,405.309385074483));
#1270=CARTESIAN_POINT('Ctrl Pts',(-160.,19.4262507478665,405.309385074483));
#1271=CARTESIAN_POINT('Ctrl Pts',(-179.426250747866,19.4262507478665,405.309385074483));
#1272=CARTESIAN_POINT('Ctrl Pts',(-179.426250747866,0.,405.309385074483));
#1273=CARTESIAN_POINT('Ctrl Pts',(-179.426250747866,-19.4262507478665,405.309385074483));
#1274=CARTESIAN_POINT('Ctrl Pts',(-160.,-19.4262507478665,405.309385074483));
#1275=CARTESIAN_POINT('Ctrl Pts',(-160.,-19.5668848334783,404.950433461792));
#1276=CARTESIAN_POINT('Ctrl Pts',(-140.433115166522,-19.5668848334783,404.950433461792));
#1277=CARTESIAN_POINT('Ctrl Pts',(-140.433115166522,0.,404.950433461792));
#1278=CARTESIAN_POINT('Ctrl Pts',(-140.433115166522,19.5668848334783,404.950433461792));
#1279=CARTESIAN_POINT('Ctrl Pts',(-160.,19.5668848334783,404.950433461792));
#1280=CARTESIAN_POINT('Ctrl Pts',(-179.566884833478,19.5668848334783,404.950433461792));
#1281=CARTESIAN_POINT('Ctrl Pts',(-179.566884833478,0.,404.950433461792));
#1282=CARTESIAN_POINT('Ctrl Pts',(-179.566884833478,-19.5668848334783,404.950433461792));
#1283=CARTESIAN_POINT('Ctrl Pts',(-160.,-19.5668848334783,404.950433461792));
#1284=CARTESIAN_POINT('Ctrl Pts',(-160.,-19.706482364697,404.588590686954));
#1285=CARTESIAN_POINT('Ctrl Pts',(-140.293517635303,-19.7064823646969,404.588590686954));
#1286=CARTESIAN_POINT('Ctrl Pts',(-140.293517635303,0.,404.588590686954));
#1287=CARTESIAN_POINT('Ctrl Pts',(-140.293517635303,19.7064823646969,404.588590686954));
#1288=CARTESIAN_POINT('Ctrl Pts',(-160.,19.706482364697,404.588590686954));
#1289=CARTESIAN_POINT('Ctrl Pts',(-179.706482364697,19.7064823646969,404.588590686954));
#1290=CARTESIAN_POINT('Ctrl Pts',(-179.706482364697,0.,404.588590686954));
#1291=CARTESIAN_POINT('Ctrl Pts',(-179.706482364697,-19.7064823646969,404.588590686954));
#1292=CARTESIAN_POINT('Ctrl Pts',(-160.,-19.706482364697,404.588590686954));
#1293=CARTESIAN_POINT('Ctrl Pts',(-160.,-19.8471080910974,404.219581463736));
#1294=CARTESIAN_POINT('Ctrl Pts',(-140.152891908903,-19.8471080910974,404.219581463736));
#1295=CARTESIAN_POINT('Ctrl Pts',(-140.152891908903,0.,404.219581463736));
#1296=CARTESIAN_POINT('Ctrl Pts',(-140.152891908903,19.8471080910974,404.219581463736));
#1297=CARTESIAN_POINT('Ctrl Pts',(-160.,19.8471080910974,404.219581463736));
#1298=CARTESIAN_POINT('Ctrl Pts',(-179.847108091097,19.8471080910974,404.219581463736));
#1299=CARTESIAN_POINT('Ctrl Pts',(-179.847108091097,0.,404.219581463736));
#1300=CARTESIAN_POINT('Ctrl Pts',(-179.847108091097,-19.8471080910974,404.219581463736));
#1301=CARTESIAN_POINT('Ctrl Pts',(-160.,-19.8471080910974,404.219581463736));
#1302=CARTESIAN_POINT('Ctrl Pts',(-160.,-19.9907613254911,403.839501663665));
#1303=CARTESIAN_POINT('Ctrl Pts',(-140.009238674509,-19.9907613254911,403.839501663665));
#1304=CARTESIAN_POINT('Ctrl Pts',(-140.009238674509,0.,403.839501663665));
#1305=CARTESIAN_POINT('Ctrl Pts',(-140.009238674509,19.9907613254911,403.839501663665));
#1306=CARTESIAN_POINT('Ctrl Pts',(-160.,19.9907613254911,403.839501663665));
#1307=CARTESIAN_POINT('Ctrl Pts',(-179.990761325491,19.9907613254911,403.839501663665));
#1308=CARTESIAN_POINT('Ctrl Pts',(-179.990761325491,0.,403.839501663665));
#1309=CARTESIAN_POINT('Ctrl Pts',(-179.990761325491,-19.9907613254911,403.839501663665));
#1310=CARTESIAN_POINT('Ctrl Pts',(-160.,-19.9907613254911,403.839501663665));
#1311=CARTESIAN_POINT('Ctrl Pts',(-160.,-20.1389306987831,403.445724920124));
#1312=CARTESIAN_POINT('Ctrl Pts',(-139.861069301217,-20.1389306987831,403.445724920124));
#1313=CARTESIAN_POINT('Ctrl Pts',(-139.861069301217,0.,403.445724920124));
#1314=CARTESIAN_POINT('Ctrl Pts',(-139.861069301217,20.1389306987831,403.445724920124));
#1315=CARTESIAN_POINT('Ctrl Pts',(-160.,20.1389306987831,403.445724920124));
#1316=CARTESIAN_POINT('Ctrl Pts',(-180.138930698783,20.1389306987831,403.445724920124));
#1317=CARTESIAN_POINT('Ctrl Pts',(-180.138930698783,0.,403.445724920124));
#1318=CARTESIAN_POINT('Ctrl Pts',(-180.138930698783,-20.1389306987831,403.445724920124));
#1319=CARTESIAN_POINT('Ctrl Pts',(-160.,-20.1389306987831,403.445724920124));
#1320=CARTESIAN_POINT('Ctrl Pts',(-160.,-20.2922123661008,403.037677350994));
#1321=CARTESIAN_POINT('Ctrl Pts',(-139.707787633899,-20.2922123661008,403.037677350994));
#1322=CARTESIAN_POINT('Ctrl Pts',(-139.707787633899,0.,403.037677350994));
#1323=CARTESIAN_POINT('Ctrl Pts',(-139.707787633899,20.2922123661008,403.037677350994));
#1324=CARTESIAN_POINT('Ctrl Pts',(-160.,20.2922123661008,403.037677350994));
#1325=CARTESIAN_POINT('Ctrl Pts',(-180.292212366101,20.2922123661008,403.037677350994));
#1326=CARTESIAN_POINT('Ctrl Pts',(-180.292212366101,0.,403.037677350994));
#1327=CARTESIAN_POINT('Ctrl Pts',(-180.292212366101,-20.2922123661008,403.037677350994));
#1328=CARTESIAN_POINT('Ctrl Pts',(-160.,-20.2922123661008,403.037677350994));
#1329=CARTESIAN_POINT('Ctrl Pts',(-160.,-20.4498135348731,402.617858019745));
#1330=CARTESIAN_POINT('Ctrl Pts',(-139.550186465127,-20.4498135348731,402.617858019745));
#1331=CARTESIAN_POINT('Ctrl Pts',(-139.550186465127,0.,402.617858019745));
#1332=CARTESIAN_POINT('Ctrl Pts',(-139.550186465127,20.4498135348731,402.617858019745));
#1333=CARTESIAN_POINT('Ctrl Pts',(-160.,20.4498135348731,402.617858019745));
#1334=CARTESIAN_POINT('Ctrl Pts',(-180.449813534873,20.4498135348731,402.617858019745));
#1335=CARTESIAN_POINT('Ctrl Pts',(-180.449813534873,0.,402.617858019745));
#1336=CARTESIAN_POINT('Ctrl Pts',(-180.449813534873,-20.4498135348731,402.617858019745));
#1337=CARTESIAN_POINT('Ctrl Pts',(-160.,-20.4498135348731,402.617858019745));
#1338=CARTESIAN_POINT('Ctrl Pts',(-160.,-20.6093845900308,402.192149727939));
#1339=CARTESIAN_POINT('Ctrl Pts',(-139.390615409969,-20.6093845900308,402.192149727939));
#1340=CARTESIAN_POINT('Ctrl Pts',(-139.390615409969,0.,402.192149727939));
#1341=CARTESIAN_POINT('Ctrl Pts',(-139.390615409969,20.6093845900308,402.192149727939));
#1342=CARTESIAN_POINT('Ctrl Pts',(-160.,20.6093845900308,402.192149727939));
#1343=CARTESIAN_POINT('Ctrl Pts',(-180.609384590031,20.6093845900308,402.192149727939));
#1344=CARTESIAN_POINT('Ctrl Pts',(-180.609384590031,0.,402.192149727939));
#1345=CARTESIAN_POINT('Ctrl Pts',(-180.609384590031,-20.6093845900308,402.192149727939));
#1346=CARTESIAN_POINT('Ctrl Pts',(-160.,-20.6093845900308,402.192149727939));
#1347=CARTESIAN_POINT('Ctrl Pts',(-160.,-20.7677175622984,401.768256388853));
#1348=CARTESIAN_POINT('Ctrl Pts',(-139.232282437702,-20.7677175622984,401.768256388853));
#1349=CARTESIAN_POINT('Ctrl Pts',(-139.232282437702,0.,401.768256388853));
#1350=CARTESIAN_POINT('Ctrl Pts',(-139.232282437702,20.7677175622984,401.768256388853));
#1351=CARTESIAN_POINT('Ctrl Pts',(-160.,20.7677175622984,401.768256388853));
#1352=CARTESIAN_POINT('Ctrl Pts',(-180.767717562298,20.7677175622984,401.768256388853));
#1353=CARTESIAN_POINT('Ctrl Pts',(-180.767717562298,0.,401.768256388853));
#1354=CARTESIAN_POINT('Ctrl Pts',(-180.767717562298,-20.7677175622984,401.768256388853));
#1355=CARTESIAN_POINT('Ctrl Pts',(-160.,-20.7677175622984,401.768256388853));
#1356=CARTESIAN_POINT('Ctrl Pts',(-160.,-20.9212916545221,401.354470575779));
#1357=CARTESIAN_POINT('Ctrl Pts',(-139.078708345478,-20.9212916545221,401.354470575779));
#1358=CARTESIAN_POINT('Ctrl Pts',(-139.078708345478,0.,401.354470575779));
#1359=CARTESIAN_POINT('Ctrl Pts',(-139.078708345478,20.9212916545221,401.354470575779));
#1360=CARTESIAN_POINT('Ctrl Pts',(-160.,20.9212916545221,401.354470575779));
#1361=CARTESIAN_POINT('Ctrl Pts',(-180.921291654522,20.9212916545221,401.354470575779));
#1362=CARTESIAN_POINT('Ctrl Pts',(-180.921291654522,0.,401.354470575779));
#1363=CARTESIAN_POINT('Ctrl Pts',(-180.921291654522,-20.9212916545221,401.354470575779));
#1364=CARTESIAN_POINT('Ctrl Pts',(-160.,-20.9212916545221,401.354470575779));
#1365=CARTESIAN_POINT('Ctrl Pts',(-160.,-21.0668637233845,400.958345437892));
#1366=CARTESIAN_POINT('Ctrl Pts',(-138.933136276616,-21.0668637233844,400.958345437892));
#1367=CARTESIAN_POINT('Ctrl Pts',(-138.933136276616,0.,400.958345437892));
#1368=CARTESIAN_POINT('Ctrl Pts',(-138.933136276616,21.0668637233844,400.958345437892));
#1369=CARTESIAN_POINT('Ctrl Pts',(-160.,21.0668637233845,400.958345437892));
#1370=CARTESIAN_POINT('Ctrl Pts',(-181.066863723384,21.0668637233844,400.958345437892));
#1371=CARTESIAN_POINT('Ctrl Pts',(-181.066863723384,0.,400.958345437892));
#1372=CARTESIAN_POINT('Ctrl Pts',(-181.066863723384,-21.0668637233844,400.958345437892));
#1373=CARTESIAN_POINT('Ctrl Pts',(-160.,-21.0668637233845,400.958345437892));
#1374=CARTESIAN_POINT('Ctrl Pts',(-160.,-21.2020751261811,400.585327399387));
#1375=CARTESIAN_POINT('Ctrl Pts',(-138.797924873819,-21.2020751261811,400.585327399387));
#1376=CARTESIAN_POINT('Ctrl Pts',(-138.797924873819,0.,400.585327399387));
#1377=CARTESIAN_POINT('Ctrl Pts',(-138.797924873819,21.2020751261811,400.585327399387));
#1378=CARTESIAN_POINT('Ctrl Pts',(-160.,21.2020751261811,400.585327399387));
#1379=CARTESIAN_POINT('Ctrl Pts',(-181.202075126181,21.2020751261811,400.585327399387));
#1380=CARTESIAN_POINT('Ctrl Pts',(-181.202075126181,0.,400.585327399387));
#1381=CARTESIAN_POINT('Ctrl Pts',(-181.202075126181,-21.2020751261811,400.585327399387));
#1382=CARTESIAN_POINT('Ctrl Pts',(-160.,-21.2020751261811,400.585327399387));
#1383=CARTESIAN_POINT('Ctrl Pts',(-160.,-21.325968522251,400.23759255431));
#1384=CARTESIAN_POINT('Ctrl Pts',(-138.674031477749,-21.325968522251,400.23759255431));
#1385=CARTESIAN_POINT('Ctrl Pts',(-138.674031477749,0.,400.23759255431));
#1386=CARTESIAN_POINT('Ctrl Pts',(-138.674031477749,21.325968522251,400.23759255431));
#1387=CARTESIAN_POINT('Ctrl Pts',(-160.,21.325968522251,400.23759255431));
#1388=CARTESIAN_POINT('Ctrl Pts',(-181.325968522251,21.325968522251,400.23759255431));
#1389=CARTESIAN_POINT('Ctrl Pts',(-181.325968522251,0.,400.23759255431));
#1390=CARTESIAN_POINT('Ctrl Pts',(-181.325968522251,-21.325968522251,400.23759255431));
#1391=CARTESIAN_POINT('Ctrl Pts',(-160.,-21.325968522251,400.23759255431));
#1392=CARTESIAN_POINT('Ctrl Pts',(-160.,-21.439751900583,399.912326128284));
#1393=CARTESIAN_POINT('Ctrl Pts',(-138.560248099417,-21.439751900583,399.912326128284));
#1394=CARTESIAN_POINT('Ctrl Pts',(-138.560248099417,0.,399.912326128284));
#1395=CARTESIAN_POINT('Ctrl Pts',(-138.560248099417,21.439751900583,399.912326128284));
#1396=CARTESIAN_POINT('Ctrl Pts',(-160.,21.439751900583,399.912326128284));
#1397=CARTESIAN_POINT('Ctrl Pts',(-181.439751900583,21.439751900583,399.912326128284));
#1398=CARTESIAN_POINT('Ctrl Pts',(-181.439751900583,0.,399.912326128284));
#1399=CARTESIAN_POINT('Ctrl Pts',(-181.439751900583,-21.439751900583,399.912326128284));
#1400=CARTESIAN_POINT('Ctrl Pts',(-160.,-21.439751900583,399.912326128284));
#1401=CARTESIAN_POINT('Ctrl Pts',(-160.,-21.5465017024794,399.602390415309));
#1402=CARTESIAN_POINT('Ctrl Pts',(-138.453498297521,-21.5465017024794,399.602390415309));
#1403=CARTESIAN_POINT('Ctrl Pts',(-138.453498297521,0.,399.602390415309));
#1404=CARTESIAN_POINT('Ctrl Pts',(-138.453498297521,21.5465017024794,399.602390415309));
#1405=CARTESIAN_POINT('Ctrl Pts',(-160.,21.5465017024794,399.602390415309));
#1406=CARTESIAN_POINT('Ctrl Pts',(-181.546501702479,21.5465017024794,399.602390415309));
#1407=CARTESIAN_POINT('Ctrl Pts',(-181.546501702479,0.,399.602390415309));
#1408=CARTESIAN_POINT('Ctrl Pts',(-181.546501702479,-21.5465017024794,399.602390415309));
#1409=CARTESIAN_POINT('Ctrl Pts',(-160.,-21.5465017024794,399.602390415309));
#1410=CARTESIAN_POINT('Ctrl Pts',(-160.,-21.6501938322973,399.298506691851));
#1411=CARTESIAN_POINT('Ctrl Pts',(-138.349806167703,-21.6501938322973,399.298506691851));
#1412=CARTESIAN_POINT('Ctrl Pts',(-138.349806167703,0.,399.298506691851));
#1413=CARTESIAN_POINT('Ctrl Pts',(-138.349806167703,21.6501938322973,399.298506691851));
#1414=CARTESIAN_POINT('Ctrl Pts',(-160.,21.6501938322973,399.298506691851));
#1415=CARTESIAN_POINT('Ctrl Pts',(-181.650193832297,21.6501938322973,399.298506691851));
#1416=CARTESIAN_POINT('Ctrl Pts',(-181.650193832297,0.,399.298506691851));
#1417=CARTESIAN_POINT('Ctrl Pts',(-181.650193832297,-21.6501938322973,399.298506691851));
#1418=CARTESIAN_POINT('Ctrl Pts',(-160.,-21.6501938322973,399.298506691851));
#1419=CARTESIAN_POINT('Ctrl Pts',(-160.,-21.7549075221275,398.991046116525));
#1420=CARTESIAN_POINT('Ctrl Pts',(-138.245092477873,-21.7549075221275,398.991046116525));
#1421=CARTESIAN_POINT('Ctrl Pts',(-138.245092477873,0.,398.991046116525));
#1422=CARTESIAN_POINT('Ctrl Pts',(-138.245092477873,21.7549075221275,398.991046116525));
#1423=CARTESIAN_POINT('Ctrl Pts',(-160.,21.7549075221275,398.991046116525));
#1424=CARTESIAN_POINT('Ctrl Pts',(-181.754907522127,21.7549075221275,398.991046116525));
#1425=CARTESIAN_POINT('Ctrl Pts',(-181.754907522127,0.,398.991046116525));
#1426=CARTESIAN_POINT('Ctrl Pts',(-181.754907522127,-21.7549075221275,398.991046116525));
#1427=CARTESIAN_POINT('Ctrl Pts',(-160.,-21.7549075221275,398.991046116525));
#1428=CARTESIAN_POINT('Ctrl Pts',(-160.,-21.864021175845,398.67184300425));
#1429=CARTESIAN_POINT('Ctrl Pts',(-138.135978824155,-21.864021175845,398.67184300425));
#1430=CARTESIAN_POINT('Ctrl Pts',(-138.135978824155,0.,398.67184300425));
#1431=CARTESIAN_POINT('Ctrl Pts',(-138.135978824155,21.864021175845,398.67184300425));
#1432=CARTESIAN_POINT('Ctrl Pts',(-160.,21.864021175845,398.67184300425));
#1433=CARTESIAN_POINT('Ctrl Pts',(-181.864021175845,21.864021175845,398.67184300425));
#1434=CARTESIAN_POINT('Ctrl Pts',(-181.864021175845,0.,398.67184300425));
#1435=CARTESIAN_POINT('Ctrl Pts',(-181.864021175845,-21.864021175845,398.67184300425));
#1436=CARTESIAN_POINT('Ctrl Pts',(-160.,-21.864021175845,398.67184300425));
#1437=CARTESIAN_POINT('Ctrl Pts',(-160.,-21.9792589604694,398.336333680768));
#1438=CARTESIAN_POINT('Ctrl Pts',(-138.020741039531,-21.9792589604694,398.336333680768));
#1439=CARTESIAN_POINT('Ctrl Pts',(-138.020741039531,0.,398.336333680768));
#1440=CARTESIAN_POINT('Ctrl Pts',(-138.020741039531,21.9792589604694,398.336333680768));
#1441=CARTESIAN_POINT('Ctrl Pts',(-160.,21.9792589604694,398.336333680768));
#1442=CARTESIAN_POINT('Ctrl Pts',(-181.979258960469,21.9792589604694,398.336333680768));
#1443=CARTESIAN_POINT('Ctrl Pts',(-181.979258960469,0.,398.336333680768));
#1444=CARTESIAN_POINT('Ctrl Pts',(-181.979258960469,-21.9792589604694,398.336333680768));
#1445=CARTESIAN_POINT('Ctrl Pts',(-160.,-21.9792589604694,398.336333680768));
#1446=CARTESIAN_POINT('Ctrl Pts',(-160.,-22.1003194816242,397.984418489012));
#1447=CARTESIAN_POINT('Ctrl Pts',(-137.899680518376,-22.1003194816242,397.984418489012));
#1448=CARTESIAN_POINT('Ctrl Pts',(-137.899680518376,0.,397.984418489012));
#1449=CARTESIAN_POINT('Ctrl Pts',(-137.899680518376,22.1003194816242,397.984418489012));
#1450=CARTESIAN_POINT('Ctrl Pts',(-160.,22.1003194816242,397.984418489012));
#1451=CARTESIAN_POINT('Ctrl Pts',(-182.100319481624,22.1003194816242,397.984418489012));
#1452=CARTESIAN_POINT('Ctrl Pts',(-182.100319481624,0.,397.984418489012));
#1453=CARTESIAN_POINT('Ctrl Pts',(-182.100319481624,-22.1003194816242,397.984418489012));
#1454=CARTESIAN_POINT('Ctrl Pts',(-160.,-22.1003194816242,397.984418489012));
#1455=CARTESIAN_POINT('Ctrl Pts',(-160.,-22.2256555851701,397.618796983671));
#1456=CARTESIAN_POINT('Ctrl Pts',(-137.77434441483,-22.2256555851701,397.618796983671));
#1457=CARTESIAN_POINT('Ctrl Pts',(-137.77434441483,0.,397.618796983671));
#1458=CARTESIAN_POINT('Ctrl Pts',(-137.77434441483,22.2256555851701,397.618796983671));
#1459=CARTESIAN_POINT('Ctrl Pts',(-160.,22.2256555851701,397.618796983671));
#1460=CARTESIAN_POINT('Ctrl Pts',(-182.22565558517,22.2256555851701,397.618796983671));
#1461=CARTESIAN_POINT('Ctrl Pts',(-182.22565558517,0.,397.618796983671));
#1462=CARTESIAN_POINT('Ctrl Pts',(-182.22565558517,-22.2256555851701,397.618796983671));
#1463=CARTESIAN_POINT('Ctrl Pts',(-160.,-22.2256555851701,397.618796983671));
#1464=CARTESIAN_POINT('Ctrl Pts',(-160.,-22.3529903847187,397.243881757234));
#1465=CARTESIAN_POINT('Ctrl Pts',(-137.647009615281,-22.3529903847187,397.243881757234));
#1466=CARTESIAN_POINT('Ctrl Pts',(-137.647009615281,0.,397.243881757234));
#1467=CARTESIAN_POINT('Ctrl Pts',(-137.647009615281,22.3529903847187,397.243881757234));
#1468=CARTESIAN_POINT('Ctrl Pts',(-160.,22.3529903847187,397.243881757234));
#1469=CARTESIAN_POINT('Ctrl Pts',(-182.352990384719,22.3529903847187,397.243881757234));
#1470=CARTESIAN_POINT('Ctrl Pts',(-182.352990384719,0.,397.243881757234));
#1471=CARTESIAN_POINT('Ctrl Pts',(-182.352990384719,-22.3529903847187,397.243881757234));
#1472=CARTESIAN_POINT('Ctrl Pts',(-160.,-22.3529903847187,397.243881757234));
#1473=CARTESIAN_POINT('Ctrl Pts',(-160.,-22.4799636780564,396.864427177803));
#1474=CARTESIAN_POINT('Ctrl Pts',(-137.520036321944,-22.4799636780564,396.864427177803));
#1475=CARTESIAN_POINT('Ctrl Pts',(-137.520036321944,0.,396.864427177803));
#1476=CARTESIAN_POINT('Ctrl Pts',(-137.520036321944,22.4799636780564,396.864427177803));
#1477=CARTESIAN_POINT('Ctrl Pts',(-160.,22.4799636780564,396.864427177803));
#1478=CARTESIAN_POINT('Ctrl Pts',(-182.479963678056,22.4799636780564,396.864427177803));
#1479=CARTESIAN_POINT('Ctrl Pts',(-182.479963678056,0.,396.864427177803));
#1480=CARTESIAN_POINT('Ctrl Pts',(-182.479963678056,-22.4799636780564,396.864427177803));
#1481=CARTESIAN_POINT('Ctrl Pts',(-160.,-22.4799636780564,396.864427177803));
#1482=CARTESIAN_POINT('Ctrl Pts',(-160.,-22.6046657426095,396.484402630836));
#1483=CARTESIAN_POINT('Ctrl Pts',(-137.395334257391,-22.6046657426095,396.484402630836));
#1484=CARTESIAN_POINT('Ctrl Pts',(-137.395334257391,0.,396.484402630836));
#1485=CARTESIAN_POINT('Ctrl Pts',(-137.395334257391,22.6046657426095,396.484402630836));
#1486=CARTESIAN_POINT('Ctrl Pts',(-160.,22.6046657426095,396.484402630836));
#1487=CARTESIAN_POINT('Ctrl Pts',(-182.604665742609,22.6046657426095,396.484402630836));
#1488=CARTESIAN_POINT('Ctrl Pts',(-182.604665742609,0.,396.484402630836));
#1489=CARTESIAN_POINT('Ctrl Pts',(-182.604665742609,-22.6046657426095,396.484402630836));
#1490=CARTESIAN_POINT('Ctrl Pts',(-160.,-22.6046657426095,396.484402630836));
#1491=CARTESIAN_POINT('Ctrl Pts',(-160.,-22.7263588675934,396.105460321503));
#1492=CARTESIAN_POINT('Ctrl Pts',(-137.273641132407,-22.7263588675934,396.105460321503));
#1493=CARTESIAN_POINT('Ctrl Pts',(-137.273641132407,0.,396.105460321503));
#1494=CARTESIAN_POINT('Ctrl Pts',(-137.273641132407,22.7263588675934,396.105460321503));
#1495=CARTESIAN_POINT('Ctrl Pts',(-160.,22.7263588675934,396.105460321503));
#1496=CARTESIAN_POINT('Ctrl Pts',(-182.726358867593,22.7263588675934,396.105460321503));
#1497=CARTESIAN_POINT('Ctrl Pts',(-182.726358867593,0.,396.105460321503));
#1498=CARTESIAN_POINT('Ctrl Pts',(-182.726358867593,-22.7263588675934,396.105460321503));
#1499=CARTESIAN_POINT('Ctrl Pts',(-160.,-22.7263588675934,396.105460321503));
#1500=CARTESIAN_POINT('Ctrl Pts',(-160.,-22.8456063946217,395.726680874099));
#1501=CARTESIAN_POINT('Ctrl Pts',(-137.154393605378,-22.8456063946217,395.726680874099));
#1502=CARTESIAN_POINT('Ctrl Pts',(-137.154393605378,0.,395.726680874099));
#1503=CARTESIAN_POINT('Ctrl Pts',(-137.154393605378,22.8456063946217,395.726680874099));
#1504=CARTESIAN_POINT('Ctrl Pts',(-160.,22.8456063946217,395.726680874099));
#1505=CARTESIAN_POINT('Ctrl Pts',(-182.845606394622,22.8456063946217,395.726680874099));
#1506=CARTESIAN_POINT('Ctrl Pts',(-182.845606394622,0.,395.726680874099));
#1507=CARTESIAN_POINT('Ctrl Pts',(-182.845606394622,-22.8456063946217,395.726680874099));
#1508=CARTESIAN_POINT('Ctrl Pts',(-160.,-22.8456063946217,395.726680874099));
#1509=CARTESIAN_POINT('Ctrl Pts',(-160.,-22.9636331490482,395.345977540094));
#1510=CARTESIAN_POINT('Ctrl Pts',(-137.036366850952,-22.9636331490481,395.345977540094));
#1511=CARTESIAN_POINT('Ctrl Pts',(-137.036366850952,0.,395.345977540094));
#1512=CARTESIAN_POINT('Ctrl Pts',(-137.036366850952,22.9636331490481,395.345977540094));
#1513=CARTESIAN_POINT('Ctrl Pts',(-160.,22.9636331490482,395.345977540094));
#1514=CARTESIAN_POINT('Ctrl Pts',(-182.963633149048,22.9636331490481,395.345977540094));
#1515=CARTESIAN_POINT('Ctrl Pts',(-182.963633149048,0.,395.345977540094));
#1516=CARTESIAN_POINT('Ctrl Pts',(-182.963633149048,-22.9636331490481,395.345977540094));
#1517=CARTESIAN_POINT('Ctrl Pts',(-160.,-22.9636331490482,395.345977540094));
#1518=CARTESIAN_POINT('Ctrl Pts',(-160.,-23.0818836372199,394.961071663377));
#1519=CARTESIAN_POINT('Ctrl Pts',(-136.91811636278,-23.0818836372199,394.961071663377));
#1520=CARTESIAN_POINT('Ctrl Pts',(-136.91811636278,0.,394.961071663377));
#1521=CARTESIAN_POINT('Ctrl Pts',(-136.91811636278,23.0818836372199,394.961071663377));
#1522=CARTESIAN_POINT('Ctrl Pts',(-160.,23.0818836372199,394.961071663377));
#1523=CARTESIAN_POINT('Ctrl Pts',(-183.08188363722,23.0818836372199,394.961071663377));
#1524=CARTESIAN_POINT('Ctrl Pts',(-183.08188363722,0.,394.961071663377));
#1525=CARTESIAN_POINT('Ctrl Pts',(-183.08188363722,-23.0818836372199,394.961071663377));
#1526=CARTESIAN_POINT('Ctrl Pts',(-160.,-23.0818836372199,394.961071663377));
#1527=CARTESIAN_POINT('Ctrl Pts',(-160.,-23.2014863431231,394.570675939786));
#1528=CARTESIAN_POINT('Ctrl Pts',(-136.798513656877,-23.2014863431231,394.570675939786));
#1529=CARTESIAN_POINT('Ctrl Pts',(-136.798513656877,0.,394.570675939786));
#1530=CARTESIAN_POINT('Ctrl Pts',(-136.798513656877,23.2014863431231,394.570675939786));
#1531=CARTESIAN_POINT('Ctrl Pts',(-160.,23.2014863431231,394.570675939786));
#1532=CARTESIAN_POINT('Ctrl Pts',(-183.201486343123,23.2014863431231,394.570675939786));
#1533=CARTESIAN_POINT('Ctrl Pts',(-183.201486343123,0.,394.570675939786));
#1534=CARTESIAN_POINT('Ctrl Pts',(-183.201486343123,-23.2014863431231,394.570675939786));
#1535=CARTESIAN_POINT('Ctrl Pts',(-160.,-23.2014863431231,394.570675939786));
#1536=CARTESIAN_POINT('Ctrl Pts',(-160.,-23.3227899389952,394.175510315078));
#1537=CARTESIAN_POINT('Ctrl Pts',(-136.677210061005,-23.3227899389952,394.175510315078));
#1538=CARTESIAN_POINT('Ctrl Pts',(-136.677210061005,0.,394.175510315078));
#1539=CARTESIAN_POINT('Ctrl Pts',(-136.677210061005,23.3227899389952,394.175510315078));
#1540=CARTESIAN_POINT('Ctrl Pts',(-160.,23.3227899389952,394.175510315078));
#1541=CARTESIAN_POINT('Ctrl Pts',(-183.322789938995,23.3227899389952,394.175510315078));
#1542=CARTESIAN_POINT('Ctrl Pts',(-183.322789938995,0.,394.175510315078));
#1543=CARTESIAN_POINT('Ctrl Pts',(-183.322789938995,-23.3227899389952,394.175510315078));
#1544=CARTESIAN_POINT('Ctrl Pts',(-160.,-23.3227899389952,394.175510315078));
#1545=CARTESIAN_POINT('Ctrl Pts',(-160.,-23.4447925095212,393.77957795683));
#1546=CARTESIAN_POINT('Ctrl Pts',(-136.555207490479,-23.4447925095212,393.77957795683));
#1547=CARTESIAN_POINT('Ctrl Pts',(-136.555207490479,0.,393.77957795683));
#1548=CARTESIAN_POINT('Ctrl Pts',(-136.555207490479,23.4447925095212,393.77957795683));
#1549=CARTESIAN_POINT('Ctrl Pts',(-160.,23.4447925095212,393.77957795683));
#1550=CARTESIAN_POINT('Ctrl Pts',(-183.444792509521,23.4447925095212,393.77957795683));
#1551=CARTESIAN_POINT('Ctrl Pts',(-183.444792509521,0.,393.77957795683));
#1552=CARTESIAN_POINT('Ctrl Pts',(-183.444792509521,-23.4447925095212,393.77957795683));
#1553=CARTESIAN_POINT('Ctrl Pts',(-160.,-23.4447925095212,393.77957795683));
#1554=CARTESIAN_POINT('Ctrl Pts',(-160.,-23.5648479090913,393.390757348665));
#1555=CARTESIAN_POINT('Ctrl Pts',(-136.435152090909,-23.5648479090913,393.390757348665));
#1556=CARTESIAN_POINT('Ctrl Pts',(-136.435152090909,0.,393.390757348665));
#1557=CARTESIAN_POINT('Ctrl Pts',(-136.435152090909,23.5648479090913,393.390757348665));
#1558=CARTESIAN_POINT('Ctrl Pts',(-160.,23.5648479090913,393.390757348665));
#1559=CARTESIAN_POINT('Ctrl Pts',(-183.564847909091,23.5648479090913,393.390757348665));
#1560=CARTESIAN_POINT('Ctrl Pts',(-183.564847909091,0.,393.390757348665));
#1561=CARTESIAN_POINT('Ctrl Pts',(-183.564847909091,-23.5648479090913,393.390757348665));
#1562=CARTESIAN_POINT('Ctrl Pts',(-160.,-23.5648479090913,393.390757348665));
#1563=CARTESIAN_POINT('Ctrl Pts',(-160.,-23.6796467357622,393.018225994543));
#1564=CARTESIAN_POINT('Ctrl Pts',(-136.320353264238,-23.6796467357622,393.018225994543));
#1565=CARTESIAN_POINT('Ctrl Pts',(-136.320353264238,0.,393.018225994543));
#1566=CARTESIAN_POINT('Ctrl Pts',(-136.320353264238,23.6796467357622,393.018225994543));
#1567=CARTESIAN_POINT('Ctrl Pts',(-160.,23.6796467357622,393.018225994543));
#1568=CARTESIAN_POINT('Ctrl Pts',(-183.679646735762,23.6796467357622,393.018225994543));
#1569=CARTESIAN_POINT('Ctrl Pts',(-183.679646735762,0.,393.018225994543));
#1570=CARTESIAN_POINT('Ctrl Pts',(-183.679646735762,-23.6796467357622,393.018225994543));
#1571=CARTESIAN_POINT('Ctrl Pts',(-160.,-23.6796467357622,393.018225994543));
#1572=CARTESIAN_POINT('Ctrl Pts',(-160.,-23.7859953116011,392.670395903064));
#1573=CARTESIAN_POINT('Ctrl Pts',(-136.214004688399,-23.7859953116011,392.670395903064));
#1574=CARTESIAN_POINT('Ctrl Pts',(-136.214004688399,0.,392.670395903064));
#1575=CARTESIAN_POINT('Ctrl Pts',(-136.214004688399,23.7859953116011,392.670395903064));
#1576=CARTESIAN_POINT('Ctrl Pts',(-160.,23.7859953116011,392.670395903064));
#1577=CARTESIAN_POINT('Ctrl Pts',(-183.785995311601,23.7859953116011,392.670395903064));
#1578=CARTESIAN_POINT('Ctrl Pts',(-183.785995311601,0.,392.670395903064));
#1579=CARTESIAN_POINT('Ctrl Pts',(-183.785995311601,-23.7859953116011,392.670395903064));
#1580=CARTESIAN_POINT('Ctrl Pts',(-160.,-23.7859953116011,392.670395903064));
#1581=CARTESIAN_POINT('Ctrl Pts',(-160.,-23.8817299098672,392.352489654651));
#1582=CARTESIAN_POINT('Ctrl Pts',(-136.118270090133,-23.8817299098672,392.352489654651));
#1583=CARTESIAN_POINT('Ctrl Pts',(-136.118270090133,0.,392.352489654651));
#1584=CARTESIAN_POINT('Ctrl Pts',(-136.118270090133,23.8817299098672,392.352489654651));
#1585=CARTESIAN_POINT('Ctrl Pts',(-160.,23.8817299098672,392.352489654651));
#1586=CARTESIAN_POINT('Ctrl Pts',(-183.881729909867,23.8817299098672,392.352489654651));
#1587=CARTESIAN_POINT('Ctrl Pts',(-183.881729909867,0.,392.352489654651));
#1588=CARTESIAN_POINT('Ctrl Pts',(-183.881729909867,-23.8817299098672,392.352489654651));
#1589=CARTESIAN_POINT('Ctrl Pts',(-160.,-23.8817299098672,392.352489654651));
#1590=CARTESIAN_POINT('Ctrl Pts',(-160.,-23.9664436250412,392.06463647216));
#1591=CARTESIAN_POINT('Ctrl Pts',(-136.033556374959,-23.9664436250412,392.06463647216));
#1592=CARTESIAN_POINT('Ctrl Pts',(-136.033556374959,0.,392.06463647216));
#1593=CARTESIAN_POINT('Ctrl Pts',(-136.033556374959,23.9664436250412,392.06463647216));
#1594=CARTESIAN_POINT('Ctrl Pts',(-160.,23.9664436250412,392.06463647216));
#1595=CARTESIAN_POINT('Ctrl Pts',(-183.966443625041,23.9664436250412,392.06463647216));
#1596=CARTESIAN_POINT('Ctrl Pts',(-183.966443625041,0.,392.06463647216));
#1597=CARTESIAN_POINT('Ctrl Pts',(-183.966443625041,-23.9664436250412,392.06463647216));
#1598=CARTESIAN_POINT('Ctrl Pts',(-160.,-23.9664436250412,392.06463647216));
#1599=CARTESIAN_POINT('Ctrl Pts',(-160.,-24.0426094379449,391.798852088421));
#1600=CARTESIAN_POINT('Ctrl Pts',(-135.957390562055,-24.0426094379449,391.798852088421));
#1601=CARTESIAN_POINT('Ctrl Pts',(-135.957390562055,0.,391.798852088421));
#1602=CARTESIAN_POINT('Ctrl Pts',(-135.957390562055,24.0426094379449,391.798852088421));
#1603=CARTESIAN_POINT('Ctrl Pts',(-160.,24.0426094379449,391.798852088421));
#1604=CARTESIAN_POINT('Ctrl Pts',(-184.042609437945,24.0426094379449,391.798852088421));
#1605=CARTESIAN_POINT('Ctrl Pts',(-184.042609437945,0.,391.798852088421));
#1606=CARTESIAN_POINT('Ctrl Pts',(-184.042609437945,-24.0426094379449,391.798852088421));
#1607=CARTESIAN_POINT('Ctrl Pts',(-160.,-24.0426094379449,391.798852088421));
#1608=CARTESIAN_POINT('Ctrl Pts',(-160.,-24.1154380109582,391.539594061811));
#1609=CARTESIAN_POINT('Ctrl Pts',(-135.884561989042,-24.1154380109582,391.539594061811));
#1610=CARTESIAN_POINT('Ctrl Pts',(-135.884561989042,0.,391.539594061811));
#1611=CARTESIAN_POINT('Ctrl Pts',(-135.884561989042,24.1154380109582,391.539594061811));
#1612=CARTESIAN_POINT('Ctrl Pts',(-160.,24.1154380109582,391.539594061811));
#1613=CARTESIAN_POINT('Ctrl Pts',(-184.115438010958,24.1154380109582,391.539594061811));
#1614=CARTESIAN_POINT('Ctrl Pts',(-184.115438010958,0.,391.539594061811));
#1615=CARTESIAN_POINT('Ctrl Pts',(-184.115438010958,-24.1154380109582,391.539594061811));
#1616=CARTESIAN_POINT('Ctrl Pts',(-160.,-24.1154380109582,391.539594061811));
#1617=CARTESIAN_POINT('Ctrl Pts',(-160.,-24.1907255405895,391.269992298566));
#1618=CARTESIAN_POINT('Ctrl Pts',(-135.809274459411,-24.1907255405895,391.269992298566));
#1619=CARTESIAN_POINT('Ctrl Pts',(-135.809274459411,0.,391.269992298566));
#1620=CARTESIAN_POINT('Ctrl Pts',(-135.809274459411,24.1907255405895,391.269992298566));
#1621=CARTESIAN_POINT('Ctrl Pts',(-160.,24.1907255405895,391.269992298566));
#1622=CARTESIAN_POINT('Ctrl Pts',(-184.190725540589,24.1907255405895,391.269992298566));
#1623=CARTESIAN_POINT('Ctrl Pts',(-184.190725540589,0.,391.269992298566));
#1624=CARTESIAN_POINT('Ctrl Pts',(-184.190725540589,-24.1907255405895,391.269992298566));
#1625=CARTESIAN_POINT('Ctrl Pts',(-160.,-24.1907255405895,391.269992298566));
#1626=CARTESIAN_POINT('Ctrl Pts',(-160.,-24.2730988041479,390.97696830493));
#1627=CARTESIAN_POINT('Ctrl Pts',(-135.726901195852,-24.2730988041479,390.97696830493));
#1628=CARTESIAN_POINT('Ctrl Pts',(-135.726901195852,0.,390.97696830493));
#1629=CARTESIAN_POINT('Ctrl Pts',(-135.726901195852,24.2730988041479,390.97696830493));
#1630=CARTESIAN_POINT('Ctrl Pts',(-160.,24.2730988041479,390.97696830493));
#1631=CARTESIAN_POINT('Ctrl Pts',(-184.273098804148,24.2730988041479,390.97696830493));
#1632=CARTESIAN_POINT('Ctrl Pts',(-184.273098804148,0.,390.97696830493));
#1633=CARTESIAN_POINT('Ctrl Pts',(-184.273098804148,-24.2730988041479,390.97696830493));
#1634=CARTESIAN_POINT('Ctrl Pts',(-160.,-24.2730988041479,390.97696830493));
#1635=CARTESIAN_POINT('Ctrl Pts',(-160.,-24.3642432649764,390.6563757953));
#1636=CARTESIAN_POINT('Ctrl Pts',(-135.635756735024,-24.3642432649764,390.6563757953));
#1637=CARTESIAN_POINT('Ctrl Pts',(-135.635756735024,0.,390.6563757953));
#1638=CARTESIAN_POINT('Ctrl Pts',(-135.635756735024,24.3642432649764,390.6563757953));
#1639=CARTESIAN_POINT('Ctrl Pts',(-160.,24.3642432649764,390.6563757953));
#1640=CARTESIAN_POINT('Ctrl Pts',(-184.364243264976,24.3642432649764,390.6563757953));
#1641=CARTESIAN_POINT('Ctrl Pts',(-184.364243264976,0.,390.6563757953));
#1642=CARTESIAN_POINT('Ctrl Pts',(-184.364243264976,-24.3642432649764,390.6563757953));
#1643=CARTESIAN_POINT('Ctrl Pts',(-160.,-24.3642432649764,390.6563757953));
#1644=CARTESIAN_POINT('Ctrl Pts',(-160.,-24.4607648369284,390.319245517228));
#1645=CARTESIAN_POINT('Ctrl Pts',(-135.539235163072,-24.4607648369284,390.319245517228));
#1646=CARTESIAN_POINT('Ctrl Pts',(-135.539235163072,0.,390.319245517228));
#1647=CARTESIAN_POINT('Ctrl Pts',(-135.539235163072,24.4607648369284,390.319245517228));
#1648=CARTESIAN_POINT('Ctrl Pts',(-160.,24.4607648369284,390.319245517228));
#1649=CARTESIAN_POINT('Ctrl Pts',(-184.460764836928,24.4607648369284,390.319245517228));
#1650=CARTESIAN_POINT('Ctrl Pts',(-184.460764836928,0.,390.319245517228));
#1651=CARTESIAN_POINT('Ctrl Pts',(-184.460764836928,-24.4607648369284,390.319245517228));
#1652=CARTESIAN_POINT('Ctrl Pts',(-160.,-24.4607648369284,390.319245517228));
#1653=CARTESIAN_POINT('Ctrl Pts',(-160.,-24.5561141741889,389.985920707824));
#1654=CARTESIAN_POINT('Ctrl Pts',(-135.443885825811,-24.5561141741889,389.985920707824));
#1655=CARTESIAN_POINT('Ctrl Pts',(-135.443885825811,0.,389.985920707824));
#1656=CARTESIAN_POINT('Ctrl Pts',(-135.443885825811,24.5561141741889,389.985920707824));
#1657=CARTESIAN_POINT('Ctrl Pts',(-160.,24.5561141741889,389.985920707824));
#1658=CARTESIAN_POINT('Ctrl Pts',(-184.556114174189,24.5561141741889,389.985920707824));
#1659=CARTESIAN_POINT('Ctrl Pts',(-184.556114174189,0.,389.985920707824));
#1660=CARTESIAN_POINT('Ctrl Pts',(-184.556114174189,-24.5561141741889,389.985920707824));
#1661=CARTESIAN_POINT('Ctrl Pts',(-160.,-24.5561141741889,389.985920707824));
#1662=CARTESIAN_POINT('Ctrl Pts',(-160.,-24.6430945214432,389.678458612591));
#1663=CARTESIAN_POINT('Ctrl Pts',(-135.356905478557,-24.6430945214432,389.678458612591));
#1664=CARTESIAN_POINT('Ctrl Pts',(-135.356905478557,0.,389.678458612591));
#1665=CARTESIAN_POINT('Ctrl Pts',(-135.356905478557,24.6430945214432,389.678458612591));
#1666=CARTESIAN_POINT('Ctrl Pts',(-160.,24.6430945214432,389.678458612591));
#1667=CARTESIAN_POINT('Ctrl Pts',(-184.643094521443,24.6430945214432,389.678458612591));
#1668=CARTESIAN_POINT('Ctrl Pts',(-184.643094521443,0.,389.678458612591));
#1669=CARTESIAN_POINT('Ctrl Pts',(-184.643094521443,-24.6430945214432,389.678458612591));
#1670=CARTESIAN_POINT('Ctrl Pts',(-160.,-24.6430945214432,389.678458612591));
#1671=CARTESIAN_POINT('Ctrl Pts',(-160.,-24.716259758647,389.413352754944));
#1672=CARTESIAN_POINT('Ctrl Pts',(-135.283740241353,-24.716259758647,389.413352754944));
#1673=CARTESIAN_POINT('Ctrl Pts',(-135.283740241353,0.,389.413352754944));
#1674=CARTESIAN_POINT('Ctrl Pts',(-135.283740241353,24.716259758647,389.413352754944));
#1675=CARTESIAN_POINT('Ctrl Pts',(-160.,24.716259758647,389.413352754944));
#1676=CARTESIAN_POINT('Ctrl Pts',(-184.716259758647,24.716259758647,389.413352754944));
#1677=CARTESIAN_POINT('Ctrl Pts',(-184.716259758647,0.,389.413352754944));
#1678=CARTESIAN_POINT('Ctrl Pts',(-184.716259758647,-24.716259758647,389.413352754944));
#1679=CARTESIAN_POINT('Ctrl Pts',(-160.,-24.716259758647,389.413352754944));
#1680=CARTESIAN_POINT('Ctrl Pts',(-160.,-24.7741392551738,389.194784227688));
#1681=CARTESIAN_POINT('Ctrl Pts',(-135.225860744826,-24.7741392551738,389.194784227688));
#1682=CARTESIAN_POINT('Ctrl Pts',(-135.225860744826,0.,389.194784227688));
#1683=CARTESIAN_POINT('Ctrl Pts',(-135.225860744826,24.7741392551738,389.194784227688));
#1684=CARTESIAN_POINT('Ctrl Pts',(-160.,24.7741392551738,389.194784227688));
#1685=CARTESIAN_POINT('Ctrl Pts',(-184.774139255174,24.7741392551738,389.194784227688));
#1686=CARTESIAN_POINT('Ctrl Pts',(-184.774139255174,0.,389.194784227688));
#1687=CARTESIAN_POINT('Ctrl Pts',(-184.774139255174,-24.7741392551738,389.194784227688));
#1688=CARTESIAN_POINT('Ctrl Pts',(-160.,-24.7741392551738,389.194784227688));
#1689=CARTESIAN_POINT('Ctrl Pts',(-160.,-24.8221099815023,389.005911538929));
#1690=CARTESIAN_POINT('Ctrl Pts',(-135.177890018498,-24.8221099815023,389.005911538929));
#1691=CARTESIAN_POINT('Ctrl Pts',(-135.177890018498,0.,389.005911538929));
#1692=CARTESIAN_POINT('Ctrl Pts',(-135.177890018498,24.8221099815023,389.005911538929));
#1693=CARTESIAN_POINT('Ctrl Pts',(-160.,24.8221099815023,389.005911538929));
#1694=CARTESIAN_POINT('Ctrl Pts',(-184.822109981502,24.8221099815023,389.005911538929));
#1695=CARTESIAN_POINT('Ctrl Pts',(-184.822109981502,0.,389.005911538929));
#1696=CARTESIAN_POINT('Ctrl Pts',(-184.822109981502,-24.8221099815023,389.005911538929));
#1697=CARTESIAN_POINT('Ctrl Pts',(-160.,-24.8221099815023,389.005911538929));
#1698=CARTESIAN_POINT('Ctrl Pts',(-160.,-24.8692464032574,388.81841680536));
#1699=CARTESIAN_POINT('Ctrl Pts',(-135.130753596743,-24.8692464032574,388.81841680536));
#1700=CARTESIAN_POINT('Ctrl Pts',(-135.130753596743,0.,388.81841680536));
#1701=CARTESIAN_POINT('Ctrl Pts',(-135.130753596743,24.8692464032574,388.81841680536));
#1702=CARTESIAN_POINT('Ctrl Pts',(-160.,24.8692464032574,388.81841680536));
#1703=CARTESIAN_POINT('Ctrl Pts',(-184.869246403257,24.8692464032574,388.81841680536));
#1704=CARTESIAN_POINT('Ctrl Pts',(-184.869246403257,0.,388.81841680536));
#1705=CARTESIAN_POINT('Ctrl Pts',(-184.869246403257,-24.8692464032574,388.81841680536));
#1706=CARTESIAN_POINT('Ctrl Pts',(-160.,-24.8692464032574,388.81841680536));
#1707=CARTESIAN_POINT('Ctrl Pts',(-160.,-24.9246546066632,388.603637280884));
#1708=CARTESIAN_POINT('Ctrl Pts',(-135.075345393337,-24.9246546066632,388.603637280884));
#1709=CARTESIAN_POINT('Ctrl Pts',(-135.075345393337,0.,388.603637280884));
#1710=CARTESIAN_POINT('Ctrl Pts',(-135.075345393337,24.9246546066632,388.603637280884));
#1711=CARTESIAN_POINT('Ctrl Pts',(-160.,24.9246546066632,388.603637280884));
#1712=CARTESIAN_POINT('Ctrl Pts',(-184.924654606663,24.9246546066632,388.603637280884));
#1713=CARTESIAN_POINT('Ctrl Pts',(-184.924654606663,0.,388.603637280884));
#1714=CARTESIAN_POINT('Ctrl Pts',(-184.924654606663,-24.9246546066632,388.603637280884));
#1715=CARTESIAN_POINT('Ctrl Pts',(-160.,-24.9246546066632,388.603637280884));
#1716=CARTESIAN_POINT('Ctrl Pts',(-160.,-24.9932361980707,388.345374076497));
#1717=CARTESIAN_POINT('Ctrl Pts',(-135.006763801929,-24.9932361980707,388.345374076497));
#1718=CARTESIAN_POINT('Ctrl Pts',(-135.006763801929,0.,388.345374076497));
#1719=CARTESIAN_POINT('Ctrl Pts',(-135.006763801929,24.9932361980707,388.345374076497));
#1720=CARTESIAN_POINT('Ctrl Pts',(-160.,24.9932361980707,388.345374076497));
#1721=CARTESIAN_POINT('Ctrl Pts',(-184.993236198071,24.9932361980707,388.345374076497));
#1722=CARTESIAN_POINT('Ctrl Pts',(-184.993236198071,0.,388.345374076497));
#1723=CARTESIAN_POINT('Ctrl Pts',(-184.993236198071,-24.9932361980707,388.345374076497));
#1724=CARTESIAN_POINT('Ctrl Pts',(-160.,-24.9932361980707,388.345374076497));
#1725=CARTESIAN_POINT('Ctrl Pts',(-160.,-25.0744552841154,388.043777175654));
#1726=CARTESIAN_POINT('Ctrl Pts',(-134.925544715885,-25.0744552841154,388.043777175654));
#1727=CARTESIAN_POINT('Ctrl Pts',(-134.925544715885,0.,388.043777175654));
#1728=CARTESIAN_POINT('Ctrl Pts',(-134.925544715885,25.0744552841154,388.043777175654));
#1729=CARTESIAN_POINT('Ctrl Pts',(-160.,25.0744552841154,388.043777175654));
#1730=CARTESIAN_POINT('Ctrl Pts',(-185.074455284115,25.0744552841154,388.043777175654));
#1731=CARTESIAN_POINT('Ctrl Pts',(-185.074455284115,0.,388.043777175654));
#1732=CARTESIAN_POINT('Ctrl Pts',(-185.074455284115,-25.0744552841154,388.043777175654));
#1733=CARTESIAN_POINT('Ctrl Pts',(-160.,-25.0744552841154,388.043777175654));
#1734=CARTESIAN_POINT('Ctrl Pts',(-160.,-25.1646756851639,387.708594039432));
#1735=CARTESIAN_POINT('Ctrl Pts',(-134.835324314836,-25.1646756851639,387.708594039432));
#1736=CARTESIAN_POINT('Ctrl Pts',(-134.835324314836,0.,387.708594039432));
#1737=CARTESIAN_POINT('Ctrl Pts',(-134.835324314836,25.1646756851639,387.708594039432));
#1738=CARTESIAN_POINT('Ctrl Pts',(-160.,25.1646756851639,387.708594039432));
#1739=CARTESIAN_POINT('Ctrl Pts',(-185.164675685164,25.1646756851639,387.708594039432));
#1740=CARTESIAN_POINT('Ctrl Pts',(-185.164675685164,0.,387.708594039432));
#1741=CARTESIAN_POINT('Ctrl Pts',(-185.164675685164,-25.1646756851639,387.708594039432));
#1742=CARTESIAN_POINT('Ctrl Pts',(-160.,-25.1646756851639,387.708594039432));
#1743=CARTESIAN_POINT('Ctrl Pts',(-160.,-25.2586163977954,387.355066934528));
#1744=CARTESIAN_POINT('Ctrl Pts',(-134.741383602205,-25.2586163977954,387.355066934528));
#1745=CARTESIAN_POINT('Ctrl Pts',(-134.741383602205,0.,387.355066934528));
#1746=CARTESIAN_POINT('Ctrl Pts',(-134.741383602205,25.2586163977954,387.355066934528));
#1747=CARTESIAN_POINT('Ctrl Pts',(-160.,25.2586163977954,387.355066934528));
#1748=CARTESIAN_POINT('Ctrl Pts',(-185.258616397795,25.2586163977954,387.355066934528));
#1749=CARTESIAN_POINT('Ctrl Pts',(-185.258616397795,0.,387.355066934528));
#1750=CARTESIAN_POINT('Ctrl Pts',(-185.258616397795,-25.2586163977954,387.355066934528));
#1751=CARTESIAN_POINT('Ctrl Pts',(-160.,-25.2586163977954,387.355066934528));
#1752=CARTESIAN_POINT('Ctrl Pts',(-160.,-25.3510342035101,386.999098433998));
#1753=CARTESIAN_POINT('Ctrl Pts',(-134.64896579649,-25.3510342035101,386.999098433998));
#1754=CARTESIAN_POINT('Ctrl Pts',(-134.64896579649,0.,386.999098433998));
#1755=CARTESIAN_POINT('Ctrl Pts',(-134.64896579649,25.3510342035101,386.999098433998));
#1756=CARTESIAN_POINT('Ctrl Pts',(-160.,25.3510342035101,386.999098433998));
#1757=CARTESIAN_POINT('Ctrl Pts',(-185.35103420351,25.3510342035101,386.999098433998));
#1758=CARTESIAN_POINT('Ctrl Pts',(-185.35103420351,0.,386.999098433998));
#1759=CARTESIAN_POINT('Ctrl Pts',(-185.35103420351,-25.3510342035101,386.999098433998));
#1760=CARTESIAN_POINT('Ctrl Pts',(-160.,-25.3510342035101,386.999098433998));
#1761=CARTESIAN_POINT('Ctrl Pts',(-160.,-25.4386327046882,386.651879109893));
#1762=CARTESIAN_POINT('Ctrl Pts',(-134.561367295312,-25.4386327046882,386.651879109893));
#1763=CARTESIAN_POINT('Ctrl Pts',(-134.561367295312,0.,386.651879109893));
#1764=CARTESIAN_POINT('Ctrl Pts',(-134.561367295312,25.4386327046882,386.651879109893));
#1765=CARTESIAN_POINT('Ctrl Pts',(-160.,25.4386327046882,386.651879109893));
#1766=CARTESIAN_POINT('Ctrl Pts',(-185.438632704688,25.4386327046882,386.651879109893));
#1767=CARTESIAN_POINT('Ctrl Pts',(-185.438632704688,0.,386.651879109893));
#1768=CARTESIAN_POINT('Ctrl Pts',(-185.438632704688,-25.4386327046882,386.651879109893));
#1769=CARTESIAN_POINT('Ctrl Pts',(-160.,-25.4386327046882,386.651879109893));
#1770=CARTESIAN_POINT('Ctrl Pts',(-160.,-25.5205841221213,386.318140813737));
#1771=CARTESIAN_POINT('Ctrl Pts',(-134.479415877879,-25.5205841221212,386.318140813737));
#1772=CARTESIAN_POINT('Ctrl Pts',(-134.479415877879,0.,386.318140813737));
#1773=CARTESIAN_POINT('Ctrl Pts',(-134.479415877879,25.5205841221212,386.318140813737));
#1774=CARTESIAN_POINT('Ctrl Pts',(-160.,25.5205841221213,386.318140813737));
#1775=CARTESIAN_POINT('Ctrl Pts',(-185.520584122121,25.5205841221212,386.318140813737));
#1776=CARTESIAN_POINT('Ctrl Pts',(-185.520584122121,0.,386.318140813737));
#1777=CARTESIAN_POINT('Ctrl Pts',(-185.520584122121,-25.5205841221212,386.318140813737));
#1778=CARTESIAN_POINT('Ctrl Pts',(-160.,-25.5205841221213,386.318140813737));
#1779=CARTESIAN_POINT('Ctrl Pts',(-160.,-25.5976131817641,385.998216352269));
#1780=CARTESIAN_POINT('Ctrl Pts',(-134.402386818236,-25.5976131817641,385.998216352269));
#1781=CARTESIAN_POINT('Ctrl Pts',(-134.402386818236,0.,385.998216352269));
#1782=CARTESIAN_POINT('Ctrl Pts',(-134.402386818236,25.5976131817641,385.998216352269));
#1783=CARTESIAN_POINT('Ctrl Pts',(-160.,25.5976131817641,385.998216352269));
#1784=CARTESIAN_POINT('Ctrl Pts',(-185.597613181764,25.5976131817641,385.998216352269));
#1785=CARTESIAN_POINT('Ctrl Pts',(-185.597613181764,0.,385.998216352269));
#1786=CARTESIAN_POINT('Ctrl Pts',(-185.597613181764,-25.5976131817641,385.998216352269));
#1787=CARTESIAN_POINT('Ctrl Pts',(-160.,-25.5976131817641,385.998216352269));
#1788=CARTESIAN_POINT('Ctrl Pts',(-160.,-25.6714679832956,385.689055340123));
#1789=CARTESIAN_POINT('Ctrl Pts',(-134.328532016704,-25.6714679832956,385.689055340123));
#1790=CARTESIAN_POINT('Ctrl Pts',(-134.328532016704,0.,385.689055340123));
#1791=CARTESIAN_POINT('Ctrl Pts',(-134.328532016704,25.6714679832956,385.689055340123));
#1792=CARTESIAN_POINT('Ctrl Pts',(-160.,25.6714679832956,385.689055340123));
#1793=CARTESIAN_POINT('Ctrl Pts',(-185.671467983296,25.6714679832956,385.689055340123));
#1794=CARTESIAN_POINT('Ctrl Pts',(-185.671467983296,0.,385.689055340123));
#1795=CARTESIAN_POINT('Ctrl Pts',(-185.671467983296,-25.6714679832956,385.689055340123));
#1796=CARTESIAN_POINT('Ctrl Pts',(-160.,-25.6714679832956,385.689055340123));
#1797=CARTESIAN_POINT('Ctrl Pts',(-160.,-25.7442560008926,385.385643807326));
#1798=CARTESIAN_POINT('Ctrl Pts',(-134.255743999107,-25.7442560008926,385.385643807326));
#1799=CARTESIAN_POINT('Ctrl Pts',(-134.255743999107,0.,385.385643807326));
#1800=CARTESIAN_POINT('Ctrl Pts',(-134.255743999107,25.7442560008926,385.385643807326));
#1801=CARTESIAN_POINT('Ctrl Pts',(-160.,25.7442560008926,385.385643807326));
#1802=CARTESIAN_POINT('Ctrl Pts',(-185.744256000893,25.7442560008926,385.385643807326));
#1803=CARTESIAN_POINT('Ctrl Pts',(-185.744256000893,0.,385.385643807326));
#1804=CARTESIAN_POINT('Ctrl Pts',(-185.744256000893,-25.7442560008926,385.385643807326));
#1805=CARTESIAN_POINT('Ctrl Pts',(-160.,-25.7442560008926,385.385643807326));
#1806=CARTESIAN_POINT('Ctrl Pts',(-160.,-25.8177817257126,385.082307098251));
#1807=CARTESIAN_POINT('Ctrl Pts',(-134.182218274287,-25.8177817257126,385.082307098251));
#1808=CARTESIAN_POINT('Ctrl Pts',(-134.182218274287,0.,385.082307098251));
#1809=CARTESIAN_POINT('Ctrl Pts',(-134.182218274287,25.8177817257126,385.082307098251));
#1810=CARTESIAN_POINT('Ctrl Pts',(-160.,25.8177817257126,385.082307098251));
#1811=CARTESIAN_POINT('Ctrl Pts',(-185.817781725713,25.8177817257126,385.082307098251));
#1812=CARTESIAN_POINT('Ctrl Pts',(-185.817781725713,0.,385.082307098251));
#1813=CARTESIAN_POINT('Ctrl Pts',(-185.817781725713,-25.8177817257126,385.082307098251));
#1814=CARTESIAN_POINT('Ctrl Pts',(-160.,-25.8177817257126,385.082307098251));
#1815=CARTESIAN_POINT('Ctrl Pts',(-160.,-25.8930599714459,384.773884862437));
#1816=CARTESIAN_POINT('Ctrl Pts',(-134.106940028554,-25.8930599714459,384.773884862437));
#1817=CARTESIAN_POINT('Ctrl Pts',(-134.106940028554,0.,384.773884862437));
#1818=CARTESIAN_POINT('Ctrl Pts',(-134.106940028554,25.8930599714459,384.773884862437));
#1819=CARTESIAN_POINT('Ctrl Pts',(-160.,25.8930599714459,384.773884862437));
#1820=CARTESIAN_POINT('Ctrl Pts',(-185.893059971446,25.8930599714459,384.773884862437));
#1821=CARTESIAN_POINT('Ctrl Pts',(-185.893059971446,0.,384.773884862437));
#1822=CARTESIAN_POINT('Ctrl Pts',(-185.893059971446,-25.8930599714459,384.773884862437));
#1823=CARTESIAN_POINT('Ctrl Pts',(-160.,-25.8930599714459,384.773884862437));
#1824=CARTESIAN_POINT('Ctrl Pts',(-160.,-25.9704904994049,384.456202734835));
#1825=CARTESIAN_POINT('Ctrl Pts',(-134.029509500595,-25.9704904994049,384.456202734835));
#1826=CARTESIAN_POINT('Ctrl Pts',(-134.029509500595,0.,384.456202734835));
#1827=CARTESIAN_POINT('Ctrl Pts',(-134.029509500595,25.9704904994049,384.456202734835));
#1828=CARTESIAN_POINT('Ctrl Pts',(-160.,25.9704904994049,384.456202734835));
#1829=CARTESIAN_POINT('Ctrl Pts',(-185.970490499405,25.9704904994049,384.456202734835));
#1830=CARTESIAN_POINT('Ctrl Pts',(-185.970490499405,0.,384.456202734835));
#1831=CARTESIAN_POINT('Ctrl Pts',(-185.970490499405,-25.9704904994049,384.456202734835));
#1832=CARTESIAN_POINT('Ctrl Pts',(-160.,-25.9704904994049,384.456202734835));
#1833=CARTESIAN_POINT('Ctrl Pts',(-160.,-26.0499152538092,384.126687788788));
#1834=CARTESIAN_POINT('Ctrl Pts',(-133.950084746191,-26.0499152538092,384.126687788788));
#1835=CARTESIAN_POINT('Ctrl Pts',(-133.950084746191,0.,384.126687788788));
#1836=CARTESIAN_POINT('Ctrl Pts',(-133.950084746191,26.0499152538092,384.126687788788));
#1837=CARTESIAN_POINT('Ctrl Pts',(-160.,26.0499152538092,384.126687788788));
#1838=CARTESIAN_POINT('Ctrl Pts',(-186.049915253809,26.0499152538092,384.126687788788));
#1839=CARTESIAN_POINT('Ctrl Pts',(-186.049915253809,0.,384.126687788788));
#1840=CARTESIAN_POINT('Ctrl Pts',(-186.049915253809,-26.0499152538092,384.126687788788));
#1841=CARTESIAN_POINT('Ctrl Pts',(-160.,-26.0499152538092,384.126687788788));
#1842=CARTESIAN_POINT('Ctrl Pts',(-160.,-26.1307237971142,383.784896664949));
#1843=CARTESIAN_POINT('Ctrl Pts',(-133.869276202886,-26.1307237971142,383.784896664949));
#1844=CARTESIAN_POINT('Ctrl Pts',(-133.869276202886,0.,383.784896664949));
#1845=CARTESIAN_POINT('Ctrl Pts',(-133.869276202886,26.1307237971142,383.784896664949));
#1846=CARTESIAN_POINT('Ctrl Pts',(-160.,26.1307237971142,383.784896664949));
#1847=CARTESIAN_POINT('Ctrl Pts',(-186.130723797114,26.1307237971142,383.784896664949));
#1848=CARTESIAN_POINT('Ctrl Pts',(-186.130723797114,0.,383.784896664949));
#1849=CARTESIAN_POINT('Ctrl Pts',(-186.130723797114,-26.1307237971142,383.784896664949));
#1850=CARTESIAN_POINT('Ctrl Pts',(-160.,-26.1307237971142,383.784896664949));
#1851=CARTESIAN_POINT('Ctrl Pts',(-160.,-26.2119338890005,383.433152143331));
#1852=CARTESIAN_POINT('Ctrl Pts',(-133.788066111,-26.2119338890005,383.433152143331));
#1853=CARTESIAN_POINT('Ctrl Pts',(-133.788066111,0.,383.433152143331));
#1854=CARTESIAN_POINT('Ctrl Pts',(-133.788066111,26.2119338890005,383.433152143331));
#1855=CARTESIAN_POINT('Ctrl Pts',(-160.,26.2119338890005,383.433152143331));
#1856=CARTESIAN_POINT('Ctrl Pts',(-186.211933889,26.2119338890005,383.433152143331));
#1857=CARTESIAN_POINT('Ctrl Pts',(-186.211933889,0.,383.433152143331));
#1858=CARTESIAN_POINT('Ctrl Pts',(-186.211933889,-26.2119338890005,383.433152143331));
#1859=CARTESIAN_POINT('Ctrl Pts',(-160.,-26.2119338890005,383.433152143331));
#1860=CARTESIAN_POINT('Ctrl Pts',(-160.,-26.2922954012555,383.076925006661));
#1861=CARTESIAN_POINT('Ctrl Pts',(-133.707704598744,-26.2922954012555,383.076925006661));
#1862=CARTESIAN_POINT('Ctrl Pts',(-133.707704598744,0.,383.076925006661));
#1863=CARTESIAN_POINT('Ctrl Pts',(-133.707704598744,26.2922954012555,383.076925006661));
#1864=CARTESIAN_POINT('Ctrl Pts',(-160.,26.2922954012555,383.076925006661));
#1865=CARTESIAN_POINT('Ctrl Pts',(-186.292295401256,26.2922954012555,383.076925006661));
#1866=CARTESIAN_POINT('Ctrl Pts',(-186.292295401256,0.,383.076925006661));
#1867=CARTESIAN_POINT('Ctrl Pts',(-186.292295401256,-26.2922954012555,383.076925006661));
#1868=CARTESIAN_POINT('Ctrl Pts',(-160.,-26.2922954012555,383.076925006661));
#1869=CARTESIAN_POINT('Ctrl Pts',(-160.,-26.3705303390152,382.723104569129));
#1870=CARTESIAN_POINT('Ctrl Pts',(-133.629469660985,-26.3705303390152,382.723104569129));
#1871=CARTESIAN_POINT('Ctrl Pts',(-133.629469660985,0.,382.723104569129));
#1872=CARTESIAN_POINT('Ctrl Pts',(-133.629469660985,26.3705303390152,382.723104569129));
#1873=CARTESIAN_POINT('Ctrl Pts',(-160.,26.3705303390152,382.723104569129));
#1874=CARTESIAN_POINT('Ctrl Pts',(-186.370530339015,26.3705303390152,382.723104569129));
#1875=CARTESIAN_POINT('Ctrl Pts',(-186.370530339015,0.,382.723104569129));
#1876=CARTESIAN_POINT('Ctrl Pts',(-186.370530339015,-26.3705303390152,382.723104569129));
#1877=CARTESIAN_POINT('Ctrl Pts',(-160.,-26.3705303390152,382.723104569129));
#1878=CARTESIAN_POINT('Ctrl Pts',(-160.,-26.4455531539092,382.378509002227));
#1879=CARTESIAN_POINT('Ctrl Pts',(-133.554446846091,-26.4455531539092,382.378509002227));
#1880=CARTESIAN_POINT('Ctrl Pts',(-133.554446846091,0.,382.378509002227));
#1881=CARTESIAN_POINT('Ctrl Pts',(-133.554446846091,26.4455531539092,382.378509002227));
#1882=CARTESIAN_POINT('Ctrl Pts',(-160.,26.4455531539092,382.378509002227));
#1883=CARTESIAN_POINT('Ctrl Pts',(-186.445553153909,26.4455531539092,382.378509002227));
#1884=CARTESIAN_POINT('Ctrl Pts',(-186.445553153909,0.,382.378509002227));
#1885=CARTESIAN_POINT('Ctrl Pts',(-186.445553153909,-26.4455531539092,382.378509002227));
#1886=CARTESIAN_POINT('Ctrl Pts',(-160.,-26.4455531539092,382.378509002227));
#1887=CARTESIAN_POINT('Ctrl Pts',(-160.,-26.5167156846415,382.048207253668));
#1888=CARTESIAN_POINT('Ctrl Pts',(-133.483284315358,-26.5167156846415,382.048207253668));
#1889=CARTESIAN_POINT('Ctrl Pts',(-133.483284315358,0.,382.048207253668));
#1890=CARTESIAN_POINT('Ctrl Pts',(-133.483284315358,26.5167156846415,382.048207253668));
#1891=CARTESIAN_POINT('Ctrl Pts',(-160.,26.5167156846415,382.048207253668));
#1892=CARTESIAN_POINT('Ctrl Pts',(-186.516715684642,26.5167156846415,382.048207253668));
#1893=CARTESIAN_POINT('Ctrl Pts',(-186.516715684642,0.,382.048207253668));
#1894=CARTESIAN_POINT('Ctrl Pts',(-186.516715684642,-26.5167156846415,382.048207253668));
#1895=CARTESIAN_POINT('Ctrl Pts',(-160.,-26.5167156846415,382.048207253668));
#1896=CARTESIAN_POINT('Ctrl Pts',(-160.,-26.5840023806803,381.734142547227));
#1897=CARTESIAN_POINT('Ctrl Pts',(-133.41599761932,-26.5840023806803,381.734142547227));
#1898=CARTESIAN_POINT('Ctrl Pts',(-133.41599761932,0.,381.734142547227));
#1899=CARTESIAN_POINT('Ctrl Pts',(-133.41599761932,26.5840023806803,381.734142547227));
#1900=CARTESIAN_POINT('Ctrl Pts',(-160.,26.5840023806803,381.734142547227));
#1901=CARTESIAN_POINT('Ctrl Pts',(-186.58400238068,26.5840023806803,381.734142547227));
#1902=CARTESIAN_POINT('Ctrl Pts',(-186.58400238068,0.,381.734142547227));
#1903=CARTESIAN_POINT('Ctrl Pts',(-186.58400238068,-26.5840023806803,381.734142547227));
#1904=CARTESIAN_POINT('Ctrl Pts',(-160.,-26.5840023806803,381.734142547227));
#1905=CARTESIAN_POINT('Ctrl Pts',(-160.,-26.6483455166651,381.433069849331));
#1906=CARTESIAN_POINT('Ctrl Pts',(-133.351654483335,-26.6483455166651,381.433069849331));
#1907=CARTESIAN_POINT('Ctrl Pts',(-133.351654483335,0.,381.433069849331));
#1908=CARTESIAN_POINT('Ctrl Pts',(-133.351654483335,26.6483455166651,381.433069849331));
#1909=CARTESIAN_POINT('Ctrl Pts',(-160.,26.6483455166651,381.433069849331));
#1910=CARTESIAN_POINT('Ctrl Pts',(-186.648345516665,26.6483455166651,381.433069849331));
#1911=CARTESIAN_POINT('Ctrl Pts',(-186.648345516665,0.,381.433069849331));
#1912=CARTESIAN_POINT('Ctrl Pts',(-186.648345516665,-26.6483455166651,381.433069849331));
#1913=CARTESIAN_POINT('Ctrl Pts',(-160.,-26.6483455166651,381.433069849331));
#1914=CARTESIAN_POINT('Ctrl Pts',(-160.,-26.7114230803645,381.137419591536));
#1915=CARTESIAN_POINT('Ctrl Pts',(-133.288576919635,-26.7114230803645,381.137419591536));
#1916=CARTESIAN_POINT('Ctrl Pts',(-133.288576919635,0.,381.137419591536));
#1917=CARTESIAN_POINT('Ctrl Pts',(-133.288576919635,26.7114230803645,381.137419591536));
#1918=CARTESIAN_POINT('Ctrl Pts',(-160.,26.7114230803645,381.137419591536));
#1919=CARTESIAN_POINT('Ctrl Pts',(-186.711423080365,26.7114230803645,381.137419591536));
#1920=CARTESIAN_POINT('Ctrl Pts',(-186.711423080365,0.,381.137419591536));
#1921=CARTESIAN_POINT('Ctrl Pts',(-186.711423080365,-26.7114230803645,381.137419591536));
#1922=CARTESIAN_POINT('Ctrl Pts',(-160.,-26.7114230803645,381.137419591536));
#1923=CARTESIAN_POINT('Ctrl Pts',(-160.,-26.7751593225473,380.837851246382));
#1924=CARTESIAN_POINT('Ctrl Pts',(-133.224840677453,-26.7751593225473,380.837851246382));
#1925=CARTESIAN_POINT('Ctrl Pts',(-133.224840677453,0.,380.837851246382));
#1926=CARTESIAN_POINT('Ctrl Pts',(-133.224840677453,26.7751593225473,380.837851246382));
#1927=CARTESIAN_POINT('Ctrl Pts',(-160.,26.7751593225473,380.837851246382));
#1928=CARTESIAN_POINT('Ctrl Pts',(-186.775159322547,26.7751593225473,380.837851246382));
#1929=CARTESIAN_POINT('Ctrl Pts',(-186.775159322547,0.,380.837851246382));
#1930=CARTESIAN_POINT('Ctrl Pts',(-186.775159322547,-26.7751593225473,380.837851246382));
#1931=CARTESIAN_POINT('Ctrl Pts',(-160.,-26.7751593225473,380.837851246382));
#1932=CARTESIAN_POINT('Ctrl Pts',(-160.,-26.8412970260101,380.525379735905));
#1933=CARTESIAN_POINT('Ctrl Pts',(-133.15870297399,-26.8412970260101,380.525379735905));
#1934=CARTESIAN_POINT('Ctrl Pts',(-133.15870297399,0.,380.525379735905));
#1935=CARTESIAN_POINT('Ctrl Pts',(-133.15870297399,26.8412970260101,380.525379735905));
#1936=CARTESIAN_POINT('Ctrl Pts',(-160.,26.8412970260101,380.525379735905));
#1937=CARTESIAN_POINT('Ctrl Pts',(-186.84129702601,26.8412970260101,380.525379735905));
#1938=CARTESIAN_POINT('Ctrl Pts',(-186.84129702601,0.,380.525379735905));
#1939=CARTESIAN_POINT('Ctrl Pts',(-186.84129702601,-26.8412970260101,380.525379735905));
#1940=CARTESIAN_POINT('Ctrl Pts',(-160.,-26.8412970260101,380.525379735905));
#1941=CARTESIAN_POINT('Ctrl Pts',(-160.,-26.9109817495901,380.193485664468));
#1942=CARTESIAN_POINT('Ctrl Pts',(-133.08901825041,-26.9109817495901,380.193485664468));
#1943=CARTESIAN_POINT('Ctrl Pts',(-133.08901825041,0.,380.193485664468));
#1944=CARTESIAN_POINT('Ctrl Pts',(-133.08901825041,26.9109817495901,380.193485664468));
#1945=CARTESIAN_POINT('Ctrl Pts',(-160.,26.9109817495901,380.193485664468));
#1946=CARTESIAN_POINT('Ctrl Pts',(-186.91098174959,26.9109817495901,380.193485664468));
#1947=CARTESIAN_POINT('Ctrl Pts',(-186.91098174959,0.,380.193485664468));
#1948=CARTESIAN_POINT('Ctrl Pts',(-186.91098174959,-26.9109817495901,380.193485664468));
#1949=CARTESIAN_POINT('Ctrl Pts',(-160.,-26.9109817495901,380.193485664468));
#1950=CARTESIAN_POINT('Ctrl Pts',(-160.,-26.9842349975519,379.840722985934));
#1951=CARTESIAN_POINT('Ctrl Pts',(-133.015765002448,-26.9842349975519,379.840722985934));
#1952=CARTESIAN_POINT('Ctrl Pts',(-133.015765002448,0.,379.840722985934));
#1953=CARTESIAN_POINT('Ctrl Pts',(-133.015765002448,26.9842349975519,379.840722985934));
#1954=CARTESIAN_POINT('Ctrl Pts',(-160.,26.9842349975519,379.840722985934));
#1955=CARTESIAN_POINT('Ctrl Pts',(-186.984234997552,26.9842349975519,379.840722985934));
#1956=CARTESIAN_POINT('Ctrl Pts',(-186.984234997552,0.,379.840722985934));
#1957=CARTESIAN_POINT('Ctrl Pts',(-186.984234997552,-26.9842349975519,379.840722985934));
#1958=CARTESIAN_POINT('Ctrl Pts',(-160.,-26.9842349975519,379.840722985934));
#1959=CARTESIAN_POINT('Ctrl Pts',(-160.,-27.0600939999334,379.470248413604));
#1960=CARTESIAN_POINT('Ctrl Pts',(-132.939906000067,-27.0600939999334,379.470248413604));
#1961=CARTESIAN_POINT('Ctrl Pts',(-132.939906000067,0.,379.470248413604));
#1962=CARTESIAN_POINT('Ctrl Pts',(-132.939906000067,27.0600939999334,379.470248413604));
#1963=CARTESIAN_POINT('Ctrl Pts',(-160.,27.0600939999334,379.470248413604));
#1964=CARTESIAN_POINT('Ctrl Pts',(-187.060093999933,27.0600939999334,379.470248413604));
#1965=CARTESIAN_POINT('Ctrl Pts',(-187.060093999933,0.,379.470248413604));
#1966=CARTESIAN_POINT('Ctrl Pts',(-187.060093999933,-27.0600939999334,379.470248413604));
#1967=CARTESIAN_POINT('Ctrl Pts',(-160.,-27.0600939999334,379.470248413604));
#1968=CARTESIAN_POINT('Ctrl Pts',(-160.,-27.1370181850782,379.08811564897));
#1969=CARTESIAN_POINT('Ctrl Pts',(-132.862981814922,-27.1370181850782,379.08811564897));
#1970=CARTESIAN_POINT('Ctrl Pts',(-132.862981814922,0.,379.08811564897));
#1971=CARTESIAN_POINT('Ctrl Pts',(-132.862981814922,27.1370181850782,379.08811564897));
#1972=CARTESIAN_POINT('Ctrl Pts',(-160.,27.1370181850782,379.08811564897));
#1973=CARTESIAN_POINT('Ctrl Pts',(-187.137018185078,27.1370181850782,379.08811564897));
#1974=CARTESIAN_POINT('Ctrl Pts',(-187.137018185078,0.,379.08811564897));
#1975=CARTESIAN_POINT('Ctrl Pts',(-187.137018185078,-27.1370181850782,379.08811564897));
#1976=CARTESIAN_POINT('Ctrl Pts',(-160.,-27.1370181850782,379.08811564897));
#1977=CARTESIAN_POINT('Ctrl Pts',(-160.,-27.2132052319392,378.701984663149));
#1978=CARTESIAN_POINT('Ctrl Pts',(-132.786794768061,-27.2132052319392,378.701984663149));
#1979=CARTESIAN_POINT('Ctrl Pts',(-132.786794768061,0.,378.701984663149));
#1980=CARTESIAN_POINT('Ctrl Pts',(-132.786794768061,27.2132052319392,378.701984663149));
#1981=CARTESIAN_POINT('Ctrl Pts',(-160.,27.2132052319392,378.701984663149));
#1982=CARTESIAN_POINT('Ctrl Pts',(-187.213205231939,27.2132052319392,378.701984663149));
#1983=CARTESIAN_POINT('Ctrl Pts',(-187.213205231939,0.,378.701984663149));
#1984=CARTESIAN_POINT('Ctrl Pts',(-187.213205231939,-27.2132052319392,378.701984663149));
#1985=CARTESIAN_POINT('Ctrl Pts',(-160.,-27.2132052319392,378.701984663149));
#1986=CARTESIAN_POINT('Ctrl Pts',(-160.,-27.2869522769066,378.319632443273));
#1987=CARTESIAN_POINT('Ctrl Pts',(-132.713047723093,-27.2869522769066,378.319632443273));
#1988=CARTESIAN_POINT('Ctrl Pts',(-132.713047723093,0.,378.319632443273));
#1989=CARTESIAN_POINT('Ctrl Pts',(-132.713047723093,27.2869522769066,378.319632443273));
#1990=CARTESIAN_POINT('Ctrl Pts',(-160.,27.2869522769066,378.319632443273));
#1991=CARTESIAN_POINT('Ctrl Pts',(-187.286952276907,27.2869522769066,378.319632443273));
#1992=CARTESIAN_POINT('Ctrl Pts',(-187.286952276907,0.,378.319632443273));
#1993=CARTESIAN_POINT('Ctrl Pts',(-187.286952276907,-27.2869522769066,378.319632443273));
#1994=CARTESIAN_POINT('Ctrl Pts',(-160.,-27.2869522769066,378.319632443273));
#1995=CARTESIAN_POINT('Ctrl Pts',(-160.,-27.3569802569267,377.94760883585));
#1996=CARTESIAN_POINT('Ctrl Pts',(-132.643019743073,-27.3569802569266,377.94760883585));
#1997=CARTESIAN_POINT('Ctrl Pts',(-132.643019743073,0.,377.94760883585));
#1998=CARTESIAN_POINT('Ctrl Pts',(-132.643019743073,27.3569802569266,377.94760883585));
#1999=CARTESIAN_POINT('Ctrl Pts',(-160.,27.3569802569267,377.94760883585));
#2000=CARTESIAN_POINT('Ctrl Pts',(-187.356980256927,27.3569802569266,377.94760883585));
#2001=CARTESIAN_POINT('Ctrl Pts',(-187.356980256927,0.,377.94760883585));
#2002=CARTESIAN_POINT('Ctrl Pts',(-187.356980256927,-27.3569802569266,377.94760883585));
#2003=CARTESIAN_POINT('Ctrl Pts',(-160.,-27.3569802569267,377.94760883585));
#2004=CARTESIAN_POINT('Ctrl Pts',(-160.,-27.4228204905977,377.589671048254));
#2005=CARTESIAN_POINT('Ctrl Pts',(-132.577179509402,-27.4228204905977,377.589671048254));
#2006=CARTESIAN_POINT('Ctrl Pts',(-132.577179509402,0.,377.589671048254));
#2007=CARTESIAN_POINT('Ctrl Pts',(-132.577179509402,27.4228204905977,377.589671048254));
#2008=CARTESIAN_POINT('Ctrl Pts',(-160.,27.4228204905977,377.589671048254));
#2009=CARTESIAN_POINT('Ctrl Pts',(-187.422820490598,27.4228204905977,377.589671048254));
#2010=CARTESIAN_POINT('Ctrl Pts',(-187.422820490598,0.,377.589671048254));
#2011=CARTESIAN_POINT('Ctrl Pts',(-187.422820490598,-27.4228204905977,377.589671048254));
#2012=CARTESIAN_POINT('Ctrl Pts',(-160.,-27.4228204905977,377.589671048254));
#2013=CARTESIAN_POINT('Ctrl Pts',(-160.,-27.4846735245873,377.247042261489));
#2014=CARTESIAN_POINT('Ctrl Pts',(-132.515326475413,-27.4846735245873,377.247042261489));
#2015=CARTESIAN_POINT('Ctrl Pts',(-132.515326475413,0.,377.247042261489));
#2016=CARTESIAN_POINT('Ctrl Pts',(-132.515326475413,27.4846735245873,377.247042261489));
#2017=CARTESIAN_POINT('Ctrl Pts',(-160.,27.4846735245873,377.247042261489));
#2018=CARTESIAN_POINT('Ctrl Pts',(-187.484673524587,27.4846735245873,377.247042261489));
#2019=CARTESIAN_POINT('Ctrl Pts',(-187.484673524587,0.,377.247042261489));
#2020=CARTESIAN_POINT('Ctrl Pts',(-187.484673524587,-27.4846735245873,377.247042261489));
#2021=CARTESIAN_POINT('Ctrl Pts',(-160.,-27.4846735245873,377.247042261489));
#2022=CARTESIAN_POINT('Ctrl Pts',(-160.,-27.5431948923485,376.918930910079));
#2023=CARTESIAN_POINT('Ctrl Pts',(-132.456805107651,-27.5431948923485,376.918930910079));
#2024=CARTESIAN_POINT('Ctrl Pts',(-132.456805107651,0.,376.918930910079));
#2025=CARTESIAN_POINT('Ctrl Pts',(-132.456805107651,27.5431948923485,376.918930910079));
#2026=CARTESIAN_POINT('Ctrl Pts',(-160.,27.5431948923485,376.918930910079));
#2027=CARTESIAN_POINT('Ctrl Pts',(-187.543194892349,27.5431948923485,376.918930910079));
#2028=CARTESIAN_POINT('Ctrl Pts',(-187.543194892349,0.,376.918930910079));
#2029=CARTESIAN_POINT('Ctrl Pts',(-187.543194892349,-27.5431948923485,376.918930910079));
#2030=CARTESIAN_POINT('Ctrl Pts',(-160.,-27.5431948923485,376.918930910079));
#2031=CARTESIAN_POINT('Ctrl Pts',(-160.,-27.5993014245772,376.602957598122));
#2032=CARTESIAN_POINT('Ctrl Pts',(-132.400698575423,-27.5993014245772,376.602957598122));
#2033=CARTESIAN_POINT('Ctrl Pts',(-132.400698575423,0.,376.602957598122));
#2034=CARTESIAN_POINT('Ctrl Pts',(-132.400698575423,27.5993014245772,376.602957598122));
#2035=CARTESIAN_POINT('Ctrl Pts',(-160.,27.5993014245772,376.602957598122));
#2036=CARTESIAN_POINT('Ctrl Pts',(-187.599301424577,27.5993014245772,376.602957598122));
#2037=CARTESIAN_POINT('Ctrl Pts',(-187.599301424577,0.,376.602957598122));
#2038=CARTESIAN_POINT('Ctrl Pts',(-187.599301424577,-27.5993014245772,376.602957598122));
#2039=CARTESIAN_POINT('Ctrl Pts',(-160.,-27.5993014245772,376.602957598122));
#2040=CARTESIAN_POINT('Ctrl Pts',(-160.,-27.6539805304878,376.295622564739));
#2041=CARTESIAN_POINT('Ctrl Pts',(-132.346019469512,-27.6539805304878,376.295622564739));
#2042=CARTESIAN_POINT('Ctrl Pts',(-132.346019469512,0.,376.295622564739));
#2043=CARTESIAN_POINT('Ctrl Pts',(-132.346019469512,27.6539805304878,376.295622564739));
#2044=CARTESIAN_POINT('Ctrl Pts',(-160.,27.6539805304878,376.295622564739));
#2045=CARTESIAN_POINT('Ctrl Pts',(-187.653980530488,27.6539805304878,376.295622564739));
#2046=CARTESIAN_POINT('Ctrl Pts',(-187.653980530488,0.,376.295622564739));
#2047=CARTESIAN_POINT('Ctrl Pts',(-187.653980530488,-27.6539805304878,376.295622564739));
#2048=CARTESIAN_POINT('Ctrl Pts',(-160.,-27.6539805304878,376.295622564739));
#2049=CARTESIAN_POINT('Ctrl Pts',(-160.,-27.7080697480353,375.992751232432));
#2050=CARTESIAN_POINT('Ctrl Pts',(-132.291930251965,-27.7080697480352,375.992751232432));
#2051=CARTESIAN_POINT('Ctrl Pts',(-132.291930251965,0.,375.992751232432));
#2052=CARTESIAN_POINT('Ctrl Pts',(-132.291930251965,27.7080697480352,375.992751232432));
#2053=CARTESIAN_POINT('Ctrl Pts',(-160.,27.7080697480353,375.992751232432));
#2054=CARTESIAN_POINT('Ctrl Pts',(-187.708069748035,27.7080697480352,375.992751232432));
#2055=CARTESIAN_POINT('Ctrl Pts',(-187.708069748035,0.,375.992751232432));
#2056=CARTESIAN_POINT('Ctrl Pts',(-187.708069748035,-27.7080697480352,375.992751232432));
#2057=CARTESIAN_POINT('Ctrl Pts',(-160.,-27.7080697480353,375.992751232432));
#2058=CARTESIAN_POINT('Ctrl Pts',(-160.,-27.7621593116869,375.689963293378));
#2059=CARTESIAN_POINT('Ctrl Pts',(-132.237840688313,-27.7621593116869,375.689963293378));
#2060=CARTESIAN_POINT('Ctrl Pts',(-132.237840688313,0.,375.689963293378));
#2061=CARTESIAN_POINT('Ctrl Pts',(-132.237840688313,27.7621593116869,375.689963293378));
#2062=CARTESIAN_POINT('Ctrl Pts',(-160.,27.7621593116869,375.689963293378));
#2063=CARTESIAN_POINT('Ctrl Pts',(-187.762159311687,27.7621593116869,375.689963293378));
#2064=CARTESIAN_POINT('Ctrl Pts',(-187.762159311687,0.,375.689963293378));
#2065=CARTESIAN_POINT('Ctrl Pts',(-187.762159311687,-27.7621593116869,375.689963293378));
#2066=CARTESIAN_POINT('Ctrl Pts',(-160.,-27.7621593116869,375.689963293378));
#2067=CARTESIAN_POINT('Ctrl Pts',(-160.,-27.8166314254615,375.383138926883));
#2068=CARTESIAN_POINT('Ctrl Pts',(-132.183368574538,-27.8166314254615,375.383138926883));
#2069=CARTESIAN_POINT('Ctrl Pts',(-132.183368574538,0.,375.383138926883));
#2070=CARTESIAN_POINT('Ctrl Pts',(-132.183368574538,27.8166314254615,375.383138926883));
#2071=CARTESIAN_POINT('Ctrl Pts',(-160.,27.8166314254615,375.383138926883));
#2072=CARTESIAN_POINT('Ctrl Pts',(-187.816631425462,27.8166314254615,375.383138926883));
#2073=CARTESIAN_POINT('Ctrl Pts',(-187.816631425462,0.,375.383138926883));
#2074=CARTESIAN_POINT('Ctrl Pts',(-187.816631425462,-27.8166314254615,375.383138926883));
#2075=CARTESIAN_POINT('Ctrl Pts',(-160.,-27.8166314254615,375.383138926883));
#2076=CARTESIAN_POINT('Ctrl Pts',(-160.,-27.8716618124449,375.068910993398));
#2077=CARTESIAN_POINT('Ctrl Pts',(-132.128338187555,-27.8716618124449,375.068910993398));
#2078=CARTESIAN_POINT('Ctrl Pts',(-132.128338187555,0.,375.068910993398));
#2079=CARTESIAN_POINT('Ctrl Pts',(-132.128338187555,27.8716618124449,375.068910993398));
#2080=CARTESIAN_POINT('Ctrl Pts',(-160.,27.8716618124449,375.068910993398));
#2081=CARTESIAN_POINT('Ctrl Pts',(-187.871661812445,27.8716618124449,375.068910993398));
#2082=CARTESIAN_POINT('Ctrl Pts',(-187.871661812445,0.,375.068910993398));
#2083=CARTESIAN_POINT('Ctrl Pts',(-187.871661812445,-27.8716618124449,375.068910993398));
#2084=CARTESIAN_POINT('Ctrl Pts',(-160.,-27.8716618124449,375.068910993398));
#2085=CARTESIAN_POINT('Ctrl Pts',(-160.,-27.927239455767,374.745092865131));
#2086=CARTESIAN_POINT('Ctrl Pts',(-132.072760544233,-27.927239455767,374.745092865131));
#2087=CARTESIAN_POINT('Ctrl Pts',(-132.072760544233,0.,374.745092865131));
#2088=CARTESIAN_POINT('Ctrl Pts',(-132.072760544233,27.927239455767,374.745092865131));
#2089=CARTESIAN_POINT('Ctrl Pts',(-160.,27.927239455767,374.745092865131));
#2090=CARTESIAN_POINT('Ctrl Pts',(-187.927239455767,27.927239455767,374.745092865131));
#2091=CARTESIAN_POINT('Ctrl Pts',(-187.927239455767,0.,374.745092865131));
#2092=CARTESIAN_POINT('Ctrl Pts',(-187.927239455767,-27.927239455767,374.745092865131));
#2093=CARTESIAN_POINT('Ctrl Pts',(-160.,-27.927239455767,374.745092865131));
#2094=CARTESIAN_POINT('Ctrl Pts',(-160.,-27.9831715749186,374.411266858999));
#2095=CARTESIAN_POINT('Ctrl Pts',(-132.016828425081,-27.9831715749186,374.411266858999));
#2096=CARTESIAN_POINT('Ctrl Pts',(-132.016828425081,0.,374.411266858999));
#2097=CARTESIAN_POINT('Ctrl Pts',(-132.016828425081,27.9831715749186,374.411266858999));
#2098=CARTESIAN_POINT('Ctrl Pts',(-160.,27.9831715749186,374.411266858999));
#2099=CARTESIAN_POINT('Ctrl Pts',(-187.983171574919,27.9831715749186,374.411266858999));
#2100=CARTESIAN_POINT('Ctrl Pts',(-187.983171574919,0.,374.411266858999));
#2101=CARTESIAN_POINT('Ctrl Pts',(-187.983171574919,-27.9831715749186,374.411266858999));
#2102=CARTESIAN_POINT('Ctrl Pts',(-160.,-27.9831715749186,374.411266858999));
#2103=CARTESIAN_POINT('Ctrl Pts',(-160.,-28.0391252189563,374.068722835626));
#2104=CARTESIAN_POINT('Ctrl Pts',(-131.960874781044,-28.0391252189563,374.068722835626));
#2105=CARTESIAN_POINT('Ctrl Pts',(-131.960874781044,0.,374.068722835626));
#2106=CARTESIAN_POINT('Ctrl Pts',(-131.960874781044,28.0391252189563,374.068722835626));
#2107=CARTESIAN_POINT('Ctrl Pts',(-160.,28.0391252189563,374.068722835626));
#2108=CARTESIAN_POINT('Ctrl Pts',(-188.039125218956,28.0391252189563,374.068722835626));
#2109=CARTESIAN_POINT('Ctrl Pts',(-188.039125218956,0.,374.068722835626));
#2110=CARTESIAN_POINT('Ctrl Pts',(-188.039125218956,-28.0391252189563,374.068722835626));
#2111=CARTESIAN_POINT('Ctrl Pts',(-160.,-28.0391252189563,374.068722835626));
#2112=CARTESIAN_POINT('Ctrl Pts',(-160.,-28.0946921309075,373.719917904661));
#2113=CARTESIAN_POINT('Ctrl Pts',(-131.905307869092,-28.0946921309075,373.719917904661));
#2114=CARTESIAN_POINT('Ctrl Pts',(-131.905307869092,0.,373.719917904661));
#2115=CARTESIAN_POINT('Ctrl Pts',(-131.905307869092,28.0946921309075,373.719917904661));
#2116=CARTESIAN_POINT('Ctrl Pts',(-160.,28.0946921309075,373.719917904661));
#2117=CARTESIAN_POINT('Ctrl Pts',(-188.094692130908,28.0946921309075,373.719917904661));
#2118=CARTESIAN_POINT('Ctrl Pts',(-188.094692130908,0.,373.719917904661));
#2119=CARTESIAN_POINT('Ctrl Pts',(-188.094692130908,-28.0946921309075,373.719917904661));
#2120=CARTESIAN_POINT('Ctrl Pts',(-160.,-28.0946921309075,373.719917904661));
#2121=CARTESIAN_POINT('Ctrl Pts',(-160.,-28.1494479501349,373.368072807533));
#2122=CARTESIAN_POINT('Ctrl Pts',(-131.850552049865,-28.1494479501349,373.368072807533));
#2123=CARTESIAN_POINT('Ctrl Pts',(-131.850552049865,0.,373.368072807533));
#2124=CARTESIAN_POINT('Ctrl Pts',(-131.850552049865,28.1494479501349,373.368072807533));
#2125=CARTESIAN_POINT('Ctrl Pts',(-160.,28.1494479501349,373.368072807533));
#2126=CARTESIAN_POINT('Ctrl Pts',(-188.149447950135,28.1494479501349,373.368072807533));
#2127=CARTESIAN_POINT('Ctrl Pts',(-188.149447950135,0.,373.368072807533));
#2128=CARTESIAN_POINT('Ctrl Pts',(-188.149447950135,-28.1494479501349,373.368072807533));
#2129=CARTESIAN_POINT('Ctrl Pts',(-160.,-28.1494479501349,373.368072807533));
#2130=CARTESIAN_POINT('Ctrl Pts',(-160.,-28.2030116109033,373.016718880585));
#2131=CARTESIAN_POINT('Ctrl Pts',(-131.796988389097,-28.2030116109033,373.016718880585));
#2132=CARTESIAN_POINT('Ctrl Pts',(-131.796988389097,0.,373.016718880585));
#2133=CARTESIAN_POINT('Ctrl Pts',(-131.796988389097,28.2030116109033,373.016718880585));
#2134=CARTESIAN_POINT('Ctrl Pts',(-160.,28.2030116109033,373.016718880585));
#2135=CARTESIAN_POINT('Ctrl Pts',(-188.203011610903,28.2030116109033,373.016718880585));
#2136=CARTESIAN_POINT('Ctrl Pts',(-188.203011610903,0.,373.016718880585));
#2137=CARTESIAN_POINT('Ctrl Pts',(-188.203011610903,-28.2030116109033,373.016718880585));
#2138=CARTESIAN_POINT('Ctrl Pts',(-160.,-28.2030116109033,373.016718880585));
#2139=CARTESIAN_POINT('Ctrl Pts',(-160.,-28.2551096872839,372.669250163701));
#2140=CARTESIAN_POINT('Ctrl Pts',(-131.744890312716,-28.2551096872839,372.669250163701));
#2141=CARTESIAN_POINT('Ctrl Pts',(-131.744890312716,0.,372.669250163701));
#2142=CARTESIAN_POINT('Ctrl Pts',(-131.744890312716,28.2551096872839,372.669250163701));
#2143=CARTESIAN_POINT('Ctrl Pts',(-160.,28.2551096872839,372.669250163701));
#2144=CARTESIAN_POINT('Ctrl Pts',(-188.255109687284,28.2551096872839,372.669250163701));
#2145=CARTESIAN_POINT('Ctrl Pts',(-188.255109687284,0.,372.669250163701));
#2146=CARTESIAN_POINT('Ctrl Pts',(-188.255109687284,-28.2551096872839,372.669250163701));
#2147=CARTESIAN_POINT('Ctrl Pts',(-160.,-28.2551096872839,372.669250163701));
#2148=CARTESIAN_POINT('Ctrl Pts',(-160.,-28.3056236891033,372.328520920224));
#2149=CARTESIAN_POINT('Ctrl Pts',(-131.694376310897,-28.3056236891033,372.328520920224));
#2150=CARTESIAN_POINT('Ctrl Pts',(-131.694376310897,0.,372.328520920224));
#2151=CARTESIAN_POINT('Ctrl Pts',(-131.694376310897,28.3056236891033,372.328520920224));
#2152=CARTESIAN_POINT('Ctrl Pts',(-160.,28.3056236891033,372.328520920224));
#2153=CARTESIAN_POINT('Ctrl Pts',(-188.305623689103,28.3056236891033,372.328520920224));
#2154=CARTESIAN_POINT('Ctrl Pts',(-188.305623689103,0.,372.328520920224));
#2155=CARTESIAN_POINT('Ctrl Pts',(-188.305623689103,-28.3056236891033,372.328520920224));
#2156=CARTESIAN_POINT('Ctrl Pts',(-160.,-28.3056236891033,372.328520920224));
#2157=CARTESIAN_POINT('Ctrl Pts',(-160.,-28.3545336549037,371.996774366273));
#2158=CARTESIAN_POINT('Ctrl Pts',(-131.645466345096,-28.3545336549036,371.996774366273));
#2159=CARTESIAN_POINT('Ctrl Pts',(-131.645466345096,0.,371.996774366273));
#2160=CARTESIAN_POINT('Ctrl Pts',(-131.645466345096,28.3545336549036,371.996774366273));
#2161=CARTESIAN_POINT('Ctrl Pts',(-160.,28.3545336549037,371.996774366273));
#2162=CARTESIAN_POINT('Ctrl Pts',(-188.354533654904,28.3545336549036,371.996774366273));
#2163=CARTESIAN_POINT('Ctrl Pts',(-188.354533654904,0.,371.996774366273));
#2164=CARTESIAN_POINT('Ctrl Pts',(-188.354533654904,-28.3545336549036,371.996774366273));
#2165=CARTESIAN_POINT('Ctrl Pts',(-160.,-28.3545336549037,371.996774366273));
#2166=CARTESIAN_POINT('Ctrl Pts',(-160.,-28.4018742496711,371.675532501606));
#2167=CARTESIAN_POINT('Ctrl Pts',(-131.598125750329,-28.4018742496711,371.675532501606));
#2168=CARTESIAN_POINT('Ctrl Pts',(-131.598125750329,0.,371.675532501606));
#2169=CARTESIAN_POINT('Ctrl Pts',(-131.598125750329,28.4018742496711,371.675532501606));
#2170=CARTESIAN_POINT('Ctrl Pts',(-160.,28.4018742496711,371.675532501606));
#2171=CARTESIAN_POINT('Ctrl Pts',(-188.401874249671,28.4018742496711,371.675532501606));
#2172=CARTESIAN_POINT('Ctrl Pts',(-188.401874249671,0.,371.675532501606));
#2173=CARTESIAN_POINT('Ctrl Pts',(-188.401874249671,-28.4018742496711,371.675532501606));
#2174=CARTESIAN_POINT('Ctrl Pts',(-160.,-28.4018742496711,371.675532501606));
#2175=CARTESIAN_POINT('Ctrl Pts',(-160.,-28.4476853709126,371.365498464193));
#2176=CARTESIAN_POINT('Ctrl Pts',(-131.552314629087,-28.4476853709126,371.365498464193));
#2177=CARTESIAN_POINT('Ctrl Pts',(-131.552314629087,0.,371.365498464193));
#2178=CARTESIAN_POINT('Ctrl Pts',(-131.552314629087,28.4476853709126,371.365498464193));
#2179=CARTESIAN_POINT('Ctrl Pts',(-160.,28.4476853709126,371.365498464193));
#2180=CARTESIAN_POINT('Ctrl Pts',(-188.447685370913,28.4476853709126,371.365498464193));
#2181=CARTESIAN_POINT('Ctrl Pts',(-188.447685370913,0.,371.365498464193));
#2182=CARTESIAN_POINT('Ctrl Pts',(-188.447685370913,-28.4476853709126,371.365498464193));
#2183=CARTESIAN_POINT('Ctrl Pts',(-160.,-28.4476853709126,371.365498464193));
#2184=CARTESIAN_POINT('Ctrl Pts',(-160.,-28.4919666331869,371.066459357416));
#2185=CARTESIAN_POINT('Ctrl Pts',(-131.508033366813,-28.4919666331869,371.066459357416));
#2186=CARTESIAN_POINT('Ctrl Pts',(-131.508033366813,0.,371.066459357416));
#2187=CARTESIAN_POINT('Ctrl Pts',(-131.508033366813,28.4919666331869,371.066459357416));
#2188=CARTESIAN_POINT('Ctrl Pts',(-160.,28.4919666331869,371.066459357416));
#2189=CARTESIAN_POINT('Ctrl Pts',(-188.491966633187,28.4919666331869,371.066459357416));
#2190=CARTESIAN_POINT('Ctrl Pts',(-188.491966633187,0.,371.066459357416));
#2191=CARTESIAN_POINT('Ctrl Pts',(-188.491966633187,-28.4919666331869,371.066459357416));
#2192=CARTESIAN_POINT('Ctrl Pts',(-160.,-28.4919666331869,371.066459357416));
#2193=CARTESIAN_POINT('Ctrl Pts',(-160.,-28.5346259156443,370.777172448951));
#2194=CARTESIAN_POINT('Ctrl Pts',(-131.465374084356,-28.5346259156443,370.777172448951));
#2195=CARTESIAN_POINT('Ctrl Pts',(-131.465374084356,0.,370.777172448951));
#2196=CARTESIAN_POINT('Ctrl Pts',(-131.465374084356,28.5346259156443,370.777172448951));
#2197=CARTESIAN_POINT('Ctrl Pts',(-160.,28.5346259156443,370.777172448951));
#2198=CARTESIAN_POINT('Ctrl Pts',(-188.534625915644,28.5346259156443,370.777172448951));
#2199=CARTESIAN_POINT('Ctrl Pts',(-188.534625915644,0.,370.777172448951));
#2200=CARTESIAN_POINT('Ctrl Pts',(-188.534625915644,-28.5346259156443,370.777172448951));
#2201=CARTESIAN_POINT('Ctrl Pts',(-160.,-28.5346259156443,370.777172448951));
#2202=CARTESIAN_POINT('Ctrl Pts',(-160.,-28.5755413055467,370.495690537973));
#2203=CARTESIAN_POINT('Ctrl Pts',(-131.424458694453,-28.5755413055467,370.495690537973));
#2204=CARTESIAN_POINT('Ctrl Pts',(-131.424458694453,0.,370.495690537973));
#2205=CARTESIAN_POINT('Ctrl Pts',(-131.424458694453,28.5755413055467,370.495690537973));
#2206=CARTESIAN_POINT('Ctrl Pts',(-160.,28.5755413055467,370.495690537973));
#2207=CARTESIAN_POINT('Ctrl Pts',(-188.575541305547,28.5755413055467,370.495690537973));
#2208=CARTESIAN_POINT('Ctrl Pts',(-188.575541305547,0.,370.495690537973));
#2209=CARTESIAN_POINT('Ctrl Pts',(-188.575541305547,-28.5755413055467,370.495690537973));
#2210=CARTESIAN_POINT('Ctrl Pts',(-160.,-28.5755413055467,370.495690537973));
#2211=CARTESIAN_POINT('Ctrl Pts',(-160.,-28.6146332602432,370.219730401161));
#2212=CARTESIAN_POINT('Ctrl Pts',(-131.385366739757,-28.6146332602432,370.219730401161));
#2213=CARTESIAN_POINT('Ctrl Pts',(-131.385366739757,0.,370.219730401161));
#2214=CARTESIAN_POINT('Ctrl Pts',(-131.385366739757,28.6146332602432,370.219730401161));
#2215=CARTESIAN_POINT('Ctrl Pts',(-160.,28.6146332602432,370.219730401161));
#2216=CARTESIAN_POINT('Ctrl Pts',(-188.614633260243,28.6146332602432,370.219730401161));
#2217=CARTESIAN_POINT('Ctrl Pts',(-188.614633260243,0.,370.219730401161));
#2218=CARTESIAN_POINT('Ctrl Pts',(-188.614633260243,-28.6146332602432,370.219730401161));
#2219=CARTESIAN_POINT('Ctrl Pts',(-160.,-28.6146332602432,370.219730401161));
#2220=CARTESIAN_POINT('Ctrl Pts',(-160.,-28.6519257643043,369.946992930614));
#2221=CARTESIAN_POINT('Ctrl Pts',(-131.348074235696,-28.6519257643043,369.946992930614));
#2222=CARTESIAN_POINT('Ctrl Pts',(-131.348074235696,0.,369.946992930614));
#2223=CARTESIAN_POINT('Ctrl Pts',(-131.348074235696,28.6519257643043,369.946992930614));
#2224=CARTESIAN_POINT('Ctrl Pts',(-160.,28.6519257643043,369.946992930614));
#2225=CARTESIAN_POINT('Ctrl Pts',(-188.651925764304,28.6519257643043,369.946992930614));
#2226=CARTESIAN_POINT('Ctrl Pts',(-188.651925764304,0.,369.946992930614));
#2227=CARTESIAN_POINT('Ctrl Pts',(-188.651925764304,-28.6519257643043,369.946992930614));
#2228=CARTESIAN_POINT('Ctrl Pts',(-160.,-28.6519257643043,369.946992930614));
#2229=CARTESIAN_POINT('Ctrl Pts',(-160.,-28.6876294625353,369.675580943986));
#2230=CARTESIAN_POINT('Ctrl Pts',(-131.312370537465,-28.6876294625353,369.675580943986));
#2231=CARTESIAN_POINT('Ctrl Pts',(-131.312370537465,0.,369.675580943986));
#2232=CARTESIAN_POINT('Ctrl Pts',(-131.312370537465,28.6876294625353,369.675580943986));
#2233=CARTESIAN_POINT('Ctrl Pts',(-160.,28.6876294625353,369.675580943986));
#2234=CARTESIAN_POINT('Ctrl Pts',(-188.687629462535,28.6876294625353,369.675580943986));
#2235=CARTESIAN_POINT('Ctrl Pts',(-188.687629462535,0.,369.675580943986));
#2236=CARTESIAN_POINT('Ctrl Pts',(-188.687629462535,-28.6876294625353,369.675580943986));
#2237=CARTESIAN_POINT('Ctrl Pts',(-160.,-28.6876294625353,369.675580943986));
#2238=CARTESIAN_POINT('Ctrl Pts',(-160.,-28.7221536571003,369.404099430128));
#2239=CARTESIAN_POINT('Ctrl Pts',(-131.2778463429,-28.7221536571003,369.404099430128));
#2240=CARTESIAN_POINT('Ctrl Pts',(-131.2778463429,0.,369.404099430128));
#2241=CARTESIAN_POINT('Ctrl Pts',(-131.2778463429,28.7221536571003,369.404099430128));
#2242=CARTESIAN_POINT('Ctrl Pts',(-160.,28.7221536571003,369.404099430128));
#2243=CARTESIAN_POINT('Ctrl Pts',(-188.7221536571,28.7221536571003,369.404099430128));
#2244=CARTESIAN_POINT('Ctrl Pts',(-188.7221536571,0.,369.404099430128));
#2245=CARTESIAN_POINT('Ctrl Pts',(-188.7221536571,-28.7221536571003,369.404099430128));
#2246=CARTESIAN_POINT('Ctrl Pts',(-160.,-28.7221536571003,369.404099430128));
#2247=CARTESIAN_POINT('Ctrl Pts',(-160.,-28.7560141188387,369.131287683076));
#2248=CARTESIAN_POINT('Ctrl Pts',(-131.243985881161,-28.7560141188387,369.131287683076));
#2249=CARTESIAN_POINT('Ctrl Pts',(-131.243985881161,0.,369.131287683076));
#2250=CARTESIAN_POINT('Ctrl Pts',(-131.243985881161,28.7560141188387,369.131287683076));
#2251=CARTESIAN_POINT('Ctrl Pts',(-160.,28.7560141188387,369.131287683076));
#2252=CARTESIAN_POINT('Ctrl Pts',(-188.756014118839,28.7560141188387,369.131287683076));
#2253=CARTESIAN_POINT('Ctrl Pts',(-188.756014118839,0.,369.131287683076));
#2254=CARTESIAN_POINT('Ctrl Pts',(-188.756014118839,-28.7560141188387,369.131287683076));
#2255=CARTESIAN_POINT('Ctrl Pts',(-160.,-28.7560141188387,369.131287683076));
#2256=CARTESIAN_POINT('Ctrl Pts',(-160.,-28.7897664576886,368.855769747783));
#2257=CARTESIAN_POINT('Ctrl Pts',(-131.210233542311,-28.7897664576886,368.855769747783));
#2258=CARTESIAN_POINT('Ctrl Pts',(-131.210233542311,0.,368.855769747783));
#2259=CARTESIAN_POINT('Ctrl Pts',(-131.210233542311,28.7897664576886,368.855769747783));
#2260=CARTESIAN_POINT('Ctrl Pts',(-160.,28.7897664576886,368.855769747783));
#2261=CARTESIAN_POINT('Ctrl Pts',(-188.789766457689,28.7897664576886,368.855769747783));
#2262=CARTESIAN_POINT('Ctrl Pts',(-188.789766457689,0.,368.855769747783));
#2263=CARTESIAN_POINT('Ctrl Pts',(-188.789766457689,-28.7897664576886,368.855769747783));
#2264=CARTESIAN_POINT('Ctrl Pts',(-160.,-28.7897664576886,368.855769747783));
#2265=CARTESIAN_POINT('Ctrl Pts',(-160.,-28.8239279460829,368.57574394148));
#2266=CARTESIAN_POINT('Ctrl Pts',(-131.176072053917,-28.8239279460828,368.57574394148));
#2267=CARTESIAN_POINT('Ctrl Pts',(-131.176072053917,0.,368.57574394148));
#2268=CARTESIAN_POINT('Ctrl Pts',(-131.176072053917,28.8239279460828,368.57574394148));
#2269=CARTESIAN_POINT('Ctrl Pts',(-160.,28.8239279460829,368.57574394148));
#2270=CARTESIAN_POINT('Ctrl Pts',(-188.823927946083,28.8239279460828,368.57574394148));
#2271=CARTESIAN_POINT('Ctrl Pts',(-188.823927946083,0.,368.57574394148));
#2272=CARTESIAN_POINT('Ctrl Pts',(-188.823927946083,-28.8239279460828,368.57574394148));
#2273=CARTESIAN_POINT('Ctrl Pts',(-160.,-28.8239279460829,368.57574394148));
#2274=CARTESIAN_POINT('Ctrl Pts',(-160.,-28.858907767016,368.288735028562));
#2275=CARTESIAN_POINT('Ctrl Pts',(-131.141092232984,-28.858907767016,368.288735028562));
#2276=CARTESIAN_POINT('Ctrl Pts',(-131.141092232984,0.,368.288735028562));
#2277=CARTESIAN_POINT('Ctrl Pts',(-131.141092232984,28.858907767016,368.288735028562));
#2278=CARTESIAN_POINT('Ctrl Pts',(-160.,28.858907767016,368.288735028562));
#2279=CARTESIAN_POINT('Ctrl Pts',(-188.858907767016,28.858907767016,368.288735028562));
#2280=CARTESIAN_POINT('Ctrl Pts',(-188.858907767016,0.,368.288735028562));
#2281=CARTESIAN_POINT('Ctrl Pts',(-188.858907767016,-28.858907767016,368.288735028562));
#2282=CARTESIAN_POINT('Ctrl Pts',(-160.,-28.858907767016,368.288735028562));
#2283=CARTESIAN_POINT('Ctrl Pts',(-160.,-28.8950017959665,367.991974994934));
#2284=CARTESIAN_POINT('Ctrl Pts',(-131.104998204033,-28.8950017959665,367.991974994934));
#2285=CARTESIAN_POINT('Ctrl Pts',(-131.104998204033,0.,367.991974994934));
#2286=CARTESIAN_POINT('Ctrl Pts',(-131.104998204033,28.8950017959665,367.991974994934));
#2287=CARTESIAN_POINT('Ctrl Pts',(-160.,28.8950017959665,367.991974994934));
#2288=CARTESIAN_POINT('Ctrl Pts',(-188.895001795967,28.8950017959665,367.991974994934));
#2289=CARTESIAN_POINT('Ctrl Pts',(-188.895001795967,0.,367.991974994934));
#2290=CARTESIAN_POINT('Ctrl Pts',(-188.895001795967,-28.8950017959665,367.991974994934));
#2291=CARTESIAN_POINT('Ctrl Pts',(-160.,-28.8950017959665,367.991974994934));
#2292=CARTESIAN_POINT('Ctrl Pts',(-160.,-28.9323835596264,367.682760814015));
#2293=CARTESIAN_POINT('Ctrl Pts',(-131.067616440374,-28.9323835596264,367.682760814015));
#2294=CARTESIAN_POINT('Ctrl Pts',(-131.067616440374,0.,367.682760814015));
#2295=CARTESIAN_POINT('Ctrl Pts',(-131.067616440374,28.9323835596264,367.682760814015));
#2296=CARTESIAN_POINT('Ctrl Pts',(-160.,28.9323835596264,367.682760814015));
#2297=CARTESIAN_POINT('Ctrl Pts',(-188.932383559626,28.9323835596264,367.682760814015));
#2298=CARTESIAN_POINT('Ctrl Pts',(-188.932383559626,0.,367.682760814015));
#2299=CARTESIAN_POINT('Ctrl Pts',(-188.932383559626,-28.9323835596264,367.682760814015));
#2300=CARTESIAN_POINT('Ctrl Pts',(-160.,-28.9323835596264,367.682760814015));
#2301=CARTESIAN_POINT('Ctrl Pts',(-160.,-28.9710984645777,367.358803295648));
#2302=CARTESIAN_POINT('Ctrl Pts',(-131.028901535422,-28.9710984645777,367.358803295648));
#2303=CARTESIAN_POINT('Ctrl Pts',(-131.028901535422,0.,367.358803295648));
#2304=CARTESIAN_POINT('Ctrl Pts',(-131.028901535422,28.9710984645777,367.358803295648));
#2305=CARTESIAN_POINT('Ctrl Pts',(-160.,28.9710984645777,367.358803295648));
#2306=CARTESIAN_POINT('Ctrl Pts',(-188.971098464578,28.9710984645777,367.358803295648));
#2307=CARTESIAN_POINT('Ctrl Pts',(-188.971098464578,0.,367.358803295648));
#2308=CARTESIAN_POINT('Ctrl Pts',(-188.971098464578,-28.9710984645777,367.358803295648));
#2309=CARTESIAN_POINT('Ctrl Pts',(-160.,-28.9710984645777,367.358803295648));
#2310=CARTESIAN_POINT('Ctrl Pts',(-160.,-29.0110521731066,367.018621080411));
#2311=CARTESIAN_POINT('Ctrl Pts',(-130.988947826893,-29.0110521731066,367.018621080411));
#2312=CARTESIAN_POINT('Ctrl Pts',(-130.988947826893,0.,367.018621080411));
#2313=CARTESIAN_POINT('Ctrl Pts',(-130.988947826893,29.0110521731066,367.018621080411));
#2314=CARTESIAN_POINT('Ctrl Pts',(-160.,29.0110521731066,367.018621080411));
#2315=CARTESIAN_POINT('Ctrl Pts',(-189.011052173107,29.0110521731066,367.018621080411));
#2316=CARTESIAN_POINT('Ctrl Pts',(-189.011052173107,0.,367.018621080411));
#2317=CARTESIAN_POINT('Ctrl Pts',(-189.011052173107,-29.0110521731066,367.018621080411));
#2318=CARTESIAN_POINT('Ctrl Pts',(-160.,-29.0110521731066,367.018621080411));
#2319=CARTESIAN_POINT('Ctrl Pts',(-160.,-29.0520167075599,366.661774860225));
#2320=CARTESIAN_POINT('Ctrl Pts',(-130.94798329244,-29.0520167075598,366.661774860225));
#2321=CARTESIAN_POINT('Ctrl Pts',(-130.94798329244,0.,366.661774860225));
#2322=CARTESIAN_POINT('Ctrl Pts',(-130.94798329244,29.0520167075598,366.661774860225));
#2323=CARTESIAN_POINT('Ctrl Pts',(-160.,29.0520167075599,366.661774860225));
#2324=CARTESIAN_POINT('Ctrl Pts',(-189.05201670756,29.0520167075598,366.661774860225));
#2325=CARTESIAN_POINT('Ctrl Pts',(-189.05201670756,0.,366.661774860225));
#2326=CARTESIAN_POINT('Ctrl Pts',(-189.05201670756,-29.0520167075598,366.661774860225));
#2327=CARTESIAN_POINT('Ctrl Pts',(-160.,-29.0520167075599,366.661774860225));
#2328=CARTESIAN_POINT('Ctrl Pts',(-160.,-29.0936684760184,366.288813462752));
#2329=CARTESIAN_POINT('Ctrl Pts',(-130.906331523982,-29.0936684760184,366.288813462752));
#2330=CARTESIAN_POINT('Ctrl Pts',(-130.906331523982,0.,366.288813462752));
#2331=CARTESIAN_POINT('Ctrl Pts',(-130.906331523982,29.0936684760184,366.288813462752));
#2332=CARTESIAN_POINT('Ctrl Pts',(-160.,29.0936684760184,366.288813462752));
#2333=CARTESIAN_POINT('Ctrl Pts',(-189.093668476018,29.0936684760184,366.288813462752));
#2334=CARTESIAN_POINT('Ctrl Pts',(-189.093668476018,0.,366.288813462752));
#2335=CARTESIAN_POINT('Ctrl Pts',(-189.093668476018,-29.0936684760184,366.288813462752));
#2336=CARTESIAN_POINT('Ctrl Pts',(-160.,-29.0936684760184,366.288813462752));
#2337=CARTESIAN_POINT('Ctrl Pts',(-160.,-29.1356189136271,365.901277311562));
#2338=CARTESIAN_POINT('Ctrl Pts',(-130.864381086373,-29.1356189136271,365.901277311562));
#2339=CARTESIAN_POINT('Ctrl Pts',(-130.864381086373,0.,365.901277311562));
#2340=CARTESIAN_POINT('Ctrl Pts',(-130.864381086373,29.1356189136271,365.901277311562));
#2341=CARTESIAN_POINT('Ctrl Pts',(-160.,29.1356189136271,365.901277311562));
#2342=CARTESIAN_POINT('Ctrl Pts',(-189.135618913627,29.1356189136271,365.901277311562));
#2343=CARTESIAN_POINT('Ctrl Pts',(-189.135618913627,0.,365.901277311562));
#2344=CARTESIAN_POINT('Ctrl Pts',(-189.135618913627,-29.1356189136271,365.901277311562));
#2345=CARTESIAN_POINT('Ctrl Pts',(-160.,-29.1356189136271,365.901277311562));
#2346=CARTESIAN_POINT('Ctrl Pts',(-160.,-29.177448734029,365.501693503442));
#2347=CARTESIAN_POINT('Ctrl Pts',(-130.822551265971,-29.1774487340289,365.501693503442));
#2348=CARTESIAN_POINT('Ctrl Pts',(-130.822551265971,0.,365.501693503442));
#2349=CARTESIAN_POINT('Ctrl Pts',(-130.822551265971,29.1774487340289,365.501693503442));
#2350=CARTESIAN_POINT('Ctrl Pts',(-160.,29.177448734029,365.501693503442));
#2351=CARTESIAN_POINT('Ctrl Pts',(-189.177448734029,29.1774487340289,365.501693503442));
#2352=CARTESIAN_POINT('Ctrl Pts',(-189.177448734029,0.,365.501693503442));
#2353=CARTESIAN_POINT('Ctrl Pts',(-189.177448734029,-29.1774487340289,365.501693503442));
#2354=CARTESIAN_POINT('Ctrl Pts',(-160.,-29.177448734029,365.501693503442));
#2355=CARTESIAN_POINT('Ctrl Pts',(-160.,-29.2187391248166,365.093540928961));
#2356=CARTESIAN_POINT('Ctrl Pts',(-130.781260875183,-29.2187391248166,365.093540928961));
#2357=CARTESIAN_POINT('Ctrl Pts',(-130.781260875183,0.,365.093540928961));
#2358=CARTESIAN_POINT('Ctrl Pts',(-130.781260875183,29.2187391248166,365.093540928961));
#2359=CARTESIAN_POINT('Ctrl Pts',(-160.,29.2187391248166,365.093540928961));
#2360=CARTESIAN_POINT('Ctrl Pts',(-189.218739124817,29.2187391248166,365.093540928961));
#2361=CARTESIAN_POINT('Ctrl Pts',(-189.218739124817,0.,365.093540928961));
#2362=CARTESIAN_POINT('Ctrl Pts',(-189.218739124817,-29.2187391248166,365.093540928961));
#2363=CARTESIAN_POINT('Ctrl Pts',(-160.,-29.2187391248166,365.093540928961));
#2364=CARTESIAN_POINT('Ctrl Pts',(-160.,-29.2591080119294,364.681312116993));
#2365=CARTESIAN_POINT('Ctrl Pts',(-130.740891988071,-29.2591080119294,364.681312116993));
#2366=CARTESIAN_POINT('Ctrl Pts',(-130.740891988071,0.,364.681312116993));
#2367=CARTESIAN_POINT('Ctrl Pts',(-130.740891988071,29.2591080119294,364.681312116993));
#2368=CARTESIAN_POINT('Ctrl Pts',(-160.,29.2591080119294,364.681312116993));
#2369=CARTESIAN_POINT('Ctrl Pts',(-189.259108011929,29.2591080119294,364.681312116993));
#2370=CARTESIAN_POINT('Ctrl Pts',(-189.259108011929,0.,364.681312116993));
#2371=CARTESIAN_POINT('Ctrl Pts',(-189.259108011929,-29.2591080119294,364.681312116993));
#2372=CARTESIAN_POINT('Ctrl Pts',(-160.,-29.2591080119294,364.681312116993));
#2373=CARTESIAN_POINT('Ctrl Pts',(-160.,-29.2982281548636,364.27017408905));
#2374=CARTESIAN_POINT('Ctrl Pts',(-130.701771845136,-29.2982281548636,364.27017408905));
#2375=CARTESIAN_POINT('Ctrl Pts',(-130.701771845136,0.,364.27017408905));
#2376=CARTESIAN_POINT('Ctrl Pts',(-130.701771845136,29.2982281548636,364.27017408905));
#2377=CARTESIAN_POINT('Ctrl Pts',(-160.,29.2982281548636,364.27017408905));
#2378=CARTESIAN_POINT('Ctrl Pts',(-189.298228154864,29.2982281548636,364.27017408905));
#2379=CARTESIAN_POINT('Ctrl Pts',(-189.298228154864,0.,364.27017408905));
#2380=CARTESIAN_POINT('Ctrl Pts',(-189.298228154864,-29.2982281548636,364.27017408905));
#2381=CARTESIAN_POINT('Ctrl Pts',(-160.,-29.2982281548636,364.27017408905));
#2382=CARTESIAN_POINT('Ctrl Pts',(-160.,-29.3358312770828,363.865299681293));
#2383=CARTESIAN_POINT('Ctrl Pts',(-130.664168722917,-29.3358312770828,363.865299681293));
#2384=CARTESIAN_POINT('Ctrl Pts',(-130.664168722917,0.,363.865299681293));
#2385=CARTESIAN_POINT('Ctrl Pts',(-130.664168722917,29.3358312770828,363.865299681293));
#2386=CARTESIAN_POINT('Ctrl Pts',(-160.,29.3358312770828,363.865299681293));
#2387=CARTESIAN_POINT('Ctrl Pts',(-189.335831277083,29.3358312770828,363.865299681293));
#2388=CARTESIAN_POINT('Ctrl Pts',(-189.335831277083,0.,363.865299681293));
#2389=CARTESIAN_POINT('Ctrl Pts',(-189.335831277083,-29.3358312770828,363.865299681293));
#2390=CARTESIAN_POINT('Ctrl Pts',(-160.,-29.3358312770828,363.865299681293));
#2391=CARTESIAN_POINT('Ctrl Pts',(-160.,-29.3717159410168,363.471307292328));
#2392=CARTESIAN_POINT('Ctrl Pts',(-130.628284058983,-29.3717159410168,363.471307292328));
#2393=CARTESIAN_POINT('Ctrl Pts',(-130.628284058983,0.,363.471307292328));
#2394=CARTESIAN_POINT('Ctrl Pts',(-130.628284058983,29.3717159410168,363.471307292328));
#2395=CARTESIAN_POINT('Ctrl Pts',(-160.,29.3717159410168,363.471307292328));
#2396=CARTESIAN_POINT('Ctrl Pts',(-189.371715941017,29.3717159410168,363.471307292328));
#2397=CARTESIAN_POINT('Ctrl Pts',(-189.371715941017,0.,363.471307292328));
#2398=CARTESIAN_POINT('Ctrl Pts',(-189.371715941017,-29.3717159410168,363.471307292328));
#2399=CARTESIAN_POINT('Ctrl Pts',(-160.,-29.3717159410168,363.471307292328));
#2400=CARTESIAN_POINT('Ctrl Pts',(-160.,-29.4057544493,363.091626216923));
#2401=CARTESIAN_POINT('Ctrl Pts',(-130.5942455507,-29.4057544493,363.091626216923));
#2402=CARTESIAN_POINT('Ctrl Pts',(-130.5942455507,0.,363.091626216923));
#2403=CARTESIAN_POINT('Ctrl Pts',(-130.5942455507,29.4057544493,363.091626216923));
#2404=CARTESIAN_POINT('Ctrl Pts',(-160.,29.4057544493,363.091626216923));
#2405=CARTESIAN_POINT('Ctrl Pts',(-189.4057544493,29.4057544493,363.091626216923));
#2406=CARTESIAN_POINT('Ctrl Pts',(-189.4057544493,0.,363.091626216923));
#2407=CARTESIAN_POINT('Ctrl Pts',(-189.4057544493,-29.4057544493,363.091626216923));
#2408=CARTESIAN_POINT('Ctrl Pts',(-160.,-29.4057544493,363.091626216923));
#2409=CARTESIAN_POINT('Ctrl Pts',(-160.,-29.4378988760086,362.727962684183));
#2410=CARTESIAN_POINT('Ctrl Pts',(-130.562101123991,-29.4378988760086,362.727962684183));
#2411=CARTESIAN_POINT('Ctrl Pts',(-130.562101123991,0.,362.727962684183));
#2412=CARTESIAN_POINT('Ctrl Pts',(-130.562101123991,29.4378988760086,362.727962684183));
#2413=CARTESIAN_POINT('Ctrl Pts',(-160.,29.4378988760086,362.727962684183));
#2414=CARTESIAN_POINT('Ctrl Pts',(-189.437898876009,29.4378988760086,362.727962684183));
#2415=CARTESIAN_POINT('Ctrl Pts',(-189.437898876009,0.,362.727962684183));
#2416=CARTESIAN_POINT('Ctrl Pts',(-189.437898876009,-29.4378988760086,362.727962684183));
#2417=CARTESIAN_POINT('Ctrl Pts',(-160.,-29.4378988760086,362.727962684183));
#2418=CARTESIAN_POINT('Ctrl Pts',(-160.,-29.4681906229079,362.379554967654));
#2419=CARTESIAN_POINT('Ctrl Pts',(-130.531809377092,-29.4681906229079,362.379554967654));
#2420=CARTESIAN_POINT('Ctrl Pts',(-130.531809377092,0.,362.379554967654));
#2421=CARTESIAN_POINT('Ctrl Pts',(-130.531809377092,29.4681906229079,362.379554967654));
#2422=CARTESIAN_POINT('Ctrl Pts',(-160.,29.4681906229079,362.379554967654));
#2423=CARTESIAN_POINT('Ctrl Pts',(-189.468190622908,29.4681906229079,362.379554967654));
#2424=CARTESIAN_POINT('Ctrl Pts',(-189.468190622908,0.,362.379554967654));
#2425=CARTESIAN_POINT('Ctrl Pts',(-189.468190622908,-29.4681906229079,362.379554967654));
#2426=CARTESIAN_POINT('Ctrl Pts',(-160.,-29.4681906229079,362.379554967654));
#2427=CARTESIAN_POINT('Ctrl Pts',(-160.,-29.4967576639766,362.043094082856));
#2428=CARTESIAN_POINT('Ctrl Pts',(-130.503242336023,-29.4967576639765,362.043094082856));
#2429=CARTESIAN_POINT('Ctrl Pts',(-130.503242336023,0.,362.043094082856));
#2430=CARTESIAN_POINT('Ctrl Pts',(-130.503242336023,29.4967576639765,362.043094082856));
#2431=CARTESIAN_POINT('Ctrl Pts',(-160.,29.4967576639766,362.043094082856));
#2432=CARTESIAN_POINT('Ctrl Pts',(-189.496757663977,29.4967576639765,362.043094082856));
#2433=CARTESIAN_POINT('Ctrl Pts',(-189.496757663977,0.,362.043094082856));
#2434=CARTESIAN_POINT('Ctrl Pts',(-189.496757663977,-29.4967576639765,362.043094082856));
#2435=CARTESIAN_POINT('Ctrl Pts',(-160.,-29.4967576639766,362.043094082856));
#2436=CARTESIAN_POINT('Ctrl Pts',(-160.,-29.5237897651653,361.713808939482));
#2437=CARTESIAN_POINT('Ctrl Pts',(-130.476210234835,-29.5237897651653,361.713808939482));
#2438=CARTESIAN_POINT('Ctrl Pts',(-130.476210234835,0.,361.713808939482));
#2439=CARTESIAN_POINT('Ctrl Pts',(-130.476210234835,29.5237897651653,361.713808939482));
#2440=CARTESIAN_POINT('Ctrl Pts',(-160.,29.5237897651653,361.713808939482));
#2441=CARTESIAN_POINT('Ctrl Pts',(-189.523789765165,29.5237897651653,361.713808939482));
#2442=CARTESIAN_POINT('Ctrl Pts',(-189.523789765165,0.,361.713808939482));
#2443=CARTESIAN_POINT('Ctrl Pts',(-189.523789765165,-29.5237897651653,361.713808939482));
#2444=CARTESIAN_POINT('Ctrl Pts',(-160.,-29.5237897651653,361.713808939482));
#2445=CARTESIAN_POINT('Ctrl Pts',(-160.,-29.5495186332303,361.386296492846));
#2446=CARTESIAN_POINT('Ctrl Pts',(-130.45048136677,-29.5495186332303,361.386296492846));
#2447=CARTESIAN_POINT('Ctrl Pts',(-130.45048136677,0.,361.386296492846));
#2448=CARTESIAN_POINT('Ctrl Pts',(-130.45048136677,29.5495186332303,361.386296492846));
#2449=CARTESIAN_POINT('Ctrl Pts',(-160.,29.5495186332303,361.386296492846));
#2450=CARTESIAN_POINT('Ctrl Pts',(-189.54951863323,29.5495186332303,361.386296492846));
#2451=CARTESIAN_POINT('Ctrl Pts',(-189.54951863323,0.,361.386296492846));
#2452=CARTESIAN_POINT('Ctrl Pts',(-189.54951863323,-29.5495186332303,361.386296492846));
#2453=CARTESIAN_POINT('Ctrl Pts',(-160.,-29.5495186332303,361.386296492846));
#2454=CARTESIAN_POINT('Ctrl Pts',(-160.,-29.5741961385329,361.055441809945));
#2455=CARTESIAN_POINT('Ctrl Pts',(-130.425803861467,-29.5741961385329,361.055441809945));
#2456=CARTESIAN_POINT('Ctrl Pts',(-130.425803861467,0.,361.055441809945));
#2457=CARTESIAN_POINT('Ctrl Pts',(-130.425803861467,29.5741961385329,361.055441809945));
#2458=CARTESIAN_POINT('Ctrl Pts',(-160.,29.5741961385329,361.055441809945));
#2459=CARTESIAN_POINT('Ctrl Pts',(-189.574196138533,29.5741961385329,361.055441809945));
#2460=CARTESIAN_POINT('Ctrl Pts',(-189.574196138533,0.,361.055441809945));
#2461=CARTESIAN_POINT('Ctrl Pts',(-189.574196138533,-29.5741961385329,361.055441809945));
#2462=CARTESIAN_POINT('Ctrl Pts',(-160.,-29.5741961385329,361.055441809945));
#2463=CARTESIAN_POINT('Ctrl Pts',(-160.,-29.5980732474872,360.717328802182));
#2464=CARTESIAN_POINT('Ctrl Pts',(-130.401926752513,-29.5980732474872,360.717328802182));
#2465=CARTESIAN_POINT('Ctrl Pts',(-130.401926752513,0.,360.717328802182));
#2466=CARTESIAN_POINT('Ctrl Pts',(-130.401926752513,29.5980732474872,360.717328802182));
#2467=CARTESIAN_POINT('Ctrl Pts',(-160.,29.5980732474872,360.717328802182));
#2468=CARTESIAN_POINT('Ctrl Pts',(-189.598073247487,29.5980732474872,360.717328802182));
#2469=CARTESIAN_POINT('Ctrl Pts',(-189.598073247487,0.,360.717328802182));
#2470=CARTESIAN_POINT('Ctrl Pts',(-189.598073247487,-29.5980732474872,360.717328802182));
#2471=CARTESIAN_POINT('Ctrl Pts',(-160.,-29.5980732474872,360.717328802182));
#2472=CARTESIAN_POINT('Ctrl Pts',(-160.,-29.6213789448158,360.370071857546));
#2473=CARTESIAN_POINT('Ctrl Pts',(-130.378621055184,-29.6213789448158,360.370071857546));
#2474=CARTESIAN_POINT('Ctrl Pts',(-130.378621055184,0.,360.370071857546));
#2475=CARTESIAN_POINT('Ctrl Pts',(-130.378621055184,29.6213789448158,360.370071857546));
#2476=CARTESIAN_POINT('Ctrl Pts',(-160.,29.6213789448158,360.370071857546));
#2477=CARTESIAN_POINT('Ctrl Pts',(-189.621378944816,29.6213789448158,360.370071857546));
#2478=CARTESIAN_POINT('Ctrl Pts',(-189.621378944816,0.,360.370071857546));
#2479=CARTESIAN_POINT('Ctrl Pts',(-189.621378944816,-29.6213789448158,360.370071857546));
#2480=CARTESIAN_POINT('Ctrl Pts',(-160.,-29.6213789448158,360.370071857546));
#2481=CARTESIAN_POINT('Ctrl Pts',(-160.,-29.644300744448,360.013480554209));
#2482=CARTESIAN_POINT('Ctrl Pts',(-130.355699255552,-29.644300744448,360.013480554209));
#2483=CARTESIAN_POINT('Ctrl Pts',(-130.355699255552,0.,360.013480554209));
#2484=CARTESIAN_POINT('Ctrl Pts',(-130.355699255552,29.644300744448,360.013480554209));
#2485=CARTESIAN_POINT('Ctrl Pts',(-160.,29.644300744448,360.013480554209));
#2486=CARTESIAN_POINT('Ctrl Pts',(-189.644300744448,29.644300744448,360.013480554209));
#2487=CARTESIAN_POINT('Ctrl Pts',(-189.644300744448,0.,360.013480554209));
#2488=CARTESIAN_POINT('Ctrl Pts',(-189.644300744448,-29.644300744448,360.013480554209));
#2489=CARTESIAN_POINT('Ctrl Pts',(-160.,-29.644300744448,360.013480554209));
#2490=CARTESIAN_POINT('Ctrl Pts',(-160.,-29.6669660625017,359.648802826811));
#2491=CARTESIAN_POINT('Ctrl Pts',(-130.333033937498,-29.6669660625017,359.648802826811));
#2492=CARTESIAN_POINT('Ctrl Pts',(-130.333033937498,0.,359.648802826811));
#2493=CARTESIAN_POINT('Ctrl Pts',(-130.333033937498,29.6669660625017,359.648802826811));
#2494=CARTESIAN_POINT('Ctrl Pts',(-160.,29.6669660625017,359.648802826811));
#2495=CARTESIAN_POINT('Ctrl Pts',(-189.666966062502,29.6669660625017,359.648802826811));
#2496=CARTESIAN_POINT('Ctrl Pts',(-189.666966062502,0.,359.648802826811));
#2497=CARTESIAN_POINT('Ctrl Pts',(-189.666966062502,-29.6669660625017,359.648802826811));
#2498=CARTESIAN_POINT('Ctrl Pts',(-160.,-29.6669660625017,359.648802826811));
#2499=CARTESIAN_POINT('Ctrl Pts',(-160.,-29.6894211976045,359.278447465215));
#2500=CARTESIAN_POINT('Ctrl Pts',(-130.310578802396,-29.6894211976045,359.278447465215));
#2501=CARTESIAN_POINT('Ctrl Pts',(-130.310578802396,0.,359.278447465215));
#2502=CARTESIAN_POINT('Ctrl Pts',(-130.310578802396,29.6894211976045,359.278447465215));
#2503=CARTESIAN_POINT('Ctrl Pts',(-160.,29.6894211976045,359.278447465215));
#2504=CARTESIAN_POINT('Ctrl Pts',(-189.689421197604,29.6894211976045,359.278447465215));
#2505=CARTESIAN_POINT('Ctrl Pts',(-189.689421197604,0.,359.278447465215));
#2506=CARTESIAN_POINT('Ctrl Pts',(-189.689421197604,-29.6894211976045,359.278447465215));
#2507=CARTESIAN_POINT('Ctrl Pts',(-160.,-29.6894211976045,359.278447465215));
#2508=CARTESIAN_POINT('Ctrl Pts',(-160.,-29.711616035889,358.905694549938));
#2509=CARTESIAN_POINT('Ctrl Pts',(-130.288383964111,-29.711616035889,358.905694549938));
#2510=CARTESIAN_POINT('Ctrl Pts',(-130.288383964111,0.,358.905694549938));
#2511=CARTESIAN_POINT('Ctrl Pts',(-130.288383964111,29.711616035889,358.905694549938));
#2512=CARTESIAN_POINT('Ctrl Pts',(-160.,29.711616035889,358.905694549938));
#2513=CARTESIAN_POINT('Ctrl Pts',(-189.711616035889,29.711616035889,358.905694549938));
#2514=CARTESIAN_POINT('Ctrl Pts',(-189.711616035889,0.,358.905694549938));
#2515=CARTESIAN_POINT('Ctrl Pts',(-189.711616035889,-29.711616035889,358.905694549938));
#2516=CARTESIAN_POINT('Ctrl Pts',(-160.,-29.711616035889,358.905694549938));
#2517=CARTESIAN_POINT('Ctrl Pts',(-160.,-29.7333746249471,358.534463006379));
#2518=CARTESIAN_POINT('Ctrl Pts',(-130.266625375053,-29.7333746249471,358.534463006379));
#2519=CARTESIAN_POINT('Ctrl Pts',(-130.266625375053,0.,358.534463006379));
#2520=CARTESIAN_POINT('Ctrl Pts',(-130.266625375053,29.7333746249471,358.534463006379));
#2521=CARTESIAN_POINT('Ctrl Pts',(-160.,29.7333746249471,358.534463006379));
#2522=CARTESIAN_POINT('Ctrl Pts',(-189.733374624947,29.7333746249471,358.534463006379));
#2523=CARTESIAN_POINT('Ctrl Pts',(-189.733374624947,0.,358.534463006379));
#2524=CARTESIAN_POINT('Ctrl Pts',(-189.733374624947,-29.7333746249471,358.534463006379));
#2525=CARTESIAN_POINT('Ctrl Pts',(-160.,-29.7333746249471,358.534463006379));
#2526=CARTESIAN_POINT('Ctrl Pts',(-160.,-29.7544192894909,358.16884229001));
#2527=CARTESIAN_POINT('Ctrl Pts',(-130.245580710509,-29.7544192894909,358.16884229001));
#2528=CARTESIAN_POINT('Ctrl Pts',(-130.245580710509,0.,358.16884229001));
#2529=CARTESIAN_POINT('Ctrl Pts',(-130.245580710509,29.7544192894909,358.16884229001));
#2530=CARTESIAN_POINT('Ctrl Pts',(-160.,29.7544192894909,358.16884229001));
#2531=CARTESIAN_POINT('Ctrl Pts',(-189.754419289491,29.7544192894909,358.16884229001));
#2532=CARTESIAN_POINT('Ctrl Pts',(-189.754419289491,0.,358.16884229001));
#2533=CARTESIAN_POINT('Ctrl Pts',(-189.754419289491,-29.7544192894909,358.16884229001));
#2534=CARTESIAN_POINT('Ctrl Pts',(-160.,-29.7544192894909,358.16884229001));
#2535=CARTESIAN_POINT('Ctrl Pts',(-160.,-29.7744438289346,357.812402980764));
#2536=CARTESIAN_POINT('Ctrl Pts',(-130.225556171065,-29.7744438289346,357.812402980764));
#2537=CARTESIAN_POINT('Ctrl Pts',(-130.225556171065,0.,357.812402980764));
#2538=CARTESIAN_POINT('Ctrl Pts',(-130.225556171065,29.7744438289346,357.812402980764));
#2539=CARTESIAN_POINT('Ctrl Pts',(-160.,29.7744438289346,357.812402980764));
#2540=CARTESIAN_POINT('Ctrl Pts',(-189.774443828935,29.7744438289346,357.812402980764));
#2541=CARTESIAN_POINT('Ctrl Pts',(-189.774443828935,0.,357.812402980764));
#2542=CARTESIAN_POINT('Ctrl Pts',(-189.774443828935,-29.7744438289346,357.812402980764));
#2543=CARTESIAN_POINT('Ctrl Pts',(-160.,-29.7744438289346,357.812402980764));
#2544=CARTESIAN_POINT('Ctrl Pts',(-160.,-29.7931728714546,357.467572075926));
#2545=CARTESIAN_POINT('Ctrl Pts',(-130.206827128545,-29.7931728714546,357.467572075926));
#2546=CARTESIAN_POINT('Ctrl Pts',(-130.206827128545,0.,357.467572075926));
#2547=CARTESIAN_POINT('Ctrl Pts',(-130.206827128545,29.7931728714546,357.467572075926));
#2548=CARTESIAN_POINT('Ctrl Pts',(-160.,29.7931728714546,357.467572075926));
#2549=CARTESIAN_POINT('Ctrl Pts',(-189.793172871455,29.7931728714546,357.467572075926));
#2550=CARTESIAN_POINT('Ctrl Pts',(-189.793172871455,0.,357.467572075926));
#2551=CARTESIAN_POINT('Ctrl Pts',(-189.793172871455,-29.7931728714546,357.467572075926));
#2552=CARTESIAN_POINT('Ctrl Pts',(-160.,-29.7931728714546,357.467572075926));
#2553=CARTESIAN_POINT('Ctrl Pts',(-160.,-29.8104273785694,357.134974700247));
#2554=CARTESIAN_POINT('Ctrl Pts',(-130.189572621431,-29.8104273785694,357.134974700247));
#2555=CARTESIAN_POINT('Ctrl Pts',(-130.189572621431,0.,357.134974700247));
#2556=CARTESIAN_POINT('Ctrl Pts',(-130.189572621431,29.8104273785694,357.134974700247));
#2557=CARTESIAN_POINT('Ctrl Pts',(-160.,29.8104273785694,357.134974700247));
#2558=CARTESIAN_POINT('Ctrl Pts',(-189.810427378569,29.8104273785694,357.134974700247));
#2559=CARTESIAN_POINT('Ctrl Pts',(-189.810427378569,0.,357.134974700247));
#2560=CARTESIAN_POINT('Ctrl Pts',(-189.810427378569,-29.8104273785694,357.134974700247));
#2561=CARTESIAN_POINT('Ctrl Pts',(-160.,-29.8104273785694,357.134974700247));
#2562=CARTESIAN_POINT('Ctrl Pts',(-160.,-29.8261864021985,356.812806406635));
#2563=CARTESIAN_POINT('Ctrl Pts',(-130.173813597801,-29.8261864021985,356.812806406635));
#2564=CARTESIAN_POINT('Ctrl Pts',(-130.173813597801,0.,356.812806406635));
#2565=CARTESIAN_POINT('Ctrl Pts',(-130.173813597801,29.8261864021985,356.812806406635));
#2566=CARTESIAN_POINT('Ctrl Pts',(-160.,29.8261864021985,356.812806406635));
#2567=CARTESIAN_POINT('Ctrl Pts',(-189.826186402199,29.8261864021985,356.812806406635));
#2568=CARTESIAN_POINT('Ctrl Pts',(-189.826186402199,0.,356.812806406635));
#2569=CARTESIAN_POINT('Ctrl Pts',(-189.826186402199,-29.8261864021985,356.812806406635));
#2570=CARTESIAN_POINT('Ctrl Pts',(-160.,-29.8261864021985,356.812806406635));
#2571=CARTESIAN_POINT('Ctrl Pts',(-160.,-29.8406535040452,356.496147928377));
#2572=CARTESIAN_POINT('Ctrl Pts',(-130.159346495955,-29.8406535040452,356.496147928377));
#2573=CARTESIAN_POINT('Ctrl Pts',(-130.159346495955,0.,356.496147928377));
#2574=CARTESIAN_POINT('Ctrl Pts',(-130.159346495955,29.8406535040452,356.496147928377));
#2575=CARTESIAN_POINT('Ctrl Pts',(-160.,29.8406535040452,356.496147928377));
#2576=CARTESIAN_POINT('Ctrl Pts',(-189.840653504045,29.8406535040452,356.496147928377));
#2577=CARTESIAN_POINT('Ctrl Pts',(-189.840653504045,0.,356.496147928377));
#2578=CARTESIAN_POINT('Ctrl Pts',(-189.840653504045,-29.8406535040452,356.496147928377));
#2579=CARTESIAN_POINT('Ctrl Pts',(-160.,-29.8406535040452,356.496147928377));
#2580=CARTESIAN_POINT('Ctrl Pts',(-160.,-29.8541600396696,356.178602865277));
#2581=CARTESIAN_POINT('Ctrl Pts',(-130.14583996033,-29.8541600396696,356.178602865277));
#2582=CARTESIAN_POINT('Ctrl Pts',(-130.14583996033,0.,356.178602865277));
#2583=CARTESIAN_POINT('Ctrl Pts',(-130.14583996033,29.8541600396696,356.178602865277));
#2584=CARTESIAN_POINT('Ctrl Pts',(-160.,29.8541600396696,356.178602865277));
#2585=CARTESIAN_POINT('Ctrl Pts',(-189.85416003967,29.8541600396696,356.178602865277));
#2586=CARTESIAN_POINT('Ctrl Pts',(-189.85416003967,0.,356.178602865277));
#2587=CARTESIAN_POINT('Ctrl Pts',(-189.85416003967,-29.8541600396696,356.178602865277));
#2588=CARTESIAN_POINT('Ctrl Pts',(-160.,-29.8541600396696,356.178602865277));
#2589=CARTESIAN_POINT('Ctrl Pts',(-160.,-29.8670664090768,355.853960222362));
#2590=CARTESIAN_POINT('Ctrl Pts',(-130.132933590923,-29.8670664090768,355.853960222362));
#2591=CARTESIAN_POINT('Ctrl Pts',(-130.132933590923,0.,355.853960222362));
#2592=CARTESIAN_POINT('Ctrl Pts',(-130.132933590923,29.8670664090768,355.853960222362));
#2593=CARTESIAN_POINT('Ctrl Pts',(-160.,29.8670664090768,355.853960222362));
#2594=CARTESIAN_POINT('Ctrl Pts',(-189.867066409077,29.8670664090768,355.853960222362));
#2595=CARTESIAN_POINT('Ctrl Pts',(-189.867066409077,0.,355.853960222362));
#2596=CARTESIAN_POINT('Ctrl Pts',(-189.867066409077,-29.8670664090768,355.853960222362));
#2597=CARTESIAN_POINT('Ctrl Pts',(-160.,-29.8670664090768,355.853960222362));
#2598=CARTESIAN_POINT('Ctrl Pts',(-160.,-29.8796614111855,355.517897159871));
#2599=CARTESIAN_POINT('Ctrl Pts',(-130.120338588815,-29.8796614111855,355.517897159871));
#2600=CARTESIAN_POINT('Ctrl Pts',(-130.120338588815,0.,355.517897159871));
#2601=CARTESIAN_POINT('Ctrl Pts',(-130.120338588815,29.8796614111855,355.517897159871));
#2602=CARTESIAN_POINT('Ctrl Pts',(-160.,29.8796614111855,355.517897159871));
#2603=CARTESIAN_POINT('Ctrl Pts',(-189.879661411185,29.8796614111855,355.517897159871));
#2604=CARTESIAN_POINT('Ctrl Pts',(-189.879661411185,0.,355.517897159871));
#2605=CARTESIAN_POINT('Ctrl Pts',(-189.879661411185,-29.8796614111855,355.517897159871));
#2606=CARTESIAN_POINT('Ctrl Pts',(-160.,-29.8796614111855,355.517897159871));
#2607=CARTESIAN_POINT('Ctrl Pts',(-160.,-29.8920684359408,355.169551903949));
#2608=CARTESIAN_POINT('Ctrl Pts',(-130.107931564059,-29.8920684359408,355.169551903949));
#2609=CARTESIAN_POINT('Ctrl Pts',(-130.107931564059,0.,355.169551903949));
#2610=CARTESIAN_POINT('Ctrl Pts',(-130.107931564059,29.8920684359408,355.169551903949));
#2611=CARTESIAN_POINT('Ctrl Pts',(-160.,29.8920684359408,355.169551903949));
#2612=CARTESIAN_POINT('Ctrl Pts',(-189.892068435941,29.8920684359408,355.169551903949));
#2613=CARTESIAN_POINT('Ctrl Pts',(-189.892068435941,0.,355.169551903949));
#2614=CARTESIAN_POINT('Ctrl Pts',(-189.892068435941,-29.8920684359408,355.169551903949));
#2615=CARTESIAN_POINT('Ctrl Pts',(-160.,-29.8920684359408,355.169551903949));
#2616=CARTESIAN_POINT('Ctrl Pts',(-160.,-29.9041326930885,354.813452049804));
#2617=CARTESIAN_POINT('Ctrl Pts',(-130.095867306911,-29.9041326930885,354.813452049804));
#2618=CARTESIAN_POINT('Ctrl Pts',(-130.095867306911,0.,354.813452049804));
#2619=CARTESIAN_POINT('Ctrl Pts',(-130.095867306911,29.9041326930885,354.813452049804));
#2620=CARTESIAN_POINT('Ctrl Pts',(-160.,29.9041326930885,354.813452049804));
#2621=CARTESIAN_POINT('Ctrl Pts',(-189.904132693089,29.9041326930885,354.813452049804));
#2622=CARTESIAN_POINT('Ctrl Pts',(-189.904132693089,0.,354.813452049804));
#2623=CARTESIAN_POINT('Ctrl Pts',(-189.904132693089,-29.9041326930885,354.813452049804));
#2624=CARTESIAN_POINT('Ctrl Pts',(-160.,-29.9041326930885,354.813452049804));
#2625=CARTESIAN_POINT('Ctrl Pts',(-160.,-29.9155216461116,354.457469296567));
#2626=CARTESIAN_POINT('Ctrl Pts',(-130.084478353888,-29.9155216461116,354.457469296567));
#2627=CARTESIAN_POINT('Ctrl Pts',(-130.084478353888,0.,354.457469296567));
#2628=CARTESIAN_POINT('Ctrl Pts',(-130.084478353888,29.9155216461116,354.457469296567));
#2629=CARTESIAN_POINT('Ctrl Pts',(-160.,29.9155216461116,354.457469296567));
#2630=CARTESIAN_POINT('Ctrl Pts',(-189.915521646112,29.9155216461116,354.457469296567));
#2631=CARTESIAN_POINT('Ctrl Pts',(-189.915521646112,0.,354.457469296567));
#2632=CARTESIAN_POINT('Ctrl Pts',(-189.915521646112,-29.9155216461116,354.457469296567));
#2633=CARTESIAN_POINT('Ctrl Pts',(-160.,-29.9155216461116,354.457469296567));
#2634=CARTESIAN_POINT('Ctrl Pts',(-160.,-29.9258459242826,354.110400805462));
#2635=CARTESIAN_POINT('Ctrl Pts',(-130.074154075717,-29.9258459242826,354.110400805462));
#2636=CARTESIAN_POINT('Ctrl Pts',(-130.074154075717,0.,354.110400805462));
#2637=CARTESIAN_POINT('Ctrl Pts',(-130.074154075717,29.9258459242826,354.110400805462));
#2638=CARTESIAN_POINT('Ctrl Pts',(-160.,29.9258459242826,354.110400805462));
#2639=CARTESIAN_POINT('Ctrl Pts',(-189.925845924283,29.9258459242826,354.110400805462));
#2640=CARTESIAN_POINT('Ctrl Pts',(-189.925845924283,0.,354.110400805462));
#2641=CARTESIAN_POINT('Ctrl Pts',(-189.925845924283,-29.9258459242826,354.110400805462));
#2642=CARTESIAN_POINT('Ctrl Pts',(-160.,-29.9258459242826,354.110400805462));
#2643=CARTESIAN_POINT('Ctrl Pts',(-160.,-29.9347803199698,353.779530842519));
#2644=CARTESIAN_POINT('Ctrl Pts',(-130.06521968003,-29.9347803199698,353.779530842519));
#2645=CARTESIAN_POINT('Ctrl Pts',(-130.06521968003,0.,353.779530842519));
#2646=CARTESIAN_POINT('Ctrl Pts',(-130.06521968003,29.9347803199698,353.779530842519));
#2647=CARTESIAN_POINT('Ctrl Pts',(-160.,29.9347803199698,353.779530842519));
#2648=CARTESIAN_POINT('Ctrl Pts',(-189.93478031997,29.9347803199698,353.779530842519));
#2649=CARTESIAN_POINT('Ctrl Pts',(-189.93478031997,0.,353.779530842519));
#2650=CARTESIAN_POINT('Ctrl Pts',(-189.93478031997,-29.9347803199698,353.779530842519));
#2651=CARTESIAN_POINT('Ctrl Pts',(-160.,-29.9347803199698,353.779530842519));
#2652=CARTESIAN_POINT('Ctrl Pts',(-160.,-29.9421680455519,353.468546305901));
#2653=CARTESIAN_POINT('Ctrl Pts',(-130.057831954448,-29.9421680455519,353.468546305901));
#2654=CARTESIAN_POINT('Ctrl Pts',(-130.057831954448,0.,353.468546305901));
#2655=CARTESIAN_POINT('Ctrl Pts',(-130.057831954448,29.9421680455519,353.468546305901));
#2656=CARTESIAN_POINT('Ctrl Pts',(-160.,29.9421680455519,353.468546305901));
#2657=CARTESIAN_POINT('Ctrl Pts',(-189.942168045552,29.9421680455519,353.468546305901));
#2658=CARTESIAN_POINT('Ctrl Pts',(-189.942168045552,0.,353.468546305901));
#2659=CARTESIAN_POINT('Ctrl Pts',(-189.942168045552,-29.9421680455519,353.468546305901));
#2660=CARTESIAN_POINT('Ctrl Pts',(-160.,-29.9421680455519,353.468546305901));
#2661=CARTESIAN_POINT('Ctrl Pts',(-160.,-29.9481734566473,353.174446280791));
#2662=CARTESIAN_POINT('Ctrl Pts',(-130.051826543353,-29.9481734566473,353.174446280791));
#2663=CARTESIAN_POINT('Ctrl Pts',(-130.051826543353,0.,353.174446280791));
#2664=CARTESIAN_POINT('Ctrl Pts',(-130.051826543353,29.9481734566473,353.174446280791));
#2665=CARTESIAN_POINT('Ctrl Pts',(-160.,29.9481734566473,353.174446280791));
#2666=CARTESIAN_POINT('Ctrl Pts',(-189.948173456647,29.9481734566473,353.174446280791));
#2667=CARTESIAN_POINT('Ctrl Pts',(-189.948173456647,0.,353.174446280791));
#2668=CARTESIAN_POINT('Ctrl Pts',(-189.948173456647,-29.9481734566473,353.174446280791));
#2669=CARTESIAN_POINT('Ctrl Pts',(-160.,-29.9481734566473,353.174446280791));
#2670=CARTESIAN_POINT('Ctrl Pts',(-160.,-29.9532455729062,352.888368023916));
#2671=CARTESIAN_POINT('Ctrl Pts',(-130.046754427094,-29.9532455729062,352.888368023916));
#2672=CARTESIAN_POINT('Ctrl Pts',(-130.046754427094,0.,352.888368023916));
#2673=CARTESIAN_POINT('Ctrl Pts',(-130.046754427094,29.9532455729062,352.888368023916));
#2674=CARTESIAN_POINT('Ctrl Pts',(-160.,29.9532455729062,352.888368023916));
#2675=CARTESIAN_POINT('Ctrl Pts',(-189.953245572906,29.9532455729062,352.888368023916));
#2676=CARTESIAN_POINT('Ctrl Pts',(-189.953245572906,0.,352.888368023916));
#2677=CARTESIAN_POINT('Ctrl Pts',(-189.953245572906,-29.9532455729062,352.888368023916));
#2678=CARTESIAN_POINT('Ctrl Pts',(-160.,-29.9532455729062,352.888368023916));
#2679=CARTESIAN_POINT('Ctrl Pts',(-160.,-29.957914892675,352.599865101279));
#2680=CARTESIAN_POINT('Ctrl Pts',(-130.042085107325,-29.957914892675,352.599865101279));
#2681=CARTESIAN_POINT('Ctrl Pts',(-130.042085107325,0.,352.599865101279));
#2682=CARTESIAN_POINT('Ctrl Pts',(-130.042085107325,29.957914892675,352.599865101279));
#2683=CARTESIAN_POINT('Ctrl Pts',(-160.,29.957914892675,352.599865101279));
#2684=CARTESIAN_POINT('Ctrl Pts',(-189.957914892675,29.957914892675,352.599865101279));
#2685=CARTESIAN_POINT('Ctrl Pts',(-189.957914892675,0.,352.599865101279));
#2686=CARTESIAN_POINT('Ctrl Pts',(-189.957914892675,-29.957914892675,352.599865101279));
#2687=CARTESIAN_POINT('Ctrl Pts',(-160.,-29.957914892675,352.599865101279));
#2688=CARTESIAN_POINT('Ctrl Pts',(-160.,-29.9626318067617,352.300319346799));
#2689=CARTESIAN_POINT('Ctrl Pts',(-130.037368193238,-29.9626318067617,352.300319346799));
#2690=CARTESIAN_POINT('Ctrl Pts',(-130.037368193238,0.,352.300319346799));
#2691=CARTESIAN_POINT('Ctrl Pts',(-130.037368193238,29.9626318067617,352.300319346799));
#2692=CARTESIAN_POINT('Ctrl Pts',(-160.,29.9626318067617,352.300319346799));
#2693=CARTESIAN_POINT('Ctrl Pts',(-189.962631806762,29.9626318067617,352.300319346799));
#2694=CARTESIAN_POINT('Ctrl Pts',(-189.962631806762,0.,352.300319346799));
#2695=CARTESIAN_POINT('Ctrl Pts',(-189.962631806762,-29.9626318067617,352.300319346799));
#2696=CARTESIAN_POINT('Ctrl Pts',(-160.,-29.9626318067617,352.300319346799));
#2697=CARTESIAN_POINT('Ctrl Pts',(-160.,-29.9675989231266,351.986491577227));
#2698=CARTESIAN_POINT('Ctrl Pts',(-130.032401076873,-29.9675989231266,351.986491577227));
#2699=CARTESIAN_POINT('Ctrl Pts',(-130.032401076873,0.,351.986491577227));
#2700=CARTESIAN_POINT('Ctrl Pts',(-130.032401076873,29.9675989231266,351.986491577227));
#2701=CARTESIAN_POINT('Ctrl Pts',(-160.,29.9675989231266,351.986491577227));
#2702=CARTESIAN_POINT('Ctrl Pts',(-189.967598923127,29.9675989231266,351.986491577227));
#2703=CARTESIAN_POINT('Ctrl Pts',(-189.967598923127,0.,351.986491577227));
#2704=CARTESIAN_POINT('Ctrl Pts',(-189.967598923127,-29.9675989231266,351.986491577227));
#2705=CARTESIAN_POINT('Ctrl Pts',(-160.,-29.9675989231266,351.986491577227));
#2706=CARTESIAN_POINT('Ctrl Pts',(-160.,-29.9725769264224,351.664586086396));
#2707=CARTESIAN_POINT('Ctrl Pts',(-130.027423073578,-29.9725769264224,351.664586086396));
#2708=CARTESIAN_POINT('Ctrl Pts',(-130.027423073578,0.,351.664586086396));
#2709=CARTESIAN_POINT('Ctrl Pts',(-130.027423073578,29.9725769264224,351.664586086396));
#2710=CARTESIAN_POINT('Ctrl Pts',(-160.,29.9725769264224,351.664586086396));
#2711=CARTESIAN_POINT('Ctrl Pts',(-189.972576926422,29.9725769264224,351.664586086396));
#2712=CARTESIAN_POINT('Ctrl Pts',(-189.972576926422,0.,351.664586086396));
#2713=CARTESIAN_POINT('Ctrl Pts',(-189.972576926422,-29.9725769264224,351.664586086396));
#2714=CARTESIAN_POINT('Ctrl Pts',(-160.,-29.9725769264224,351.664586086396));
#2715=CARTESIAN_POINT('Ctrl Pts',(-160.,-29.9770561835138,351.347138834855));
#2716=CARTESIAN_POINT('Ctrl Pts',(-130.022943816486,-29.9770561835138,351.347138834855));
#2717=CARTESIAN_POINT('Ctrl Pts',(-130.022943816486,0.,351.347138834855));
#2718=CARTESIAN_POINT('Ctrl Pts',(-130.022943816486,29.9770561835138,351.347138834855));
#2719=CARTESIAN_POINT('Ctrl Pts',(-160.,29.9770561835138,351.347138834855));
#2720=CARTESIAN_POINT('Ctrl Pts',(-189.977056183514,29.9770561835138,351.347138834855));
#2721=CARTESIAN_POINT('Ctrl Pts',(-189.977056183514,0.,351.347138834855));
#2722=CARTESIAN_POINT('Ctrl Pts',(-189.977056183514,-29.9770561835138,351.347138834855));
#2723=CARTESIAN_POINT('Ctrl Pts',(-160.,-29.9770561835138,351.347138834855));
#2724=CARTESIAN_POINT('Ctrl Pts',(-160.,-29.9804826036102,351.048860913628));
#2725=CARTESIAN_POINT('Ctrl Pts',(-130.01951739639,-29.9804826036102,351.048860913628));
#2726=CARTESIAN_POINT('Ctrl Pts',(-130.01951739639,0.,351.048860913628));
#2727=CARTESIAN_POINT('Ctrl Pts',(-130.01951739639,29.9804826036102,351.048860913628));
#2728=CARTESIAN_POINT('Ctrl Pts',(-160.,29.9804826036102,351.048860913628));
#2729=CARTESIAN_POINT('Ctrl Pts',(-189.98048260361,29.9804826036102,351.048860913628));
#2730=CARTESIAN_POINT('Ctrl Pts',(-189.98048260361,0.,351.048860913628));
#2731=CARTESIAN_POINT('Ctrl Pts',(-189.98048260361,-29.9804826036102,351.048860913628));
#2732=CARTESIAN_POINT('Ctrl Pts',(-160.,-29.9804826036102,351.048860913628));
#2733=CARTESIAN_POINT('Ctrl Pts',(-160.,-29.9824549874847,350.782993714406));
#2734=CARTESIAN_POINT('Ctrl Pts',(-130.017545012515,-29.9824549874847,350.782993714406));
#2735=CARTESIAN_POINT('Ctrl Pts',(-130.017545012515,0.,350.782993714406));
#2736=CARTESIAN_POINT('Ctrl Pts',(-130.017545012515,29.9824549874847,350.782993714406));
#2737=CARTESIAN_POINT('Ctrl Pts',(-160.,29.9824549874847,350.782993714406));
#2738=CARTESIAN_POINT('Ctrl Pts',(-189.982454987485,29.9824549874847,350.782993714406));
#2739=CARTESIAN_POINT('Ctrl Pts',(-189.982454987485,0.,350.782993714406));
#2740=CARTESIAN_POINT('Ctrl Pts',(-189.982454987485,-29.9824549874847,350.782993714406));
#2741=CARTESIAN_POINT('Ctrl Pts',(-160.,-29.9824549874847,350.782993714406));
#2742=CARTESIAN_POINT('Ctrl Pts',(-160.,-29.9829555082059,350.557128514835));
#2743=CARTESIAN_POINT('Ctrl Pts',(-130.017044491794,-29.9829555082059,350.557128514835));
#2744=CARTESIAN_POINT('Ctrl Pts',(-130.017044491794,0.,350.557128514835));
#2745=CARTESIAN_POINT('Ctrl Pts',(-130.017044491794,29.9829555082059,350.557128514835));
#2746=CARTESIAN_POINT('Ctrl Pts',(-160.,29.9829555082059,350.557128514835));
#2747=CARTESIAN_POINT('Ctrl Pts',(-189.982955508206,29.9829555082059,350.557128514835));
#2748=CARTESIAN_POINT('Ctrl Pts',(-189.982955508206,0.,350.557128514835));
#2749=CARTESIAN_POINT('Ctrl Pts',(-189.982955508206,-29.9829555082059,350.557128514835));
#2750=CARTESIAN_POINT('Ctrl Pts',(-160.,-29.9829555082059,350.557128514835));
#2751=CARTESIAN_POINT('Ctrl Pts',(-160.,-29.9825042724066,350.370191180655));
#2752=CARTESIAN_POINT('Ctrl Pts',(-130.017495727593,-29.9825042724066,350.370191180655));
#2753=CARTESIAN_POINT('Ctrl Pts',(-130.017495727593,0.,350.370191180655));
#2754=CARTESIAN_POINT('Ctrl Pts',(-130.017495727593,29.9825042724066,350.370191180655));
#2755=CARTESIAN_POINT('Ctrl Pts',(-160.,29.9825042724066,350.370191180655));
#2756=CARTESIAN_POINT('Ctrl Pts',(-189.982504272407,29.9825042724066,350.370191180655));
#2757=CARTESIAN_POINT('Ctrl Pts',(-189.982504272407,0.,350.370191180655));
#2758=CARTESIAN_POINT('Ctrl Pts',(-189.982504272407,-29.9825042724066,350.370191180655));
#2759=CARTESIAN_POINT('Ctrl Pts',(-160.,-29.9825042724066,350.370191180655));
#2760=CARTESIAN_POINT('Ctrl Pts',(-160.,-29.9818149779885,350.216990399587));
#2761=CARTESIAN_POINT('Ctrl Pts',(-130.018185022011,-29.9818149779885,350.216990399587));
#2762=CARTESIAN_POINT('Ctrl Pts',(-130.018185022011,0.,350.216990399587));
#2763=CARTESIAN_POINT('Ctrl Pts',(-130.018185022011,29.9818149779885,350.216990399587));
#2764=CARTESIAN_POINT('Ctrl Pts',(-160.,29.9818149779885,350.216990399587));
#2765=CARTESIAN_POINT('Ctrl Pts',(-189.981814977989,29.9818149779885,350.216990399587));
#2766=CARTESIAN_POINT('Ctrl Pts',(-189.981814977989,0.,350.216990399587));
#2767=CARTESIAN_POINT('Ctrl Pts',(-189.981814977989,-29.9818149779885,350.216990399587));
#2768=CARTESIAN_POINT('Ctrl Pts',(-160.,-29.9818149779885,350.216990399587));
#2769=CARTESIAN_POINT('Ctrl Pts',(-160.,-29.9815637345302,350.116998058519));
#2770=CARTESIAN_POINT('Ctrl Pts',(-130.01843626547,-29.9815637345302,350.116998058519));
#2771=CARTESIAN_POINT('Ctrl Pts',(-130.01843626547,0.,350.116998058519));
#2772=CARTESIAN_POINT('Ctrl Pts',(-130.01843626547,29.9815637345302,350.116998058519));
#2773=CARTESIAN_POINT('Ctrl Pts',(-160.,29.9815637345302,350.116998058519));
#2774=CARTESIAN_POINT('Ctrl Pts',(-189.98156373453,29.9815637345302,350.116998058519));
#2775=CARTESIAN_POINT('Ctrl Pts',(-189.98156373453,0.,350.116998058519));
#2776=CARTESIAN_POINT('Ctrl Pts',(-189.98156373453,-29.9815637345302,350.116998058519));
#2777=CARTESIAN_POINT('Ctrl Pts',(-160.,-29.9815637345302,350.116998058519));
#2778=CARTESIAN_POINT('Ctrl Pts',(-160.,-29.9816352137671,350.05388137116));
#2779=CARTESIAN_POINT('Ctrl Pts',(-130.018364786233,-29.9816352137671,350.05388137116));
#2780=CARTESIAN_POINT('Ctrl Pts',(-130.018364786233,0.,350.05388137116));
#2781=CARTESIAN_POINT('Ctrl Pts',(-130.018364786233,29.9816352137671,350.05388137116));
#2782=CARTESIAN_POINT('Ctrl Pts',(-160.,29.9816352137671,350.05388137116));
#2783=CARTESIAN_POINT('Ctrl Pts',(-189.981635213767,29.9816352137671,350.05388137116));
#2784=CARTESIAN_POINT('Ctrl Pts',(-189.981635213767,0.,350.05388137116));
#2785=CARTESIAN_POINT('Ctrl Pts',(-189.981635213767,-29.9816352137671,350.05388137116));
#2786=CARTESIAN_POINT('Ctrl Pts',(-160.,-29.9816352137671,350.05388137116));
#2787=CARTESIAN_POINT('Ctrl Pts',(-160.,-29.9817984818657,350.01708103497));
#2788=CARTESIAN_POINT('Ctrl Pts',(-130.018201518134,-29.9817984818657,350.01708103497));
#2789=CARTESIAN_POINT('Ctrl Pts',(-130.018201518134,0.,350.01708103497));
#2790=CARTESIAN_POINT('Ctrl Pts',(-130.018201518134,29.9817984818657,350.01708103497));
#2791=CARTESIAN_POINT('Ctrl Pts',(-160.,29.9817984818657,350.01708103497));
#2792=CARTESIAN_POINT('Ctrl Pts',(-189.981798481866,29.9817984818657,350.01708103497));
#2793=CARTESIAN_POINT('Ctrl Pts',(-189.981798481866,0.,350.01708103497));
#2794=CARTESIAN_POINT('Ctrl Pts',(-189.981798481866,-29.9817984818657,350.01708103497));
#2795=CARTESIAN_POINT('Ctrl Pts',(-160.,-29.9817984818657,350.01708103497));
#2796=CARTESIAN_POINT('Ctrl Pts',(-160.,-29.9819090139233,350.000000308733));
#2797=CARTESIAN_POINT('Ctrl Pts',(-130.018090986077,-29.9819090139233,350.000000308733));
#2798=CARTESIAN_POINT('Ctrl Pts',(-130.018090986077,0.,350.000000308733));
#2799=CARTESIAN_POINT('Ctrl Pts',(-130.018090986077,29.9819090139233,350.000000308733));
#2800=CARTESIAN_POINT('Ctrl Pts',(-160.,29.9819090139233,350.000000308733));
#2801=CARTESIAN_POINT('Ctrl Pts',(-189.981909013923,29.9819090139233,350.000000308733));
#2802=CARTESIAN_POINT('Ctrl Pts',(-189.981909013923,0.,350.000000308733));
#2803=CARTESIAN_POINT('Ctrl Pts',(-189.981909013923,-29.9819090139233,350.000000308733));
#2804=CARTESIAN_POINT('Ctrl Pts',(-160.,-29.9819090139233,350.000000308733));
#2805=CARTESIAN_POINT('',(-160.,0.,440.000004583504));
#2806=CARTESIAN_POINT('Ctrl Pts',(-160.,-29.9819090139233,350.000000308733));
#2807=CARTESIAN_POINT('Ctrl Pts',(-160.,-29.9817984818657,350.01708103497));
#2808=CARTESIAN_POINT('Ctrl Pts',(-160.,-29.9816352137671,350.05388137116));
#2809=CARTESIAN_POINT('Ctrl Pts',(-160.,-29.9815637345302,350.116998058519));
#2810=CARTESIAN_POINT('Ctrl Pts',(-160.,-29.9818149779885,350.216990399587));
#2811=CARTESIAN_POINT('Ctrl Pts',(-160.,-29.9825042724066,350.370191180655));
#2812=CARTESIAN_POINT('Ctrl Pts',(-160.,-29.9829555082059,350.557128514835));
#2813=CARTESIAN_POINT('Ctrl Pts',(-160.,-29.9824549874847,350.782993714406));
#2814=CARTESIAN_POINT('Ctrl Pts',(-160.,-29.9804826036102,351.048860913628));
#2815=CARTESIAN_POINT('Ctrl Pts',(-160.,-29.9770561835138,351.347138834855));
#2816=CARTESIAN_POINT('Ctrl Pts',(-160.,-29.9725769264224,351.664586086396));
#2817=CARTESIAN_POINT('Ctrl Pts',(-160.,-29.9675989231266,351.986491577227));
#2818=CARTESIAN_POINT('Ctrl Pts',(-160.,-29.9626318067617,352.300319346799));
#2819=CARTESIAN_POINT('Ctrl Pts',(-160.,-29.957914892675,352.599865101279));
#2820=CARTESIAN_POINT('Ctrl Pts',(-160.,-29.9532455729062,352.888368023916));
#2821=CARTESIAN_POINT('Ctrl Pts',(-160.,-29.9481734566473,353.174446280791));
#2822=CARTESIAN_POINT('Ctrl Pts',(-160.,-29.9421680455519,353.468546305901));
#2823=CARTESIAN_POINT('Ctrl Pts',(-160.,-29.9347803199698,353.779530842519));
#2824=CARTESIAN_POINT('Ctrl Pts',(-160.,-29.9258459242826,354.110400805462));
#2825=CARTESIAN_POINT('Ctrl Pts',(-160.,-29.9155216461116,354.457469296567));
#2826=CARTESIAN_POINT('Ctrl Pts',(-160.,-29.9041326930885,354.813452049804));
#2827=CARTESIAN_POINT('Ctrl Pts',(-160.,-29.8920684359408,355.169551903949));
#2828=CARTESIAN_POINT('Ctrl Pts',(-160.,-29.8796614111855,355.517897159871));
#2829=CARTESIAN_POINT('Ctrl Pts',(-160.,-29.8670664090768,355.853960222362));
#2830=CARTESIAN_POINT('Ctrl Pts',(-160.,-29.8541600396696,356.178602865277));
#2831=CARTESIAN_POINT('Ctrl Pts',(-160.,-29.8406535040452,356.496147928377));
#2832=CARTESIAN_POINT('Ctrl Pts',(-160.,-29.8261864021985,356.812806406635));
#2833=CARTESIAN_POINT('Ctrl Pts',(-160.,-29.8104273785694,357.134974700247));
#2834=CARTESIAN_POINT('Ctrl Pts',(-160.,-29.7931728714546,357.467572075926));
#2835=CARTESIAN_POINT('Ctrl Pts',(-160.,-29.7744438289346,357.812402980764));
#2836=CARTESIAN_POINT('Ctrl Pts',(-160.,-29.7544192894909,358.16884229001));
#2837=CARTESIAN_POINT('Ctrl Pts',(-160.,-29.7333746249471,358.534463006379));
#2838=CARTESIAN_POINT('Ctrl Pts',(-160.,-29.711616035889,358.905694549938));
#2839=CARTESIAN_POINT('Ctrl Pts',(-160.,-29.6894211976045,359.278447465215));
#2840=CARTESIAN_POINT('Ctrl Pts',(-160.,-29.6669660625017,359.648802826811));
#2841=CARTESIAN_POINT('Ctrl Pts',(-160.,-29.644300744448,360.013480554209));
#2842=CARTESIAN_POINT('Ctrl Pts',(-160.,-29.6213789448158,360.370071857546));
#2843=CARTESIAN_POINT('Ctrl Pts',(-160.,-29.5980732474872,360.717328802182));
#2844=CARTESIAN_POINT('Ctrl Pts',(-160.,-29.5741961385329,361.055441809945));
#2845=CARTESIAN_POINT('Ctrl Pts',(-160.,-29.5495186332303,361.386296492846));
#2846=CARTESIAN_POINT('Ctrl Pts',(-160.,-29.5237897651653,361.713808939482));
#2847=CARTESIAN_POINT('Ctrl Pts',(-160.,-29.4967576639766,362.043094082856));
#2848=CARTESIAN_POINT('Ctrl Pts',(-160.,-29.4681906229079,362.379554967654));
#2849=CARTESIAN_POINT('Ctrl Pts',(-160.,-29.4378988760086,362.727962684183));
#2850=CARTESIAN_POINT('Ctrl Pts',(-160.,-29.4057544493,363.091626216923));
#2851=CARTESIAN_POINT('Ctrl Pts',(-160.,-29.3717159410168,363.471307292328));
#2852=CARTESIAN_POINT('Ctrl Pts',(-160.,-29.3358312770828,363.865299681293));
#2853=CARTESIAN_POINT('Ctrl Pts',(-160.,-29.2982281548636,364.27017408905));
#2854=CARTESIAN_POINT('Ctrl Pts',(-160.,-29.2591080119294,364.681312116993));
#2855=CARTESIAN_POINT('Ctrl Pts',(-160.,-29.2187391248166,365.093540928961));
#2856=CARTESIAN_POINT('Ctrl Pts',(-160.,-29.177448734029,365.501693503442));
#2857=CARTESIAN_POINT('Ctrl Pts',(-160.,-29.1356189136271,365.901277311562));
#2858=CARTESIAN_POINT('Ctrl Pts',(-160.,-29.0936684760184,366.288813462752));
#2859=CARTESIAN_POINT('Ctrl Pts',(-160.,-29.0520167075599,366.661774860225));
#2860=CARTESIAN_POINT('Ctrl Pts',(-160.,-29.0110521731066,367.018621080411));
#2861=CARTESIAN_POINT('Ctrl Pts',(-160.,-28.9710984645777,367.358803295648));
#2862=CARTESIAN_POINT('Ctrl Pts',(-160.,-28.9323835596264,367.682760814015));
#2863=CARTESIAN_POINT('Ctrl Pts',(-160.,-28.8950017959665,367.991974994934));
#2864=CARTESIAN_POINT('Ctrl Pts',(-160.,-28.858907767016,368.288735028562));
#2865=CARTESIAN_POINT('Ctrl Pts',(-160.,-28.8239279460829,368.57574394148));
#2866=CARTESIAN_POINT('Ctrl Pts',(-160.,-28.7897664576886,368.855769747783));
#2867=CARTESIAN_POINT('Ctrl Pts',(-160.,-28.7560141188387,369.131287683076));
#2868=CARTESIAN_POINT('Ctrl Pts',(-160.,-28.7221536571003,369.404099430128));
#2869=CARTESIAN_POINT('Ctrl Pts',(-160.,-28.6876294625353,369.675580943986));
#2870=CARTESIAN_POINT('Ctrl Pts',(-160.,-28.6519257643043,369.946992930614));
#2871=CARTESIAN_POINT('Ctrl Pts',(-160.,-28.6146332602432,370.219730401161));
#2872=CARTESIAN_POINT('Ctrl Pts',(-160.,-28.5755413055467,370.495690537973));
#2873=CARTESIAN_POINT('Ctrl Pts',(-160.,-28.5346259156443,370.777172448951));
#2874=CARTESIAN_POINT('Ctrl Pts',(-160.,-28.4919666331869,371.066459357416));
#2875=CARTESIAN_POINT('Ctrl Pts',(-160.,-28.4476853709126,371.365498464193));
#2876=CARTESIAN_POINT('Ctrl Pts',(-160.,-28.4018742496711,371.675532501606));
#2877=CARTESIAN_POINT('Ctrl Pts',(-160.,-28.3545336549037,371.996774366273));
#2878=CARTESIAN_POINT('Ctrl Pts',(-160.,-28.3056236891033,372.328520920224));
#2879=CARTESIAN_POINT('Ctrl Pts',(-160.,-28.2551096872839,372.669250163701));
#2880=CARTESIAN_POINT('Ctrl Pts',(-160.,-28.2030116109033,373.016718880585));
#2881=CARTESIAN_POINT('Ctrl Pts',(-160.,-28.1494479501349,373.368072807533));
#2882=CARTESIAN_POINT('Ctrl Pts',(-160.,-28.0946921309075,373.719917904661));
#2883=CARTESIAN_POINT('Ctrl Pts',(-160.,-28.0391252189563,374.068722835626));
#2884=CARTESIAN_POINT('Ctrl Pts',(-160.,-27.9831715749186,374.411266858999));
#2885=CARTESIAN_POINT('Ctrl Pts',(-160.,-27.927239455767,374.745092865131));
#2886=CARTESIAN_POINT('Ctrl Pts',(-160.,-27.8716618124449,375.068910993398));
#2887=CARTESIAN_POINT('Ctrl Pts',(-160.,-27.8166314254615,375.383138926883));
#2888=CARTESIAN_POINT('Ctrl Pts',(-160.,-27.7621593116869,375.689963293378));
#2889=CARTESIAN_POINT('Ctrl Pts',(-160.,-27.7080697480353,375.992751232432));
#2890=CARTESIAN_POINT('Ctrl Pts',(-160.,-27.6539805304878,376.295622564739));
#2891=CARTESIAN_POINT('Ctrl Pts',(-160.,-27.5993014245772,376.602957598122));
#2892=CARTESIAN_POINT('Ctrl Pts',(-160.,-27.5431948923485,376.918930910079));
#2893=CARTESIAN_POINT('Ctrl Pts',(-160.,-27.4846735245873,377.247042261489));
#2894=CARTESIAN_POINT('Ctrl Pts',(-160.,-27.4228204905977,377.589671048254));
#2895=CARTESIAN_POINT('Ctrl Pts',(-160.,-27.3569802569267,377.94760883585));
#2896=CARTESIAN_POINT('Ctrl Pts',(-160.,-27.2869522769066,378.319632443273));
#2897=CARTESIAN_POINT('Ctrl Pts',(-160.,-27.2132052319392,378.701984663149));
#2898=CARTESIAN_POINT('Ctrl Pts',(-160.,-27.1370181850782,379.08811564897));
#2899=CARTESIAN_POINT('Ctrl Pts',(-160.,-27.0600939999334,379.470248413604));
#2900=CARTESIAN_POINT('Ctrl Pts',(-160.,-26.9842349975519,379.840722985934));
#2901=CARTESIAN_POINT('Ctrl Pts',(-160.,-26.9109817495901,380.193485664468));
#2902=CARTESIAN_POINT('Ctrl Pts',(-160.,-26.8412970260101,380.525379735905));
#2903=CARTESIAN_POINT('Ctrl Pts',(-160.,-26.7751593225473,380.837851246382));
#2904=CARTESIAN_POINT('Ctrl Pts',(-160.,-26.7114230803645,381.137419591536));
#2905=CARTESIAN_POINT('Ctrl Pts',(-160.,-26.6483455166651,381.433069849331));
#2906=CARTESIAN_POINT('Ctrl Pts',(-160.,-26.5840023806803,381.734142547227));
#2907=CARTESIAN_POINT('Ctrl Pts',(-160.,-26.5167156846415,382.048207253668));
#2908=CARTESIAN_POINT('Ctrl Pts',(-160.,-26.4455531539092,382.378509002227));
#2909=CARTESIAN_POINT('Ctrl Pts',(-160.,-26.3705303390152,382.723104569129));
#2910=CARTESIAN_POINT('Ctrl Pts',(-160.,-26.2922954012555,383.076925006661));
#2911=CARTESIAN_POINT('Ctrl Pts',(-160.,-26.2119338890005,383.433152143331));
#2912=CARTESIAN_POINT('Ctrl Pts',(-160.,-26.1307237971142,383.784896664949));
#2913=CARTESIAN_POINT('Ctrl Pts',(-160.,-26.0499152538092,384.126687788788));
#2914=CARTESIAN_POINT('Ctrl Pts',(-160.,-25.9704904994049,384.456202734835));
#2915=CARTESIAN_POINT('Ctrl Pts',(-160.,-25.8930599714459,384.773884862437));
#2916=CARTESIAN_POINT('Ctrl Pts',(-160.,-25.8177817257126,385.082307098251));
#2917=CARTESIAN_POINT('Ctrl Pts',(-160.,-25.7442560008926,385.385643807326));
#2918=CARTESIAN_POINT('Ctrl Pts',(-160.,-25.6714679832956,385.689055340123));
#2919=CARTESIAN_POINT('Ctrl Pts',(-160.,-25.5976131817641,385.998216352269));
#2920=CARTESIAN_POINT('Ctrl Pts',(-160.,-25.5205841221213,386.318140813737));
#2921=CARTESIAN_POINT('Ctrl Pts',(-160.,-25.4386327046882,386.651879109893));
#2922=CARTESIAN_POINT('Ctrl Pts',(-160.,-25.3510342035101,386.999098433998));
#2923=CARTESIAN_POINT('Ctrl Pts',(-160.,-25.2586163977954,387.355066934528));
#2924=CARTESIAN_POINT('Ctrl Pts',(-160.,-25.1646756851639,387.708594039432));
#2925=CARTESIAN_POINT('Ctrl Pts',(-160.,-25.0744552841154,388.043777175654));
#2926=CARTESIAN_POINT('Ctrl Pts',(-160.,-24.9932361980707,388.345374076497));
#2927=CARTESIAN_POINT('Ctrl Pts',(-160.,-24.9246546066632,388.603637280884));
#2928=CARTESIAN_POINT('Ctrl Pts',(-160.,-24.8692464032574,388.81841680536));
#2929=CARTESIAN_POINT('Ctrl Pts',(-160.,-24.8221099815023,389.005911538929));
#2930=CARTESIAN_POINT('Ctrl Pts',(-160.,-24.7741392551738,389.194784227688));
#2931=CARTESIAN_POINT('Ctrl Pts',(-160.,-24.716259758647,389.413352754944));
#2932=CARTESIAN_POINT('Ctrl Pts',(-160.,-24.6430945214432,389.678458612591));
#2933=CARTESIAN_POINT('Ctrl Pts',(-160.,-24.5561141741889,389.985920707824));
#2934=CARTESIAN_POINT('Ctrl Pts',(-160.,-24.4607648369284,390.319245517228));
#2935=CARTESIAN_POINT('Ctrl Pts',(-160.,-24.3642432649764,390.6563757953));
#2936=CARTESIAN_POINT('Ctrl Pts',(-160.,-24.2730988041479,390.97696830493));
#2937=CARTESIAN_POINT('Ctrl Pts',(-160.,-24.1907255405895,391.269992298566));
#2938=CARTESIAN_POINT('Ctrl Pts',(-160.,-24.1154380109582,391.539594061811));
#2939=CARTESIAN_POINT('Ctrl Pts',(-160.,-24.0426094379449,391.798852088421));
#2940=CARTESIAN_POINT('Ctrl Pts',(-160.,-23.9664436250412,392.06463647216));
#2941=CARTESIAN_POINT('Ctrl Pts',(-160.,-23.8817299098672,392.352489654651));
#2942=CARTESIAN_POINT('Ctrl Pts',(-160.,-23.7859953116011,392.670395903064));
#2943=CARTESIAN_POINT('Ctrl Pts',(-160.,-23.6796467357622,393.018225994543));
#2944=CARTESIAN_POINT('Ctrl Pts',(-160.,-23.5648479090913,393.390757348665));
#2945=CARTESIAN_POINT('Ctrl Pts',(-160.,-23.4447925095212,393.77957795683));
#2946=CARTESIAN_POINT('Ctrl Pts',(-160.,-23.3227899389952,394.175510315078));
#2947=CARTESIAN_POINT('Ctrl Pts',(-160.,-23.2014863431231,394.570675939786));
#2948=CARTESIAN_POINT('Ctrl Pts',(-160.,-23.0818836372199,394.961071663377));
#2949=CARTESIAN_POINT('Ctrl Pts',(-160.,-22.9636331490482,395.345977540094));
#2950=CARTESIAN_POINT('Ctrl Pts',(-160.,-22.8456063946217,395.726680874099));
#2951=CARTESIAN_POINT('Ctrl Pts',(-160.,-22.7263588675934,396.105460321503));
#2952=CARTESIAN_POINT('Ctrl Pts',(-160.,-22.6046657426095,396.484402630836));
#2953=CARTESIAN_POINT('Ctrl Pts',(-160.,-22.4799636780564,396.864427177803));
#2954=CARTESIAN_POINT('Ctrl Pts',(-160.,-22.3529903847187,397.243881757234));
#2955=CARTESIAN_POINT('Ctrl Pts',(-160.,-22.2256555851701,397.618796983671));
#2956=CARTESIAN_POINT('Ctrl Pts',(-160.,-22.1003194816242,397.984418489012));
#2957=CARTESIAN_POINT('Ctrl Pts',(-160.,-21.9792589604694,398.336333680768));
#2958=CARTESIAN_POINT('Ctrl Pts',(-160.,-21.864021175845,398.67184300425));
#2959=CARTESIAN_POINT('Ctrl Pts',(-160.,-21.7549075221275,398.991046116525));
#2960=CARTESIAN_POINT('Ctrl Pts',(-160.,-21.6501938322973,399.298506691851));
#2961=CARTESIAN_POINT('Ctrl Pts',(-160.,-21.5465017024794,399.602390415309));
#2962=CARTESIAN_POINT('Ctrl Pts',(-160.,-21.439751900583,399.912326128284));
#2963=CARTESIAN_POINT('Ctrl Pts',(-160.,-21.325968522251,400.23759255431));
#2964=CARTESIAN_POINT('Ctrl Pts',(-160.,-21.2020751261811,400.585327399387));
#2965=CARTESIAN_POINT('Ctrl Pts',(-160.,-21.0668637233845,400.958345437892));
#2966=CARTESIAN_POINT('Ctrl Pts',(-160.,-20.9212916545221,401.354470575779));
#2967=CARTESIAN_POINT('Ctrl Pts',(-160.,-20.7677175622984,401.768256388853));
#2968=CARTESIAN_POINT('Ctrl Pts',(-160.,-20.6093845900308,402.192149727939));
#2969=CARTESIAN_POINT('Ctrl Pts',(-160.,-20.4498135348731,402.617858019745));
#2970=CARTESIAN_POINT('Ctrl Pts',(-160.,-20.2922123661008,403.037677350994));
#2971=CARTESIAN_POINT('Ctrl Pts',(-160.,-20.1389306987831,403.445724920124));
#2972=CARTESIAN_POINT('Ctrl Pts',(-160.,-19.9907613254911,403.839501663665));
#2973=CARTESIAN_POINT('Ctrl Pts',(-160.,-19.8471080910974,404.219581463736));
#2974=CARTESIAN_POINT('Ctrl Pts',(-160.,-19.706482364697,404.588590686954));
#2975=CARTESIAN_POINT('Ctrl Pts',(-160.,-19.5668848334783,404.950433461792));
#2976=CARTESIAN_POINT('Ctrl Pts',(-160.,-19.4262507478665,405.309385074483));
#2977=CARTESIAN_POINT('Ctrl Pts',(-160.,-19.2828315710958,405.669310451938));
#2978=CARTESIAN_POINT('Ctrl Pts',(-160.,-19.135693489721,406.032660345443));
#2979=CARTESIAN_POINT('Ctrl Pts',(-160.,-18.9848236785292,406.400206862658));
#2980=CARTESIAN_POINT('Ctrl Pts',(-160.,-18.830797475602,406.771604322898));
#2981=CARTESIAN_POINT('Ctrl Pts',(-160.,-18.6745628977072,407.145730706923));
#2982=CARTESIAN_POINT('Ctrl Pts',(-160.,-18.5171717993122,407.521126593098));
#2983=CARTESIAN_POINT('Ctrl Pts',(-160.,-18.3595468510211,407.896373319337));
#2984=CARTESIAN_POINT('Ctrl Pts',(-160.,-18.2022019327638,408.27054297768));
#2985=CARTESIAN_POINT('Ctrl Pts',(-160.,-18.0450808331788,408.643473443825));
#2986=CARTESIAN_POINT('Ctrl Pts',(-160.,-17.8877433527474,409.015534700143));
#2987=CARTESIAN_POINT('Ctrl Pts',(-160.,-17.729491530249,409.387482747746));
#2988=CARTESIAN_POINT('Ctrl Pts',(-160.,-17.5695190306736,409.760279474717));
#2989=CARTESIAN_POINT('Ctrl Pts',(-160.,-17.4070515523167,410.134926129374));
#2990=CARTESIAN_POINT('Ctrl Pts',(-160.,-17.2414889428009,410.512293164534));
#2991=CARTESIAN_POINT('Ctrl Pts',(-160.,-17.0725525020337,410.892945561087));
#2992=CARTESIAN_POINT('Ctrl Pts',(-160.,-16.9002152222436,411.277189794856));
#2993=CARTESIAN_POINT('Ctrl Pts',(-160.,-16.7246230680453,411.665129895583));
#2994=CARTESIAN_POINT('Ctrl Pts',(-160.,-16.5460210267641,412.056719071969));
#2995=CARTESIAN_POINT('Ctrl Pts',(-160.,-16.3646738736923,412.451815580747));
#2996=CARTESIAN_POINT('Ctrl Pts',(-160.,-16.1807968323789,412.85023122461));
#2997=CARTESIAN_POINT('Ctrl Pts',(-160.,-15.9944634250969,413.25179649481));
#2998=CARTESIAN_POINT('Ctrl Pts',(-160.,-15.8055873615656,413.656371927874));
#2999=CARTESIAN_POINT('Ctrl Pts',(-160.,-15.6140278141433,414.063770380453));
#3000=CARTESIAN_POINT('Ctrl Pts',(-160.,-15.4196679611655,414.473698004003));
#3001=CARTESIAN_POINT('Ctrl Pts',(-160.,-15.2225012290437,414.885691152862));
#3002=CARTESIAN_POINT('Ctrl Pts',(-160.,-15.0227212510692,415.299047079436));
#3003=CARTESIAN_POINT('Ctrl Pts',(-160.,-14.8207939242655,415.712775786672));
#3004=CARTESIAN_POINT('Ctrl Pts',(-160.,-14.6175769859459,416.12549763366));
#3005=CARTESIAN_POINT('Ctrl Pts',(-160.,-14.4142795481978,416.53552244593));
#3006=CARTESIAN_POINT('Ctrl Pts',(-160.,-14.2121721284505,416.941210221774));
#3007=CARTESIAN_POINT('Ctrl Pts',(-160.,-14.0123507140287,417.341272204735));
#3008=CARTESIAN_POINT('Ctrl Pts',(-160.,-13.815488496234,417.735082503867));
#3009=CARTESIAN_POINT('Ctrl Pts',(-160.,-13.6215711413988,418.12301625627));
#3010=CARTESIAN_POINT('Ctrl Pts',(-160.,-13.4296897351605,418.506704112502));
#3011=CARTESIAN_POINT('Ctrl Pts',(-160.,-13.2376842603909,418.889500765084));
#3012=CARTESIAN_POINT('Ctrl Pts',(-160.,-13.0423224101656,419.2761887381));
#3013=CARTESIAN_POINT('Ctrl Pts',(-160.,-12.8400951316776,419.671802402485));
#3014=CARTESIAN_POINT('Ctrl Pts',(-160.,-12.6278607914782,420.080666709222));
#3015=CARTESIAN_POINT('Ctrl Pts',(-160.,-12.4035320315667,420.505378091962));
#3016=CARTESIAN_POINT('Ctrl Pts',(-160.,-12.1667879105913,420.945742032442));
#3017=CARTESIAN_POINT('Ctrl Pts',(-160.,-11.9196739857623,421.397887413917));
#3018=CARTESIAN_POINT('Ctrl Pts',(-160.,-11.6674962025385,421.852920952821));
#3019=CARTESIAN_POINT('Ctrl Pts',(-160.,-11.4187749568152,422.297050711796));
#3020=CARTESIAN_POINT('Ctrl Pts',(-160.,-11.1832360810448,422.714775394295));
#3021=CARTESIAN_POINT('Ctrl Pts',(-160.,-10.970176302069,423.091491123924));
#3022=CARTESIAN_POINT('Ctrl Pts',(-160.,-10.7867505992654,423.416214504898));
#3023=CARTESIAN_POINT('Ctrl Pts',(-160.,-10.6361292243404,423.684522648268));
#3024=CARTESIAN_POINT('Ctrl Pts',(-160.,-10.5160932098894,423.900777013734));
#3025=CARTESIAN_POINT('Ctrl Pts',(-160.,-10.4164719166447,424.082234061191));
#3026=CARTESIAN_POINT('Ctrl Pts',(-160.,-10.3220540141502,424.254242979254));
#3027=CARTESIAN_POINT('Ctrl Pts',(-160.,-10.2178887577377,424.441556569945));
#3028=CARTESIAN_POINT('Ctrl Pts',(-160.,-10.0942812349257,424.660129863521));
#3029=CARTESIAN_POINT('Ctrl Pts',(-160.,-9.95064259640177,424.91081275774));
#3030=CARTESIAN_POINT('Ctrl Pts',(-160.,-9.79192844665793,425.1852545525));
#3031=CARTESIAN_POINT('Ctrl Pts',(-160.,-9.62596863909265,425.470341229514));
#3032=CARTESIAN_POINT('Ctrl Pts',(-160.,-9.46068665785543,425.752812845651));
#3033=CARTESIAN_POINT('Ctrl Pts',(-160.,-9.30078655452849,426.024761877748));
#3034=CARTESIAN_POINT('Ctrl Pts',(-160.,-9.14707407809889,426.284777419034));
#3035=CARTESIAN_POINT('Ctrl Pts',(-160.,-8.99809303336376,426.535261416753));
#3036=CARTESIAN_POINT('Ctrl Pts',(-160.,-8.85113243549355,426.78078763979));
#3037=CARTESIAN_POINT('Ctrl Pts',(-160.,-8.70342696027766,427.026134688767));
#3038=CARTESIAN_POINT('Ctrl Pts',(-160.,-8.55344313761293,427.274193987381));
#3039=CARTESIAN_POINT('Ctrl Pts',(-160.,-8.40078773879405,427.526034599086));
#3040=CARTESIAN_POINT('Ctrl Pts',(-160.,-8.2457586801354,427.78152721938));
#3041=CARTESIAN_POINT('Ctrl Pts',(-160.,-8.08903112946957,428.039762511195));
#3042=CARTESIAN_POINT('Ctrl Pts',(-160.,-7.93126190269518,428.299581018251));
#3043=CARTESIAN_POINT('Ctrl Pts',(-160.,-7.77280304757909,428.559979944851));
#3044=CARTESIAN_POINT('Ctrl Pts',(-160.,-7.61383388637057,428.820092823854));
#3045=CARTESIAN_POINT('Ctrl Pts',(-160.,-7.45444912624809,429.079218049787));
#3046=CARTESIAN_POINT('Ctrl Pts',(-160.,-7.29474886048074,429.336832458399));
#3047=CARTESIAN_POINT('Ctrl Pts',(-160.,-7.13496355748656,429.592602432404));
#3048=CARTESIAN_POINT('Ctrl Pts',(-160.,-6.97543865765848,429.846426066978));
#3049=CARTESIAN_POINT('Ctrl Pts',(-160.,-6.81641456987119,430.098516720926));
#3050=CARTESIAN_POINT('Ctrl Pts',(-160.,-6.65783824346569,430.349491937598));
#3051=CARTESIAN_POINT('Ctrl Pts',(-160.,-6.49919962660437,430.600426782874));
#3052=CARTESIAN_POINT('Ctrl Pts',(-160.,-6.33926241651658,430.853006824316));
#3053=CARTESIAN_POINT('Ctrl Pts',(-160.,-6.17637864687811,431.109161306875));
#3054=CARTESIAN_POINT('Ctrl Pts',(-160.,-6.00903343112989,431.370496032038));
#3055=CARTESIAN_POINT('Ctrl Pts',(-160.,-5.83633103189069,431.637772516355));
#3056=CARTESIAN_POINT('Ctrl Pts',(-160.,-5.65846967658118,431.910409381433));
#3057=CARTESIAN_POINT('Ctrl Pts',(-160.,-5.47731597895329,432.185864008345));
#3058=CARTESIAN_POINT('Ctrl Pts',(-160.,-5.29570267554615,432.460498044243));
#3059=CARTESIAN_POINT('Ctrl Pts',(-160.,-5.11659528142708,432.730593003432));
#3060=CARTESIAN_POINT('Ctrl Pts',(-160.,-4.94227483675846,432.99335054824));
#3061=CARTESIAN_POINT('Ctrl Pts',(-160.,-4.77358402525194,433.247811962985));
#3062=CARTESIAN_POINT('Ctrl Pts',(-160.,-4.60896167636623,433.496041719339));
#3063=CARTESIAN_POINT('Ctrl Pts',(-160.,-4.44524137501482,433.742116133495));
#3064=CARTESIAN_POINT('Ctrl Pts',(-160.,-4.27880275535347,433.990673332399));
#3065=CARTESIAN_POINT('Ctrl Pts',(-160.,-4.10657582615272,434.24564622397));
#3066=CARTESIAN_POINT('Ctrl Pts',(-160.,-3.92716294574829,434.508848567133));
#3067=CARTESIAN_POINT('Ctrl Pts',(-160.,-3.74175011695495,434.778824708921));
#3068=CARTESIAN_POINT('Ctrl Pts',(-160.,-3.55307229658084,435.052136739318));
#3069=CARTESIAN_POINT('Ctrl Pts',(-160.,-3.36452417723773,435.324469346728));
#3070=CARTESIAN_POINT('Ctrl Pts',(-160.,-3.17921709722636,435.591802297985));
#3071=CARTESIAN_POINT('Ctrl Pts',(-160.,-2.99905598391849,435.851557494064));
#3072=CARTESIAN_POINT('Ctrl Pts',(-160.,-2.82381453930483,436.103748990013));
#3073=CARTESIAN_POINT('Ctrl Pts',(-160.,-2.65198975803344,436.349980251021));
#3074=CARTESIAN_POINT('Ctrl Pts',(-160.,-2.48168428526981,436.592409981477));
#3075=CARTESIAN_POINT('Ctrl Pts',(-160.,-2.3114153707828,436.832801670864));
#3076=CARTESIAN_POINT('Ctrl Pts',(-160.,-2.14110240457888,437.071369183457));
#3077=CARTESIAN_POINT('Ctrl Pts',(-160.,-1.97252380740174,437.306228666566));
#3078=CARTESIAN_POINT('Ctrl Pts',(-160.,-1.80803227655773,437.53484247825));
#3079=CARTESIAN_POINT('Ctrl Pts',(-160.,-1.64949146589262,437.755208102544));
#3080=CARTESIAN_POINT('Ctrl Pts',(-160.,-1.49725882086727,437.966998628492));
#3081=CARTESIAN_POINT('Ctrl Pts',(-160.,-1.34880620105132,438.173106088447));
#3082=CARTESIAN_POINT('Ctrl Pts',(-160.,-1.20005857895826,438.378157619045));
#3083=CARTESIAN_POINT('Ctrl Pts',(-160.,-1.04761494721053,438.586056148583));
#3084=CARTESIAN_POINT('Ctrl Pts',(-160.,-0.89041843702276,438.798118650459));
#3085=CARTESIAN_POINT('Ctrl Pts',(-160.,-0.732277617264181,439.010307010272));
#3086=CARTESIAN_POINT('Ctrl Pts',(-160.,-0.580414976947665,439.214646258331));
#3087=CARTESIAN_POINT('Ctrl Pts',(-160.,-0.442181948989919,439.402522243386));
#3088=CARTESIAN_POINT('Ctrl Pts',(-160.,-0.322781276455402,439.5670218353));
#3089=CARTESIAN_POINT('Ctrl Pts',(-160.,-0.221546588558326,439.706537826173));
#3090=CARTESIAN_POINT('Ctrl Pts',(-160.,-0.135291556675838,439.822343697255));
#3091=CARTESIAN_POINT('Ctrl Pts',(-160.,-0.0635144782562946,439.914545773703));
#3092=CARTESIAN_POINT('Ctrl Pts',(-160.,-0.0236011172821193,439.965417391211));
#3093=CARTESIAN_POINT('Ctrl Pts',(-160.,-0.00675246944510377,439.988532022096));
#3094=CARTESIAN_POINT('Ctrl Pts',(-160.,-0.00128780771945003,439.99729015143));
#3095=CARTESIAN_POINT('Ctrl Pts',(-160.,0.,440.000004583504));
#3096=CARTESIAN_POINT('Origin',(-110.,0.,338.));
#3097=CARTESIAN_POINT('',(-119.75,-1.19403062916867E-15,341.5));
#3098=CARTESIAN_POINT('Origin',(-110.,0.,341.5));
#3099=CARTESIAN_POINT('',(-119.75,-1.19403062916867E-15,338.));
#3100=CARTESIAN_POINT('',(-119.75,-1.19403062916867E-15,338.));
#3101=CARTESIAN_POINT('Origin',(-110.,0.,338.));
#3102=CARTESIAN_POINT('Origin',(-110.,0.,341.5));
#3103=CARTESIAN_POINT('Origin',(-110.,0.,338.));
#3104=UNCERTAINTY_MEASURE_WITH_UNIT(LENGTH_MEASURE(0.01),#3108,
'DISTANCE_ACCURACY_VALUE',
'Maximum model space distance between geometric entities at asserted c
onnectivities');
#3105=UNCERTAINTY_MEASURE_WITH_UNIT(LENGTH_MEASURE(0.01),#3108,
'DISTANCE_ACCURACY_VALUE',
'Maximum model space distance between geometric entities at asserted c
onnectivities');
#3106=(
GEOMETRIC_REPRESENTATION_CONTEXT(3)
GLOBAL_UNCERTAINTY_ASSIGNED_CONTEXT((#3104))
GLOBAL_UNIT_ASSIGNED_CONTEXT((#3108,#3110,#3111))
REPRESENTATION_CONTEXT('','3D')
);
#3107=(
GEOMETRIC_REPRESENTATION_CONTEXT(3)
GLOBAL_UNCERTAINTY_ASSIGNED_CONTEXT((#3105))
GLOBAL_UNIT_ASSIGNED_CONTEXT((#3108,#3110,#3111))
REPRESENTATION_CONTEXT('','3D')
);
#3108=(
LENGTH_UNIT()
NAMED_UNIT(*)
SI_UNIT(.MILLI.,.METRE.)
);
#3109=(
LENGTH_UNIT()
NAMED_UNIT(*)
SI_UNIT($,.METRE.)
);
#3110=(
NAMED_UNIT(*)
PLANE_ANGLE_UNIT()
SI_UNIT($,.RADIAN.)
);
#3111=(
NAMED_UNIT(*)
SI_UNIT($,.STERADIAN.)
SOLID_ANGLE_UNIT()
);
#3112=SHAPE_DEFINITION_REPRESENTATION(#3113,#3114);
#3113=PRODUCT_DEFINITION_SHAPE('',$,#3116);
#3114=SHAPE_REPRESENTATION('',(#126),#3106);
#3115=PRODUCT_DEFINITION_CONTEXT('part definition',#3120,'design');
#3116=PRODUCT_DEFINITION('2026-06-29-16-52-42-069','ROCKET_v1',#3117,#3115);
#3117=PRODUCT_DEFINITION_FORMATION('',$,#3122);
#3118=PRODUCT_RELATED_PRODUCT_CATEGORY('ROCKET_v1','ROCKET_v1',(#3122));
#3119=APPLICATION_PROTOCOL_DEFINITION('international standard',
'automotive_design',2009,#3120);
#3120=APPLICATION_CONTEXT(
'Core Data for Automotive Mechanical Design Process');
#3121=PRODUCT_CONTEXT('part definition',#3120,'mechanical');
#3122=PRODUCT('2026-06-29-16-52-42-069','ROCKET_v1',$,(#3121));
#3123=PRESENTATION_STYLE_ASSIGNMENT((#3124));
#3124=SURFACE_STYLE_USAGE(.BOTH.,#3125);
#3125=SURFACE_SIDE_STYLE('',(#3126));
#3126=SURFACE_STYLE_FILL_AREA(#3127);
#3127=FILL_AREA_STYLE('Steel - Satin',(#3128));
#3128=FILL_AREA_STYLE_COLOUR('Steel - Satin',#3129);
#3129=COLOUR_RGB('Steel - Satin',0.627450980392157,0.627450980392157,0.627450980392157);
ENDSEC;
END-ISO-10303-21;
